_impl=sw
 aes_impl=sw
 aes_impl=sw
 aes_impl=sw
 aes_impl=sw
 aes_impl=sw
 aes_impl=sw
 aes_impl=sw
 aes_impl=sw
 aes_impl=sw
 aes_impl=sw
 aes_impl=sw
 aes_impl=sw
 aes_impl=sw
 aes_impl=sw
 aes_impl=sw
 aes_impl=sw
 aes_impl=sw
 aes_impl=sw
 aes_impl=sw
 aes_impl=sw
 aes_impl=sw
 aes_impl=sw
 aes_impl=sw
 aes_impl=sw
 aes_impl=sw
 aes_impl=sw
 aes_impl=sw
 aes_impl=sw
 aes_impl=sw
 aes_impl=sw
 aes_impl=sw
 aes_impl=sw
 aes_impl=sw
 aes_impl=sw
 aes_impl=sw
 aes_impl=sw
 aes_impl=sw
 aes_impl=sw
 aes_impl=sw
 aes_impl=sw
 aes_impl=sw
 aes_impl=sw
 aes_impl=sw
 aes_impl=sw
 aes_impl=sw
 aes_impl=sw
 aes_impl=sw
 aes_impl=sw
 aes_impl=sw
 aes_impl=sw
 aes_impl=sw
 aes_impl=sw
 aes_impl=sw
 aes_impl=sw
 aes_impl=sw
 aes_impl=sw
 aes_impl=sw
 aes_impl=sw
 aes_impl=sw
 aes_impl=sw
 aes_impl=sw
 aes_impl=sw
 aes_impl=sw
 aes_impl=sw
 aes_impl=sw
 aes_impl=sw
 aes_impl=sw
 aes_impl=sw
 aes_impl=sw
 aes_impl=sw
 aes_impl=sw
 aes_impl=sw
 aes_impl=sw
 aes_impl=sw
 aes_impl=sw
 aes_impl=sw
 aes_impl=sw
 aes_impl=sw
 aes_impl=sw
 aes_impl=sw
 aes_impl=sw
 aes_impl=sw
 aes_impl=sw
 aes_impl=sw
 aes_impl=sw
 aes_impl=sw
 aes_impl=sw
 aes_impl=sw
 aes_impl=sw
 aes_impl=sw
 aes_impl=sw
 aes_impl=sw
 aes_impl=sw
 aes_impl=sw
 aes_impl=sw
 aes_impl=sw
 aes_impl=sw
 aes_impl=sw
 aes_impl=sw
 aes_impl=sw
 aes_impl=sw
 aes_impl=sw
 aes_impl=sw
 aes_impl=sw
 aes_impl=sw
 aes_impl=sw
 aes_impl=sw
 aes_impl=sw
 aes_impl=sw
 aes_impl=sw
 aes_impl=sw
 aes_impl=sw
 aes_impl=sw
 aes_impl=sw
 aes_impl=sw
 aes_impl=sw
 aes_impl=sw
 aes_impl=sw
 aes_impl=sw
 aes_impl=sw
 aes_impl=sw
 aes_impl=sw
 aes_impl=sw
 aes_impl=sw
 aes_impl=sw
 aes_impl=sw
 aes_impl=sw
 aes_impl=sw
 aes_impl=sw
 aes_impl=sw
 aes_impl=sw
 aes_impl=sw
 aes_impl=sw
 aes_impl=sw
 aes_impl=sw
 aes_impl=sw
 aes_impl=sw
 aes_impl=sw
 aes_impl=sw
 aes_impl=sw
 aes_impl=sw
 aes_impl=sw
 aes_impl=sw
 aes_impl=sw
 aes_impl=sw
 aes_impl=sw
 aes_impl=sw
 aes_impl=sw
 aes_impl=sw
 aes_impl=sw
 aes_impl=sw
 aes_impl=sw
 aes_impl=sw
 aes_impl=sw
 aes_impl=sw
 aes_impl=sw
 aes_impl=sw
 aes_impl=sw
 aes_impl=sw
 aes_impl=sw
 aes_impl=sw
 aes_impl=sw
 aes_impl=sw
 aes_impl=sw
 aes_impl=sw
 aes_impl=sw
 aes_impl=sw
 aes_impl=sw
 aes_impl=sw
 aes_impl=sw
 aes_impl=sw
 aes_impl=sw
 aes_impl=sw
 aes_impl=sw
 aes_impl=sw
 aes_impl=sw
 aes_impl=sw
 aes_impl=sw
 aes_impl=sw
 aes_impl=sw
 aes_impl=sw
 aes_impl=sw
 aes_impl=sw
 aes_impl=sw
 aes_impl=sw
 aes_impl=sw
 aes_impl=sw
 aes_impl=sw
 aes_impl=sw
 aes_impl=sw
 aes_impl=sw
 aes_impl=sw
 aes_impl=sw
 aes_impl=sw
 aes_impl=sw
 aes_impl=sw
 aes_impl=sw
 aes_impl=sw
 aes_impl=sw
 aes_impl=sw
 aes_impl=sw
 aes_impl=sw
 aes_impl=sw
 aes_impl=sw
 aes_impl=sw
 aes_impl=sw
 aes_impl=sw
 aes_impl=sw
 aes_impl=sw
 aes_impl=sw
 aes_impl=sw
 aes_impl=sw
 aes_impl=sw
 aes_impl=sw
 aes_impl=sw
 aes_impl=sw
 aes_impl=sw
 aes_impl=sw
 aes_impl=sw
 aes_impl=sw
 aes_impl=sw
 aes_impl=sw
 aes_impl=sw
 aes_impl=sw
 aes_impl=sw
 aes_impl=sw
 aes_impl=sw
 aes_impl=sw
 aes_impl=sw
 aes_impl=sw
 aes_impl=sw
 aes_impl=sw
 aes_impl=sw
 aes_impl=sw
 aes_impl=sw
 aes_impl=sw
 aes_impl=sw
 aes_impl=sw
 aes_impl=sw
 aes_impl=sw
 aes_impl=sw
 aes_impl=sw
 aes_impl=sw
 aes_impl=sw
 aes_impl=sw
 aes_impl=sw
 aes_impl=sw
 aes_impl=sw
 aes_impl=sw
 aes_impl=sw
 aes_impl=sw
 aes_impl=sw
 aes_impl=sw
 aes_impl=sw
 aes_impl=sw
 aes_impl=sw
 aes_impl=sw
 aes_impl=sw
 aes_impl=sw
 aes_impl=sw
 aes_impl=sw
 aes_impl=sw
 aes_impl=sw
 aes_impl=sw
 aes_impl=sw
 aes_impl=sw
 aes_impl=sw
 aes_impl=sw
 aes_impl=sw
 aes_impl=sw
 aes_impl=sw
 aes_impl=sw
 aes_impl=sw
 aes_impl=sw
 aes_impl=sw
 aes_impl=sw
 aes_impl=sw
 aes_impl=sw
 aes_impl=sw
 aes_impl=sw
ets Jul 29 2019 12:21:46

rst:ets Jul 29 2019 12:21:46

rst:ets Jul 29 2019 12:21:46

rst:ets Jul 29 2019 12:21:46

rst:ets Jul 29 2019 12:21:46

rst:ets Jul 29 2019 12:21:46

rst:ets Jul 29 2019 12:21:46

rst:ets Jul 29 2019 12:21:46

rst:ets Jul 29 2019 12:21:46

rst:ets Jul 29 2019 12:21:46

rst:ets Jul 29 2019 12:21:46

rst:ets Jul 29 2019 12:21:46

rst:ets Jul 29 2019 12:21:46

rst:ets Jul 29 2019 12:21:46

rst:ets Jul 29 2019 12:21:46

rst:ets Jul 29 2019 12:21:46

rst:ets Jul 29 2019 12:21:46

rst:ets Jul 29 2019 12:21:46

rst:ets Jul 29 2019 12:21:46

rst:ets Jul 29 2019 12:21:46

rst:ets Jul 29 2019 12:21:46

rst:ets Jul 29 2019 12:21:46

rst:PI_FAST_FLASH_BOOT)
configsip: 0, SPIWP:0xee
clk_drv:0x00,q_drv:0x00,d_drv:0x00,cs0_drv:0x00,hd_drv:0x00,wp_drv:0x00
mode:DIO, clock div:2
load:0x3fff0030,len:6280
load:0x40078000,len:15836
ho 0 tail 12 room 4
load:0x40080400,len:3920
entry 0x40080644
[0;32mI (29) boot: ESP-IDF v5.5.5 2nd stage bootloader[0m
[0;32mI (29) boot: compile time Sep 10 2026 21:18:52[0m
[0;32mI (29) boot: Multicore bootloader[0m
[0;32mI (31) boot: chip revision: v3.1[0m
[0;32mI (33) boot.esp32: SPI Speed      : 40MHz[0m
[0;32mI (37) boot.esp32: SPI Mode       : DIO[0m
[0;32mI (41) boot.esp32: SPI Flash Size : 2MB[0m
[0;32mI (44) boot: Enabling RNG early entropy source...[0m
[0;32mI (49) boot: Partition Table:[0m
[0;32mI (51) boot: ## Label            Usage          Type ST Offset   Length[0m
[0;32mI (58) boot:  0 nvs              WiFi data        01 02 00009000 00006000[0m
[0;32mI (64) boot:  1 phy_init         RF data          01 01 0000f000 00001000[0m
[0;32mI (71) boot:  2 factory          factory app      00 00 00010000 00100000[0m
[0;32mI (77) boot: End of partition table[0m
[0;32mI (81) esp_image: segment 0: paddr=00010020 vaddr=3f400020 size=0b928h ( 47400) map[0m
[0;32mI (104) esp_image: segment 1: paddr=0001b950 vaddr=3ffb0000 size=026a0h (  9888) load[0m
[0;32mI (108) esp_image: segment 2: paddr=0001dff8 vaddr=40080000 size=02020h (  8224) load[0m
[0;32mI (112) esp_image: segment 3: paddr=00020020 vaddr=400d0020 size=1181ch ( 71708) map[0m
[0;32mI (140) esp_image: segment 4: paddr=00031844 vaddr=40082020 size=09e18h ( 40472) load[0m
[0;32mI (156) esp_image: segment 5: paddr=0003b664 vaddr=50000000 size=00020h (    32) load[0m
[0;32mI (163) boot: Loaded app from partition at offset 0x10000[0m
[0;32mI (163) boot: Disabling RNG early entropy source...[0m
[0;32mI (174) cpu_start: Multicore app[0m
[0;32mI (183) cpu_start: GPIO 3 and 1 are used as console UART I/O pins[0m
[0;32mI (183) cpu_start: Pro cpu start user code[0m
[0;32mI (183) cpu_start: cpu freq: 240000000 Hz[0m
[0;32mI (185) app_init: Application information:[0m
[0;32mI (189) app_init: Project name:     bench[0m
[0;32mI (192) app_init: App version:      783fa59-dirty[0m
[0;32mI (197) app_init: Compile time:     Sep 10 2026 21:12:35[0m
[0;32mI (202) app_init: ELF file SHA256:  69a5edd7d...[0m
[0;32mI (206) app_init: ESP-IDF:          v5.5.5[0m
[0;32mI (210) efuse_init: Min chip rev:     v0.0[0m
[0;32mI (214) efuse_init: Max chip rev:     v3.99 [0m
[0;32mI (218) efuse_init: Chip rev:         v3.1[0m
[0;32mI (222) heap_init: Initializing. RAM available for dynamic allocation:[0m
[0;32mI (228) heap_init: At 3FFAE6E0 len 00001920 (6 KiB): DRAM[0m
[0;32mI (233) heap_init: At 3FFB5F60 len 0002A0A0 (168 KiB): DRAM[0m
[0;32mI (238) heap_init: At 3FFE0440 len 00003AE0 (14 KiB): D/IRAM[0m
[0;32mI (244) heap_init: At 3FFE4350 len 0001BCB0 (111 KiB): D/IRAM[0m
[0;32mI (249) heap_init: At 4008BE38 len 000141C8 (80 KiB): IRAM[0m
[0;32mI (256) spi_flash: detected chip: generic[0m
[0;32mI (258) spi_flash: flash io: dio[0m
[0;33mW (261) spi_flash: Detected size(4096k) larger than the size in the binary image header(2048k). Using the size in the binary image header.[0m
[0;32mI (274) main_task: Started on CPU0[0m
[0;32mI (274) main_task: Calling app_main()[0m
board,algorithm,impl,operation,payload_bytes,ad_bytes,iteration,cycles
# free heap before launch: 226616
esp32,AES128GCM,sw,encrypt,16,18,0,26489
esp32,AES128GCM,sw,encrypt,16,18,1,25550
esp32,AES128GCM,sw,encrypt,16,18,2,25550
esp32,AES128GCM,sw,encrypt,16,18,3,25550
esp32,AES128GCM,sw,encrypt,16,18,4,25550
esp32,AES128GCM,sw,encrypt,16,18,5,25550
esp32,AES128GCM,sw,encrypt,16,18,6,25550
esp32,AES128GCM,sw,encrypt,16,18,7,25550
esp32,AES128GCM,sw,encrypt,16,18,8,25550
esp32,AES128GCM,sw,encrypt,16,18,9,25550
esp32,AES128GCM,sw,encrypt,16,18,10,25550
esp32,AES128GCM,sw,encrypt,16,18,11,25550
esp32,AES128GCM,sw,encrypt,16,18,12,25550
esp32,AES128GCM,sw,encrypt,16,18,13,25550
esp32,AES128GCM,sw,encrypt,16,18,14,25550
esp32,AES128GCM,sw,encrypt,16,18,15,25550
esp32,AES128GCM,sw,encrypt,16,18,16,25550
esp32,AES128GCM,sw,encrypt,16,18,17,25550
esp32,AES128GCM,sw,encrypt,16,18,18,25550
esp32,AES128GCM,sw,encrypt,16,18,19,25550
esp32,AES128GCM,sw,encrypt,16,18,20,25550
esp32,AES128GCM,sw,encrypt,16,18,21,25550
esp32,AES128GCM,sw,encrypt,16,18,22,25550
esp32,AES128GCM,sw,encrypt,16,18,23,25550
esp32,AES128GCM,sw,encrypt,16,18,24,25550
esp32,AES128GCM,sw,encrypt,16,18,25,25550
esp32,AES128GCM,sw,encrypt,16,18,26,25550
esp32,AES128GCM,sw,encrypt,16,18,27,25550
esp32,AES128GCM,sw,encrypt,16,18,28,25550
esp32,AES128GCM,sw,encrypt,16,18,29,25550
esp32,AES128GCM,sw,encrypt,16,18,30,25550
esp32,AES128GCM,sw,encrypt,16,18,31,25552
esp32,AES128GCM,sw,encrypt,16,18,32,25550
esp32,AES128GCM,sw,encrypt,16,18,33,25550
esp32,AES128GCM,sw,encrypt,16,18,34,25550
esp32,AES128GCM,sw,encrypt,16,18,35,25550
esp32,AES128GCM,sw,encrypt,16,18,36,25550
esp32,AES128GCM,sw,encrypt,16,18,37,25550
esp32,AES128GCM,sw,encrypt,16,18,38,25550
esp32,AES128GCM,sw,encrypt,16,18,39,26751
esp32,AES128GCM,sw,encrypt,16,18,40,25550
esp32,AES128GCM,sw,encrypt,16,18,41,25550
esp32,AES128GCM,sw,encrypt,16,18,42,25550
esp32,AES128GCM,sw,encrypt,16,18,43,25550
esp32,AES128GCM,sw,encrypt,16,18,44,25550
esp32,AES128GCM,sw,encrypt,16,18,45,25550
esp32,AES128GCM,sw,encrypt,16,18,46,25550
esp32,AES128GCM,sw,encrypt,16,18,47,25550
esp32,AES128GCM,sw,encrypt,16,18,48,25550
esp32,AES128GCM,sw,encrypt,16,18,49,25550
esp32,AES128GCM,sw,encrypt,16,18,50,25550
esp32,AES128GCM,sw,encrypt,16,18,51,25550
esp32,AES128GCM,sw,encrypt,16,18,52,25550
esp32,AES128GCM,sw,encrypt,16,18,53,25550
esp32,AES128GCM,sw,encrypt,16,18,54,25550
esp32,AES128GCM,sw,encrypt,16,18,55,25550
esp32,AES128GCM,sw,encrypt,16,18,56,25550
esp32,AES128GCM,sw,encrypt,16,18,57,25550
esp32,AES128GCM,sw,encrypt,16,18,58,25550
esp32,AES128GCM,sw,encrypt,16,18,59,25550
esp32,AES128GCM,sw,encrypt,16,18,60,25550
esp32,AES128GCM,sw,encrypt,16,18,61,25550
esp32,AES128GCM,sw,encrypt,16,18,62,25550
esp32,AES128GCM,sw,encrypt,16,18,63,25550
esp32,AES128GCM,sw,encrypt,16,18,64,25550
esp32,AES128GCM,sw,encrypt,16,18,65,25550
esp32,AES128GCM,sw,encrypt,16,18,66,25550
esp32,AES128GCM,sw,encrypt,16,18,67,25550
esp32,AES128GCM,sw,encrypt,16,18,68,25550
esp32,AES128GCM,sw,encrypt,16,18,69,25550
esp32,AES128GCM,sw,encrypt,16,18,70,25550
esp32,AES128GCM,sw,encrypt,16,18,71,25550
esp32,AES128GCM,sw,encrypt,16,18,72,25550
esp32,AES128GCM,sw,encrypt,16,18,73,25550
esp32,AES128GCM,sw,encrypt,16,18,74,25550
esp32,AES128GCM,sw,encrypt,16,18,75,25550
esp32,AES128GCM,sw,encrypt,16,18,76,25550
esp32,AES128GCM,sw,encrypt,16,18,77,25550
esp32,AES128GCM,sw,encrypt,16,18,78,25550
esp32,AES128GCM,sw,encrypt,16,18,79,25550
esp32,AES128GCM,sw,encrypt,16,18,80,25550
esp32,AES128GCM,sw,encrypt,16,18,81,25550
esp32,AES128GCM,sw,encrypt,16,18,82,25550
esp32,AES128GCM,sw,encrypt,16,18,83,25550
esp32,AES128GCM,sw,encrypt,16,18,84,25550
esp32,AES128GCM,sw,encrypt,16,18,85,25550
esp32,AES128GCM,sw,encrypt,16,18,86,25550
esp32,AES128GCM,sw,encrypt,16,18,87,25550
esp32,AES128GCM,sw,encrypt,16,18,88,25550
esp32,AES128GCM,sw,encrypt,16,18,89,25550
esp32,AES128GCM,sw,encrypt,16,18,90,25550
esp32,AES128GCM,sw,encrypt,16,18,91,25550
esp32,AES128GCM,sw,encrypt,16,18,92,25550
esp32,AES128GCM,sw,encrypt,16,18,93,25550
esp32,AES128GCM,sw,encrypt,16,18,94,25550
esp32,AES128GCM,sw,encrypt,16,18,95,25550
esp32,AES128GCM,sw,encrypt,16,18,96,25550
esp32,AES128GCM,sw,encrypt,16,18,97,25550
esp32,AES128GCM,sw,encrypt,16,18,98,25550
esp32,AES128GCM,sw,encrypt,16,18,99,25550
esp32,AES128GCM,sw,encrypt,16,18,100,25550
esp32,AES128GCM,sw,encrypt,16,18,101,25550
esp32,AES128GCM,sw,encrypt,16,18,102,25550
esp32,AES128GCM,sw,encrypt,16,18,103,25550
esp32,AES128GCM,sw,encrypt,16,18,104,25550
esp32,AES128GCM,sw,encrypt,16,18,105,25550
esp32,AES128GCM,sw,encrypt,16,18,106,25550
esp32,AES128GCM,sw,encrypt,16,18,107,25550
esp32,AES128GCM,sw,encrypt,16,18,108,25550
esp32,AES128GCM,sw,encrypt,16,18,109,25550
esp32,AES128GCM,sw,encrypt,16,18,110,25550
esp32,AES128GCM,sw,encrypt,16,18,111,25550
esp32,AES128GCM,sw,encrypt,16,18,112,25550
esp32,AES128GCM,sw,encrypt,16,18,113,25550
esp32,AES128GCM,sw,encrypt,16,18,114,25550
esp32,AES128GCM,sw,encrypt,16,18,115,25550
esp32,AES128GCM,sw,encrypt,16,18,116,25550
esp32,AES128GCM,sw,encrypt,16,18,117,25550
esp32,AES128GCM,sw,encrypt,16,18,118,25550
esp32,AES128GCM,sw,encrypt,16,18,119,25550
esp32,AES128GCM,sw,encrypt,16,18,120,25550
esp32,AES128GCM,sw,encrypt,16,18,121,25550
esp32,AES128GCM,sw,encrypt,16,18,122,25550
esp32,AES128GCM,sw,encrypt,16,18,123,25550
esp32,AES128GCM,sw,encrypt,16,18,124,25550
esp32,AES128GCM,sw,encrypt,16,18,125,25550
esp32,AES128GCM,sw,encrypt,16,18,126,25550
esp32,AES128GCM,sw,encrypt,16,18,127,25550
esp32,AES128GCM,sw,encrypt,16,18,128,25550
esp32,AES128GCM,sw,encrypt,16,18,129,25550
esp32,AES128GCM,sw,encrypt,16,18,130,25550
esp32,AES128GCM,sw,encrypt,16,18,131,25550
esp32,AES128GCM,sw,encrypt,16,18,132,25550
esp32,AES128GCM,sw,encrypt,16,18,133,25550
esp32,AES128GCM,sw,encrypt,16,18,134,25550
esp32,AES128GCM,sw,encrypt,16,18,135,25550
esp32,AES128GCM,sw,encrypt,16,18,136,25550
esp32,AES128GCM,sw,encrypt,16,18,137,25550
esp32,AES128GCM,sw,encrypt,16,18,138,25550
esp32,AES128GCM,sw,encrypt,16,18,139,25550
esp32,AES128GCM,sw,encrypt,16,18,140,25550
esp32,AES128GCM,sw,encrypt,16,18,141,25550
esp32,AES128GCM,sw,encrypt,16,18,142,25550
esp32,AES128GCM,sw,encrypt,16,18,143,25550
esp32,AES128GCM,sw,encrypt,16,18,144,25550
esp32,AES128GCM,sw,encrypt,16,18,145,25550
esp32,AES128GCM,sw,encrypt,16,18,146,25550
esp32,AES128GCM,sw,encrypt,16,18,147,25550
esp32,AES128GCM,sw,encrypt,16,18,148,25550
esp32,AES128GCM,sw,encrypt,16,18,149,25550
esp32,AES128GCM,sw,encrypt,16,18,150,25550
esp32,AES128GCM,sw,encrypt,16,18,151,25550
esp32,AES128GCM,sw,encrypt,16,18,152,25550
esp32,AES128GCM,sw,encrypt,16,18,153,25552
esp32,AES128GCM,sw,encrypt,16,18,154,25550
esp32,AES128GCM,sw,encrypt,16,18,155,25550
esp32,AES128GCM,sw,encrypt,16,18,156,25550
esp32,AES128GCM,sw,encrypt,16,18,157,25550
esp32,AES128GCM,sw,encrypt,16,18,158,25550
esp32,AES128GCM,sw,encrypt,16,18,159,25550
esp32,AES128GCM,sw,encrypt,16,18,160,25550
esp32,AES128GCM,sw,encrypt,16,18,161,25555
esp32,AES128GCM,sw,encrypt,16,18,162,25550
esp32,AES128GCM,sw,encrypt,16,18,163,25550
esp32,AES128GCM,sw,encrypt,16,18,164,25550
esp32,AES128GCM,sw,encrypt,16,18,165,25550
esp32,AES128GCM,sw,encrypt,16,18,166,25550
esp32,AES128GCM,sw,encrypt,16,18,167,25550
esp32,AES128GCM,sw,encrypt,16,18,168,25550
esp32,AES128GCM,sw,encrypt,16,18,169,25550
esp32,AES128GCM,sw,encrypt,16,18,170,25550
esp32,AES128GCM,sw,encrypt,16,18,171,25550
esp32,AES128GCM,sw,encrypt,16,18,172,25550
esp32,AES128GCM,sw,encrypt,16,18,173,25550
esp32,AES128GCM,sw,encrypt,16,18,174,25550
esp32,AES128GCM,sw,encrypt,16,18,175,25550
esp32,AES128GCM,sw,encrypt,16,18,176,25550
esp32,AES128GCM,sw,encrypt,16,18,177,25550
esp32,AES128GCM,sw,encrypt,16,18,178,25550
esp32,AES128GCM,sw,encrypt,16,18,179,25550
esp32,AES128GCM,sw,encrypt,16,18,180,25550
esp32,AES128GCM,sw,encrypt,16,18,181,25550
esp32,AES128GCM,sw,encrypt,16,18,182,25550
esp32,AES128GCM,sw,encrypt,16,18,183,25550
esp32,AES128GCM,sw,encrypt,16,18,184,25550
esp32,AES128GCM,sw,encrypt,16,18,185,25550
esp32,AES128GCM,sw,encrypt,16,18,186,25550
esp32,AES128GCM,sw,encrypt,16,18,187,26797
esp32,AES128GCM,sw,encrypt,16,18,188,25550
esp32,AES128GCM,sw,encrypt,16,18,189,25550
esp32,AES128GCM,sw,encrypt,16,18,190,25550
esp32,AES128GCM,sw,encrypt,16,18,191,25550
esp32,AES128GCM,sw,encrypt,16,18,192,25550
esp32,AES128GCM,sw,encrypt,16,18,193,25550
esp32,AES128GCM,sw,encrypt,16,18,194,25550
esp32,AES128GCM,sw,encrypt,16,18,195,25550
esp32,AES128GCM,sw,encrypt,16,18,196,25550
esp32,AES128GCM,sw,encrypt,16,18,197,25550
esp32,AES128GCM,sw,encrypt,16,18,198,25550
esp32,AES128GCM,sw,encrypt,16,18,199,25550
esp32,AES128GCM,sw,encrypt,16,18,200,25550
esp32,AES128GCM,sw,encrypt,16,18,201,25550
esp32,AES128GCM,sw,encrypt,16,18,202,25550
esp32,AES128GCM,sw,encrypt,16,18,203,25550
esp32,AES128GCM,sw,encrypt,16,18,204,25550
esp32,AES128GCM,sw,encrypt,16,18,205,25550
esp32,AES128GCM,sw,encrypt,16,18,206,25550
esp32,AES128GCM,sw,encrypt,16,18,207,25550
esp32,AES128GCM,sw,encrypt,16,18,208,25550
esp32,AES128GCM,sw,encrypt,16,18,209,25550
esp32,AES128GCM,sw,encrypt,16,18,210,25550
esp32,AES128GCM,sw,encrypt,16,18,211,25550
esp32,AES128GCM,sw,encrypt,16,18,212,25550
esp32,AES128GCM,sw,encrypt,16,18,213,25550
esp32,AES128GCM,sw,encrypt,16,18,214,25550
esp32,AES128GCM,sw,encrypt,16,18,215,25550
esp32,AES128GCM,sw,encrypt,16,18,216,25550
esp32,AES128GCM,sw,encrypt,16,18,217,25550
esp32,AES128GCM,sw,encrypt,16,18,218,25550
esp32,AES128GCM,sw,encrypt,16,18,219,25550
esp32,AES128GCM,sw,encrypt,16,18,220,25550
esp32,AES128GCM,sw,encrypt,16,18,221,25550
esp32,AES128GCM,sw,encrypt,16,18,222,25550
esp32,AES128GCM,sw,encrypt,16,18,223,25550
esp32,AES128GCM,sw,encrypt,16,18,224,25550
esp32,AES128GCM,sw,encrypt,16,18,225,25550
esp32,AES128GCM,sw,encrypt,16,18,226,25550
esp32,AES128GCM,sw,encrypt,16,18,227,25550
esp32,AES128GCM,sw,encrypt,16,18,228,25550
esp32,AES128GCM,sw,encrypt,16,18,229,25550
esp32,AES128GCM,sw,encrypt,16,18,230,25550
esp32,AES128GCM,sw,encrypt,16,18,231,25550
esp32,AES128GCM,sw,encrypt,16,18,232,25550
esp32,AES128GCM,sw,encrypt,16,18,233,25550
esp32,AES128GCM,sw,encrypt,16,18,234,25550
esp32,AES128GCM,sw,encrypt,16,18,235,25550
esp32,AES128GCM,sw,encrypt,16,18,236,25550
esp32,AES128GCM,sw,encrypt,16,18,237,25550
esp32,AES128GCM,sw,encrypt,16,18,238,25550
esp32,AES128GCM,sw,encrypt,16,18,239,25550
esp32,AES128GCM,sw,encrypt,16,18,240,25550
esp32,AES128GCM,sw,encrypt,16,18,241,25550
esp32,AES128GCM,sw,encrypt,16,18,242,26795
esp32,AES128GCM,sw,encrypt,16,18,243,25550
esp32,AES128GCM,sw,encrypt,16,18,244,25550
esp32,AES128GCM,sw,encrypt,16,18,245,25550
esp32,AES128GCM,sw,encrypt,16,18,246,25550
esp32,AES128GCM,sw,encrypt,16,18,247,25550
esp32,AES128GCM,sw,encrypt,16,18,248,25550
esp32,AES128GCM,sw,encrypt,16,18,249,25550
esp32,AES128GCM,sw,encrypt,16,18,250,25550
esp32,AES128GCM,sw,encrypt,16,18,251,25550
esp32,AES128GCM,sw,encrypt,16,18,252,25550
esp32,AES128GCM,sw,encrypt,16,18,253,25550
esp32,AES128GCM,sw,encrypt,16,18,254,25550
esp32,AES128GCM,sw,encrypt,16,18,255,25550
esp32,AES128GCM,sw,encrypt,16,18,256,25550
esp32,AES128GCM,sw,encrypt,16,18,257,25550
esp32,AES128GCM,sw,encrypt,16,18,258,25550
esp32,AES128GCM,sw,encrypt,16,18,259,25550
esp32,AES128GCM,sw,encrypt,16,18,260,25550
esp32,AES128GCM,sw,encrypt,16,18,261,25550
esp32,AES128GCM,sw,encrypt,16,18,262,25550
esp32,AES128GCM,sw,encrypt,16,18,263,25550
esp32,AES128GCM,sw,encrypt,16,18,264,25550
esp32,AES128GCM,sw,encrypt,16,18,265,25550
esp32,AES128GCM,sw,encrypt,16,18,266,25550
esp32,AES128GCM,sw,encrypt,16,18,267,25550
esp32,AES128GCM,sw,encrypt,16,18,268,25550
esp32,AES128GCM,sw,encrypt,16,18,269,25550
esp32,AES128GCM,sw,encrypt,16,18,270,25550
esp32,AES128GCM,sw,encrypt,16,18,271,25550
esp32,AES128GCM,sw,encrypt,16,18,272,25550
esp32,AES128GCM,sw,encrypt,16,18,273,25550
esp32,AES128GCM,sw,encrypt,16,18,274,25550
esp32,AES128GCM,sw,encrypt,16,18,275,25550
esp32,AES128GCM,sw,encrypt,16,18,276,25550
esp32,AES128GCM,sw,encrypt,16,18,277,25550
esp32,AES128GCM,sw,encrypt,16,18,278,25550
esp32,AES128GCM,sw,encrypt,16,18,279,25550
esp32,AES128GCM,sw,encrypt,16,18,280,25550
esp32,AES128GCM,sw,encrypt,16,18,281,25550
esp32,AES128GCM,sw,encrypt,16,18,282,25550
esp32,AES128GCM,sw,encrypt,16,18,283,25550
esp32,AES128GCM,sw,encrypt,16,18,284,25550
esp32,AES128GCM,sw,encrypt,16,18,285,25550
esp32,AES128GCM,sw,encrypt,16,18,286,25550
esp32,AES128GCM,sw,encrypt,16,18,287,25550
esp32,AES128GCM,sw,encrypt,16,18,288,25550
esp32,AES128GCM,sw,encrypt,16,18,289,25550
esp32,AES128GCM,sw,encrypt,16,18,290,25550
esp32,AES128GCM,sw,encrypt,16,18,291,25550
esp32,AES128GCM,sw,encrypt,16,18,292,25550
esp32,AES128GCM,sw,encrypt,16,18,293,25550
esp32,AES128GCM,sw,encrypt,16,18,294,25550
esp32,AES128GCM,sw,encrypt,16,18,295,25550
esp32,AES128GCM,sw,encrypt,16,18,296,25550
esp32,AES128GCM,sw,encrypt,16,18,297,25552
esp32,AES128GCM,sw,encrypt,16,18,298,25550
esp32,AES128GCM,sw,encrypt,16,18,299,25550
esp32,AES128GCM,sw,encrypt,16,18,300,25550
esp32,AES128GCM,sw,encrypt,16,18,301,25550
esp32,AES128GCM,sw,encrypt,16,18,302,25550
esp32,AES128GCM,sw,encrypt,16,18,303,25550
esp32,AES128GCM,sw,encrypt,16,18,304,25550
esp32,AES128GCM,sw,encrypt,16,18,305,25550
esp32,AES128GCM,sw,encrypt,16,18,306,25550
esp32,AES128GCM,sw,encrypt,16,18,307,25550
esp32,AES128GCM,sw,encrypt,16,18,308,25550
esp32,AES128GCM,sw,encrypt,16,18,309,25550
esp32,AES128GCM,sw,encrypt,16,18,310,25550
esp32,AES128GCM,sw,encrypt,16,18,311,25550
esp32,AES128GCM,sw,encrypt,16,18,312,25550
esp32,AES128GCM,sw,encrypt,16,18,313,25550
esp32,AES128GCM,sw,encrypt,16,18,314,25550
esp32,AES128GCM,sw,encrypt,16,18,315,25550
esp32,AES128GCM,sw,encrypt,16,18,316,25550
esp32,AES128GCM,sw,encrypt,16,18,317,25550
esp32,AES128GCM,sw,encrypt,16,18,318,25550
esp32,AES128GCM,sw,encrypt,16,18,319,25550
esp32,AES128GCM,sw,encrypt,16,18,320,25550
esp32,AES128GCM,sw,encrypt,16,18,321,25550
esp32,AES128GCM,sw,encrypt,16,18,322,25550
esp32,AES128GCM,sw,encrypt,16,18,323,25550
esp32,AES128GCM,sw,encrypt,16,18,324,25550
esp32,AES128GCM,sw,encrypt,16,18,325,25550
esp32,AES128GCM,sw,encrypt,16,18,326,25550
esp32,AES128GCM,sw,encrypt,16,18,327,25550
esp32,AES128GCM,sw,encrypt,16,18,328,25550
esp32,AES128GCM,sw,encrypt,16,18,329,25550
esp32,AES128GCM,sw,encrypt,16,18,330,25550
esp32,AES128GCM,sw,encrypt,16,18,331,26796
esp32,AES128GCM,sw,encrypt,16,18,332,25550
esp32,AES128GCM,sw,encrypt,16,18,333,25550
esp32,AES128GCM,sw,encrypt,16,18,334,25550
esp32,AES128GCM,sw,encrypt,16,18,335,25550
esp32,AES128GCM,sw,encrypt,16,18,336,25550
esp32,AES128GCM,sw,encrypt,16,18,337,25550
esp32,AES128GCM,sw,encrypt,16,18,338,25550
esp32,AES128GCM,sw,encrypt,16,18,339,25550
esp32,AES128GCM,sw,encrypt,16,18,340,25550
esp32,AES128GCM,sw,encrypt,16,18,341,25550
esp32,AES128GCM,sw,encrypt,16,18,342,25550
esp32,AES128GCM,sw,encrypt,16,18,343,25550
esp32,AES128GCM,sw,encrypt,16,18,344,25550
esp32,AES128GCM,sw,encrypt,16,18,345,25550
esp32,AES128GCM,sw,encrypt,16,18,346,25550
esp32,AES128GCM,sw,encrypt,16,18,347,25550
esp32,AES128GCM,sw,encrypt,16,18,348,25550
esp32,AES128GCM,sw,encrypt,16,18,349,25550
esp32,AES128GCM,sw,encrypt,16,18,350,25550
esp32,AES128GCM,sw,encrypt,16,18,351,25550
esp32,AES128GCM,sw,encrypt,16,18,352,25550
esp32,AES128GCM,sw,encrypt,16,18,353,25550
esp32,AES128GCM,sw,encrypt,16,18,354,25550
esp32,AES128GCM,sw,encrypt,16,18,355,25550
esp32,AES128GCM,sw,encrypt,16,18,356,25550
esp32,AES128GCM,sw,encrypt,16,18,357,25550
esp32,AES128GCM,sw,encrypt,16,18,358,25550
esp32,AES128GCM,sw,encrypt,16,18,359,25550
esp32,AES128GCM,sw,encrypt,16,18,360,25550
esp32,AES128GCM,sw,encrypt,16,18,361,25550
esp32,AES128GCM,sw,encrypt,16,18,362,25550
esp32,AES128GCM,sw,encrypt,16,18,363,25550
esp32,AES128GCM,sw,encrypt,16,18,364,25550
esp32,AES128GCM,sw,encrypt,16,18,365,25550
esp32,AES128GCM,sw,encrypt,16,18,366,25550
esp32,AES128GCM,sw,encrypt,16,18,367,25550
esp32,AES128GCM,sw,encrypt,16,18,368,25550
esp32,AES128GCM,sw,encrypt,16,18,369,25550
esp32,AES128GCM,sw,encrypt,16,18,370,25550
esp32,AES128GCM,sw,encrypt,16,18,371,25550
esp32,AES128GCM,sw,encrypt,16,18,372,25550
esp32,AES128GCM,sw,encrypt,16,18,373,25550
esp32,AES128GCM,sw,encrypt,16,18,374,25550
esp32,AES128GCM,sw,encrypt,16,18,375,25550
esp32,AES128GCM,sw,encrypt,16,18,376,25550
esp32,AES128GCM,sw,encrypt,16,18,377,25550
esp32,AES128GCM,sw,encrypt,16,18,378,25550
esp32,AES128GCM,sw,encrypt,16,18,379,25550
esp32,AES128GCM,sw,encrypt,16,18,380,25550
esp32,AES128GCM,sw,encrypt,16,18,381,25550
esp32,AES128GCM,sw,encrypt,16,18,382,25550
esp32,AES128GCM,sw,encrypt,16,18,383,25550
esp32,AES128GCM,sw,encrypt,16,18,384,25550
esp32,AES128GCM,sw,encrypt,16,18,385,25550
esp32,AES128GCM,sw,encrypt,16,18,386,26795
esp32,AES128GCM,sw,encrypt,16,18,387,25550
esp32,AES128GCM,sw,encrypt,16,18,388,25550
esp32,AES128GCM,sw,encrypt,16,18,389,25550
esp32,AES128GCM,sw,encrypt,16,18,390,25550
esp32,AES128GCM,sw,encrypt,16,18,391,25550
esp32,AES128GCM,sw,encrypt,16,18,392,25550
esp32,AES128GCM,sw,encrypt,16,18,393,25550
esp32,AES128GCM,sw,encrypt,16,18,394,25550
esp32,AES128GCM,sw,encrypt,16,18,395,25550
esp32,AES128GCM,sw,encrypt,16,18,396,25550
esp32,AES128GCM,sw,encrypt,16,18,397,25550
esp32,AES128GCM,sw,encrypt,16,18,398,25550
esp32,AES128GCM,sw,encrypt,16,18,399,25550
esp32,AES128GCM,sw,encrypt,16,18,400,25550
esp32,AES128GCM,sw,encrypt,16,18,401,25550
esp32,AES128GCM,sw,encrypt,16,18,402,25550
esp32,AES128GCM,sw,encrypt,16,18,403,25550
esp32,AES128GCM,sw,encrypt,16,18,404,25550
esp32,AES128GCM,sw,encrypt,16,18,405,25550
esp32,AES128GCM,sw,encrypt,16,18,406,25550
esp32,AES128GCM,sw,encrypt,16,18,407,25550
esp32,AES128GCM,sw,encrypt,16,18,408,25550
esp32,AES128GCM,sw,encrypt,16,18,409,25550
esp32,AES128GCM,sw,encrypt,16,18,410,25550
esp32,AES128GCM,sw,encrypt,16,18,411,25550
esp32,AES128GCM,sw,encrypt,16,18,412,25550
esp32,AES128GCM,sw,encrypt,16,18,413,25550
esp32,AES128GCM,sw,encrypt,16,18,414,25550
esp32,AES128GCM,sw,encrypt,16,18,415,25550
esp32,AES128GCM,sw,encrypt,16,18,416,25550
esp32,AES128GCM,sw,encrypt,16,18,417,25550
esp32,AES128GCM,sw,encrypt,16,18,418,25550
esp32,AES128GCM,sw,encrypt,16,18,419,25550
esp32,AES128GCM,sw,encrypt,16,18,420,25550
esp32,AES128GCM,sw,encrypt,16,18,421,25550
esp32,AES128GCM,sw,encrypt,16,18,422,25550
esp32,AES128GCM,sw,encrypt,16,18,423,25550
esp32,AES128GCM,sw,encrypt,16,18,424,25550
esp32,AES128GCM,sw,encrypt,16,18,425,25550
esp32,AES128GCM,sw,encrypt,16,18,426,25550
esp32,AES128GCM,sw,encrypt,16,18,427,25550
esp32,AES128GCM,sw,encrypt,16,18,428,25550
esp32,AES128GCM,sw,encrypt,16,18,429,25550
esp32,AES128GCM,sw,encrypt,16,18,430,25550
esp32,AES128GCM,sw,encrypt,16,18,431,25550
esp32,AES128GCM,sw,encrypt,16,18,432,25550
esp32,AES128GCM,sw,encrypt,16,18,433,25550
esp32,AES128GCM,sw,encrypt,16,18,434,25550
esp32,AES128GCM,sw,encrypt,16,18,435,25550
esp32,AES128GCM,sw,encrypt,16,18,436,25550
esp32,AES128GCM,sw,encrypt,16,18,437,25550
esp32,AES128GCM,sw,encrypt,16,18,438,25550
esp32,AES128GCM,sw,encrypt,16,18,439,25550
esp32,AES128GCM,sw,encrypt,16,18,440,25550
esp32,AES128GCM,sw,encrypt,16,18,441,25552
esp32,AES128GCM,sw,encrypt,16,18,442,25550
esp32,AES128GCM,sw,encrypt,16,18,443,25550
esp32,AES128GCM,sw,encrypt,16,18,444,25550
esp32,AES128GCM,sw,encrypt,16,18,445,25550
esp32,AES128GCM,sw,encrypt,16,18,446,25550
esp32,AES128GCM,sw,encrypt,16,18,447,25550
esp32,AES128GCM,sw,encrypt,16,18,448,25550
esp32,AES128GCM,sw,encrypt,16,18,449,25550
esp32,AES128GCM,sw,encrypt,16,18,450,25550
esp32,AES128GCM,sw,encrypt,16,18,451,25550
esp32,AES128GCM,sw,encrypt,16,18,452,25550
esp32,AES128GCM,sw,encrypt,16,18,453,25550
esp32,AES128GCM,sw,encrypt,16,18,454,25550
esp32,AES128GCM,sw,encrypt,16,18,455,25550
esp32,AES128GCM,sw,encrypt,16,18,456,25550
esp32,AES128GCM,sw,encrypt,16,18,457,25550
esp32,AES128GCM,sw,encrypt,16,18,458,25550
esp32,AES128GCM,sw,encrypt,16,18,459,25550
esp32,AES128GCM,sw,encrypt,16,18,460,25550
esp32,AES128GCM,sw,encrypt,16,18,461,25550
esp32,AES128GCM,sw,encrypt,16,18,462,25550
esp32,AES128GCM,sw,encrypt,16,18,463,25550
esp32,AES128GCM,sw,encrypt,16,18,464,25550
esp32,AES128GCM,sw,encrypt,16,18,465,25550
esp32,AES128GCM,sw,encrypt,16,18,466,25550
esp32,AES128GCM,sw,encrypt,16,18,467,25550
esp32,AES128GCM,sw,encrypt,16,18,468,25550
esp32,AES128GCM,sw,encrypt,16,18,469,25550
esp32,AES128GCM,sw,encrypt,16,18,470,25550
esp32,AES128GCM,sw,encrypt,16,18,471,25550
esp32,AES128GCM,sw,encrypt,16,18,472,25550
esp32,AES128GCM,sw,encrypt,16,18,473,25550
esp32,AES128GCM,sw,encrypt,16,18,474,25550
esp32,AES128GCM,sw,encrypt,16,18,475,26796
esp32,AES128GCM,sw,encrypt,16,18,476,25550
esp32,AES128GCM,sw,encrypt,16,18,477,25550
esp32,AES128GCM,sw,encrypt,16,18,478,25550
esp32,AES128GCM,sw,encrypt,16,18,479,25550
esp32,AES128GCM,sw,encrypt,16,18,480,25550
esp32,AES128GCM,sw,encrypt,16,18,481,25550
esp32,AES128GCM,sw,encrypt,16,18,482,25550
esp32,AES128GCM,sw,encrypt,16,18,483,25550
esp32,AES128GCM,sw,encrypt,16,18,484,25550
esp32,AES128GCM,sw,encrypt,16,18,485,25550
esp32,AES128GCM,sw,encrypt,16,18,486,25550
esp32,AES128GCM,sw,encrypt,16,18,487,25550
esp32,AES128GCM,sw,encrypt,16,18,488,25550
esp32,AES128GCM,sw,encrypt,16,18,489,25550
esp32,AES128GCM,sw,encrypt,16,18,490,25550
esp32,AES128GCM,sw,encrypt,16,18,491,25550
esp32,AES128GCM,sw,encrypt,16,18,492,25550
esp32,AES128GCM,sw,encrypt,16,18,493,25550
esp32,AES128GCM,sw,encrypt,16,18,494,25550
esp32,AES128GCM,sw,encrypt,16,18,495,25550
esp32,AES128GCM,sw,encrypt,16,18,496,25550
esp32,AES128GCM,sw,encrypt,16,18,497,25550
esp32,AES128GCM,sw,encrypt,16,18,498,25550
esp32,AES128GCM,sw,encrypt,16,18,499,25550
esp32,AES128GCM,sw,encrypt,16,18,500,25550
esp32,AES128GCM,sw,encrypt,16,18,501,25550
esp32,AES128GCM,sw,encrypt,16,18,502,25550
esp32,AES128GCM,sw,encrypt,16,18,503,25550
esp32,AES128GCM,sw,encrypt,16,18,504,25550
esp32,AES128GCM,sw,encrypt,16,18,505,25550
esp32,AES128GCM,sw,encrypt,16,18,506,25550
esp32,AES128GCM,sw,encrypt,16,18,507,25550
esp32,AES128GCM,sw,encrypt,16,18,508,25550
esp32,AES128GCM,sw,encrypt,16,18,509,25550
esp32,AES128GCM,sw,encrypt,16,18,510,25550
esp32,AES128GCM,sw,encrypt,16,18,511,25550
esp32,AES128GCM,sw,encrypt,16,18,512,25550
esp32,AES128GCM,sw,encrypt,16,18,513,25550
esp32,AES128GCM,sw,encrypt,16,18,514,25550
esp32,AES128GCM,sw,encrypt,16,18,515,25550
esp32,AES128GCM,sw,encrypt,16,18,516,25550
esp32,AES128GCM,sw,encrypt,16,18,517,25550
esp32,AES128GCM,sw,encrypt,16,18,518,25550
esp32,AES128GCM,sw,encrypt,16,18,519,25550
esp32,AES128GCM,sw,encrypt,16,18,520,25550
esp32,AES128GCM,sw,encrypt,16,18,521,25550
esp32,AES128GCM,sw,encrypt,16,18,522,25550
esp32,AES128GCM,sw,encrypt,16,18,523,25550
esp32,AES128GCM,sw,encrypt,16,18,524,25550
esp32,AES128GCM,sw,encrypt,16,18,525,25550
esp32,AES128GCM,sw,encrypt,16,18,526,25550
esp32,AES128GCM,sw,encrypt,16,18,527,25550
esp32,AES128GCM,sw,encrypt,16,18,528,25550
esp32,AES128GCM,sw,encrypt,16,18,529,25550
esp32,AES128GCM,sw,encrypt,16,18,530,26795
esp32,AES128GCM,sw,encrypt,16,18,531,25550
esp32,AES128GCM,sw,encrypt,16,18,532,25550
esp32,AES128GCM,sw,encrypt,16,18,533,25550
esp32,AES128GCM,sw,encrypt,16,18,534,25550
esp32,AES128GCM,sw,encrypt,16,18,535,25550
esp32,AES128GCM,sw,encrypt,16,18,536,25550
esp32,AES128GCM,sw,encrypt,16,18,537,25550
esp32,AES128GCM,sw,encrypt,16,18,538,25550
esp32,AES128GCM,sw,encrypt,16,18,539,25550
esp32,AES128GCM,sw,encrypt,16,18,540,25550
esp32,AES128GCM,sw,encrypt,16,18,541,25550
esp32,AES128GCM,sw,encrypt,16,18,542,25550
esp32,AES128GCM,sw,encrypt,16,18,543,25550
esp32,AES128GCM,sw,encrypt,16,18,544,25550
esp32,AES128GCM,sw,encrypt,16,18,545,25550
esp32,AES128GCM,sw,encrypt,16,18,546,25550
esp32,AES128GCM,sw,encrypt,16,18,547,25550
esp32,AES128GCM,sw,encrypt,16,18,548,25550
esp32,AES128GCM,sw,encrypt,16,18,549,25550
esp32,AES128GCM,sw,encrypt,16,18,550,25550
esp32,AES128GCM,sw,encrypt,16,18,551,25550
esp32,AES128GCM,sw,encrypt,16,18,552,25550
esp32,AES128GCM,sw,encrypt,16,18,553,25550
esp32,AES128GCM,sw,encrypt,16,18,554,25550
esp32,AES128GCM,sw,encrypt,16,18,555,25550
esp32,AES128GCM,sw,encrypt,16,18,556,25550
esp32,AES128GCM,sw,encrypt,16,18,557,25550
esp32,AES128GCM,sw,encrypt,16,18,558,25550
esp32,AES128GCM,sw,encrypt,16,18,559,25550
esp32,AES128GCM,sw,encrypt,16,18,560,25550
esp32,AES128GCM,sw,encrypt,16,18,561,25550
esp32,AES128GCM,sw,encrypt,16,18,562,25550
esp32,AES128GCM,sw,encrypt,16,18,563,25550
esp32,AES128GCM,sw,encrypt,16,18,564,25550
esp32,AES128GCM,sw,encrypt,16,18,565,25550
esp32,AES128GCM,sw,encrypt,16,18,566,25550
esp32,AES128GCM,sw,encrypt,16,18,567,25550
esp32,AES128GCM,sw,encrypt,16,18,568,25550
esp32,AES128GCM,sw,encrypt,16,18,569,25550
esp32,AES128GCM,sw,encrypt,16,18,570,25550
esp32,AES128GCM,sw,encrypt,16,18,571,25550
esp32,AES128GCM,sw,encrypt,16,18,572,25550
esp32,AES128GCM,sw,encrypt,16,18,573,25550
esp32,AES128GCM,sw,encrypt,16,18,574,25550
esp32,AES128GCM,sw,encrypt,16,18,575,25550
esp32,AES128GCM,sw,encrypt,16,18,576,25550
esp32,AES128GCM,sw,encrypt,16,18,577,25550
esp32,AES128GCM,sw,encrypt,16,18,578,25550
esp32,AES128GCM,sw,encrypt,16,18,579,25550
esp32,AES128GCM,sw,encrypt,16,18,580,25550
esp32,AES128GCM,sw,encrypt,16,18,581,25550
esp32,AES128GCM,sw,encrypt,16,18,582,25550
esp32,AES128GCM,sw,encrypt,16,18,583,25550
esp32,AES128GCM,sw,encrypt,16,18,584,25550
esp32,AES128GCM,sw,encrypt,16,18,585,25552
esp32,AES128GCM,sw,encrypt,16,18,586,25550
esp32,AES128GCM,sw,encrypt,16,18,587,25550
esp32,AES128GCM,sw,encrypt,16,18,588,25550
esp32,AES128GCM,sw,encrypt,16,18,589,25550
esp32,AES128GCM,sw,encrypt,16,18,590,25550
esp32,AES128GCM,sw,encrypt,16,18,591,25550
esp32,AES128GCM,sw,encrypt,16,18,592,25550
esp32,AES128GCM,sw,encrypt,16,18,593,25558
esp32,AES128GCM,sw,encrypt,16,18,594,25550
esp32,AES128GCM,sw,encrypt,16,18,595,25550
esp32,AES128GCM,sw,encrypt,16,18,596,25550
esp32,AES128GCM,sw,encrypt,16,18,597,25550
esp32,AES128GCM,sw,encrypt,16,18,598,25550
esp32,AES128GCM,sw,encrypt,16,18,599,25550
esp32,AES128GCM,sw,encrypt,16,18,600,25550
esp32,AES128GCM,sw,encrypt,16,18,601,25550
esp32,AES128GCM,sw,encrypt,16,18,602,25550
esp32,AES128GCM,sw,encrypt,16,18,603,25550
esp32,AES128GCM,sw,encrypt,16,18,604,25550
esp32,AES128GCM,sw,encrypt,16,18,605,25550
esp32,AES128GCM,sw,encrypt,16,18,606,25550
esp32,AES128GCM,sw,encrypt,16,18,607,25550
esp32,AES128GCM,sw,encrypt,16,18,608,25550
esp32,AES128GCM,sw,encrypt,16,18,609,25550
esp32,AES128GCM,sw,encrypt,16,18,610,25550
esp32,AES128GCM,sw,encrypt,16,18,611,25550
esp32,AES128GCM,sw,encrypt,16,18,612,25550
esp32,AES128GCM,sw,encrypt,16,18,613,25550
esp32,AES128GCM,sw,encrypt,16,18,614,25550
esp32,AES128GCM,sw,encrypt,16,18,615,25550
esp32,AES128GCM,sw,encrypt,16,18,616,25550
esp32,AES128GCM,sw,encrypt,16,18,617,25550
esp32,AES128GCM,sw,encrypt,16,18,618,25550
esp32,AES128GCM,sw,encrypt,16,18,619,26796
esp32,AES128GCM,sw,encrypt,16,18,620,25550
esp32,AES128GCM,sw,encrypt,16,18,621,25550
esp32,AES128GCM,sw,encrypt,16,18,622,25550
esp32,AES128GCM,sw,encrypt,16,18,623,25550
esp32,AES128GCM,sw,encrypt,16,18,624,25550
esp32,AES128GCM,sw,encrypt,16,18,625,25550
esp32,AES128GCM,sw,encrypt,16,18,626,25550
esp32,AES128GCM,sw,encrypt,16,18,627,25550
esp32,AES128GCM,sw,encrypt,16,18,628,25550
esp32,AES128GCM,sw,encrypt,16,18,629,25550
esp32,AES128GCM,sw,encrypt,16,18,630,25550
esp32,AES128GCM,sw,encrypt,16,18,631,25550
esp32,AES128GCM,sw,encrypt,16,18,632,25550
esp32,AES128GCM,sw,encrypt,16,18,633,25550
esp32,AES128GCM,sw,encrypt,16,18,634,25550
esp32,AES128GCM,sw,encrypt,16,18,635,25550
esp32,AES128GCM,sw,encrypt,16,18,636,25550
esp32,AES128GCM,sw,encrypt,16,18,637,25550
esp32,AES128GCM,sw,encrypt,16,18,638,25550
esp32,AES128GCM,sw,encrypt,16,18,639,25550
esp32,AES128GCM,sw,encrypt,16,18,640,25550
esp32,AES128GCM,sw,encrypt,16,18,641,25550
esp32,AES128GCM,sw,encrypt,16,18,642,25550
esp32,AES128GCM,sw,encrypt,16,18,643,25550
esp32,AES128GCM,sw,encrypt,16,18,644,25550
esp32,AES128GCM,sw,encrypt,16,18,645,25550
esp32,AES128GCM,sw,encrypt,16,18,646,25550
esp32,AES128GCM,sw,encrypt,16,18,647,25550
esp32,AES128GCM,sw,encrypt,16,18,648,25550
esp32,AES128GCM,sw,encrypt,16,18,649,25550
esp32,AES128GCM,sw,encrypt,16,18,650,25550
esp32,AES128GCM,sw,encrypt,16,18,651,25550
esp32,AES128GCM,sw,encrypt,16,18,652,25550
esp32,AES128GCM,sw,encrypt,16,18,653,25550
esp32,AES128GCM,sw,encrypt,16,18,654,25550
esp32,AES128GCM,sw,encrypt,16,18,655,25550
esp32,AES128GCM,sw,encrypt,16,18,656,25550
esp32,AES128GCM,sw,encrypt,16,18,657,25550
esp32,AES128GCM,sw,encrypt,16,18,658,25550
esp32,AES128GCM,sw,encrypt,16,18,659,25550
esp32,AES128GCM,sw,encrypt,16,18,660,25550
esp32,AES128GCM,sw,encrypt,16,18,661,25550
esp32,AES128GCM,sw,encrypt,16,18,662,25550
esp32,AES128GCM,sw,encrypt,16,18,663,25550
esp32,AES128GCM,sw,encrypt,16,18,664,25550
esp32,AES128GCM,sw,encrypt,16,18,665,25550
esp32,AES128GCM,sw,encrypt,16,18,666,25550
esp32,AES128GCM,sw,encrypt,16,18,667,25550
esp32,AES128GCM,sw,encrypt,16,18,668,25550
esp32,AES128GCM,sw,encrypt,16,18,669,25550
esp32,AES128GCM,sw,encrypt,16,18,670,25550
esp32,AES128GCM,sw,encrypt,16,18,671,25550
esp32,AES128GCM,sw,encrypt,16,18,672,25550
esp32,AES128GCM,sw,encrypt,16,18,673,25550
esp32,AES128GCM,sw,encrypt,16,18,674,26753
esp32,AES128GCM,sw,encrypt,16,18,675,25550
esp32,AES128GCM,sw,encrypt,16,18,676,25550
esp32,AES128GCM,sw,encrypt,16,18,677,25550
esp32,AES128GCM,sw,encrypt,16,18,678,25550
esp32,AES128GCM,sw,encrypt,16,18,679,25550
esp32,AES128GCM,sw,encrypt,16,18,680,25550
esp32,AES128GCM,sw,encrypt,16,18,681,25550
esp32,AES128GCM,sw,encrypt,16,18,682,25550
esp32,AES128GCM,sw,encrypt,16,18,683,25550
esp32,AES128GCM,sw,encrypt,16,18,684,25550
esp32,AES128GCM,sw,encrypt,16,18,685,25550
esp32,AES128GCM,sw,encrypt,16,18,686,25550
esp32,AES128GCM,sw,encrypt,16,18,687,25550
esp32,AES128GCM,sw,encrypt,16,18,688,25550
esp32,AES128GCM,sw,encrypt,16,18,689,25550
esp32,AES128GCM,sw,encrypt,16,18,690,25550
esp32,AES128GCM,sw,encrypt,16,18,691,25550
esp32,AES128GCM,sw,encrypt,16,18,692,25550
esp32,AES128GCM,sw,encrypt,16,18,693,25550
esp32,AES128GCM,sw,encrypt,16,18,694,25550
esp32,AES128GCM,sw,encrypt,16,18,695,25550
esp32,AES128GCM,sw,encrypt,16,18,696,25550
esp32,AES128GCM,sw,encrypt,16,18,697,25550
esp32,AES128GCM,sw,encrypt,16,18,698,25550
esp32,AES128GCM,sw,encrypt,16,18,699,25550
esp32,AES128GCM,sw,encrypt,16,18,700,25550
esp32,AES128GCM,sw,encrypt,16,18,701,25550
esp32,AES128GCM,sw,encrypt,16,18,702,25550
esp32,AES128GCM,sw,encrypt,16,18,703,25550
esp32,AES128GCM,sw,encrypt,16,18,704,25550
esp32,AES128GCM,sw,encrypt,16,18,705,25550
esp32,AES128GCM,sw,encrypt,16,18,706,25550
esp32,AES128GCM,sw,encrypt,16,18,707,25550
esp32,AES128GCM,sw,encrypt,16,18,708,25550
esp32,AES128GCM,sw,encrypt,16,18,709,25550
esp32,AES128GCM,sw,encrypt,16,18,710,25550
esp32,AES128GCM,sw,encrypt,16,18,711,25550
esp32,AES128GCM,sw,encrypt,16,18,712,25550
esp32,AES128GCM,sw,encrypt,16,18,713,25550
esp32,AES128GCM,sw,encrypt,16,18,714,25550
esp32,AES128GCM,sw,encrypt,16,18,715,25550
esp32,AES128GCM,sw,encrypt,16,18,716,25550
esp32,AES128GCM,sw,encrypt,16,18,717,25550
esp32,AES128GCM,sw,encrypt,16,18,718,25550
esp32,AES128GCM,sw,encrypt,16,18,719,25550
esp32,AES128GCM,sw,encrypt,16,18,720,25550
esp32,AES128GCM,sw,encrypt,16,18,721,25550
esp32,AES128GCM,sw,encrypt,16,18,722,25550
esp32,AES128GCM,sw,encrypt,16,18,723,25550
esp32,AES128GCM,sw,encrypt,16,18,724,25550
esp32,AES128GCM,sw,encrypt,16,18,725,25550
esp32,AES128GCM,sw,encrypt,16,18,726,25550
esp32,AES128GCM,sw,encrypt,16,18,727,25550
esp32,AES128GCM,sw,encrypt,16,18,728,25550
esp32,AES128GCM,sw,encrypt,16,18,729,25552
esp32,AES128GCM,sw,encrypt,16,18,730,25550
esp32,AES128GCM,sw,encrypt,16,18,731,25550
esp32,AES128GCM,sw,encrypt,16,18,732,25550
esp32,AES128GCM,sw,encrypt,16,18,733,25550
esp32,AES128GCM,sw,encrypt,16,18,734,25550
esp32,AES128GCM,sw,encrypt,16,18,735,25550
esp32,AES128GCM,sw,encrypt,16,18,736,25550
esp32,AES128GCM,sw,encrypt,16,18,737,25560
esp32,AES128GCM,sw,encrypt,16,18,738,25550
esp32,AES128GCM,sw,encrypt,16,18,739,25550
esp32,AES128GCM,sw,encrypt,16,18,740,25550
esp32,AES128GCM,sw,encrypt,16,18,741,25550
esp32,AES128GCM,sw,encrypt,16,18,742,25550
esp32,AES128GCM,sw,encrypt,16,18,743,25550
esp32,AES128GCM,sw,encrypt,16,18,744,25550
esp32,AES128GCM,sw,encrypt,16,18,745,25550
esp32,AES128GCM,sw,encrypt,16,18,746,25550
esp32,AES128GCM,sw,encrypt,16,18,747,25550
esp32,AES128GCM,sw,encrypt,16,18,748,25550
esp32,AES128GCM,sw,encrypt,16,18,749,25550
esp32,AES128GCM,sw,encrypt,16,18,750,25550
esp32,AES128GCM,sw,encrypt,16,18,751,25550
esp32,AES128GCM,sw,encrypt,16,18,752,25550
esp32,AES128GCM,sw,encrypt,16,18,753,25550
esp32,AES128GCM,sw,encrypt,16,18,754,25550
esp32,AES128GCM,sw,encrypt,16,18,755,25550
esp32,AES128GCM,sw,encrypt,16,18,756,25550
esp32,AES128GCM,sw,encrypt,16,18,757,25550
esp32,AES128GCM,sw,encrypt,16,18,758,25550
esp32,AES128GCM,sw,encrypt,16,18,759,25550
esp32,AES128GCM,sw,encrypt,16,18,760,25550
esp32,AES128GCM,sw,encrypt,16,18,761,25550
esp32,AES128GCM,sw,encrypt,16,18,762,25550
esp32,AES128GCM,sw,encrypt,16,18,763,25550
esp32,AES128GCM,sw,encrypt,16,18,764,25550
esp32,AES128GCM,sw,encrypt,16,18,765,25550
esp32,AES128GCM,sw,encrypt,16,18,766,25550
esp32,AES128GCM,sw,encrypt,16,18,767,25550
esp32,AES128GCM,sw,encrypt,16,18,768,25550
esp32,AES128GCM,sw,encrypt,16,18,769,25550
esp32,AES128GCM,sw,encrypt,16,18,770,25550
esp32,AES128GCM,sw,encrypt,16,18,771,25550
esp32,AES128GCM,sw,encrypt,16,18,772,25550
esp32,AES128GCM,sw,encrypt,16,18,773,25550
esp32,AES128GCM,sw,encrypt,16,18,774,25550
esp32,AES128GCM,sw,encrypt,16,18,775,25550
esp32,AES128GCM,sw,encrypt,16,18,776,25550
esp32,AES128GCM,sw,encrypt,16,18,777,25550
esp32,AES128GCM,sw,encrypt,16,18,778,25550
esp32,AES128GCM,sw,encrypt,16,18,779,25550
esp32,AES128GCM,sw,encrypt,16,18,780,25550
esp32,AES128GCM,sw,encrypt,16,18,781,25550
esp32,AES128GCM,sw,encrypt,16,18,782,25550
esp32,AES128GCM,sw,encrypt,16,18,783,25550
esp32,AES128GCM,sw,encrypt,16,18,784,25550
esp32,AES128GCM,sw,encrypt,16,18,785,25550
esp32,AES128GCM,sw,encrypt,16,18,786,25550
esp32,AES128GCM,sw,encrypt,16,18,787,25550
esp32,AES128GCM,sw,encrypt,16,18,788,25550
esp32,AES128GCM,sw,encrypt,16,18,789,25550
esp32,AES128GCM,sw,encrypt,16,18,790,25550
esp32,AES128GCM,sw,encrypt,16,18,791,25550
esp32,AES128GCM,sw,encrypt,16,18,792,25550
esp32,AES128GCM,sw,encrypt,16,18,793,25550
esp32,AES128GCM,sw,encrypt,16,18,794,25550
esp32,AES128GCM,sw,encrypt,16,18,795,25550
esp32,AES128GCM,sw,encrypt,16,18,796,25550
esp32,AES128GCM,sw,encrypt,16,18,797,25550
esp32,AES128GCM,sw,encrypt,16,18,798,25550
esp32,AES128GCM,sw,encrypt,16,18,799,25550
esp32,AES128GCM,sw,encrypt,16,18,800,25550
esp32,AES128GCM,sw,encrypt,16,18,801,25550
esp32,AES128GCM,sw,encrypt,16,18,802,25550
esp32,AES128GCM,sw,encrypt,16,18,803,25550
esp32,AES128GCM,sw,encrypt,16,18,804,25550
esp32,AES128GCM,sw,encrypt,16,18,805,25550
esp32,AES128GCM,sw,encrypt,16,18,806,25550
esp32,AES128GCM,sw,encrypt,16,18,807,25550
esp32,AES128GCM,sw,encrypt,16,18,808,25550
esp32,AES128GCM,sw,encrypt,16,18,809,25550
esp32,AES128GCM,sw,encrypt,16,18,810,25550
esp32,AES128GCM,sw,encrypt,16,18,811,25550
esp32,AES128GCM,sw,encrypt,16,18,812,25550
esp32,AES128GCM,sw,encrypt,16,18,813,25550
esp32,AES128GCM,sw,encrypt,16,18,814,25550
esp32,AES128GCM,sw,encrypt,16,18,815,25550
esp32,AES128GCM,sw,encrypt,16,18,816,25550
esp32,AES128GCM,sw,encrypt,16,18,817,25550
esp32,AES128GCM,sw,encrypt,16,18,818,26753
esp32,AES128GCM,sw,encrypt,16,18,819,25550
esp32,AES128GCM,sw,encrypt,16,18,820,25550
esp32,AES128GCM,sw,encrypt,16,18,821,25550
esp32,AES128GCM,sw,encrypt,16,18,822,25550
esp32,AES128GCM,sw,encrypt,16,18,823,25550
esp32,AES128GCM,sw,encrypt,16,18,824,25550
esp32,AES128GCM,sw,encrypt,16,18,825,25550
esp32,AES128GCM,sw,encrypt,16,18,826,25550
esp32,AES128GCM,sw,encrypt,16,18,827,25550
esp32,AES128GCM,sw,encrypt,16,18,828,25550
esp32,AES128GCM,sw,encrypt,16,18,829,25550
esp32,AES128GCM,sw,encrypt,16,18,830,25550
esp32,AES128GCM,sw,encrypt,16,18,831,25550
esp32,AES128GCM,sw,encrypt,16,18,832,25550
esp32,AES128GCM,sw,encrypt,16,18,833,25550
esp32,AES128GCM,sw,encrypt,16,18,834,25550
esp32,AES128GCM,sw,encrypt,16,18,835,25550
esp32,AES128GCM,sw,encrypt,16,18,836,25550
esp32,AES128GCM,sw,encrypt,16,18,837,25550
esp32,AES128GCM,sw,encrypt,16,18,838,25550
esp32,AES128GCM,sw,encrypt,16,18,839,25550
esp32,AES128GCM,sw,encrypt,16,18,840,25550
esp32,AES128GCM,sw,encrypt,16,18,841,25550
esp32,AES128GCM,sw,encrypt,16,18,842,25550
esp32,AES128GCM,sw,encrypt,16,18,843,25550
esp32,AES128GCM,sw,encrypt,16,18,844,25550
esp32,AES128GCM,sw,encrypt,16,18,845,25550
esp32,AES128GCM,sw,encrypt,16,18,846,25550
esp32,AES128GCM,sw,encrypt,16,18,847,25550
esp32,AES128GCM,sw,encrypt,16,18,848,25550
esp32,AES128GCM,sw,encrypt,16,18,849,25550
esp32,AES128GCM,sw,encrypt,16,18,850,25550
esp32,AES128GCM,sw,encrypt,16,18,851,25550
esp32,AES128GCM,sw,encrypt,16,18,852,25550
esp32,AES128GCM,sw,encrypt,16,18,853,25550
esp32,AES128GCM,sw,encrypt,16,18,854,25550
esp32,AES128GCM,sw,encrypt,16,18,855,25550
esp32,AES128GCM,sw,encrypt,16,18,856,25550
esp32,AES128GCM,sw,encrypt,16,18,857,25550
esp32,AES128GCM,sw,encrypt,16,18,858,25550
esp32,AES128GCM,sw,encrypt,16,18,859,25550
esp32,AES128GCM,sw,encrypt,16,18,860,25550
esp32,AES128GCM,sw,encrypt,16,18,861,25550
esp32,AES128GCM,sw,encrypt,16,18,862,25550
esp32,AES128GCM,sw,encrypt,16,18,863,25550
esp32,AES128GCM,sw,encrypt,16,18,864,25550
esp32,AES128GCM,sw,encrypt,16,18,865,25550
esp32,AES128GCM,sw,encrypt,16,18,866,25550
esp32,AES128GCM,sw,encrypt,16,18,867,25550
esp32,AES128GCM,sw,encrypt,16,18,868,25550
esp32,AES128GCM,sw,encrypt,16,18,869,25550
esp32,AES128GCM,sw,encrypt,16,18,870,25550
esp32,AES128GCM,sw,encrypt,16,18,871,25550
esp32,AES128GCM,sw,encrypt,16,18,872,25550
esp32,AES128GCM,sw,encrypt,16,18,873,25552
esp32,AES128GCM,sw,encrypt,16,18,874,25550
esp32,AES128GCM,sw,encrypt,16,18,875,25550
esp32,AES128GCM,sw,encrypt,16,18,876,25550
esp32,AES128GCM,sw,encrypt,16,18,877,25550
esp32,AES128GCM,sw,encrypt,16,18,878,25550
esp32,AES128GCM,sw,encrypt,16,18,879,25550
esp32,AES128GCM,sw,encrypt,16,18,880,25550
esp32,AES128GCM,sw,encrypt,16,18,881,25550
esp32,AES128GCM,sw,encrypt,16,18,882,25550
esp32,AES128GCM,sw,encrypt,16,18,883,25550
esp32,AES128GCM,sw,encrypt,16,18,884,25550
esp32,AES128GCM,sw,encrypt,16,18,885,25550
esp32,AES128GCM,sw,encrypt,16,18,886,25550
esp32,AES128GCM,sw,encrypt,16,18,887,25550
esp32,AES128GCM,sw,encrypt,16,18,888,25550
esp32,AES128GCM,sw,encrypt,16,18,889,25550
esp32,AES128GCM,sw,encrypt,16,18,890,25550
esp32,AES128GCM,sw,encrypt,16,18,891,25550
esp32,AES128GCM,sw,encrypt,16,18,892,25550
esp32,AES128GCM,sw,encrypt,16,18,893,25550
esp32,AES128GCM,sw,encrypt,16,18,894,25550
esp32,AES128GCM,sw,encrypt,16,18,895,25550
esp32,AES128GCM,sw,encrypt,16,18,896,25550
esp32,AES128GCM,sw,encrypt,16,18,897,25550
esp32,AES128GCM,sw,encrypt,16,18,898,25550
esp32,AES128GCM,sw,encrypt,16,18,899,25550
esp32,AES128GCM,sw,encrypt,16,18,900,25550
esp32,AES128GCM,sw,encrypt,16,18,901,25550
esp32,AES128GCM,sw,encrypt,16,18,902,25550
esp32,AES128GCM,sw,encrypt,16,18,903,25550
esp32,AES128GCM,sw,encrypt,16,18,904,25550
esp32,AES128GCM,sw,encrypt,16,18,905,25550
esp32,AES128GCM,sw,encrypt,16,18,906,25550
esp32,AES128GCM,sw,encrypt,16,18,907,25550
esp32,AES128GCM,sw,encrypt,16,18,908,25550
esp32,AES128GCM,sw,encrypt,16,18,909,25550
esp32,AES128GCM,sw,encrypt,16,18,910,25550
esp32,AES128GCM,sw,encrypt,16,18,911,25550
esp32,AES128GCM,sw,encrypt,16,18,912,25550
esp32,AES128GCM,sw,encrypt,16,18,913,25550
esp32,AES128GCM,sw,encrypt,16,18,914,25550
esp32,AES128GCM,sw,encrypt,16,18,915,25550
esp32,AES128GCM,sw,encrypt,16,18,916,25550
esp32,AES128GCM,sw,encrypt,16,18,917,25550
esp32,AES128GCM,sw,encrypt,16,18,918,25550
esp32,AES128GCM,sw,encrypt,16,18,919,25550
esp32,AES128GCM,sw,encrypt,16,18,920,25550
esp32,AES128GCM,sw,encrypt,16,18,921,25550
esp32,AES128GCM,sw,encrypt,16,18,922,25550
esp32,AES128GCM,sw,encrypt,16,18,923,25550
esp32,AES128GCM,sw,encrypt,16,18,924,25550
esp32,AES128GCM,sw,encrypt,16,18,925,25550
esp32,AES128GCM,sw,encrypt,16,18,926,25550
esp32,AES128GCM,sw,encrypt,16,18,927,25550
esp32,AES128GCM,sw,encrypt,16,18,928,25552
esp32,AES128GCM,sw,encrypt,16,18,929,25550
esp32,AES128GCM,sw,encrypt,16,18,930,25550
esp32,AES128GCM,sw,encrypt,16,18,931,25550
esp32,AES128GCM,sw,encrypt,16,18,932,25550
esp32,AES128GCM,sw,encrypt,16,18,933,25550
esp32,AES128GCM,sw,encrypt,16,18,934,25550
esp32,AES128GCM,sw,encrypt,16,18,935,25550
esp32,AES128GCM,sw,encrypt,16,18,936,25550
esp32,AES128GCM,sw,encrypt,16,18,937,25550
esp32,AES128GCM,sw,encrypt,16,18,938,25550
esp32,AES128GCM,sw,encrypt,16,18,939,25550
esp32,AES128GCM,sw,encrypt,16,18,940,25550
esp32,AES128GCM,sw,encrypt,16,18,941,25550
esp32,AES128GCM,sw,encrypt,16,18,942,25550
esp32,AES128GCM,sw,encrypt,16,18,943,25550
esp32,AES128GCM,sw,encrypt,16,18,944,25550
esp32,AES128GCM,sw,encrypt,16,18,945,25550
esp32,AES128GCM,sw,encrypt,16,18,946,25550
esp32,AES128GCM,sw,encrypt,16,18,947,25550
esp32,AES128GCM,sw,encrypt,16,18,948,25550
esp32,AES128GCM,sw,encrypt,16,18,949,25550
esp32,AES128GCM,sw,encrypt,16,18,950,25550
esp32,AES128GCM,sw,encrypt,16,18,951,25550
esp32,AES128GCM,sw,encrypt,16,18,952,25550
esp32,AES128GCM,sw,encrypt,16,18,953,25550
esp32,AES128GCM,sw,encrypt,16,18,954,25550
esp32,AES128GCM,sw,encrypt,16,18,955,25550
esp32,AES128GCM,sw,encrypt,16,18,956,25550
esp32,AES128GCM,sw,encrypt,16,18,957,25550
esp32,AES128GCM,sw,encrypt,16,18,958,25550
esp32,AES128GCM,sw,encrypt,16,18,959,25550
esp32,AES128GCM,sw,encrypt,16,18,960,25550
esp32,AES128GCM,sw,encrypt,16,18,961,25550
esp32,AES128GCM,sw,encrypt,16,18,962,26753
esp32,AES128GCM,sw,encrypt,16,18,963,25550
esp32,AES128GCM,sw,encrypt,16,18,964,25550
esp32,AES128GCM,sw,encrypt,16,18,965,25550
esp32,AES128GCM,sw,encrypt,16,18,966,25550
esp32,AES128GCM,sw,encrypt,16,18,967,25550
esp32,AES128GCM,sw,encrypt,16,18,968,25550
esp32,AES128GCM,sw,encrypt,16,18,969,25550
esp32,AES128GCM,sw,encrypt,16,18,970,25550
esp32,AES128GCM,sw,encrypt,16,18,971,25550
esp32,AES128GCM,sw,encrypt,16,18,972,25550
esp32,AES128GCM,sw,encrypt,16,18,973,25550
esp32,AES128GCM,sw,encrypt,16,18,974,25550
esp32,AES128GCM,sw,encrypt,16,18,975,25550
esp32,AES128GCM,sw,encrypt,16,18,976,25550
esp32,AES128GCM,sw,encrypt,16,18,977,25550
esp32,AES128GCM,sw,encrypt,16,18,978,25550
esp32,AES128GCM,sw,encrypt,16,18,979,25550
esp32,AES128GCM,sw,encrypt,16,18,980,25550
esp32,AES128GCM,sw,encrypt,16,18,981,25550
esp32,AES128GCM,sw,encrypt,16,18,982,25550
esp32,AES128GCM,sw,encrypt,16,18,983,25550
esp32,AES128GCM,sw,encrypt,16,18,984,25550
esp32,AES128GCM,sw,encrypt,16,18,985,25550
esp32,AES128GCM,sw,encrypt,16,18,986,25550
esp32,AES128GCM,sw,encrypt,16,18,987,25550
esp32,AES128GCM,sw,encrypt,16,18,988,25550
esp32,AES128GCM,sw,encrypt,16,18,989,25550
esp32,AES128GCM,sw,encrypt,16,18,990,25550
esp32,AES128GCM,sw,encrypt,16,18,991,25550
esp32,AES128GCM,sw,encrypt,16,18,992,25550
esp32,AES128GCM,sw,encrypt,16,18,993,25550
esp32,AES128GCM,sw,encrypt,16,18,994,25550
esp32,AES128GCM,sw,encrypt,16,18,995,25550
esp32,AES128GCM,sw,encrypt,16,18,996,25550
esp32,AES128GCM,sw,encrypt,16,18,997,25550
esp32,AES128GCM,sw,encrypt,16,18,998,25550
esp32,AES128GCM,sw,encrypt,16,18,999,25550
stack,esp32,AES128GCM,sw,encrypt,16,14180
esp32,AES128GCM,sw,decrypt,16,18,0,26683
esp32,AES128GCM,sw,decrypt,16,18,1,27636
esp32,AES128GCM,sw,decrypt,16,18,2,27636
esp32,AES128GCM,sw,decrypt,16,18,3,27636
esp32,AES128GCM,sw,decrypt,16,18,4,27636
esp32,AES128GCM,sw,decrypt,16,18,5,27636
esp32,AES128GCM,sw,decrypt,16,18,6,27635
esp32,AES128GCM,sw,decrypt,16,18,7,27636
esp32,AES128GCM,sw,decrypt,16,18,8,27636
esp32,AES128GCM,sw,decrypt,16,18,9,27636
esp32,AES128GCM,sw,decrypt,16,18,10,27636
esp32,AES128GCM,sw,decrypt,16,18,11,27636
esp32,AES128GCM,sw,decrypt,16,18,12,27636
esp32,AES128GCM,sw,decrypt,16,18,13,27636
esp32,AES128GCM,sw,decrypt,16,18,14,27636
esp32,AES128GCM,sw,decrypt,16,18,15,27636
esp32,AES128GCM,sw,decrypt,16,18,16,27636
esp32,AES128GCM,sw,decrypt,16,18,17,27636
esp32,AES128GCM,sw,decrypt,16,18,18,27636
esp32,AES128GCM,sw,decrypt,16,18,19,27636
esp32,AES128GCM,sw,decrypt,16,18,20,27636
esp32,AES128GCM,sw,decrypt,16,18,21,27636
esp32,AES128GCM,sw,decrypt,16,18,22,27635
esp32,AES128GCM,sw,decrypt,16,18,23,27636
esp32,AES128GCM,sw,decrypt,16,18,24,27636
esp32,AES128GCM,sw,decrypt,16,18,25,27636
esp32,AES128GCM,sw,decrypt,16,18,26,27636
esp32,AES128GCM,sw,decrypt,16,18,27,27636
esp32,AES128GCM,sw,decrypt,16,18,28,27636
esp32,AES128GCM,sw,decrypt,16,18,29,27636
esp32,AES128GCM,sw,decrypt,16,18,30,28842
esp32,AES128GCM,sw,decrypt,16,18,31,27636
esp32,AES128GCM,sw,decrypt,16,18,32,27636
esp32,AES128GCM,sw,decrypt,16,18,33,27636
esp32,AES128GCM,sw,decrypt,16,18,34,27636
esp32,AES128GCM,sw,decrypt,16,18,35,27636
esp32,AES128GCM,sw,decrypt,16,18,36,27636
esp32,AES128GCM,sw,decrypt,16,18,37,27636
esp32,AES128GCM,sw,decrypt,16,18,38,27636
esp32,AES128GCM,sw,decrypt,16,18,39,27636
esp32,AES128GCM,sw,decrypt,16,18,40,27636
esp32,AES128GCM,sw,decrypt,16,18,41,27636
esp32,AES128GCM,sw,decrypt,16,18,42,27636
esp32,AES128GCM,sw,decrypt,16,18,43,27636
esp32,AES128GCM,sw,decrypt,16,18,44,27636
esp32,AES128GCM,sw,decrypt,16,18,45,27636
esp32,AES128GCM,sw,decrypt,16,18,46,27636
esp32,AES128GCM,sw,decrypt,16,18,47,27636
esp32,AES128GCM,sw,decrypt,16,18,48,27636
esp32,AES128GCM,sw,decrypt,16,18,49,27636
esp32,AES128GCM,sw,decrypt,16,18,50,27636
esp32,AES128GCM,sw,decrypt,16,18,51,27636
esp32,AES128GCM,sw,decrypt,16,18,52,27636
esp32,AES128GCM,sw,decrypt,16,18,53,27636
esp32,AES128GCM,sw,decrypt,16,18,54,27636
esp32,AES128GCM,sw,decrypt,16,18,55,27636
esp32,AES128GCM,sw,decrypt,16,18,56,27636
esp32,AES128GCM,sw,decrypt,16,18,57,27636
esp32,AES128GCM,sw,decrypt,16,18,58,27636
esp32,AES128GCM,sw,decrypt,16,18,59,27636
esp32,AES128GCM,sw,decrypt,16,18,60,27636
esp32,AES128GCM,sw,decrypt,16,18,61,27636
esp32,AES128GCM,sw,decrypt,16,18,62,27636
esp32,AES128GCM,sw,decrypt,16,18,63,27636
esp32,AES128GCM,sw,decrypt,16,18,64,27636
esp32,AES128GCM,sw,decrypt,16,18,65,27636
esp32,AES128GCM,sw,decrypt,16,18,66,27636
esp32,AES128GCM,sw,decrypt,16,18,67,27636
esp32,AES128GCM,sw,decrypt,16,18,68,27636
esp32,AES128GCM,sw,decrypt,16,18,69,27636
esp32,AES128GCM,sw,decrypt,16,18,70,27636
esp32,AES128GCM,sw,decrypt,16,18,71,27636
esp32,AES128GCM,sw,decrypt,16,18,72,27636
esp32,AES128GCM,sw,decrypt,16,18,73,27636
esp32,AES128GCM,sw,decrypt,16,18,74,27636
esp32,AES128GCM,sw,decrypt,16,18,75,27636
esp32,AES128GCM,sw,decrypt,16,18,76,27636
esp32,AES128GCM,sw,decrypt,16,18,77,27636
esp32,AES128GCM,sw,decrypt,16,18,78,27636
esp32,AES128GCM,sw,decrypt,16,18,79,27636
esp32,AES128GCM,sw,decrypt,16,18,80,27636
esp32,AES128GCM,sw,decrypt,16,18,81,27636
esp32,AES128GCM,sw,decrypt,16,18,82,27636
esp32,AES128GCM,sw,decrypt,16,18,83,27636
esp32,AES128GCM,sw,decrypt,16,18,84,27636
esp32,AES128GCM,sw,decrypt,16,18,85,27636
esp32,AES128GCM,sw,decrypt,16,18,86,27636
esp32,AES128GCM,sw,decrypt,16,18,87,27636
esp32,AES128GCM,sw,decrypt,16,18,88,27636
esp32,AES128GCM,sw,decrypt,16,18,89,27636
esp32,AES128GCM,sw,decrypt,16,18,90,27636
esp32,AES128GCM,sw,decrypt,16,18,91,27636
esp32,AES128GCM,sw,decrypt,16,18,92,27636
esp32,AES128GCM,sw,decrypt,16,18,93,27636
esp32,AES128GCM,sw,decrypt,16,18,94,27636
esp32,AES128GCM,sw,decrypt,16,18,95,27636
esp32,AES128GCM,sw,decrypt,16,18,96,27636
esp32,AES128GCM,sw,decrypt,16,18,97,27635
esp32,AES128GCM,sw,decrypt,16,18,98,27636
esp32,AES128GCM,sw,decrypt,16,18,99,27636
esp32,AES128GCM,sw,decrypt,16,18,100,27636
esp32,AES128GCM,sw,decrypt,16,18,101,27636
esp32,AES128GCM,sw,decrypt,16,18,102,27636
esp32,AES128GCM,sw,decrypt,16,18,103,27636
esp32,AES128GCM,sw,decrypt,16,18,104,27636
esp32,AES128GCM,sw,decrypt,16,18,105,27636
esp32,AES128GCM,sw,decrypt,16,18,106,27636
esp32,AES128GCM,sw,decrypt,16,18,107,27636
esp32,AES128GCM,sw,decrypt,16,18,108,27636
esp32,AES128GCM,sw,decrypt,16,18,109,27636
esp32,AES128GCM,sw,decrypt,16,18,110,27636
esp32,AES128GCM,sw,decrypt,16,18,111,27636
esp32,AES128GCM,sw,decrypt,16,18,112,27636
esp32,AES128GCM,sw,decrypt,16,18,113,27636
esp32,AES128GCM,sw,decrypt,16,18,114,27636
esp32,AES128GCM,sw,decrypt,16,18,115,27636
esp32,AES128GCM,sw,decrypt,16,18,116,27636
esp32,AES128GCM,sw,decrypt,16,18,117,27636
esp32,AES128GCM,sw,decrypt,16,18,118,28881
esp32,AES128GCM,sw,decrypt,16,18,119,27636
esp32,AES128GCM,sw,decrypt,16,18,120,27636
esp32,AES128GCM,sw,decrypt,16,18,121,27636
esp32,AES128GCM,sw,decrypt,16,18,122,27636
esp32,AES128GCM,sw,decrypt,16,18,123,27636
esp32,AES128GCM,sw,decrypt,16,18,124,27636
esp32,AES128GCM,sw,decrypt,16,18,125,27636
esp32,AES128GCM,sw,decrypt,16,18,126,27636
esp32,AES128GCM,sw,decrypt,16,18,127,27636
esp32,AES128GCM,sw,decrypt,16,18,128,27636
esp32,AES128GCM,sw,decrypt,16,18,129,27636
esp32,AES128GCM,sw,decrypt,16,18,130,27636
esp32,AES128GCM,sw,decrypt,16,18,131,27636
esp32,AES128GCM,sw,decrypt,16,18,132,27636
esp32,AES128GCM,sw,decrypt,16,18,133,27636
esp32,AES128GCM,sw,decrypt,16,18,134,27636
esp32,AES128GCM,sw,decrypt,16,18,135,27636
esp32,AES128GCM,sw,decrypt,16,18,136,27636
esp32,AES128GCM,sw,decrypt,16,18,137,27636
esp32,AES128GCM,sw,decrypt,16,18,138,27636
esp32,AES128GCM,sw,decrypt,16,18,139,27636
esp32,AES128GCM,sw,decrypt,16,18,140,27636
esp32,AES128GCM,sw,decrypt,16,18,141,27636
esp32,AES128GCM,sw,decrypt,16,18,142,27636
esp32,AES128GCM,sw,decrypt,16,18,143,27636
esp32,AES128GCM,sw,decrypt,16,18,144,27636
esp32,AES128GCM,sw,decrypt,16,18,145,27636
esp32,AES128GCM,sw,decrypt,16,18,146,27636
esp32,AES128GCM,sw,decrypt,16,18,147,27636
esp32,AES128GCM,sw,decrypt,16,18,148,27636
esp32,AES128GCM,sw,decrypt,16,18,149,27636
esp32,AES128GCM,sw,decrypt,16,18,150,27636
esp32,AES128GCM,sw,decrypt,16,18,151,27636
esp32,AES128GCM,sw,decrypt,16,18,152,27636
esp32,AES128GCM,sw,decrypt,16,18,153,27636
esp32,AES128GCM,sw,decrypt,16,18,154,27636
esp32,AES128GCM,sw,decrypt,16,18,155,27636
esp32,AES128GCM,sw,decrypt,16,18,156,27636
esp32,AES128GCM,sw,decrypt,16,18,157,27636
esp32,AES128GCM,sw,decrypt,16,18,158,27636
esp32,AES128GCM,sw,decrypt,16,18,159,27636
esp32,AES128GCM,sw,decrypt,16,18,160,27636
esp32,AES128GCM,sw,decrypt,16,18,161,27636
esp32,AES128GCM,sw,decrypt,16,18,162,27636
esp32,AES128GCM,sw,decrypt,16,18,163,27636
esp32,AES128GCM,sw,decrypt,16,18,164,27636
esp32,AES128GCM,sw,decrypt,16,18,165,27636
esp32,AES128GCM,sw,decrypt,16,18,166,27636
esp32,AES128GCM,sw,decrypt,16,18,167,27636
esp32,AES128GCM,sw,decrypt,16,18,168,27636
esp32,AES128GCM,sw,decrypt,16,18,169,27636
esp32,AES128GCM,sw,decrypt,16,18,170,27636
esp32,AES128GCM,sw,decrypt,16,18,171,27636
esp32,AES128GCM,sw,decrypt,16,18,172,27636
esp32,AES128GCM,sw,decrypt,16,18,173,27635
esp32,AES128GCM,sw,decrypt,16,18,174,27636
esp32,AES128GCM,sw,decrypt,16,18,175,27636
esp32,AES128GCM,sw,decrypt,16,18,176,27636
esp32,AES128GCM,sw,decrypt,16,18,177,27636
esp32,AES128GCM,sw,decrypt,16,18,178,27636
esp32,AES128GCM,sw,decrypt,16,18,179,27636
esp32,AES128GCM,sw,decrypt,16,18,180,27636
esp32,AES128GCM,sw,decrypt,16,18,181,27636
esp32,AES128GCM,sw,decrypt,16,18,182,27636
esp32,AES128GCM,sw,decrypt,16,18,183,27636
esp32,AES128GCM,sw,decrypt,16,18,184,27636
esp32,AES128GCM,sw,decrypt,16,18,185,27636
esp32,AES128GCM,sw,decrypt,16,18,186,27636
esp32,AES128GCM,sw,decrypt,16,18,187,27636
esp32,AES128GCM,sw,decrypt,16,18,188,27636
esp32,AES128GCM,sw,decrypt,16,18,189,27636
esp32,AES128GCM,sw,decrypt,16,18,190,27636
esp32,AES128GCM,sw,decrypt,16,18,191,27636
esp32,AES128GCM,sw,decrypt,16,18,192,27636
esp32,AES128GCM,sw,decrypt,16,18,193,27636
esp32,AES128GCM,sw,decrypt,16,18,194,27636
esp32,AES128GCM,sw,decrypt,16,18,195,27636
esp32,AES128GCM,sw,decrypt,16,18,196,27636
esp32,AES128GCM,sw,decrypt,16,18,197,27636
esp32,AES128GCM,sw,decrypt,16,18,198,27636
esp32,AES128GCM,sw,decrypt,16,18,199,27636
esp32,AES128GCM,sw,decrypt,16,18,200,27636
esp32,AES128GCM,sw,decrypt,16,18,201,27636
esp32,AES128GCM,sw,decrypt,16,18,202,27636
esp32,AES128GCM,sw,decrypt,16,18,203,27636
esp32,AES128GCM,sw,decrypt,16,18,204,27636
esp32,AES128GCM,sw,decrypt,16,18,205,27636
esp32,AES128GCM,sw,decrypt,16,18,206,27636
esp32,AES128GCM,sw,decrypt,16,18,207,27978
esp32,AES128GCM,sw,decrypt,16,18,208,27636
esp32,AES128GCM,sw,decrypt,16,18,209,27636
esp32,AES128GCM,sw,decrypt,16,18,210,27636
esp32,AES128GCM,sw,decrypt,16,18,211,27636
esp32,AES128GCM,sw,decrypt,16,18,212,27636
esp32,AES128GCM,sw,decrypt,16,18,213,27636
esp32,AES128GCM,sw,decrypt,16,18,214,27636
esp32,AES128GCM,sw,decrypt,16,18,215,27636
esp32,AES128GCM,sw,decrypt,16,18,216,27636
esp32,AES128GCM,sw,decrypt,16,18,217,27636
esp32,AES128GCM,sw,decrypt,16,18,218,27636
esp32,AES128GCM,sw,decrypt,16,18,219,27636
esp32,AES128GCM,sw,decrypt,16,18,220,27636
esp32,AES128GCM,sw,decrypt,16,18,221,27636
esp32,AES128GCM,sw,decrypt,16,18,222,27636
esp32,AES128GCM,sw,decrypt,16,18,223,27636
esp32,AES128GCM,sw,decrypt,16,18,224,27636
esp32,AES128GCM,sw,decrypt,16,18,225,27636
esp32,AES128GCM,sw,decrypt,16,18,226,27636
esp32,AES128GCM,sw,decrypt,16,18,227,27636
esp32,AES128GCM,sw,decrypt,16,18,228,27636
esp32,AES128GCM,sw,decrypt,16,18,229,27636
esp32,AES128GCM,sw,decrypt,16,18,230,27636
esp32,AES128GCM,sw,decrypt,16,18,231,27636
esp32,AES128GCM,sw,decrypt,16,18,232,27636
esp32,AES128GCM,sw,decrypt,16,18,233,27636
esp32,AES128GCM,sw,decrypt,16,18,234,27636
esp32,AES128GCM,sw,decrypt,16,18,235,27636
esp32,AES128GCM,sw,decrypt,16,18,236,27636
esp32,AES128GCM,sw,decrypt,16,18,237,27636
esp32,AES128GCM,sw,decrypt,16,18,238,27636
esp32,AES128GCM,sw,decrypt,16,18,239,27636
esp32,AES128GCM,sw,decrypt,16,18,240,27636
esp32,AES128GCM,sw,decrypt,16,18,241,27636
esp32,AES128GCM,sw,decrypt,16,18,242,27636
esp32,AES128GCM,sw,decrypt,16,18,243,27636
esp32,AES128GCM,sw,decrypt,16,18,244,27636
esp32,AES128GCM,sw,decrypt,16,18,245,27636
esp32,AES128GCM,sw,decrypt,16,18,246,27636
esp32,AES128GCM,sw,decrypt,16,18,247,27636
esp32,AES128GCM,sw,decrypt,16,18,248,27636
esp32,AES128GCM,sw,decrypt,16,18,249,27636
esp32,AES128GCM,sw,decrypt,16,18,250,27636
esp32,AES128GCM,sw,decrypt,16,18,251,27636
esp32,AES128GCM,sw,decrypt,16,18,252,27636
esp32,AES128GCM,sw,decrypt,16,18,253,27636
esp32,AES128GCM,sw,decrypt,16,18,254,27636
esp32,AES128GCM,sw,decrypt,16,18,255,27636
esp32,AES128GCM,sw,decrypt,16,18,256,27636
esp32,AES128GCM,sw,decrypt,16,18,257,27636
esp32,AES128GCM,sw,decrypt,16,18,258,27636
esp32,AES128GCM,sw,decrypt,16,18,259,27636
esp32,AES128GCM,sw,decrypt,16,18,260,27636
esp32,AES128GCM,sw,decrypt,16,18,261,27636
esp32,AES128GCM,sw,decrypt,16,18,262,28836
esp32,AES128GCM,sw,decrypt,16,18,263,27636
esp32,AES128GCM,sw,decrypt,16,18,264,27636
esp32,AES128GCM,sw,decrypt,16,18,265,27636
esp32,AES128GCM,sw,decrypt,16,18,266,27636
esp32,AES128GCM,sw,decrypt,16,18,267,27636
esp32,AES128GCM,sw,decrypt,16,18,268,27636
esp32,AES128GCM,sw,decrypt,16,18,269,27636
esp32,AES128GCM,sw,decrypt,16,18,270,27636
esp32,AES128GCM,sw,decrypt,16,18,271,27636
esp32,AES128GCM,sw,decrypt,16,18,272,27636
esp32,AES128GCM,sw,decrypt,16,18,273,27636
esp32,AES128GCM,sw,decrypt,16,18,274,27636
esp32,AES128GCM,sw,decrypt,16,18,275,27636
esp32,AES128GCM,sw,decrypt,16,18,276,27636
esp32,AES128GCM,sw,decrypt,16,18,277,27636
esp32,AES128GCM,sw,decrypt,16,18,278,27636
esp32,AES128GCM,sw,decrypt,16,18,279,27636
esp32,AES128GCM,sw,decrypt,16,18,280,27636
esp32,AES128GCM,sw,decrypt,16,18,281,27636
esp32,AES128GCM,sw,decrypt,16,18,282,27636
esp32,AES128GCM,sw,decrypt,16,18,283,27636
esp32,AES128GCM,sw,decrypt,16,18,284,27636
esp32,AES128GCM,sw,decrypt,16,18,285,27636
esp32,AES128GCM,sw,decrypt,16,18,286,27636
esp32,AES128GCM,sw,decrypt,16,18,287,27636
esp32,AES128GCM,sw,decrypt,16,18,288,27636
esp32,AES128GCM,sw,decrypt,16,18,289,27636
esp32,AES128GCM,sw,decrypt,16,18,290,27636
esp32,AES128GCM,sw,decrypt,16,18,291,27636
esp32,AES128GCM,sw,decrypt,16,18,292,27636
esp32,AES128GCM,sw,decrypt,16,18,293,27636
esp32,AES128GCM,sw,decrypt,16,18,294,27636
esp32,AES128GCM,sw,decrypt,16,18,295,27636
esp32,AES128GCM,sw,decrypt,16,18,296,27636
esp32,AES128GCM,sw,decrypt,16,18,297,27636
esp32,AES128GCM,sw,decrypt,16,18,298,27636
esp32,AES128GCM,sw,decrypt,16,18,299,27636
esp32,AES128GCM,sw,decrypt,16,18,300,27636
esp32,AES128GCM,sw,decrypt,16,18,301,27636
esp32,AES128GCM,sw,decrypt,16,18,302,27636
esp32,AES128GCM,sw,decrypt,16,18,303,27636
esp32,AES128GCM,sw,decrypt,16,18,304,27636
esp32,AES128GCM,sw,decrypt,16,18,305,27636
esp32,AES128GCM,sw,decrypt,16,18,306,27636
esp32,AES128GCM,sw,decrypt,16,18,307,27636
esp32,AES128GCM,sw,decrypt,16,18,308,27636
esp32,AES128GCM,sw,decrypt,16,18,309,27636
esp32,AES128GCM,sw,decrypt,16,18,310,27636
esp32,AES128GCM,sw,decrypt,16,18,311,27636
esp32,AES128GCM,sw,decrypt,16,18,312,27636
esp32,AES128GCM,sw,decrypt,16,18,313,27636
esp32,AES128GCM,sw,decrypt,16,18,314,27636
esp32,AES128GCM,sw,decrypt,16,18,315,27636
esp32,AES128GCM,sw,decrypt,16,18,316,27636
esp32,AES128GCM,sw,decrypt,16,18,317,27635
esp32,AES128GCM,sw,decrypt,16,18,318,27636
esp32,AES128GCM,sw,decrypt,16,18,319,27636
esp32,AES128GCM,sw,decrypt,16,18,320,27636
esp32,AES128GCM,sw,decrypt,16,18,321,27636
esp32,AES128GCM,sw,decrypt,16,18,322,27636
esp32,AES128GCM,sw,decrypt,16,18,323,27636
esp32,AES128GCM,sw,decrypt,16,18,324,27636
esp32,AES128GCM,sw,decrypt,16,18,325,27647
esp32,AES128GCM,sw,decrypt,16,18,326,27636
esp32,AES128GCM,sw,decrypt,16,18,327,27636
esp32,AES128GCM,sw,decrypt,16,18,328,27636
esp32,AES128GCM,sw,decrypt,16,18,329,27636
esp32,AES128GCM,sw,decrypt,16,18,330,27636
esp32,AES128GCM,sw,decrypt,16,18,331,27636
esp32,AES128GCM,sw,decrypt,16,18,332,27636
esp32,AES128GCM,sw,decrypt,16,18,333,27636
esp32,AES128GCM,sw,decrypt,16,18,334,27636
esp32,AES128GCM,sw,decrypt,16,18,335,27636
esp32,AES128GCM,sw,decrypt,16,18,336,27636
esp32,AES128GCM,sw,decrypt,16,18,337,27636
esp32,AES128GCM,sw,decrypt,16,18,338,27636
esp32,AES128GCM,sw,decrypt,16,18,339,27636
esp32,AES128GCM,sw,decrypt,16,18,340,27636
esp32,AES128GCM,sw,decrypt,16,18,341,27636
esp32,AES128GCM,sw,decrypt,16,18,342,27636
esp32,AES128GCM,sw,decrypt,16,18,343,27636
esp32,AES128GCM,sw,decrypt,16,18,344,27636
esp32,AES128GCM,sw,decrypt,16,18,345,27636
esp32,AES128GCM,sw,decrypt,16,18,346,27636
esp32,AES128GCM,sw,decrypt,16,18,347,27636
esp32,AES128GCM,sw,decrypt,16,18,348,27636
esp32,AES128GCM,sw,decrypt,16,18,349,27636
esp32,AES128GCM,sw,decrypt,16,18,350,27636
esp32,AES128GCM,sw,decrypt,16,18,351,27636
esp32,AES128GCM,sw,decrypt,16,18,352,27636
esp32,AES128GCM,sw,decrypt,16,18,353,27636
esp32,AES128GCM,sw,decrypt,16,18,354,27636
esp32,AES128GCM,sw,decrypt,16,18,355,27636
esp32,AES128GCM,sw,decrypt,16,18,356,27636
esp32,AES128GCM,sw,decrypt,16,18,357,27636
esp32,AES128GCM,sw,decrypt,16,18,358,27636
esp32,AES128GCM,sw,decrypt,16,18,359,27636
esp32,AES128GCM,sw,decrypt,16,18,360,27636
esp32,AES128GCM,sw,decrypt,16,18,361,27636
esp32,AES128GCM,sw,decrypt,16,18,362,27636
esp32,AES128GCM,sw,decrypt,16,18,363,27636
esp32,AES128GCM,sw,decrypt,16,18,364,27636
esp32,AES128GCM,sw,decrypt,16,18,365,27636
esp32,AES128GCM,sw,decrypt,16,18,366,27636
esp32,AES128GCM,sw,decrypt,16,18,367,27636
esp32,AES128GCM,sw,decrypt,16,18,368,27636
esp32,AES128GCM,sw,decrypt,16,18,369,27636
esp32,AES128GCM,sw,decrypt,16,18,370,27636
esp32,AES128GCM,sw,decrypt,16,18,371,27636
esp32,AES128GCM,sw,decrypt,16,18,372,27635
esp32,AES128GCM,sw,decrypt,16,18,373,27636
esp32,AES128GCM,sw,decrypt,16,18,374,27636
esp32,AES128GCM,sw,decrypt,16,18,375,27636
esp32,AES128GCM,sw,decrypt,16,18,376,27636
esp32,AES128GCM,sw,decrypt,16,18,377,27636
esp32,AES128GCM,sw,decrypt,16,18,378,27636
esp32,AES128GCM,sw,decrypt,16,18,379,27636
esp32,AES128GCM,sw,decrypt,16,18,380,27636
esp32,AES128GCM,sw,decrypt,16,18,381,27636
esp32,AES128GCM,sw,decrypt,16,18,382,27636
esp32,AES128GCM,sw,decrypt,16,18,383,27636
esp32,AES128GCM,sw,decrypt,16,18,384,27636
esp32,AES128GCM,sw,decrypt,16,18,385,27636
esp32,AES128GCM,sw,decrypt,16,18,386,27636
esp32,AES128GCM,sw,decrypt,16,18,387,27636
esp32,AES128GCM,sw,decrypt,16,18,388,27636
esp32,AES128GCM,sw,decrypt,16,18,389,27636
esp32,AES128GCM,sw,decrypt,16,18,390,27636
esp32,AES128GCM,sw,decrypt,16,18,391,27636
esp32,AES128GCM,sw,decrypt,16,18,392,27636
esp32,AES128GCM,sw,decrypt,16,18,393,27636
esp32,AES128GCM,sw,decrypt,16,18,394,27636
esp32,AES128GCM,sw,decrypt,16,18,395,27636
esp32,AES128GCM,sw,decrypt,16,18,396,27636
esp32,AES128GCM,sw,decrypt,16,18,397,27636
esp32,AES128GCM,sw,decrypt,16,18,398,27636
esp32,AES128GCM,sw,decrypt,16,18,399,27636
esp32,AES128GCM,sw,decrypt,16,18,400,27636
esp32,AES128GCM,sw,decrypt,16,18,401,27636
esp32,AES128GCM,sw,decrypt,16,18,402,27636
esp32,AES128GCM,sw,decrypt,16,18,403,27636
esp32,AES128GCM,sw,decrypt,16,18,404,27636
esp32,AES128GCM,sw,decrypt,16,18,405,27636
esp32,AES128GCM,sw,decrypt,16,18,406,28836
esp32,AES128GCM,sw,decrypt,16,18,407,27636
esp32,AES128GCM,sw,decrypt,16,18,408,27636
esp32,AES128GCM,sw,decrypt,16,18,409,27636
esp32,AES128GCM,sw,decrypt,16,18,410,27636
esp32,AES128GCM,sw,decrypt,16,18,411,27636
esp32,AES128GCM,sw,decrypt,16,18,412,27636
esp32,AES128GCM,sw,decrypt,16,18,413,27636
esp32,AES128GCM,sw,decrypt,16,18,414,27636
esp32,AES128GCM,sw,decrypt,16,18,415,27636
esp32,AES128GCM,sw,decrypt,16,18,416,27636
esp32,AES128GCM,sw,decrypt,16,18,417,27636
esp32,AES128GCM,sw,decrypt,16,18,418,27636
esp32,AES128GCM,sw,decrypt,16,18,419,27636
esp32,AES128GCM,sw,decrypt,16,18,420,27636
esp32,AES128GCM,sw,decrypt,16,18,421,27636
esp32,AES128GCM,sw,decrypt,16,18,422,27636
esp32,AES128GCM,sw,decrypt,16,18,423,27636
esp32,AES128GCM,sw,decrypt,16,18,424,27636
esp32,AES128GCM,sw,decrypt,16,18,425,27636
esp32,AES128GCM,sw,decrypt,16,18,426,27636
esp32,AES128GCM,sw,decrypt,16,18,427,27636
esp32,AES128GCM,sw,decrypt,16,18,428,27636
esp32,AES128GCM,sw,decrypt,16,18,429,27636
esp32,AES128GCM,sw,decrypt,16,18,430,27636
esp32,AES128GCM,sw,decrypt,16,18,431,27636
esp32,AES128GCM,sw,decrypt,16,18,432,27636
esp32,AES128GCM,sw,decrypt,16,18,433,27636
esp32,AES128GCM,sw,decrypt,16,18,434,27636
esp32,AES128GCM,sw,decrypt,16,18,435,27636
esp32,AES128GCM,sw,decrypt,16,18,436,27636
esp32,AES128GCM,sw,decrypt,16,18,437,27636
esp32,AES128GCM,sw,decrypt,16,18,438,27636
esp32,AES128GCM,sw,decrypt,16,18,439,27636
esp32,AES128GCM,sw,decrypt,16,18,440,27636
esp32,AES128GCM,sw,decrypt,16,18,441,27636
esp32,AES128GCM,sw,decrypt,16,18,442,27636
esp32,AES128GCM,sw,decrypt,16,18,443,27636
esp32,AES128GCM,sw,decrypt,16,18,444,27636
esp32,AES128GCM,sw,decrypt,16,18,445,27636
esp32,AES128GCM,sw,decrypt,16,18,446,27636
esp32,AES128GCM,sw,decrypt,16,18,447,27636
esp32,AES128GCM,sw,decrypt,16,18,448,27636
esp32,AES128GCM,sw,decrypt,16,18,449,27636
esp32,AES128GCM,sw,decrypt,16,18,450,27636
esp32,AES128GCM,sw,decrypt,16,18,451,27636
esp32,AES128GCM,sw,decrypt,16,18,452,27636
esp32,AES128GCM,sw,decrypt,16,18,453,27636
esp32,AES128GCM,sw,decrypt,16,18,454,27636
esp32,AES128GCM,sw,decrypt,16,18,455,27636
esp32,AES128GCM,sw,decrypt,16,18,456,27636
esp32,AES128GCM,sw,decrypt,16,18,457,27636
esp32,AES128GCM,sw,decrypt,16,18,458,27636
esp32,AES128GCM,sw,decrypt,16,18,459,27636
esp32,AES128GCM,sw,decrypt,16,18,460,27636
esp32,AES128GCM,sw,decrypt,16,18,461,27635
esp32,AES128GCM,sw,decrypt,16,18,462,27636
esp32,AES128GCM,sw,decrypt,16,18,463,27636
esp32,AES128GCM,sw,decrypt,16,18,464,27636
esp32,AES128GCM,sw,decrypt,16,18,465,27636
esp32,AES128GCM,sw,decrypt,16,18,466,27636
esp32,AES128GCM,sw,decrypt,16,18,467,27636
esp32,AES128GCM,sw,decrypt,16,18,468,27636
esp32,AES128GCM,sw,decrypt,16,18,469,27636
esp32,AES128GCM,sw,decrypt,16,18,470,27636
esp32,AES128GCM,sw,decrypt,16,18,471,27636
esp32,AES128GCM,sw,decrypt,16,18,472,27636
esp32,AES128GCM,sw,decrypt,16,18,473,27636
esp32,AES128GCM,sw,decrypt,16,18,474,27636
esp32,AES128GCM,sw,decrypt,16,18,475,27636
esp32,AES128GCM,sw,decrypt,16,18,476,27636
esp32,AES128GCM,sw,decrypt,16,18,477,27636
esp32,AES128GCM,sw,decrypt,16,18,478,27636
esp32,AES128GCM,sw,decrypt,16,18,479,27636
esp32,AES128GCM,sw,decrypt,16,18,480,27636
esp32,AES128GCM,sw,decrypt,16,18,481,27636
esp32,AES128GCM,sw,decrypt,16,18,482,27636
esp32,AES128GCM,sw,decrypt,16,18,483,27636
esp32,AES128GCM,sw,decrypt,16,18,484,27636
esp32,AES128GCM,sw,decrypt,16,18,485,27636
esp32,AES128GCM,sw,decrypt,16,18,486,27636
esp32,AES128GCM,sw,decrypt,16,18,487,27636
esp32,AES128GCM,sw,decrypt,16,18,488,27636
esp32,AES128GCM,sw,decrypt,16,18,489,27636
esp32,AES128GCM,sw,decrypt,16,18,490,27636
esp32,AES128GCM,sw,decrypt,16,18,491,27636
esp32,AES128GCM,sw,decrypt,16,18,492,27636
esp32,AES128GCM,sw,decrypt,16,18,493,27636
esp32,AES128GCM,sw,decrypt,16,18,494,27636
esp32,AES128GCM,sw,decrypt,16,18,495,27636
esp32,AES128GCM,sw,decrypt,16,18,496,27636
esp32,AES128GCM,sw,decrypt,16,18,497,27636
esp32,AES128GCM,sw,decrypt,16,18,498,27636
esp32,AES128GCM,sw,decrypt,16,18,499,27636
esp32,AES128GCM,sw,decrypt,16,18,500,27636
esp32,AES128GCM,sw,decrypt,16,18,501,27636
esp32,AES128GCM,sw,decrypt,16,18,502,27636
esp32,AES128GCM,sw,decrypt,16,18,503,27636
esp32,AES128GCM,sw,decrypt,16,18,504,27636
esp32,AES128GCM,sw,decrypt,16,18,505,27636
esp32,AES128GCM,sw,decrypt,16,18,506,27636
esp32,AES128GCM,sw,decrypt,16,18,507,27636
esp32,AES128GCM,sw,decrypt,16,18,508,27636
esp32,AES128GCM,sw,decrypt,16,18,509,27636
esp32,AES128GCM,sw,decrypt,16,18,510,27636
esp32,AES128GCM,sw,decrypt,16,18,511,27636
esp32,AES128GCM,sw,decrypt,16,18,512,27636
esp32,AES128GCM,sw,decrypt,16,18,513,27636
esp32,AES128GCM,sw,decrypt,16,18,514,27636
esp32,AES128GCM,sw,decrypt,16,18,515,27636
esp32,AES128GCM,sw,decrypt,16,18,516,27635
esp32,AES128GCM,sw,decrypt,16,18,517,27636
esp32,AES128GCM,sw,decrypt,16,18,518,27636
esp32,AES128GCM,sw,decrypt,16,18,519,27636
esp32,AES128GCM,sw,decrypt,16,18,520,27636
esp32,AES128GCM,sw,decrypt,16,18,521,27636
esp32,AES128GCM,sw,decrypt,16,18,522,27636
esp32,AES128GCM,sw,decrypt,16,18,523,27636
esp32,AES128GCM,sw,decrypt,16,18,524,27636
esp32,AES128GCM,sw,decrypt,16,18,525,27636
esp32,AES128GCM,sw,decrypt,16,18,526,27636
esp32,AES128GCM,sw,decrypt,16,18,527,27636
esp32,AES128GCM,sw,decrypt,16,18,528,27636
esp32,AES128GCM,sw,decrypt,16,18,529,27636
esp32,AES128GCM,sw,decrypt,16,18,530,27636
esp32,AES128GCM,sw,decrypt,16,18,531,27636
esp32,AES128GCM,sw,decrypt,16,18,532,27636
esp32,AES128GCM,sw,decrypt,16,18,533,27636
esp32,AES128GCM,sw,decrypt,16,18,534,27636
esp32,AES128GCM,sw,decrypt,16,18,535,27636
esp32,AES128GCM,sw,decrypt,16,18,536,27636
esp32,AES128GCM,sw,decrypt,16,18,537,27636
esp32,AES128GCM,sw,decrypt,16,18,538,27636
esp32,AES128GCM,sw,decrypt,16,18,539,27636
esp32,AES128GCM,sw,decrypt,16,18,540,27636
esp32,AES128GCM,sw,decrypt,16,18,541,27636
esp32,AES128GCM,sw,decrypt,16,18,542,27636
esp32,AES128GCM,sw,decrypt,16,18,543,27636
esp32,AES128GCM,sw,decrypt,16,18,544,27636
esp32,AES128GCM,sw,decrypt,16,18,545,27636
esp32,AES128GCM,sw,decrypt,16,18,546,27636
esp32,AES128GCM,sw,decrypt,16,18,547,27636
esp32,AES128GCM,sw,decrypt,16,18,548,27636
esp32,AES128GCM,sw,decrypt,16,18,549,27636
esp32,AES128GCM,sw,decrypt,16,18,550,28836
esp32,AES128GCM,sw,decrypt,16,18,551,27636
esp32,AES128GCM,sw,decrypt,16,18,552,27636
esp32,AES128GCM,sw,decrypt,16,18,553,27636
esp32,AES128GCM,sw,decrypt,16,18,554,27636
esp32,AES128GCM,sw,decrypt,16,18,555,27636
esp32,AES128GCM,sw,decrypt,16,18,556,27636
esp32,AES128GCM,sw,decrypt,16,18,557,27636
esp32,AES128GCM,sw,decrypt,16,18,558,27636
esp32,AES128GCM,sw,decrypt,16,18,559,27636
esp32,AES128GCM,sw,decrypt,16,18,560,27636
esp32,AES128GCM,sw,decrypt,16,18,561,27636
esp32,AES128GCM,sw,decrypt,16,18,562,27636
esp32,AES128GCM,sw,decrypt,16,18,563,27636
esp32,AES128GCM,sw,decrypt,16,18,564,27636
esp32,AES128GCM,sw,decrypt,16,18,565,27636
esp32,AES128GCM,sw,decrypt,16,18,566,27636
esp32,AES128GCM,sw,decrypt,16,18,567,27636
esp32,AES128GCM,sw,decrypt,16,18,568,27636
esp32,AES128GCM,sw,decrypt,16,18,569,27636
esp32,AES128GCM,sw,decrypt,16,18,570,27636
esp32,AES128GCM,sw,decrypt,16,18,571,27636
esp32,AES128GCM,sw,decrypt,16,18,572,27636
esp32,AES128GCM,sw,decrypt,16,18,573,27636
esp32,AES128GCM,sw,decrypt,16,18,574,27636
esp32,AES128GCM,sw,decrypt,16,18,575,27636
esp32,AES128GCM,sw,decrypt,16,18,576,27636
esp32,AES128GCM,sw,decrypt,16,18,577,27636
esp32,AES128GCM,sw,decrypt,16,18,578,27636
esp32,AES128GCM,sw,decrypt,16,18,579,27636
esp32,AES128GCM,sw,decrypt,16,18,580,27636
esp32,AES128GCM,sw,decrypt,16,18,581,27636
esp32,AES128GCM,sw,decrypt,16,18,582,27636
esp32,AES128GCM,sw,decrypt,16,18,583,27636
esp32,AES128GCM,sw,decrypt,16,18,584,27636
esp32,AES128GCM,sw,decrypt,16,18,585,27636
esp32,AES128GCM,sw,decrypt,16,18,586,27636
esp32,AES128GCM,sw,decrypt,16,18,587,27636
esp32,AES128GCM,sw,decrypt,16,18,588,27636
esp32,AES128GCM,sw,decrypt,16,18,589,27636
esp32,AES128GCM,sw,decrypt,16,18,590,27636
esp32,AES128GCM,sw,decrypt,16,18,591,27636
esp32,AES128GCM,sw,decrypt,16,18,592,27636
esp32,AES128GCM,sw,decrypt,16,18,593,27636
esp32,AES128GCM,sw,decrypt,16,18,594,27636
esp32,AES128GCM,sw,decrypt,16,18,595,27636
esp32,AES128GCM,sw,decrypt,16,18,596,27636
esp32,AES128GCM,sw,decrypt,16,18,597,27636
esp32,AES128GCM,sw,decrypt,16,18,598,27636
esp32,AES128GCM,sw,decrypt,16,18,599,27636
esp32,AES128GCM,sw,decrypt,16,18,600,27636
esp32,AES128GCM,sw,decrypt,16,18,601,27636
esp32,AES128GCM,sw,decrypt,16,18,602,27636
esp32,AES128GCM,sw,decrypt,16,18,603,27636
esp32,AES128GCM,sw,decrypt,16,18,604,27636
esp32,AES128GCM,sw,decrypt,16,18,605,27635
esp32,AES128GCM,sw,decrypt,16,18,606,27636
esp32,AES128GCM,sw,decrypt,16,18,607,27636
esp32,AES128GCM,sw,decrypt,16,18,608,27636
esp32,AES128GCM,sw,decrypt,16,18,609,27636
esp32,AES128GCM,sw,decrypt,16,18,610,27636
esp32,AES128GCM,sw,decrypt,16,18,611,27636
esp32,AES128GCM,sw,decrypt,16,18,612,27636
esp32,AES128GCM,sw,decrypt,16,18,613,27636
esp32,AES128GCM,sw,decrypt,16,18,614,27636
esp32,AES128GCM,sw,decrypt,16,18,615,27636
esp32,AES128GCM,sw,decrypt,16,18,616,27636
esp32,AES128GCM,sw,decrypt,16,18,617,27636
esp32,AES128GCM,sw,decrypt,16,18,618,27636
esp32,AES128GCM,sw,decrypt,16,18,619,27636
esp32,AES128GCM,sw,decrypt,16,18,620,27636
esp32,AES128GCM,sw,decrypt,16,18,621,27636
esp32,AES128GCM,sw,decrypt,16,18,622,27636
esp32,AES128GCM,sw,decrypt,16,18,623,27636
esp32,AES128GCM,sw,decrypt,16,18,624,27636
esp32,AES128GCM,sw,decrypt,16,18,625,27636
esp32,AES128GCM,sw,decrypt,16,18,626,27636
esp32,AES128GCM,sw,decrypt,16,18,627,27636
esp32,AES128GCM,sw,decrypt,16,18,628,27636
esp32,AES128GCM,sw,decrypt,16,18,629,27636
esp32,AES128GCM,sw,decrypt,16,18,630,27636
esp32,AES128GCM,sw,decrypt,16,18,631,27636
esp32,AES128GCM,sw,decrypt,16,18,632,27636
esp32,AES128GCM,sw,decrypt,16,18,633,27636
esp32,AES128GCM,sw,decrypt,16,18,634,27636
esp32,AES128GCM,sw,decrypt,16,18,635,27636
esp32,AES128GCM,sw,decrypt,16,18,636,27636
esp32,AES128GCM,sw,decrypt,16,18,637,27636
esp32,AES128GCM,sw,decrypt,16,18,638,27636
esp32,AES128GCM,sw,decrypt,16,18,639,27636
esp32,AES128GCM,sw,decrypt,16,18,640,27636
esp32,AES128GCM,sw,decrypt,16,18,641,27636
esp32,AES128GCM,sw,decrypt,16,18,642,27636
esp32,AES128GCM,sw,decrypt,16,18,643,27636
esp32,AES128GCM,sw,decrypt,16,18,644,27636
esp32,AES128GCM,sw,decrypt,16,18,645,27636
esp32,AES128GCM,sw,decrypt,16,18,646,27636
esp32,AES128GCM,sw,decrypt,16,18,647,27636
esp32,AES128GCM,sw,decrypt,16,18,648,27636
esp32,AES128GCM,sw,decrypt,16,18,649,27636
esp32,AES128GCM,sw,decrypt,16,18,650,27636
esp32,AES128GCM,sw,decrypt,16,18,651,27636
esp32,AES128GCM,sw,decrypt,16,18,652,27636
esp32,AES128GCM,sw,decrypt,16,18,653,27636
esp32,AES128GCM,sw,decrypt,16,18,654,27636
esp32,AES128GCM,sw,decrypt,16,18,655,27636
esp32,AES128GCM,sw,decrypt,16,18,656,27636
esp32,AES128GCM,sw,decrypt,16,18,657,27636
esp32,AES128GCM,sw,decrypt,16,18,658,27636
esp32,AES128GCM,sw,decrypt,16,18,659,27636
esp32,AES128GCM,sw,decrypt,16,18,660,27635
esp32,AES128GCM,sw,decrypt,16,18,661,27636
esp32,AES128GCM,sw,decrypt,16,18,662,27636
esp32,AES128GCM,sw,decrypt,16,18,663,27636
esp32,AES128GCM,sw,decrypt,16,18,664,27636
esp32,AES128GCM,sw,decrypt,16,18,665,27636
esp32,AES128GCM,sw,decrypt,16,18,666,27636
esp32,AES128GCM,sw,decrypt,16,18,667,27636
esp32,AES128GCM,sw,decrypt,16,18,668,27636
esp32,AES128GCM,sw,decrypt,16,18,669,27636
esp32,AES128GCM,sw,decrypt,16,18,670,27636
esp32,AES128GCM,sw,decrypt,16,18,671,27636
esp32,AES128GCM,sw,decrypt,16,18,672,27636
esp32,AES128GCM,sw,decrypt,16,18,673,27636
esp32,AES128GCM,sw,decrypt,16,18,674,27636
esp32,AES128GCM,sw,decrypt,16,18,675,27636
esp32,AES128GCM,sw,decrypt,16,18,676,27636
esp32,AES128GCM,sw,decrypt,16,18,677,27636
esp32,AES128GCM,sw,decrypt,16,18,678,27636
esp32,AES128GCM,sw,decrypt,16,18,679,27636
esp32,AES128GCM,sw,decrypt,16,18,680,27636
esp32,AES128GCM,sw,decrypt,16,18,681,27636
esp32,AES128GCM,sw,decrypt,16,18,682,27636
esp32,AES128GCM,sw,decrypt,16,18,683,27636
esp32,AES128GCM,sw,decrypt,16,18,684,27636
esp32,AES128GCM,sw,decrypt,16,18,685,27636
esp32,AES128GCM,sw,decrypt,16,18,686,27636
esp32,AES128GCM,sw,decrypt,16,18,687,27636
esp32,AES128GCM,sw,decrypt,16,18,688,27636
esp32,AES128GCM,sw,decrypt,16,18,689,27636
esp32,AES128GCM,sw,decrypt,16,18,690,27636
esp32,AES128GCM,sw,decrypt,16,18,691,27636
esp32,AES128GCM,sw,decrypt,16,18,692,27636
esp32,AES128GCM,sw,decrypt,16,18,693,27636
esp32,AES128GCM,sw,decrypt,16,18,694,29010
esp32,AES128GCM,sw,decrypt,16,18,695,27636
esp32,AES128GCM,sw,decrypt,16,18,696,27636
esp32,AES128GCM,sw,decrypt,16,18,697,27636
esp32,AES128GCM,sw,decrypt,16,18,698,27636
esp32,AES128GCM,sw,decrypt,16,18,699,27636
esp32,AES128GCM,sw,decrypt,16,18,700,27636
esp32,AES128GCM,sw,decrypt,16,18,701,27636
esp32,AES128GCM,sw,decrypt,16,18,702,27636
esp32,AES128GCM,sw,decrypt,16,18,703,27636
esp32,AES128GCM,sw,decrypt,16,18,704,27636
esp32,AES128GCM,sw,decrypt,16,18,705,27636
esp32,AES128GCM,sw,decrypt,16,18,706,27636
esp32,AES128GCM,sw,decrypt,16,18,707,27636
esp32,AES128GCM,sw,decrypt,16,18,708,27636
esp32,AES128GCM,sw,decrypt,16,18,709,27636
esp32,AES128GCM,sw,decrypt,16,18,710,27636
esp32,AES128GCM,sw,decrypt,16,18,711,27636
esp32,AES128GCM,sw,decrypt,16,18,712,27636
esp32,AES128GCM,sw,decrypt,16,18,713,27636
esp32,AES128GCM,sw,decrypt,16,18,714,27636
esp32,AES128GCM,sw,decrypt,16,18,715,27636
esp32,AES128GCM,sw,decrypt,16,18,716,27636
esp32,AES128GCM,sw,decrypt,16,18,717,27636
esp32,AES128GCM,sw,decrypt,16,18,718,27636
esp32,AES128GCM,sw,decrypt,16,18,719,27636
esp32,AES128GCM,sw,decrypt,16,18,720,27636
esp32,AES128GCM,sw,decrypt,16,18,721,27636
esp32,AES128GCM,sw,decrypt,16,18,722,27636
esp32,AES128GCM,sw,decrypt,16,18,723,27637
esp32,AES128GCM,sw,decrypt,16,18,724,27636
esp32,AES128GCM,sw,decrypt,16,18,725,27636
esp32,AES128GCM,sw,decrypt,16,18,726,27636
esp32,AES128GCM,sw,decrypt,16,18,727,27636
esp32,AES128GCM,sw,decrypt,16,18,728,27636
esp32,AES128GCM,sw,decrypt,16,18,729,27636
esp32,AES128GCM,sw,decrypt,16,18,730,27636
esp32,AES128GCM,sw,decrypt,16,18,731,27636
esp32,AES128GCM,sw,decrypt,16,18,732,27636
esp32,AES128GCM,sw,decrypt,16,18,733,27636
esp32,AES128GCM,sw,decrypt,16,18,734,27636
esp32,AES128GCM,sw,decrypt,16,18,735,27636
esp32,AES128GCM,sw,decrypt,16,18,736,27636
esp32,AES128GCM,sw,decrypt,16,18,737,27636
esp32,AES128GCM,sw,decrypt,16,18,738,27636
esp32,AES128GCM,sw,decrypt,16,18,739,27636
esp32,AES128GCM,sw,decrypt,16,18,740,27636
esp32,AES128GCM,sw,decrypt,16,18,741,27636
esp32,AES128GCM,sw,decrypt,16,18,742,27636
esp32,AES128GCM,sw,decrypt,16,18,743,27636
esp32,AES128GCM,sw,decrypt,16,18,744,27636
esp32,AES128GCM,sw,decrypt,16,18,745,27636
esp32,AES128GCM,sw,decrypt,16,18,746,27636
esp32,AES128GCM,sw,decrypt,16,18,747,27636
esp32,AES128GCM,sw,decrypt,16,18,748,27636
esp32,AES128GCM,sw,decrypt,16,18,749,27635
esp32,AES128GCM,sw,decrypt,16,18,750,27636
esp32,AES128GCM,sw,decrypt,16,18,751,27636
esp32,AES128GCM,sw,decrypt,16,18,752,27636
esp32,AES128GCM,sw,decrypt,16,18,753,27636
esp32,AES128GCM,sw,decrypt,16,18,754,27636
esp32,AES128GCM,sw,decrypt,16,18,755,27636
esp32,AES128GCM,sw,decrypt,16,18,756,27636
esp32,AES128GCM,sw,decrypt,16,18,757,27636
esp32,AES128GCM,sw,decrypt,16,18,758,27636
esp32,AES128GCM,sw,decrypt,16,18,759,27636
esp32,AES128GCM,sw,decrypt,16,18,760,27636
esp32,AES128GCM,sw,decrypt,16,18,761,27636
esp32,AES128GCM,sw,decrypt,16,18,762,27636
esp32,AES128GCM,sw,decrypt,16,18,763,27636
esp32,AES128GCM,sw,decrypt,16,18,764,27636
esp32,AES128GCM,sw,decrypt,16,18,765,27636
esp32,AES128GCM,sw,decrypt,16,18,766,27636
esp32,AES128GCM,sw,decrypt,16,18,767,27636
esp32,AES128GCM,sw,decrypt,16,18,768,27636
esp32,AES128GCM,sw,decrypt,16,18,769,27636
esp32,AES128GCM,sw,decrypt,16,18,770,27636
esp32,AES128GCM,sw,decrypt,16,18,771,27636
esp32,AES128GCM,sw,decrypt,16,18,772,27636
esp32,AES128GCM,sw,decrypt,16,18,773,27636
esp32,AES128GCM,sw,decrypt,16,18,774,27636
esp32,AES128GCM,sw,decrypt,16,18,775,27636
esp32,AES128GCM,sw,decrypt,16,18,776,27636
esp32,AES128GCM,sw,decrypt,16,18,777,27636
esp32,AES128GCM,sw,decrypt,16,18,778,27636
esp32,AES128GCM,sw,decrypt,16,18,779,27636
esp32,AES128GCM,sw,decrypt,16,18,780,27636
esp32,AES128GCM,sw,decrypt,16,18,781,27636
esp32,AES128GCM,sw,decrypt,16,18,782,27636
esp32,AES128GCM,sw,decrypt,16,18,783,27636
esp32,AES128GCM,sw,decrypt,16,18,784,27636
esp32,AES128GCM,sw,decrypt,16,18,785,27636
esp32,AES128GCM,sw,decrypt,16,18,786,27636
esp32,AES128GCM,sw,decrypt,16,18,787,27636
esp32,AES128GCM,sw,decrypt,16,18,788,27636
esp32,AES128GCM,sw,decrypt,16,18,789,27636
esp32,AES128GCM,sw,decrypt,16,18,790,27636
esp32,AES128GCM,sw,decrypt,16,18,791,27636
esp32,AES128GCM,sw,decrypt,16,18,792,27636
esp32,AES128GCM,sw,decrypt,16,18,793,27636
esp32,AES128GCM,sw,decrypt,16,18,794,27636
esp32,AES128GCM,sw,decrypt,16,18,795,27636
esp32,AES128GCM,sw,decrypt,16,18,796,27636
esp32,AES128GCM,sw,decrypt,16,18,797,27636
esp32,AES128GCM,sw,decrypt,16,18,798,27636
esp32,AES128GCM,sw,decrypt,16,18,799,27636
esp32,AES128GCM,sw,decrypt,16,18,800,27636
esp32,AES128GCM,sw,decrypt,16,18,801,27636
esp32,AES128GCM,sw,decrypt,16,18,802,27636
esp32,AES128GCM,sw,decrypt,16,18,803,27636
esp32,AES128GCM,sw,decrypt,16,18,804,27635
esp32,AES128GCM,sw,decrypt,16,18,805,27636
esp32,AES128GCM,sw,decrypt,16,18,806,27636
esp32,AES128GCM,sw,decrypt,16,18,807,27636
esp32,AES128GCM,sw,decrypt,16,18,808,27636
esp32,AES128GCM,sw,decrypt,16,18,809,27636
esp32,AES128GCM,sw,decrypt,16,18,810,27636
esp32,AES128GCM,sw,decrypt,16,18,811,27636
esp32,AES128GCM,sw,decrypt,16,18,812,27636
esp32,AES128GCM,sw,decrypt,16,18,813,27636
esp32,AES128GCM,sw,decrypt,16,18,814,27636
esp32,AES128GCM,sw,decrypt,16,18,815,27636
esp32,AES128GCM,sw,decrypt,16,18,816,27636
esp32,AES128GCM,sw,decrypt,16,18,817,27636
esp32,AES128GCM,sw,decrypt,16,18,818,27636
esp32,AES128GCM,sw,decrypt,16,18,819,27636
esp32,AES128GCM,sw,decrypt,16,18,820,27636
esp32,AES128GCM,sw,decrypt,16,18,821,27636
esp32,AES128GCM,sw,decrypt,16,18,822,27636
esp32,AES128GCM,sw,decrypt,16,18,823,27636
esp32,AES128GCM,sw,decrypt,16,18,824,27636
esp32,AES128GCM,sw,decrypt,16,18,825,27636
esp32,AES128GCM,sw,decrypt,16,18,826,27636
esp32,AES128GCM,sw,decrypt,16,18,827,27636
esp32,AES128GCM,sw,decrypt,16,18,828,27636
esp32,AES128GCM,sw,decrypt,16,18,829,27636
esp32,AES128GCM,sw,decrypt,16,18,830,27636
esp32,AES128GCM,sw,decrypt,16,18,831,27636
esp32,AES128GCM,sw,decrypt,16,18,832,27636
esp32,AES128GCM,sw,decrypt,16,18,833,27636
esp32,AES128GCM,sw,decrypt,16,18,834,27636
esp32,AES128GCM,sw,decrypt,16,18,835,27636
esp32,AES128GCM,sw,decrypt,16,18,836,27636
esp32,AES128GCM,sw,decrypt,16,18,837,27636
esp32,AES128GCM,sw,decrypt,16,18,838,29010
esp32,AES128GCM,sw,decrypt,16,18,839,27636
esp32,AES128GCM,sw,decrypt,16,18,840,27636
esp32,AES128GCM,sw,decrypt,16,18,841,27636
esp32,AES128GCM,sw,decrypt,16,18,842,27636
esp32,AES128GCM,sw,decrypt,16,18,843,27636
esp32,AES128GCM,sw,decrypt,16,18,844,27636
esp32,AES128GCM,sw,decrypt,16,18,845,27636
esp32,AES128GCM,sw,decrypt,16,18,846,27636
esp32,AES128GCM,sw,decrypt,16,18,847,27636
esp32,AES128GCM,sw,decrypt,16,18,848,27636
esp32,AES128GCM,sw,decrypt,16,18,849,27636
esp32,AES128GCM,sw,decrypt,16,18,850,27636
esp32,AES128GCM,sw,decrypt,16,18,851,27636
esp32,AES128GCM,sw,decrypt,16,18,852,27636
esp32,AES128GCM,sw,decrypt,16,18,853,27636
esp32,AES128GCM,sw,decrypt,16,18,854,27636
esp32,AES128GCM,sw,decrypt,16,18,855,27636
esp32,AES128GCM,sw,decrypt,16,18,856,27636
esp32,AES128GCM,sw,decrypt,16,18,857,27636
esp32,AES128GCM,sw,decrypt,16,18,858,27636
esp32,AES128GCM,sw,decrypt,16,18,859,27636
esp32,AES128GCM,sw,decrypt,16,18,860,27636
esp32,AES128GCM,sw,decrypt,16,18,861,27636
esp32,AES128GCM,sw,decrypt,16,18,862,27636
esp32,AES128GCM,sw,decrypt,16,18,863,27636
esp32,AES128GCM,sw,decrypt,16,18,864,27636
esp32,AES128GCM,sw,decrypt,16,18,865,27636
esp32,AES128GCM,sw,decrypt,16,18,866,27636
esp32,AES128GCM,sw,decrypt,16,18,867,27635
esp32,AES128GCM,sw,decrypt,16,18,868,27636
esp32,AES128GCM,sw,decrypt,16,18,869,27636
esp32,AES128GCM,sw,decrypt,16,18,870,27636
esp32,AES128GCM,sw,decrypt,16,18,871,27636
esp32,AES128GCM,sw,decrypt,16,18,872,27636
esp32,AES128GCM,sw,decrypt,16,18,873,27636
esp32,AES128GCM,sw,decrypt,16,18,874,27636
esp32,AES128GCM,sw,decrypt,16,18,875,27636
esp32,AES128GCM,sw,decrypt,16,18,876,27636
esp32,AES128GCM,sw,decrypt,16,18,877,27636
esp32,AES128GCM,sw,decrypt,16,18,878,27636
esp32,AES128GCM,sw,decrypt,16,18,879,27636
esp32,AES128GCM,sw,decrypt,16,18,880,27636
esp32,AES128GCM,sw,decrypt,16,18,881,27636
esp32,AES128GCM,sw,decrypt,16,18,882,27636
esp32,AES128GCM,sw,decrypt,16,18,883,27636
esp32,AES128GCM,sw,decrypt,16,18,884,27636
esp32,AES128GCM,sw,decrypt,16,18,885,27636
esp32,AES128GCM,sw,decrypt,16,18,886,27636
esp32,AES128GCM,sw,decrypt,16,18,887,27636
esp32,AES128GCM,sw,decrypt,16,18,888,27636
esp32,AES128GCM,sw,decrypt,16,18,889,27636
esp32,AES128GCM,sw,decrypt,16,18,890,27636
esp32,AES128GCM,sw,decrypt,16,18,891,27636
esp32,AES128GCM,sw,decrypt,16,18,892,27636
esp32,AES128GCM,sw,decrypt,16,18,893,27637
esp32,AES128GCM,sw,decrypt,16,18,894,27636
esp32,AES128GCM,sw,decrypt,16,18,895,27636
esp32,AES128GCM,sw,decrypt,16,18,896,27636
esp32,AES128GCM,sw,decrypt,16,18,897,27636
esp32,AES128GCM,sw,decrypt,16,18,898,27636
esp32,AES128GCM,sw,decrypt,16,18,899,27636
esp32,AES128GCM,sw,decrypt,16,18,900,27636
esp32,AES128GCM,sw,decrypt,16,18,901,27636
esp32,AES128GCM,sw,decrypt,16,18,902,27636
esp32,AES128GCM,sw,decrypt,16,18,903,27636
esp32,AES128GCM,sw,decrypt,16,18,904,27636
esp32,AES128GCM,sw,decrypt,16,18,905,27636
esp32,AES128GCM,sw,decrypt,16,18,906,27636
esp32,AES128GCM,sw,decrypt,16,18,907,27636
esp32,AES128GCM,sw,decrypt,16,18,908,27636
esp32,AES128GCM,sw,decrypt,16,18,909,27636
esp32,AES128GCM,sw,decrypt,16,18,910,27636
esp32,AES128GCM,sw,decrypt,16,18,911,27636
esp32,AES128GCM,sw,decrypt,16,18,912,27636
esp32,AES128GCM,sw,decrypt,16,18,913,27636
esp32,AES128GCM,sw,decrypt,16,18,914,27636
esp32,AES128GCM,sw,decrypt,16,18,915,27636
esp32,AES128GCM,sw,decrypt,16,18,916,27636
esp32,AES128GCM,sw,decrypt,16,18,917,27636
esp32,AES128GCM,sw,decrypt,16,18,918,27636
esp32,AES128GCM,sw,decrypt,16,18,919,27636
esp32,AES128GCM,sw,decrypt,16,18,920,27636
esp32,AES128GCM,sw,decrypt,16,18,921,27636
esp32,AES128GCM,sw,decrypt,16,18,922,27636
esp32,AES128GCM,sw,decrypt,16,18,923,27636
esp32,AES128GCM,sw,decrypt,16,18,924,27636
esp32,AES128GCM,sw,decrypt,16,18,925,27636
esp32,AES128GCM,sw,decrypt,16,18,926,27636
esp32,AES128GCM,sw,decrypt,16,18,927,27636
esp32,AES128GCM,sw,decrypt,16,18,928,27636
esp32,AES128GCM,sw,decrypt,16,18,929,27636
esp32,AES128GCM,sw,decrypt,16,18,930,27636
esp32,AES128GCM,sw,decrypt,16,18,931,27636
esp32,AES128GCM,sw,decrypt,16,18,932,27636
esp32,AES128GCM,sw,decrypt,16,18,933,27636
esp32,AES128GCM,sw,decrypt,16,18,934,27636
esp32,AES128GCM,sw,decrypt,16,18,935,27636
esp32,AES128GCM,sw,decrypt,16,18,936,27636
esp32,AES128GCM,sw,decrypt,16,18,937,27636
esp32,AES128GCM,sw,decrypt,16,18,938,27636
esp32,AES128GCM,sw,decrypt,16,18,939,27636
esp32,AES128GCM,sw,decrypt,16,18,940,27636
esp32,AES128GCM,sw,decrypt,16,18,941,27636
esp32,AES128GCM,sw,decrypt,16,18,942,27636
esp32,AES128GCM,sw,decrypt,16,18,943,27636
esp32,AES128GCM,sw,decrypt,16,18,944,27636
esp32,AES128GCM,sw,decrypt,16,18,945,27636
esp32,AES128GCM,sw,decrypt,16,18,946,27636
esp32,AES128GCM,sw,decrypt,16,18,947,27636
esp32,AES128GCM,sw,decrypt,16,18,948,27635
esp32,AES128GCM,sw,decrypt,16,18,949,27636
esp32,AES128GCM,sw,decrypt,16,18,950,27636
esp32,AES128GCM,sw,decrypt,16,18,951,27636
esp32,AES128GCM,sw,decrypt,16,18,952,27636
esp32,AES128GCM,sw,decrypt,16,18,953,27636
esp32,AES128GCM,sw,decrypt,16,18,954,27636
esp32,AES128GCM,sw,decrypt,16,18,955,27636
esp32,AES128GCM,sw,decrypt,16,18,956,27642
esp32,AES128GCM,sw,decrypt,16,18,957,27636
esp32,AES128GCM,sw,decrypt,16,18,958,27636
esp32,AES128GCM,sw,decrypt,16,18,959,27636
esp32,AES128GCM,sw,decrypt,16,18,960,27636
esp32,AES128GCM,sw,decrypt,16,18,961,27636
esp32,AES128GCM,sw,decrypt,16,18,962,27636
esp32,AES128GCM,sw,decrypt,16,18,963,27636
esp32,AES128GCM,sw,decrypt,16,18,964,27636
esp32,AES128GCM,sw,decrypt,16,18,965,27636
esp32,AES128GCM,sw,decrypt,16,18,966,27636
esp32,AES128GCM,sw,decrypt,16,18,967,27636
esp32,AES128GCM,sw,decrypt,16,18,968,27636
esp32,AES128GCM,sw,decrypt,16,18,969,27636
esp32,AES128GCM,sw,decrypt,16,18,970,27636
esp32,AES128GCM,sw,decrypt,16,18,971,27636
esp32,AES128GCM,sw,decrypt,16,18,972,27636
esp32,AES128GCM,sw,decrypt,16,18,973,27636
esp32,AES128GCM,sw,decrypt,16,18,974,27636
esp32,AES128GCM,sw,decrypt,16,18,975,27636
esp32,AES128GCM,sw,decrypt,16,18,976,27636
esp32,AES128GCM,sw,decrypt,16,18,977,27636
esp32,AES128GCM,sw,decrypt,16,18,978,27636
esp32,AES128GCM,sw,decrypt,16,18,979,27636
esp32,AES128GCM,sw,decrypt,16,18,980,27636
esp32,AES128GCM,sw,decrypt,16,18,981,27636
esp32,AES128GCM,sw,decrypt,16,18,982,28839
esp32,AES128GCM,sw,decrypt,16,18,983,27636
esp32,AES128GCM,sw,decrypt,16,18,984,27636
esp32,AES128GCM,sw,decrypt,16,18,985,27636
esp32,AES128GCM,sw,decrypt,16,18,986,27636
esp32,AES128GCM,sw,decrypt,16,18,987,27636
esp32,AES128GCM,sw,decrypt,16,18,988,27636
esp32,AES128GCM,sw,decrypt,16,18,989,27636
esp32,AES128GCM,sw,decrypt,16,18,990,27636
esp32,AES128GCM,sw,decrypt,16,18,991,27636
esp32,AES128GCM,sw,decrypt,16,18,992,27636
esp32,AES128GCM,sw,decrypt,16,18,993,27636
esp32,AES128GCM,sw,decrypt,16,18,994,27636
esp32,AES128GCM,sw,decrypt,16,18,995,27636
esp32,AES128GCM,sw,decrypt,16,18,996,27636
esp32,AES128GCM,sw,decrypt,16,18,997,27636
esp32,AES128GCM,sw,decrypt,16,18,998,27636
esp32,AES128GCM,sw,decrypt,16,18,999,27636
stack,esp32,AES128GCM,sw,decrypt,16,14084
esp32,AES128GCM,sw,encrypt,32,18,0,33821
esp32,AES128GCM,sw,encrypt,32,18,1,32882
esp32,AES128GCM,sw,encrypt,32,18,2,33827
esp32,AES128GCM,sw,encrypt,32,18,3,32882
esp32,AES128GCM,sw,encrypt,32,18,4,33827
esp32,AES128GCM,sw,encrypt,32,18,5,32882
esp32,AES128GCM,sw,encrypt,32,18,6,33827
esp32,AES128GCM,sw,encrypt,32,18,7,32882
esp32,AES128GCM,sw,encrypt,32,18,8,33827
esp32,AES128GCM,sw,encrypt,32,18,9,32882
esp32,AES128GCM,sw,encrypt,32,18,10,33827
esp32,AES128GCM,sw,encrypt,32,18,11,32882
esp32,AES128GCM,sw,encrypt,32,18,12,33827
esp32,AES128GCM,sw,encrypt,32,18,13,32884
esp32,AES128GCM,sw,encrypt,32,18,14,33827
esp32,AES128GCM,sw,encrypt,32,18,15,32882
esp32,AES128GCM,sw,encrypt,32,18,16,33827
esp32,AES128GCM,sw,encrypt,32,18,17,32882
esp32,AES128GCM,sw,encrypt,32,18,18,33827
esp32,AES128GCM,sw,encrypt,32,18,19,32882
esp32,AES128GCM,sw,encrypt,32,18,20,33827
esp32,AES128GCM,sw,encrypt,32,18,21,34085
esp32,AES128GCM,sw,encrypt,32,18,22,33827
esp32,AES128GCM,sw,encrypt,32,18,23,32882
esp32,AES128GCM,sw,encrypt,32,18,24,33827
esp32,AES128GCM,sw,encrypt,32,18,25,32882
esp32,AES128GCM,sw,encrypt,32,18,26,33827
esp32,AES128GCM,sw,encrypt,32,18,27,32882
esp32,AES128GCM,sw,encrypt,32,18,28,33827
esp32,AES128GCM,sw,encrypt,32,18,29,32882
esp32,AES128GCM,sw,encrypt,32,18,30,33827
esp32,AES128GCM,sw,encrypt,32,18,31,32882
esp32,AES128GCM,sw,encrypt,32,18,32,33827
esp32,AES128GCM,sw,encrypt,32,18,33,32882
esp32,AES128GCM,sw,encrypt,32,18,34,33827
esp32,AES128GCM,sw,encrypt,32,18,35,32882
esp32,AES128GCM,sw,encrypt,32,18,36,33827
esp32,AES128GCM,sw,encrypt,32,18,37,32882
esp32,AES128GCM,sw,encrypt,32,18,38,33827
esp32,AES128GCM,sw,encrypt,32,18,39,32882
esp32,AES128GCM,sw,encrypt,32,18,40,33827
esp32,AES128GCM,sw,encrypt,32,18,41,32882
esp32,AES128GCM,sw,encrypt,32,18,42,33827
esp32,AES128GCM,sw,encrypt,32,18,43,32882
esp32,AES128GCM,sw,encrypt,32,18,44,33827
esp32,AES128GCM,sw,encrypt,32,18,45,32882
esp32,AES128GCM,sw,encrypt,32,18,46,33827
esp32,AES128GCM,sw,encrypt,32,18,47,32882
esp32,AES128GCM,sw,encrypt,32,18,48,33827
esp32,AES128GCM,sw,encrypt,32,18,49,32882
esp32,AES128GCM,sw,encrypt,32,18,50,33827
esp32,AES128GCM,sw,encrypt,32,18,51,32882
esp32,AES128GCM,sw,encrypt,32,18,52,33827
esp32,AES128GCM,sw,encrypt,32,18,53,32882
esp32,AES128GCM,sw,encrypt,32,18,54,33827
esp32,AES128GCM,sw,encrypt,32,18,55,32882
esp32,AES128GCM,sw,encrypt,32,18,56,33827
esp32,AES128GCM,sw,encrypt,32,18,57,32882
esp32,AES128GCM,sw,encrypt,32,18,58,33827
esp32,AES128GCM,sw,encrypt,32,18,59,32882
esp32,AES128GCM,sw,encrypt,32,18,60,33827
esp32,AES128GCM,sw,encrypt,32,18,61,32882
esp32,AES128GCM,sw,encrypt,32,18,62,33827
esp32,AES128GCM,sw,encrypt,32,18,63,32882
esp32,AES128GCM,sw,encrypt,32,18,64,33827
esp32,AES128GCM,sw,encrypt,32,18,65,32882
esp32,AES128GCM,sw,encrypt,32,18,66,33827
esp32,AES128GCM,sw,encrypt,32,18,67,32882
esp32,AES128GCM,sw,encrypt,32,18,68,33827
esp32,AES128GCM,sw,encrypt,32,18,69,32882
esp32,AES128GCM,sw,encrypt,32,18,70,33827
esp32,AES128GCM,sw,encrypt,32,18,71,32882
esp32,AES128GCM,sw,encrypt,32,18,72,33827
esp32,AES128GCM,sw,encrypt,32,18,73,32882
esp32,AES128GCM,sw,encrypt,32,18,74,33827
esp32,AES128GCM,sw,encrypt,32,18,75,32882
esp32,AES128GCM,sw,encrypt,32,18,76,33827
esp32,AES128GCM,sw,encrypt,32,18,77,32882
esp32,AES128GCM,sw,encrypt,32,18,78,33827
esp32,AES128GCM,sw,encrypt,32,18,79,32882
esp32,AES128GCM,sw,encrypt,32,18,80,33827
esp32,AES128GCM,sw,encrypt,32,18,81,32882
esp32,AES128GCM,sw,encrypt,32,18,82,33827
esp32,AES128GCM,sw,encrypt,32,18,83,32882
esp32,AES128GCM,sw,encrypt,32,18,84,33827
esp32,AES128GCM,sw,encrypt,32,18,85,32882
esp32,AES128GCM,sw,encrypt,32,18,86,33827
esp32,AES128GCM,sw,encrypt,32,18,87,32882
esp32,AES128GCM,sw,encrypt,32,18,88,33829
esp32,AES128GCM,sw,encrypt,32,18,89,32882
esp32,AES128GCM,sw,encrypt,32,18,90,33827
esp32,AES128GCM,sw,encrypt,32,18,91,32882
esp32,AES128GCM,sw,encrypt,32,18,92,33827
esp32,AES128GCM,sw,encrypt,32,18,93,32882
esp32,AES128GCM,sw,encrypt,32,18,94,33827
esp32,AES128GCM,sw,encrypt,32,18,95,32882
esp32,AES128GCM,sw,encrypt,32,18,96,35072
esp32,AES128GCM,sw,encrypt,32,18,97,32882
esp32,AES128GCM,sw,encrypt,32,18,98,33827
esp32,AES128GCM,sw,encrypt,32,18,99,32882
esp32,AES128GCM,sw,encrypt,32,18,100,33827
esp32,AES128GCM,sw,encrypt,32,18,101,32882
esp32,AES128GCM,sw,encrypt,32,18,102,33827
esp32,AES128GCM,sw,encrypt,32,18,103,32882
esp32,AES128GCM,sw,encrypt,32,18,104,33829
esp32,AES128GCM,sw,encrypt,32,18,105,32882
esp32,AES128GCM,sw,encrypt,32,18,106,33827
esp32,AES128GCM,sw,encrypt,32,18,107,32882
esp32,AES128GCM,sw,encrypt,32,18,108,33827
esp32,AES128GCM,sw,encrypt,32,18,109,32882
esp32,AES128GCM,sw,encrypt,32,18,110,33827
esp32,AES128GCM,sw,encrypt,32,18,111,32882
esp32,AES128GCM,sw,encrypt,32,18,112,33827
esp32,AES128GCM,sw,encrypt,32,18,113,32882
esp32,AES128GCM,sw,encrypt,32,18,114,33827
esp32,AES128GCM,sw,encrypt,32,18,115,32882
esp32,AES128GCM,sw,encrypt,32,18,116,33827
esp32,AES128GCM,sw,encrypt,32,18,117,32882
esp32,AES128GCM,sw,encrypt,32,18,118,33827
esp32,AES128GCM,sw,encrypt,32,18,119,32882
esp32,AES128GCM,sw,encrypt,32,18,120,33827
esp32,AES128GCM,sw,encrypt,32,18,121,32882
esp32,AES128GCM,sw,encrypt,32,18,122,33827
esp32,AES128GCM,sw,encrypt,32,18,123,32882
esp32,AES128GCM,sw,encrypt,32,18,124,33827
esp32,AES128GCM,sw,encrypt,32,18,125,32882
esp32,AES128GCM,sw,encrypt,32,18,126,33827
esp32,AES128GCM,sw,encrypt,32,18,127,32882
esp32,AES128GCM,sw,encrypt,32,18,128,33827
esp32,AES128GCM,sw,encrypt,32,18,129,32882
esp32,AES128GCM,sw,encrypt,32,18,130,33827
esp32,AES128GCM,sw,encrypt,32,18,131,32882
esp32,AES128GCM,sw,encrypt,32,18,132,33827
esp32,AES128GCM,sw,encrypt,32,18,133,32882
esp32,AES128GCM,sw,encrypt,32,18,134,33827
esp32,AES128GCM,sw,encrypt,32,18,135,32882
esp32,AES128GCM,sw,encrypt,32,18,136,33827
esp32,AES128GCM,sw,encrypt,32,18,137,32882
esp32,AES128GCM,sw,encrypt,32,18,138,35105
esp32,AES128GCM,sw,encrypt,32,18,139,32882
esp32,AES128GCM,sw,encrypt,32,18,140,33827
esp32,AES128GCM,sw,encrypt,32,18,141,32882
esp32,AES128GCM,sw,encrypt,32,18,142,33827
esp32,AES128GCM,sw,encrypt,32,18,143,32882
esp32,AES128GCM,sw,encrypt,32,18,144,33827
esp32,AES128GCM,sw,encrypt,32,18,145,32882
esp32,AES128GCM,sw,encrypt,32,18,146,33827
esp32,AES128GCM,sw,encrypt,32,18,147,32882
esp32,AES128GCM,sw,encrypt,32,18,148,33827
esp32,AES128GCM,sw,encrypt,32,18,149,32882
esp32,AES128GCM,sw,encrypt,32,18,150,33827
esp32,AES128GCM,sw,encrypt,32,18,151,32882
esp32,AES128GCM,sw,encrypt,32,18,152,33827
esp32,AES128GCM,sw,encrypt,32,18,153,32882
esp32,AES128GCM,sw,encrypt,32,18,154,33827
esp32,AES128GCM,sw,encrypt,32,18,155,32882
esp32,AES128GCM,sw,encrypt,32,18,156,33827
esp32,AES128GCM,sw,encrypt,32,18,157,32882
esp32,AES128GCM,sw,encrypt,32,18,158,33827
esp32,AES128GCM,sw,encrypt,32,18,159,32882
esp32,AES128GCM,sw,encrypt,32,18,160,33827
esp32,AES128GCM,sw,encrypt,32,18,161,32882
esp32,AES128GCM,sw,encrypt,32,18,162,33827
esp32,AES128GCM,sw,encrypt,32,18,163,32882
esp32,AES128GCM,sw,encrypt,32,18,164,33827
esp32,AES128GCM,sw,encrypt,32,18,165,32882
esp32,AES128GCM,sw,encrypt,32,18,166,33827
esp32,AES128GCM,sw,encrypt,32,18,167,32884
esp32,AES128GCM,sw,encrypt,32,18,168,33827
esp32,AES128GCM,sw,encrypt,32,18,169,32882
esp32,AES128GCM,sw,encrypt,32,18,170,33827
esp32,AES128GCM,sw,encrypt,32,18,171,32882
esp32,AES128GCM,sw,encrypt,32,18,172,33827
esp32,AES128GCM,sw,encrypt,32,18,173,32882
esp32,AES128GCM,sw,encrypt,32,18,174,33827
esp32,AES128GCM,sw,encrypt,32,18,175,32882
esp32,AES128GCM,sw,encrypt,32,18,176,33827
esp32,AES128GCM,sw,encrypt,32,18,177,32882
esp32,AES128GCM,sw,encrypt,32,18,178,33827
esp32,AES128GCM,sw,encrypt,32,18,179,32882
esp32,AES128GCM,sw,encrypt,32,18,180,33827
esp32,AES128GCM,sw,encrypt,32,18,181,32882
esp32,AES128GCM,sw,encrypt,32,18,182,33827
esp32,AES128GCM,sw,encrypt,32,18,183,32882
esp32,AES128GCM,sw,encrypt,32,18,184,33827
esp32,AES128GCM,sw,encrypt,32,18,185,32882
esp32,AES128GCM,sw,encrypt,32,18,186,33827
esp32,AES128GCM,sw,encrypt,32,18,187,32882
esp32,AES128GCM,sw,encrypt,32,18,188,33827
esp32,AES128GCM,sw,encrypt,32,18,189,32882
esp32,AES128GCM,sw,encrypt,32,18,190,33827
esp32,AES128GCM,sw,encrypt,32,18,191,32882
esp32,AES128GCM,sw,encrypt,32,18,192,33827
esp32,AES128GCM,sw,encrypt,32,18,193,32883
esp32,AES128GCM,sw,encrypt,32,18,194,33827
esp32,AES128GCM,sw,encrypt,32,18,195,32882
esp32,AES128GCM,sw,encrypt,32,18,196,33827
esp32,AES128GCM,sw,encrypt,32,18,197,32882
esp32,AES128GCM,sw,encrypt,32,18,198,33827
esp32,AES128GCM,sw,encrypt,32,18,199,32882
esp32,AES128GCM,sw,encrypt,32,18,200,33827
esp32,AES128GCM,sw,encrypt,32,18,201,32882
esp32,AES128GCM,sw,encrypt,32,18,202,33827
esp32,AES128GCM,sw,encrypt,32,18,203,32882
esp32,AES128GCM,sw,encrypt,32,18,204,33827
esp32,AES128GCM,sw,encrypt,32,18,205,32882
esp32,AES128GCM,sw,encrypt,32,18,206,33827
esp32,AES128GCM,sw,encrypt,32,18,207,32882
esp32,AES128GCM,sw,encrypt,32,18,208,33827
esp32,AES128GCM,sw,encrypt,32,18,209,32882
esp32,AES128GCM,sw,encrypt,32,18,210,33827
esp32,AES128GCM,sw,encrypt,32,18,211,32882
esp32,AES128GCM,sw,encrypt,32,18,212,33827
esp32,AES128GCM,sw,encrypt,32,18,213,32882
esp32,AES128GCM,sw,encrypt,32,18,214,33827
esp32,AES128GCM,sw,encrypt,32,18,215,32882
esp32,AES128GCM,sw,encrypt,32,18,216,33827
esp32,AES128GCM,sw,encrypt,32,18,217,32882
esp32,AES128GCM,sw,encrypt,32,18,218,33827
esp32,AES128GCM,sw,encrypt,32,18,219,32882
esp32,AES128GCM,sw,encrypt,32,18,220,33827
esp32,AES128GCM,sw,encrypt,32,18,221,32882
esp32,AES128GCM,sw,encrypt,32,18,222,33827
esp32,AES128GCM,sw,encrypt,32,18,223,32882
esp32,AES128GCM,sw,encrypt,32,18,224,33827
esp32,AES128GCM,sw,encrypt,32,18,225,32882
esp32,AES128GCM,sw,encrypt,32,18,226,33827
esp32,AES128GCM,sw,encrypt,32,18,227,34127
esp32,AES128GCM,sw,encrypt,32,18,228,33827
esp32,AES128GCM,sw,encrypt,32,18,229,32882
esp32,AES128GCM,sw,encrypt,32,18,230,33827
esp32,AES128GCM,sw,encrypt,32,18,231,32882
esp32,AES128GCM,sw,encrypt,32,18,232,33827
esp32,AES128GCM,sw,encrypt,32,18,233,32882
esp32,AES128GCM,sw,encrypt,32,18,234,33827
esp32,AES128GCM,sw,encrypt,32,18,235,32882
esp32,AES128GCM,sw,encrypt,32,18,236,33827
esp32,AES128GCM,sw,encrypt,32,18,237,32882
esp32,AES128GCM,sw,encrypt,32,18,238,33827
esp32,AES128GCM,sw,encrypt,32,18,239,32882
esp32,AES128GCM,sw,encrypt,32,18,240,33827
esp32,AES128GCM,sw,encrypt,32,18,241,32882
esp32,AES128GCM,sw,encrypt,32,18,242,33827
esp32,AES128GCM,sw,encrypt,32,18,243,32882
esp32,AES128GCM,sw,encrypt,32,18,244,33827
esp32,AES128GCM,sw,encrypt,32,18,245,32882
esp32,AES128GCM,sw,encrypt,32,18,246,33827
esp32,AES128GCM,sw,encrypt,32,18,247,32882
esp32,AES128GCM,sw,encrypt,32,18,248,33829
esp32,AES128GCM,sw,encrypt,32,18,249,32882
esp32,AES128GCM,sw,encrypt,32,18,250,33827
esp32,AES128GCM,sw,encrypt,32,18,251,32882
esp32,AES128GCM,sw,encrypt,32,18,252,33827
esp32,AES128GCM,sw,encrypt,32,18,253,32882
esp32,AES128GCM,sw,encrypt,32,18,254,33827
esp32,AES128GCM,sw,encrypt,32,18,255,32882
esp32,AES128GCM,sw,encrypt,32,18,256,33836
esp32,AES128GCM,sw,encrypt,32,18,257,32882
esp32,AES128GCM,sw,encrypt,32,18,258,33827
esp32,AES128GCM,sw,encrypt,32,18,259,32882
esp32,AES128GCM,sw,encrypt,32,18,260,33827
esp32,AES128GCM,sw,encrypt,32,18,261,32882
esp32,AES128GCM,sw,encrypt,32,18,262,33827
esp32,AES128GCM,sw,encrypt,32,18,263,32882
esp32,AES128GCM,sw,encrypt,32,18,264,33827
esp32,AES128GCM,sw,encrypt,32,18,265,32882
esp32,AES128GCM,sw,encrypt,32,18,266,33827
esp32,AES128GCM,sw,encrypt,32,18,267,32882
esp32,AES128GCM,sw,encrypt,32,18,268,33827
esp32,AES128GCM,sw,encrypt,32,18,269,32882
esp32,AES128GCM,sw,encrypt,32,18,270,33827
esp32,AES128GCM,sw,encrypt,32,18,271,32882
esp32,AES128GCM,sw,encrypt,32,18,272,33827
esp32,AES128GCM,sw,encrypt,32,18,273,32882
esp32,AES128GCM,sw,encrypt,32,18,274,33827
esp32,AES128GCM,sw,encrypt,32,18,275,32882
esp32,AES128GCM,sw,encrypt,32,18,276,33827
esp32,AES128GCM,sw,encrypt,32,18,277,32882
esp32,AES128GCM,sw,encrypt,32,18,278,33827
esp32,AES128GCM,sw,encrypt,32,18,279,32882
esp32,AES128GCM,sw,encrypt,32,18,280,33827
esp32,AES128GCM,sw,encrypt,32,18,281,32882
esp32,AES128GCM,sw,encrypt,32,18,282,35030
esp32,AES128GCM,sw,encrypt,32,18,283,32882
esp32,AES128GCM,sw,encrypt,32,18,284,33827
esp32,AES128GCM,sw,encrypt,32,18,285,32882
esp32,AES128GCM,sw,encrypt,32,18,286,33827
esp32,AES128GCM,sw,encrypt,32,18,287,32882
esp32,AES128GCM,sw,encrypt,32,18,288,33827
esp32,AES128GCM,sw,encrypt,32,18,289,32882
esp32,AES128GCM,sw,encrypt,32,18,290,33827
esp32,AES128GCM,sw,encrypt,32,18,291,32882
esp32,AES128GCM,sw,encrypt,32,18,292,33827
esp32,AES128GCM,sw,encrypt,32,18,293,32882
esp32,AES128GCM,sw,encrypt,32,18,294,33827
esp32,AES128GCM,sw,encrypt,32,18,295,32882
esp32,AES128GCM,sw,encrypt,32,18,296,33827
esp32,AES128GCM,sw,encrypt,32,18,297,32882
esp32,AES128GCM,sw,encrypt,32,18,298,33827
esp32,AES128GCM,sw,encrypt,32,18,299,32882
esp32,AES128GCM,sw,encrypt,32,18,300,33827
esp32,AES128GCM,sw,encrypt,32,18,301,32882
esp32,AES128GCM,sw,encrypt,32,18,302,33827
esp32,AES128GCM,sw,encrypt,32,18,303,32882
esp32,AES128GCM,sw,encrypt,32,18,304,33827
esp32,AES128GCM,sw,encrypt,32,18,305,32882
esp32,AES128GCM,sw,encrypt,32,18,306,33827
esp32,AES128GCM,sw,encrypt,32,18,307,32882
esp32,AES128GCM,sw,encrypt,32,18,308,33827
esp32,AES128GCM,sw,encrypt,32,18,309,32882
esp32,AES128GCM,sw,encrypt,32,18,310,33827
esp32,AES128GCM,sw,encrypt,32,18,311,32884
esp32,AES128GCM,sw,encrypt,32,18,312,33827
esp32,AES128GCM,sw,encrypt,32,18,313,32882
esp32,AES128GCM,sw,encrypt,32,18,314,33827
esp32,AES128GCM,sw,encrypt,32,18,315,32882
esp32,AES128GCM,sw,encrypt,32,18,316,33827
esp32,AES128GCM,sw,encrypt,32,18,317,32882
esp32,AES128GCM,sw,encrypt,32,18,318,33827
esp32,AES128GCM,sw,encrypt,32,18,319,32882
esp32,AES128GCM,sw,encrypt,32,18,320,33827
esp32,AES128GCM,sw,encrypt,32,18,321,32882
esp32,AES128GCM,sw,encrypt,32,18,322,33827
esp32,AES128GCM,sw,encrypt,32,18,323,32882
esp32,AES128GCM,sw,encrypt,32,18,324,33827
esp32,AES128GCM,sw,encrypt,32,18,325,32882
esp32,AES128GCM,sw,encrypt,32,18,326,33827
esp32,AES128GCM,sw,encrypt,32,18,327,32882
esp32,AES128GCM,sw,encrypt,32,18,328,33827
esp32,AES128GCM,sw,encrypt,32,18,329,32882
esp32,AES128GCM,sw,encrypt,32,18,330,33827
esp32,AES128GCM,sw,encrypt,32,18,331,32882
esp32,AES128GCM,sw,encrypt,32,18,332,33827
esp32,AES128GCM,sw,encrypt,32,18,333,32882
esp32,AES128GCM,sw,encrypt,32,18,334,33827
esp32,AES128GCM,sw,encrypt,32,18,335,32882
esp32,AES128GCM,sw,encrypt,32,18,336,33827
esp32,AES128GCM,sw,encrypt,32,18,337,32884
esp32,AES128GCM,sw,encrypt,32,18,338,33827
esp32,AES128GCM,sw,encrypt,32,18,339,32882
esp32,AES128GCM,sw,encrypt,32,18,340,33827
esp32,AES128GCM,sw,encrypt,32,18,341,32882
esp32,AES128GCM,sw,encrypt,32,18,342,33827
esp32,AES128GCM,sw,encrypt,32,18,343,32882
esp32,AES128GCM,sw,encrypt,32,18,344,33827
esp32,AES128GCM,sw,encrypt,32,18,345,32893
esp32,AES128GCM,sw,encrypt,32,18,346,33827
esp32,AES128GCM,sw,encrypt,32,18,347,32882
esp32,AES128GCM,sw,encrypt,32,18,348,33827
esp32,AES128GCM,sw,encrypt,32,18,349,32882
esp32,AES128GCM,sw,encrypt,32,18,350,33827
esp32,AES128GCM,sw,encrypt,32,18,351,32882
esp32,AES128GCM,sw,encrypt,32,18,352,33827
esp32,AES128GCM,sw,encrypt,32,18,353,32882
esp32,AES128GCM,sw,encrypt,32,18,354,33827
esp32,AES128GCM,sw,encrypt,32,18,355,32882
esp32,AES128GCM,sw,encrypt,32,18,356,33827
esp32,AES128GCM,sw,encrypt,32,18,357,32882
esp32,AES128GCM,sw,encrypt,32,18,358,33827
esp32,AES128GCM,sw,encrypt,32,18,359,32882
esp32,AES128GCM,sw,encrypt,32,18,360,33827
esp32,AES128GCM,sw,encrypt,32,18,361,32882
esp32,AES128GCM,sw,encrypt,32,18,362,33827
esp32,AES128GCM,sw,encrypt,32,18,363,32882
esp32,AES128GCM,sw,encrypt,32,18,364,33827
esp32,AES128GCM,sw,encrypt,32,18,365,32882
esp32,AES128GCM,sw,encrypt,32,18,366,33827
esp32,AES128GCM,sw,encrypt,32,18,367,32882
esp32,AES128GCM,sw,encrypt,32,18,368,33827
esp32,AES128GCM,sw,encrypt,32,18,369,32882
esp32,AES128GCM,sw,encrypt,32,18,370,33827
esp32,AES128GCM,sw,encrypt,32,18,371,32882
esp32,AES128GCM,sw,encrypt,32,18,372,33827
esp32,AES128GCM,sw,encrypt,32,18,373,32882
esp32,AES128GCM,sw,encrypt,32,18,374,33827
esp32,AES128GCM,sw,encrypt,32,18,375,32882
esp32,AES128GCM,sw,encrypt,32,18,376,33827
esp32,AES128GCM,sw,encrypt,32,18,377,32882
esp32,AES128GCM,sw,encrypt,32,18,378,33827
esp32,AES128GCM,sw,encrypt,32,18,379,32882
esp32,AES128GCM,sw,encrypt,32,18,380,33827
esp32,AES128GCM,sw,encrypt,32,18,381,32882
esp32,AES128GCM,sw,encrypt,32,18,382,33827
esp32,AES128GCM,sw,encrypt,32,18,383,32882
esp32,AES128GCM,sw,encrypt,32,18,384,33827
esp32,AES128GCM,sw,encrypt,32,18,385,32882
esp32,AES128GCM,sw,encrypt,32,18,386,33827
esp32,AES128GCM,sw,encrypt,32,18,387,32882
esp32,AES128GCM,sw,encrypt,32,18,388,33827
esp32,AES128GCM,sw,encrypt,32,18,389,32882
esp32,AES128GCM,sw,encrypt,32,18,390,33827
esp32,AES128GCM,sw,encrypt,32,18,391,32882
esp32,AES128GCM,sw,encrypt,32,18,392,33829
esp32,AES128GCM,sw,encrypt,32,18,393,32882
esp32,AES128GCM,sw,encrypt,32,18,394,33827
esp32,AES128GCM,sw,encrypt,32,18,395,32882
esp32,AES128GCM,sw,encrypt,32,18,396,33827
esp32,AES128GCM,sw,encrypt,32,18,397,32882
esp32,AES128GCM,sw,encrypt,32,18,398,33827
esp32,AES128GCM,sw,encrypt,32,18,399,32882
esp32,AES128GCM,sw,encrypt,32,18,400,33836
esp32,AES128GCM,sw,encrypt,32,18,401,32882
esp32,AES128GCM,sw,encrypt,32,18,402,33827
esp32,AES128GCM,sw,encrypt,32,18,403,32882
esp32,AES128GCM,sw,encrypt,32,18,404,33827
esp32,AES128GCM,sw,encrypt,32,18,405,32882
esp32,AES128GCM,sw,encrypt,32,18,406,33827
esp32,AES128GCM,sw,encrypt,32,18,407,32882
esp32,AES128GCM,sw,encrypt,32,18,408,33827
esp32,AES128GCM,sw,encrypt,32,18,409,32882
esp32,AES128GCM,sw,encrypt,32,18,410,33827
esp32,AES128GCM,sw,encrypt,32,18,411,32882
esp32,AES128GCM,sw,encrypt,32,18,412,33827
esp32,AES128GCM,sw,encrypt,32,18,413,32882
esp32,AES128GCM,sw,encrypt,32,18,414,33827
esp32,AES128GCM,sw,encrypt,32,18,415,32882
esp32,AES128GCM,sw,encrypt,32,18,416,33827
esp32,AES128GCM,sw,encrypt,32,18,417,32882
esp32,AES128GCM,sw,encrypt,32,18,418,33827
esp32,AES128GCM,sw,encrypt,32,18,419,32882
esp32,AES128GCM,sw,encrypt,32,18,420,33827
esp32,AES128GCM,sw,encrypt,32,18,421,32882
esp32,AES128GCM,sw,encrypt,32,18,422,33827
esp32,AES128GCM,sw,encrypt,32,18,423,32882
esp32,AES128GCM,sw,encrypt,32,18,424,33827
esp32,AES128GCM,sw,encrypt,32,18,425,32882
esp32,AES128GCM,sw,encrypt,32,18,426,35030
esp32,AES128GCM,sw,encrypt,32,18,427,32882
esp32,AES128GCM,sw,encrypt,32,18,428,33827
esp32,AES128GCM,sw,encrypt,32,18,429,32882
esp32,AES128GCM,sw,encrypt,32,18,430,33827
esp32,AES128GCM,sw,encrypt,32,18,431,32882
esp32,AES128GCM,sw,encrypt,32,18,432,33827
esp32,AES128GCM,sw,encrypt,32,18,433,32882
esp32,AES128GCM,sw,encrypt,32,18,434,33827
esp32,AES128GCM,sw,encrypt,32,18,435,32882
esp32,AES128GCM,sw,encrypt,32,18,436,33827
esp32,AES128GCM,sw,encrypt,32,18,437,32882
esp32,AES128GCM,sw,encrypt,32,18,438,33827
esp32,AES128GCM,sw,encrypt,32,18,439,32882
esp32,AES128GCM,sw,encrypt,32,18,440,33827
esp32,AES128GCM,sw,encrypt,32,18,441,32882
esp32,AES128GCM,sw,encrypt,32,18,442,33827
esp32,AES128GCM,sw,encrypt,32,18,443,32882
esp32,AES128GCM,sw,encrypt,32,18,444,33827
esp32,AES128GCM,sw,encrypt,32,18,445,32882
esp32,AES128GCM,sw,encrypt,32,18,446,33827
esp32,AES128GCM,sw,encrypt,32,18,447,32882
esp32,AES128GCM,sw,encrypt,32,18,448,33827
esp32,AES128GCM,sw,encrypt,32,18,449,32882
esp32,AES128GCM,sw,encrypt,32,18,450,33827
esp32,AES128GCM,sw,encrypt,32,18,451,32882
esp32,AES128GCM,sw,encrypt,32,18,452,33827
esp32,AES128GCM,sw,encrypt,32,18,453,32882
esp32,AES128GCM,sw,encrypt,32,18,454,33827
esp32,AES128GCM,sw,encrypt,32,18,455,32890
esp32,AES128GCM,sw,encrypt,32,18,456,33827
esp32,AES128GCM,sw,encrypt,32,18,457,32882
esp32,AES128GCM,sw,encrypt,32,18,458,33827
esp32,AES128GCM,sw,encrypt,32,18,459,32882
esp32,AES128GCM,sw,encrypt,32,18,460,33827
esp32,AES128GCM,sw,encrypt,32,18,461,32882
esp32,AES128GCM,sw,encrypt,32,18,462,33827
esp32,AES128GCM,sw,encrypt,32,18,463,32882
esp32,AES128GCM,sw,encrypt,32,18,464,33827
esp32,AES128GCM,sw,encrypt,32,18,465,32882
esp32,AES128GCM,sw,encrypt,32,18,466,33827
esp32,AES128GCM,sw,encrypt,32,18,467,32882
esp32,AES128GCM,sw,encrypt,32,18,468,33827
esp32,AES128GCM,sw,encrypt,32,18,469,32882
esp32,AES128GCM,sw,encrypt,32,18,470,33827
esp32,AES128GCM,sw,encrypt,32,18,471,32882
esp32,AES128GCM,sw,encrypt,32,18,472,33827
esp32,AES128GCM,sw,encrypt,32,18,473,32882
esp32,AES128GCM,sw,encrypt,32,18,474,33827
esp32,AES128GCM,sw,encrypt,32,18,475,32882
esp32,AES128GCM,sw,encrypt,32,18,476,33827
esp32,AES128GCM,sw,encrypt,32,18,477,32882
esp32,AES128GCM,sw,encrypt,32,18,478,33827
esp32,AES128GCM,sw,encrypt,32,18,479,32882
esp32,AES128GCM,sw,encrypt,32,18,480,33827
esp32,AES128GCM,sw,encrypt,32,18,481,33497
esp32,AES128GCM,sw,encrypt,32,18,482,33827
esp32,AES128GCM,sw,encrypt,32,18,483,32882
esp32,AES128GCM,sw,encrypt,32,18,484,33827
esp32,AES128GCM,sw,encrypt,32,18,485,32882
esp32,AES128GCM,sw,encrypt,32,18,486,33827
esp32,AES128GCM,sw,encrypt,32,18,487,32882
esp32,AES128GCM,sw,encrypt,32,18,488,33827
esp32,AES128GCM,sw,encrypt,32,18,489,32888
esp32,AES128GCM,sw,encrypt,32,18,490,33827
esp32,AES128GCM,sw,encrypt,32,18,491,32882
esp32,AES128GCM,sw,encrypt,32,18,492,33827
esp32,AES128GCM,sw,encrypt,32,18,493,32882
esp32,AES128GCM,sw,encrypt,32,18,494,33827
esp32,AES128GCM,sw,encrypt,32,18,495,32882
esp32,AES128GCM,sw,encrypt,32,18,496,33827
esp32,AES128GCM,sw,encrypt,32,18,497,32882
esp32,AES128GCM,sw,encrypt,32,18,498,33827
esp32,AES128GCM,sw,encrypt,32,18,499,32882
esp32,AES128GCM,sw,encrypt,32,18,500,33827
esp32,AES128GCM,sw,encrypt,32,18,501,32882
esp32,AES128GCM,sw,encrypt,32,18,502,33827
esp32,AES128GCM,sw,encrypt,32,18,503,32882
esp32,AES128GCM,sw,encrypt,32,18,504,33827
esp32,AES128GCM,sw,encrypt,32,18,505,32882
esp32,AES128GCM,sw,encrypt,32,18,506,33827
esp32,AES128GCM,sw,encrypt,32,18,507,32882
esp32,AES128GCM,sw,encrypt,32,18,508,33827
esp32,AES128GCM,sw,encrypt,32,18,509,32882
esp32,AES128GCM,sw,encrypt,32,18,510,33827
esp32,AES128GCM,sw,encrypt,32,18,511,32882
esp32,AES128GCM,sw,encrypt,32,18,512,33827
esp32,AES128GCM,sw,encrypt,32,18,513,32882
esp32,AES128GCM,sw,encrypt,32,18,514,33827
esp32,AES128GCM,sw,encrypt,32,18,515,32882
esp32,AES128GCM,sw,encrypt,32,18,516,33827
esp32,AES128GCM,sw,encrypt,32,18,517,32882
esp32,AES128GCM,sw,encrypt,32,18,518,33827
esp32,AES128GCM,sw,encrypt,32,18,519,32882
esp32,AES128GCM,sw,encrypt,32,18,520,33827
esp32,AES128GCM,sw,encrypt,32,18,521,32882
esp32,AES128GCM,sw,encrypt,32,18,522,33827
esp32,AES128GCM,sw,encrypt,32,18,523,32882
esp32,AES128GCM,sw,encrypt,32,18,524,33827
esp32,AES128GCM,sw,encrypt,32,18,525,32882
esp32,AES128GCM,sw,encrypt,32,18,526,33827
esp32,AES128GCM,sw,encrypt,32,18,527,32882
esp32,AES128GCM,sw,encrypt,32,18,528,33827
esp32,AES128GCM,sw,encrypt,32,18,529,32882
esp32,AES128GCM,sw,encrypt,32,18,530,33827
esp32,AES128GCM,sw,encrypt,32,18,531,32882
esp32,AES128GCM,sw,encrypt,32,18,532,33827
esp32,AES128GCM,sw,encrypt,32,18,533,32882
esp32,AES128GCM,sw,encrypt,32,18,534,33827
esp32,AES128GCM,sw,encrypt,32,18,535,32882
esp32,AES128GCM,sw,encrypt,32,18,536,33829
esp32,AES128GCM,sw,encrypt,32,18,537,32882
esp32,AES128GCM,sw,encrypt,32,18,538,33827
esp32,AES128GCM,sw,encrypt,32,18,539,32882
esp32,AES128GCM,sw,encrypt,32,18,540,33827
esp32,AES128GCM,sw,encrypt,32,18,541,32882
esp32,AES128GCM,sw,encrypt,32,18,542,33827
esp32,AES128GCM,sw,encrypt,32,18,543,32882
esp32,AES128GCM,sw,encrypt,32,18,544,33827
esp32,AES128GCM,sw,encrypt,32,18,545,32882
esp32,AES128GCM,sw,encrypt,32,18,546,33827
esp32,AES128GCM,sw,encrypt,32,18,547,32882
esp32,AES128GCM,sw,encrypt,32,18,548,33827
esp32,AES128GCM,sw,encrypt,32,18,549,32882
esp32,AES128GCM,sw,encrypt,32,18,550,33827
esp32,AES128GCM,sw,encrypt,32,18,551,32882
esp32,AES128GCM,sw,encrypt,32,18,552,33827
esp32,AES128GCM,sw,encrypt,32,18,553,32882
esp32,AES128GCM,sw,encrypt,32,18,554,33827
esp32,AES128GCM,sw,encrypt,32,18,555,32882
esp32,AES128GCM,sw,encrypt,32,18,556,33827
esp32,AES128GCM,sw,encrypt,32,18,557,32882
esp32,AES128GCM,sw,encrypt,32,18,558,33827
esp32,AES128GCM,sw,encrypt,32,18,559,32882
esp32,AES128GCM,sw,encrypt,32,18,560,33827
esp32,AES128GCM,sw,encrypt,32,18,561,32882
esp32,AES128GCM,sw,encrypt,32,18,562,33827
esp32,AES128GCM,sw,encrypt,32,18,563,32882
esp32,AES128GCM,sw,encrypt,32,18,564,33827
esp32,AES128GCM,sw,encrypt,32,18,565,32882
esp32,AES128GCM,sw,encrypt,32,18,566,33827
esp32,AES128GCM,sw,encrypt,32,18,567,32882
esp32,AES128GCM,sw,encrypt,32,18,568,33827
esp32,AES128GCM,sw,encrypt,32,18,569,32882
esp32,AES128GCM,sw,encrypt,32,18,570,35030
esp32,AES128GCM,sw,encrypt,32,18,571,32882
esp32,AES128GCM,sw,encrypt,32,18,572,33827
esp32,AES128GCM,sw,encrypt,32,18,573,32882
esp32,AES128GCM,sw,encrypt,32,18,574,33827
esp32,AES128GCM,sw,encrypt,32,18,575,32882
esp32,AES128GCM,sw,encrypt,32,18,576,33827
esp32,AES128GCM,sw,encrypt,32,18,577,32882
esp32,AES128GCM,sw,encrypt,32,18,578,33827
esp32,AES128GCM,sw,encrypt,32,18,579,32882
esp32,AES128GCM,sw,encrypt,32,18,580,33827
esp32,AES128GCM,sw,encrypt,32,18,581,32882
esp32,AES128GCM,sw,encrypt,32,18,582,33827
esp32,AES128GCM,sw,encrypt,32,18,583,32882
esp32,AES128GCM,sw,encrypt,32,18,584,33827
esp32,AES128GCM,sw,encrypt,32,18,585,32882
esp32,AES128GCM,sw,encrypt,32,18,586,33827
esp32,AES128GCM,sw,encrypt,32,18,587,32882
esp32,AES128GCM,sw,encrypt,32,18,588,33827
esp32,AES128GCM,sw,encrypt,32,18,589,32882
esp32,AES128GCM,sw,encrypt,32,18,590,33827
esp32,AES128GCM,sw,encrypt,32,18,591,32882
esp32,AES128GCM,sw,encrypt,32,18,592,33827
esp32,AES128GCM,sw,encrypt,32,18,593,32882
esp32,AES128GCM,sw,encrypt,32,18,594,33827
esp32,AES128GCM,sw,encrypt,32,18,595,32882
esp32,AES128GCM,sw,encrypt,32,18,596,33827
esp32,AES128GCM,sw,encrypt,32,18,597,32882
esp32,AES128GCM,sw,encrypt,32,18,598,33827
esp32,AES128GCM,sw,encrypt,32,18,599,32882
esp32,AES128GCM,sw,encrypt,32,18,600,33827
esp32,AES128GCM,sw,encrypt,32,18,601,32882
esp32,AES128GCM,sw,encrypt,32,18,602,33827
esp32,AES128GCM,sw,encrypt,32,18,603,32882
esp32,AES128GCM,sw,encrypt,32,18,604,33827
esp32,AES128GCM,sw,encrypt,32,18,605,32882
esp32,AES128GCM,sw,encrypt,32,18,606,33827
esp32,AES128GCM,sw,encrypt,32,18,607,32882
esp32,AES128GCM,sw,encrypt,32,18,608,33827
esp32,AES128GCM,sw,encrypt,32,18,609,32882
esp32,AES128GCM,sw,encrypt,32,18,610,33827
esp32,AES128GCM,sw,encrypt,32,18,611,32882
esp32,AES128GCM,sw,encrypt,32,18,612,33827
esp32,AES128GCM,sw,encrypt,32,18,613,32882
esp32,AES128GCM,sw,encrypt,32,18,614,33827
esp32,AES128GCM,sw,encrypt,32,18,615,32882
esp32,AES128GCM,sw,encrypt,32,18,616,33827
esp32,AES128GCM,sw,encrypt,32,18,617,32882
esp32,AES128GCM,sw,encrypt,32,18,618,33827
esp32,AES128GCM,sw,encrypt,32,18,619,32882
esp32,AES128GCM,sw,encrypt,32,18,620,33827
esp32,AES128GCM,sw,encrypt,32,18,621,32882
esp32,AES128GCM,sw,encrypt,32,18,622,33827
esp32,AES128GCM,sw,encrypt,32,18,623,32882
esp32,AES128GCM,sw,encrypt,32,18,624,33827
esp32,AES128GCM,sw,encrypt,32,18,625,34256
esp32,AES128GCM,sw,encrypt,32,18,626,33827
esp32,AES128GCM,sw,encrypt,32,18,627,32882
esp32,AES128GCM,sw,encrypt,32,18,628,33827
esp32,AES128GCM,sw,encrypt,32,18,629,32882
esp32,AES128GCM,sw,encrypt,32,18,630,33827
esp32,AES128GCM,sw,encrypt,32,18,631,32882
esp32,AES128GCM,sw,encrypt,32,18,632,33827
esp32,AES128GCM,sw,encrypt,32,18,633,32882
esp32,AES128GCM,sw,encrypt,32,18,634,33827
esp32,AES128GCM,sw,encrypt,32,18,635,32882
esp32,AES128GCM,sw,encrypt,32,18,636,33827
esp32,AES128GCM,sw,encrypt,32,18,637,32882
esp32,AES128GCM,sw,encrypt,32,18,638,33827
esp32,AES128GCM,sw,encrypt,32,18,639,32882
esp32,AES128GCM,sw,encrypt,32,18,640,33827
esp32,AES128GCM,sw,encrypt,32,18,641,32882
esp32,AES128GCM,sw,encrypt,32,18,642,33827
esp32,AES128GCM,sw,encrypt,32,18,643,32882
esp32,AES128GCM,sw,encrypt,32,18,644,33827
esp32,AES128GCM,sw,encrypt,32,18,645,32882
esp32,AES128GCM,sw,encrypt,32,18,646,33827
esp32,AES128GCM,sw,encrypt,32,18,647,32882
esp32,AES128GCM,sw,encrypt,32,18,648,33827
esp32,AES128GCM,sw,encrypt,32,18,649,32882
esp32,AES128GCM,sw,encrypt,32,18,650,33827
esp32,AES128GCM,sw,encrypt,32,18,651,32882
esp32,AES128GCM,sw,encrypt,32,18,652,33827
esp32,AES128GCM,sw,encrypt,32,18,653,32882
esp32,AES128GCM,sw,encrypt,32,18,654,33827
esp32,AES128GCM,sw,encrypt,32,18,655,32882
esp32,AES128GCM,sw,encrypt,32,18,656,33827
esp32,AES128GCM,sw,encrypt,32,18,657,32882
esp32,AES128GCM,sw,encrypt,32,18,658,33827
esp32,AES128GCM,sw,encrypt,32,18,659,32882
esp32,AES128GCM,sw,encrypt,32,18,660,33827
esp32,AES128GCM,sw,encrypt,32,18,661,32882
esp32,AES128GCM,sw,encrypt,32,18,662,33827
esp32,AES128GCM,sw,encrypt,32,18,663,32882
esp32,AES128GCM,sw,encrypt,32,18,664,33827
esp32,AES128GCM,sw,encrypt,32,18,665,32882
esp32,AES128GCM,sw,encrypt,32,18,666,33827
esp32,AES128GCM,sw,encrypt,32,18,667,32882
esp32,AES128GCM,sw,encrypt,32,18,668,33827
esp32,AES128GCM,sw,encrypt,32,18,669,32882
esp32,AES128GCM,sw,encrypt,32,18,670,33827
esp32,AES128GCM,sw,encrypt,32,18,671,32882
esp32,AES128GCM,sw,encrypt,32,18,672,33827
esp32,AES128GCM,sw,encrypt,32,18,673,32882
esp32,AES128GCM,sw,encrypt,32,18,674,33827
esp32,AES128GCM,sw,encrypt,32,18,675,32882
esp32,AES128GCM,sw,encrypt,32,18,676,33827
esp32,AES128GCM,sw,encrypt,32,18,677,32882
esp32,AES128GCM,sw,encrypt,32,18,678,33827
esp32,AES128GCM,sw,encrypt,32,18,679,32882
esp32,AES128GCM,sw,encrypt,32,18,680,33829
esp32,AES128GCM,sw,encrypt,32,18,681,32882
esp32,AES128GCM,sw,encrypt,32,18,682,33827
esp32,AES128GCM,sw,encrypt,32,18,683,32882
esp32,AES128GCM,sw,encrypt,32,18,684,33827
esp32,AES128GCM,sw,encrypt,32,18,685,32882
esp32,AES128GCM,sw,encrypt,32,18,686,33827
esp32,AES128GCM,sw,encrypt,32,18,687,32882
esp32,AES128GCM,sw,encrypt,32,18,688,33827
esp32,AES128GCM,sw,encrypt,32,18,689,32882
esp32,AES128GCM,sw,encrypt,32,18,690,33827
esp32,AES128GCM,sw,encrypt,32,18,691,32882
esp32,AES128GCM,sw,encrypt,32,18,692,33827
esp32,AES128GCM,sw,encrypt,32,18,693,32882
esp32,AES128GCM,sw,encrypt,32,18,694,33827
esp32,AES128GCM,sw,encrypt,32,18,695,32882
esp32,AES128GCM,sw,encrypt,32,18,696,33827
esp32,AES128GCM,sw,encrypt,32,18,697,32882
esp32,AES128GCM,sw,encrypt,32,18,698,33827
esp32,AES128GCM,sw,encrypt,32,18,699,32882
esp32,AES128GCM,sw,encrypt,32,18,700,33827
esp32,AES128GCM,sw,encrypt,32,18,701,32882
esp32,AES128GCM,sw,encrypt,32,18,702,33827
esp32,AES128GCM,sw,encrypt,32,18,703,32882
esp32,AES128GCM,sw,encrypt,32,18,704,33827
esp32,AES128GCM,sw,encrypt,32,18,705,32882
esp32,AES128GCM,sw,encrypt,32,18,706,33827
esp32,AES128GCM,sw,encrypt,32,18,707,32882
esp32,AES128GCM,sw,encrypt,32,18,708,33827
esp32,AES128GCM,sw,encrypt,32,18,709,32882
esp32,AES128GCM,sw,encrypt,32,18,710,33827
esp32,AES128GCM,sw,encrypt,32,18,711,32882
esp32,AES128GCM,sw,encrypt,32,18,712,33827
esp32,AES128GCM,sw,encrypt,32,18,713,32882
esp32,AES128GCM,sw,encrypt,32,18,714,35027
esp32,AES128GCM,sw,encrypt,32,18,715,32882
esp32,AES128GCM,sw,encrypt,32,18,716,33827
esp32,AES128GCM,sw,encrypt,32,18,717,32882
esp32,AES128GCM,sw,encrypt,32,18,718,33827
esp32,AES128GCM,sw,encrypt,32,18,719,32882
esp32,AES128GCM,sw,encrypt,32,18,720,33827
esp32,AES128GCM,sw,encrypt,32,18,721,32882
esp32,AES128GCM,sw,encrypt,32,18,722,33827
esp32,AES128GCM,sw,encrypt,32,18,723,32882
esp32,AES128GCM,sw,encrypt,32,18,724,33827
esp32,AES128GCM,sw,encrypt,32,18,725,32882
esp32,AES128GCM,sw,encrypt,32,18,726,33827
esp32,AES128GCM,sw,encrypt,32,18,727,32882
esp32,AES128GCM,sw,encrypt,32,18,728,33827
esp32,AES128GCM,sw,encrypt,32,18,729,32882
esp32,AES128GCM,sw,encrypt,32,18,730,33827
esp32,AES128GCM,sw,encrypt,32,18,731,32882
esp32,AES128GCM,sw,encrypt,32,18,732,33827
esp32,AES128GCM,sw,encrypt,32,18,733,32882
esp32,AES128GCM,sw,encrypt,32,18,734,33827
esp32,AES128GCM,sw,encrypt,32,18,735,32882
esp32,AES128GCM,sw,encrypt,32,18,736,33827
esp32,AES128GCM,sw,encrypt,32,18,737,32882
esp32,AES128GCM,sw,encrypt,32,18,738,33827
esp32,AES128GCM,sw,encrypt,32,18,739,32882
esp32,AES128GCM,sw,encrypt,32,18,740,33827
esp32,AES128GCM,sw,encrypt,32,18,741,32882
esp32,AES128GCM,sw,encrypt,32,18,742,33827
esp32,AES128GCM,sw,encrypt,32,18,743,32888
esp32,AES128GCM,sw,encrypt,32,18,744,33827
esp32,AES128GCM,sw,encrypt,32,18,745,32882
esp32,AES128GCM,sw,encrypt,32,18,746,33827
esp32,AES128GCM,sw,encrypt,32,18,747,32882
esp32,AES128GCM,sw,encrypt,32,18,748,33827
esp32,AES128GCM,sw,encrypt,32,18,749,32882
esp32,AES128GCM,sw,encrypt,32,18,750,33827
esp32,AES128GCM,sw,encrypt,32,18,751,32882
esp32,AES128GCM,sw,encrypt,32,18,752,33827
esp32,AES128GCM,sw,encrypt,32,18,753,32882
esp32,AES128GCM,sw,encrypt,32,18,754,33827
esp32,AES128GCM,sw,encrypt,32,18,755,32882
esp32,AES128GCM,sw,encrypt,32,18,756,33827
esp32,AES128GCM,sw,encrypt,32,18,757,32882
esp32,AES128GCM,sw,encrypt,32,18,758,33827
esp32,AES128GCM,sw,encrypt,32,18,759,32882
esp32,AES128GCM,sw,encrypt,32,18,760,33827
esp32,AES128GCM,sw,encrypt,32,18,761,32882
esp32,AES128GCM,sw,encrypt,32,18,762,33827
esp32,AES128GCM,sw,encrypt,32,18,763,32882
esp32,AES128GCM,sw,encrypt,32,18,764,33827
esp32,AES128GCM,sw,encrypt,32,18,765,32882
esp32,AES128GCM,sw,encrypt,32,18,766,33827
esp32,AES128GCM,sw,encrypt,32,18,767,32882
esp32,AES128GCM,sw,encrypt,32,18,768,33827
esp32,AES128GCM,sw,encrypt,32,18,769,34127
esp32,AES128GCM,sw,encrypt,32,18,770,33827
esp32,AES128GCM,sw,encrypt,32,18,771,32882
esp32,AES128GCM,sw,encrypt,32,18,772,33827
esp32,AES128GCM,sw,encrypt,32,18,773,32882
esp32,AES128GCM,sw,encrypt,32,18,774,33827
esp32,AES128GCM,sw,encrypt,32,18,775,32882
esp32,AES128GCM,sw,encrypt,32,18,776,33827
esp32,AES128GCM,sw,encrypt,32,18,777,32882
esp32,AES128GCM,sw,encrypt,32,18,778,33827
esp32,AES128GCM,sw,encrypt,32,18,779,32882
esp32,AES128GCM,sw,encrypt,32,18,780,33827
esp32,AES128GCM,sw,encrypt,32,18,781,32882
esp32,AES128GCM,sw,encrypt,32,18,782,33827
esp32,AES128GCM,sw,encrypt,32,18,783,32882
esp32,AES128GCM,sw,encrypt,32,18,784,33827
esp32,AES128GCM,sw,encrypt,32,18,785,32882
esp32,AES128GCM,sw,encrypt,32,18,786,33827
esp32,AES128GCM,sw,encrypt,32,18,787,32882
esp32,AES128GCM,sw,encrypt,32,18,788,33827
esp32,AES128GCM,sw,encrypt,32,18,789,32882
esp32,AES128GCM,sw,encrypt,32,18,790,33827
esp32,AES128GCM,sw,encrypt,32,18,791,32882
esp32,AES128GCM,sw,encrypt,32,18,792,33827
esp32,AES128GCM,sw,encrypt,32,18,793,32882
esp32,AES128GCM,sw,encrypt,32,18,794,33827
esp32,AES128GCM,sw,encrypt,32,18,795,32882
esp32,AES128GCM,sw,encrypt,32,18,796,33827
esp32,AES128GCM,sw,encrypt,32,18,797,32882
esp32,AES128GCM,sw,encrypt,32,18,798,33827
esp32,AES128GCM,sw,encrypt,32,18,799,32882
esp32,AES128GCM,sw,encrypt,32,18,800,33827
esp32,AES128GCM,sw,encrypt,32,18,801,32882
esp32,AES128GCM,sw,encrypt,32,18,802,33827
esp32,AES128GCM,sw,encrypt,32,18,803,32882
esp32,AES128GCM,sw,encrypt,32,18,804,33827
esp32,AES128GCM,sw,encrypt,32,18,805,32882
esp32,AES128GCM,sw,encrypt,32,18,806,33827
esp32,AES128GCM,sw,encrypt,32,18,807,32882
esp32,AES128GCM,sw,encrypt,32,18,808,33827
esp32,AES128GCM,sw,encrypt,32,18,809,32882
esp32,AES128GCM,sw,encrypt,32,18,810,33827
esp32,AES128GCM,sw,encrypt,32,18,811,32882
esp32,AES128GCM,sw,encrypt,32,18,812,33827
esp32,AES128GCM,sw,encrypt,32,18,813,32882
esp32,AES128GCM,sw,encrypt,32,18,814,33827
esp32,AES128GCM,sw,encrypt,32,18,815,32882
esp32,AES128GCM,sw,encrypt,32,18,816,33827
esp32,AES128GCM,sw,encrypt,32,18,817,32882
esp32,AES128GCM,sw,encrypt,32,18,818,33827
esp32,AES128GCM,sw,encrypt,32,18,819,32882
esp32,AES128GCM,sw,encrypt,32,18,820,33827
esp32,AES128GCM,sw,encrypt,32,18,821,32882
esp32,AES128GCM,sw,encrypt,32,18,822,33827
esp32,AES128GCM,sw,encrypt,32,18,823,32882
esp32,AES128GCM,sw,encrypt,32,18,824,33829
esp32,AES128GCM,sw,encrypt,32,18,825,32882
esp32,AES128GCM,sw,encrypt,32,18,826,33827
esp32,AES128GCM,sw,encrypt,32,18,827,32882
esp32,AES128GCM,sw,encrypt,32,18,828,33827
esp32,AES128GCM,sw,encrypt,32,18,829,32882
esp32,AES128GCM,sw,encrypt,32,18,830,33827
esp32,AES128GCM,sw,encrypt,32,18,831,32882
esp32,AES128GCM,sw,encrypt,32,18,832,33827
esp32,AES128GCM,sw,encrypt,32,18,833,32882
esp32,AES128GCM,sw,encrypt,32,18,834,33827
esp32,AES128GCM,sw,encrypt,32,18,835,32882
esp32,AES128GCM,sw,encrypt,32,18,836,33827
esp32,AES128GCM,sw,encrypt,32,18,837,32882
esp32,AES128GCM,sw,encrypt,32,18,838,33827
esp32,AES128GCM,sw,encrypt,32,18,839,32882
esp32,AES128GCM,sw,encrypt,32,18,840,33827
esp32,AES128GCM,sw,encrypt,32,18,841,32882
esp32,AES128GCM,sw,encrypt,32,18,842,33827
esp32,AES128GCM,sw,encrypt,32,18,843,32882
esp32,AES128GCM,sw,encrypt,32,18,844,33827
esp32,AES128GCM,sw,encrypt,32,18,845,32882
esp32,AES128GCM,sw,encrypt,32,18,846,33827
esp32,AES128GCM,sw,encrypt,32,18,847,32882
esp32,AES128GCM,sw,encrypt,32,18,848,33827
esp32,AES128GCM,sw,encrypt,32,18,849,32882
esp32,AES128GCM,sw,encrypt,32,18,850,33827
esp32,AES128GCM,sw,encrypt,32,18,851,32882
esp32,AES128GCM,sw,encrypt,32,18,852,33827
esp32,AES128GCM,sw,encrypt,32,18,853,32882
esp32,AES128GCM,sw,encrypt,32,18,854,33827
esp32,AES128GCM,sw,encrypt,32,18,855,32882
esp32,AES128GCM,sw,encrypt,32,18,856,33827
esp32,AES128GCM,sw,encrypt,32,18,857,32882
esp32,AES128GCM,sw,encrypt,32,18,858,34418
esp32,AES128GCM,sw,encrypt,32,18,859,32882
esp32,AES128GCM,sw,encrypt,32,18,860,33827
esp32,AES128GCM,sw,encrypt,32,18,861,32882
esp32,AES128GCM,sw,encrypt,32,18,862,33827
esp32,AES128GCM,sw,encrypt,32,18,863,32882
esp32,AES128GCM,sw,encrypt,32,18,864,33827
esp32,AES128GCM,sw,encrypt,32,18,865,32882
esp32,AES128GCM,sw,encrypt,32,18,866,33827
esp32,AES128GCM,sw,encrypt,32,18,867,32882
esp32,AES128GCM,sw,encrypt,32,18,868,33827
esp32,AES128GCM,sw,encrypt,32,18,869,32882
esp32,AES128GCM,sw,encrypt,32,18,870,33827
esp32,AES128GCM,sw,encrypt,32,18,871,32882
esp32,AES128GCM,sw,encrypt,32,18,872,33827
esp32,AES128GCM,sw,encrypt,32,18,873,32882
esp32,AES128GCM,sw,encrypt,32,18,874,33827
esp32,AES128GCM,sw,encrypt,32,18,875,32882
esp32,AES128GCM,sw,encrypt,32,18,876,33827
esp32,AES128GCM,sw,encrypt,32,18,877,32882
esp32,AES128GCM,sw,encrypt,32,18,878,33827
esp32,AES128GCM,sw,encrypt,32,18,879,32882
esp32,AES128GCM,sw,encrypt,32,18,880,33827
esp32,AES128GCM,sw,encrypt,32,18,881,32882
esp32,AES128GCM,sw,encrypt,32,18,882,33827
esp32,AES128GCM,sw,encrypt,32,18,883,32882
esp32,AES128GCM,sw,encrypt,32,18,884,33827
esp32,AES128GCM,sw,encrypt,32,18,885,32882
esp32,AES128GCM,sw,encrypt,32,18,886,33827
esp32,AES128GCM,sw,encrypt,32,18,887,32882
esp32,AES128GCM,sw,encrypt,32,18,888,33827
esp32,AES128GCM,sw,encrypt,32,18,889,32882
esp32,AES128GCM,sw,encrypt,32,18,890,33827
esp32,AES128GCM,sw,encrypt,32,18,891,32882
esp32,AES128GCM,sw,encrypt,32,18,892,33827
esp32,AES128GCM,sw,encrypt,32,18,893,32882
esp32,AES128GCM,sw,encrypt,32,18,894,33827
esp32,AES128GCM,sw,encrypt,32,18,895,32882
esp32,AES128GCM,sw,encrypt,32,18,896,33827
esp32,AES128GCM,sw,encrypt,32,18,897,32882
esp32,AES128GCM,sw,encrypt,32,18,898,33827
esp32,AES128GCM,sw,encrypt,32,18,899,32882
esp32,AES128GCM,sw,encrypt,32,18,900,33827
esp32,AES128GCM,sw,encrypt,32,18,901,32882
esp32,AES128GCM,sw,encrypt,32,18,902,33827
esp32,AES128GCM,sw,encrypt,32,18,903,32882
esp32,AES128GCM,sw,encrypt,32,18,904,33827
esp32,AES128GCM,sw,encrypt,32,18,905,32882
esp32,AES128GCM,sw,encrypt,32,18,906,33827
esp32,AES128GCM,sw,encrypt,32,18,907,32882
esp32,AES128GCM,sw,encrypt,32,18,908,33827
esp32,AES128GCM,sw,encrypt,32,18,909,32882
esp32,AES128GCM,sw,encrypt,32,18,910,33827
esp32,AES128GCM,sw,encrypt,32,18,911,32882
esp32,AES128GCM,sw,encrypt,32,18,912,33827
esp32,AES128GCM,sw,encrypt,32,18,913,34127
esp32,AES128GCM,sw,encrypt,32,18,914,33827
esp32,AES128GCM,sw,encrypt,32,18,915,32882
esp32,AES128GCM,sw,encrypt,32,18,916,33827
esp32,AES128GCM,sw,encrypt,32,18,917,32882
esp32,AES128GCM,sw,encrypt,32,18,918,33827
esp32,AES128GCM,sw,encrypt,32,18,919,32882
esp32,AES128GCM,sw,encrypt,32,18,920,33827
esp32,AES128GCM,sw,encrypt,32,18,921,32882
esp32,AES128GCM,sw,encrypt,32,18,922,33827
esp32,AES128GCM,sw,encrypt,32,18,923,32882
esp32,AES128GCM,sw,encrypt,32,18,924,33827
esp32,AES128GCM,sw,encrypt,32,18,925,32882
esp32,AES128GCM,sw,encrypt,32,18,926,33827
esp32,AES128GCM,sw,encrypt,32,18,927,32882
esp32,AES128GCM,sw,encrypt,32,18,928,33827
esp32,AES128GCM,sw,encrypt,32,18,929,32882
esp32,AES128GCM,sw,encrypt,32,18,930,33827
esp32,AES128GCM,sw,encrypt,32,18,931,32882
esp32,AES128GCM,sw,encrypt,32,18,932,33827
esp32,AES128GCM,sw,encrypt,32,18,933,32882
esp32,AES128GCM,sw,encrypt,32,18,934,33827
esp32,AES128GCM,sw,encrypt,32,18,935,32882
esp32,AES128GCM,sw,encrypt,32,18,936,33827
esp32,AES128GCM,sw,encrypt,32,18,937,32882
esp32,AES128GCM,sw,encrypt,32,18,938,33827
esp32,AES128GCM,sw,encrypt,32,18,939,32882
esp32,AES128GCM,sw,encrypt,32,18,940,33827
esp32,AES128GCM,sw,encrypt,32,18,941,32882
esp32,AES128GCM,sw,encrypt,32,18,942,33827
esp32,AES128GCM,sw,encrypt,32,18,943,32882
esp32,AES128GCM,sw,encrypt,32,18,944,33827
esp32,AES128GCM,sw,encrypt,32,18,945,32882
esp32,AES128GCM,sw,encrypt,32,18,946,33827
esp32,AES128GCM,sw,encrypt,32,18,947,32882
esp32,AES128GCM,sw,encrypt,32,18,948,33827
esp32,AES128GCM,sw,encrypt,32,18,949,32882
esp32,AES128GCM,sw,encrypt,32,18,950,33827
esp32,AES128GCM,sw,encrypt,32,18,951,32882
esp32,AES128GCM,sw,encrypt,32,18,952,33827
esp32,AES128GCM,sw,encrypt,32,18,953,32882
esp32,AES128GCM,sw,encrypt,32,18,954,33827
esp32,AES128GCM,sw,encrypt,32,18,955,32882
esp32,AES128GCM,sw,encrypt,32,18,956,33827
esp32,AES128GCM,sw,encrypt,32,18,957,32882
esp32,AES128GCM,sw,encrypt,32,18,958,33827
esp32,AES128GCM,sw,encrypt,32,18,959,32882
esp32,AES128GCM,sw,encrypt,32,18,960,33827
esp32,AES128GCM,sw,encrypt,32,18,961,32882
esp32,AES128GCM,sw,encrypt,32,18,962,33827
esp32,AES128GCM,sw,encrypt,32,18,963,32882
esp32,AES128GCM,sw,encrypt,32,18,964,33827
esp32,AES128GCM,sw,encrypt,32,18,965,32882
esp32,AES128GCM,sw,encrypt,32,18,966,33827
esp32,AES128GCM,sw,encrypt,32,18,967,32882
esp32,AES128GCM,sw,encrypt,32,18,968,33829
esp32,AES128GCM,sw,encrypt,32,18,969,32882
esp32,AES128GCM,sw,encrypt,32,18,970,33827
esp32,AES128GCM,sw,encrypt,32,18,971,32882
esp32,AES128GCM,sw,encrypt,32,18,972,33827
esp32,AES128GCM,sw,encrypt,32,18,973,32882
esp32,AES128GCM,sw,encrypt,32,18,974,33827
esp32,AES128GCM,sw,encrypt,32,18,975,32882
esp32,AES128GCM,sw,encrypt,32,18,976,33827
esp32,AES128GCM,sw,encrypt,32,18,977,32882
esp32,AES128GCM,sw,encrypt,32,18,978,33827
esp32,AES128GCM,sw,encrypt,32,18,979,32882
esp32,AES128GCM,sw,encrypt,32,18,980,33827
esp32,AES128GCM,sw,encrypt,32,18,981,32882
esp32,AES128GCM,sw,encrypt,32,18,982,33827
esp32,AES128GCM,sw,encrypt,32,18,983,32882
esp32,AES128GCM,sw,encrypt,32,18,984,33827
esp32,AES128GCM,sw,encrypt,32,18,985,32882
esp32,AES128GCM,sw,encrypt,32,18,986,33827
esp32,AES128GCM,sw,encrypt,32,18,987,32882
esp32,AES128GCM,sw,encrypt,32,18,988,33827
esp32,AES128GCM,sw,encrypt,32,18,989,32882
esp32,AES128GCM,sw,encrypt,32,18,990,33827
esp32,AES128GCM,sw,encrypt,32,18,991,32882
esp32,AES128GCM,sw,encrypt,32,18,992,33827
esp32,AES128GCM,sw,encrypt,32,18,993,32882
esp32,AES128GCM,sw,encrypt,32,18,994,33827
esp32,AES128GCM,sw,encrypt,32,18,995,32882
esp32,AES128GCM,sw,encrypt,32,18,996,33827
esp32,AES128GCM,sw,encrypt,32,18,997,32882
esp32,AES128GCM,sw,encrypt,32,18,998,33827
esp32,AES128GCM,sw,encrypt,32,18,999,32882
stack,esp32,AES128GCM,sw,encrypt,32,14084
esp32,AES128GCM,sw,decrypt,32,18,0,32991
esp32,AES128GCM,sw,decrypt,32,18,1,35841
esp32,AES128GCM,sw,decrypt,32,18,2,34890
esp32,AES128GCM,sw,decrypt,32,18,3,35841
esp32,AES128GCM,sw,decrypt,32,18,4,34890
esp32,AES128GCM,sw,decrypt,32,18,5,35841
esp32,AES128GCM,sw,decrypt,32,18,6,34890
esp32,AES128GCM,sw,decrypt,32,18,7,35841
esp32,AES128GCM,sw,decrypt,32,18,8,34890
esp32,AES128GCM,sw,decrypt,32,18,9,35841
esp32,AES128GCM,sw,decrypt,32,18,10,34890
esp32,AES128GCM,sw,decrypt,32,18,11,35841
esp32,AES128GCM,sw,decrypt,32,18,12,36093
esp32,AES128GCM,sw,decrypt,32,18,13,35841
esp32,AES128GCM,sw,decrypt,32,18,14,34890
esp32,AES128GCM,sw,decrypt,32,18,15,35841
esp32,AES128GCM,sw,decrypt,32,18,16,34890
esp32,AES128GCM,sw,decrypt,32,18,17,35841
esp32,AES128GCM,sw,decrypt,32,18,18,34890
esp32,AES128GCM,sw,decrypt,32,18,19,35841
esp32,AES128GCM,sw,decrypt,32,18,20,34890
esp32,AES128GCM,sw,decrypt,32,18,21,35841
esp32,AES128GCM,sw,decrypt,32,18,22,34890
esp32,AES128GCM,sw,decrypt,32,18,23,35841
esp32,AES128GCM,sw,decrypt,32,18,24,34890
esp32,AES128GCM,sw,decrypt,32,18,25,35841
esp32,AES128GCM,sw,decrypt,32,18,26,34890
esp32,AES128GCM,sw,decrypt,32,18,27,35841
esp32,AES128GCM,sw,decrypt,32,18,28,34890
esp32,AES128GCM,sw,decrypt,32,18,29,35841
esp32,AES128GCM,sw,decrypt,32,18,30,34890
esp32,AES128GCM,sw,decrypt,32,18,31,35841
esp32,AES128GCM,sw,decrypt,32,18,32,34890
esp32,AES128GCM,sw,decrypt,32,18,33,35841
esp32,AES128GCM,sw,decrypt,32,18,34,34890
esp32,AES128GCM,sw,decrypt,32,18,35,35841
esp32,AES128GCM,sw,decrypt,32,18,36,34890
esp32,AES128GCM,sw,decrypt,32,18,37,35841
esp32,AES128GCM,sw,decrypt,32,18,38,34890
esp32,AES128GCM,sw,decrypt,32,18,39,35840
esp32,AES128GCM,sw,decrypt,32,18,40,34890
esp32,AES128GCM,sw,decrypt,32,18,41,35841
esp32,AES128GCM,sw,decrypt,32,18,42,34890
esp32,AES128GCM,sw,decrypt,32,18,43,35841
esp32,AES128GCM,sw,decrypt,32,18,44,34890
esp32,AES128GCM,sw,decrypt,32,18,45,35841
esp32,AES128GCM,sw,decrypt,32,18,46,34890
esp32,AES128GCM,sw,decrypt,32,18,47,35841
esp32,AES128GCM,sw,decrypt,32,18,48,34890
esp32,AES128GCM,sw,decrypt,32,18,49,35841
esp32,AES128GCM,sw,decrypt,32,18,50,34890
esp32,AES128GCM,sw,decrypt,32,18,51,35841
esp32,AES128GCM,sw,decrypt,32,18,52,34890
esp32,AES128GCM,sw,decrypt,32,18,53,35841
esp32,AES128GCM,sw,decrypt,32,18,54,34890
esp32,AES128GCM,sw,decrypt,32,18,55,35841
esp32,AES128GCM,sw,decrypt,32,18,56,34890
esp32,AES128GCM,sw,decrypt,32,18,57,35841
esp32,AES128GCM,sw,decrypt,32,18,58,34890
esp32,AES128GCM,sw,decrypt,32,18,59,35841
esp32,AES128GCM,sw,decrypt,32,18,60,34890
esp32,AES128GCM,sw,decrypt,32,18,61,35841
esp32,AES128GCM,sw,decrypt,32,18,62,34890
esp32,AES128GCM,sw,decrypt,32,18,63,35841
esp32,AES128GCM,sw,decrypt,32,18,64,34890
esp32,AES128GCM,sw,decrypt,32,18,65,35841
esp32,AES128GCM,sw,decrypt,32,18,66,34890
esp32,AES128GCM,sw,decrypt,32,18,67,35841
esp32,AES128GCM,sw,decrypt,32,18,68,34890
esp32,AES128GCM,sw,decrypt,32,18,69,35841
esp32,AES128GCM,sw,decrypt,32,18,70,34890
esp32,AES128GCM,sw,decrypt,32,18,71,35841
esp32,AES128GCM,sw,decrypt,32,18,72,34890
esp32,AES128GCM,sw,decrypt,32,18,73,35841
esp32,AES128GCM,sw,decrypt,32,18,74,34890
esp32,AES128GCM,sw,decrypt,32,18,75,35841
esp32,AES128GCM,sw,decrypt,32,18,76,34890
esp32,AES128GCM,sw,decrypt,32,18,77,35841
esp32,AES128GCM,sw,decrypt,32,18,78,34890
esp32,AES128GCM,sw,decrypt,32,18,79,35841
esp32,AES128GCM,sw,decrypt,32,18,80,34890
esp32,AES128GCM,sw,decrypt,32,18,81,35841
esp32,AES128GCM,sw,decrypt,32,18,82,34890
esp32,AES128GCM,sw,decrypt,32,18,83,35841
esp32,AES128GCM,sw,decrypt,32,18,84,34890
esp32,AES128GCM,sw,decrypt,32,18,85,35841
esp32,AES128GCM,sw,decrypt,32,18,86,34890
esp32,AES128GCM,sw,decrypt,32,18,87,37086
esp32,AES128GCM,sw,decrypt,32,18,88,34890
esp32,AES128GCM,sw,decrypt,32,18,89,35841
esp32,AES128GCM,sw,decrypt,32,18,90,34890
esp32,AES128GCM,sw,decrypt,32,18,91,35841
esp32,AES128GCM,sw,decrypt,32,18,92,34890
esp32,AES128GCM,sw,decrypt,32,18,93,35841
esp32,AES128GCM,sw,decrypt,32,18,94,34890
esp32,AES128GCM,sw,decrypt,32,18,95,35841
esp32,AES128GCM,sw,decrypt,32,18,96,34890
esp32,AES128GCM,sw,decrypt,32,18,97,35841
esp32,AES128GCM,sw,decrypt,32,18,98,34890
esp32,AES128GCM,sw,decrypt,32,18,99,35841
esp32,AES128GCM,sw,decrypt,32,18,100,34890
esp32,AES128GCM,sw,decrypt,32,18,101,35841
esp32,AES128GCM,sw,decrypt,32,18,102,34890
esp32,AES128GCM,sw,decrypt,32,18,103,37002
esp32,AES128GCM,sw,decrypt,32,18,104,34890
esp32,AES128GCM,sw,decrypt,32,18,105,35841
esp32,AES128GCM,sw,decrypt,32,18,106,34890
esp32,AES128GCM,sw,decrypt,32,18,107,35841
esp32,AES128GCM,sw,decrypt,32,18,108,34890
esp32,AES128GCM,sw,decrypt,32,18,109,35841
esp32,AES128GCM,sw,decrypt,32,18,110,34890
esp32,AES128GCM,sw,decrypt,32,18,111,35841
esp32,AES128GCM,sw,decrypt,32,18,112,34890
esp32,AES128GCM,sw,decrypt,32,18,113,35841
esp32,AES128GCM,sw,decrypt,32,18,114,34890
esp32,AES128GCM,sw,decrypt,32,18,115,35841
esp32,AES128GCM,sw,decrypt,32,18,116,34890
esp32,AES128GCM,sw,decrypt,32,18,117,35841
esp32,AES128GCM,sw,decrypt,32,18,118,34890
esp32,AES128GCM,sw,decrypt,32,18,119,35841
esp32,AES128GCM,sw,decrypt,32,18,120,34890
esp32,AES128GCM,sw,decrypt,32,18,121,35841
esp32,AES128GCM,sw,decrypt,32,18,122,34890
esp32,AES128GCM,sw,decrypt,32,18,123,35841
esp32,AES128GCM,sw,decrypt,32,18,124,34889
esp32,AES128GCM,sw,decrypt,32,18,125,35841
esp32,AES128GCM,sw,decrypt,32,18,126,34890
esp32,AES128GCM,sw,decrypt,32,18,127,35841
esp32,AES128GCM,sw,decrypt,32,18,128,34890
esp32,AES128GCM,sw,decrypt,32,18,129,35841
esp32,AES128GCM,sw,decrypt,32,18,130,34890
esp32,AES128GCM,sw,decrypt,32,18,131,35841
esp32,AES128GCM,sw,decrypt,32,18,132,34890
esp32,AES128GCM,sw,decrypt,32,18,133,35841
esp32,AES128GCM,sw,decrypt,32,18,134,34890
esp32,AES128GCM,sw,decrypt,32,18,135,35841
esp32,AES128GCM,sw,decrypt,32,18,136,34890
esp32,AES128GCM,sw,decrypt,32,18,137,35841
esp32,AES128GCM,sw,decrypt,32,18,138,34890
esp32,AES128GCM,sw,decrypt,32,18,139,35841
esp32,AES128GCM,sw,decrypt,32,18,140,34890
esp32,AES128GCM,sw,decrypt,32,18,141,35841
esp32,AES128GCM,sw,decrypt,32,18,142,34890
esp32,AES128GCM,sw,decrypt,32,18,143,35841
esp32,AES128GCM,sw,decrypt,32,18,144,34890
esp32,AES128GCM,sw,decrypt,32,18,145,35841
esp32,AES128GCM,sw,decrypt,32,18,146,34890
esp32,AES128GCM,sw,decrypt,32,18,147,35841
esp32,AES128GCM,sw,decrypt,32,18,148,34890
esp32,AES128GCM,sw,decrypt,32,18,149,35841
esp32,AES128GCM,sw,decrypt,32,18,150,34890
esp32,AES128GCM,sw,decrypt,32,18,151,35841
esp32,AES128GCM,sw,decrypt,32,18,152,34890
esp32,AES128GCM,sw,decrypt,32,18,153,35841
esp32,AES128GCM,sw,decrypt,32,18,154,34890
esp32,AES128GCM,sw,decrypt,32,18,155,35841
esp32,AES128GCM,sw,decrypt,32,18,156,34890
esp32,AES128GCM,sw,decrypt,32,18,157,35841
esp32,AES128GCM,sw,decrypt,32,18,158,36093
esp32,AES128GCM,sw,decrypt,32,18,159,35841
esp32,AES128GCM,sw,decrypt,32,18,160,34890
esp32,AES128GCM,sw,decrypt,32,18,161,35841
esp32,AES128GCM,sw,decrypt,32,18,162,34890
esp32,AES128GCM,sw,decrypt,32,18,163,35841
esp32,AES128GCM,sw,decrypt,32,18,164,34890
esp32,AES128GCM,sw,decrypt,32,18,165,35841
esp32,AES128GCM,sw,decrypt,32,18,166,34890
esp32,AES128GCM,sw,decrypt,32,18,167,35841
esp32,AES128GCM,sw,decrypt,32,18,168,34890
esp32,AES128GCM,sw,decrypt,32,18,169,35841
esp32,AES128GCM,sw,decrypt,32,18,170,34890
esp32,AES128GCM,sw,decrypt,32,18,171,35841
esp32,AES128GCM,sw,decrypt,32,18,172,34890
esp32,AES128GCM,sw,decrypt,32,18,173,35841
esp32,AES128GCM,sw,decrypt,32,18,174,34890
esp32,AES128GCM,sw,decrypt,32,18,175,35841
esp32,AES128GCM,sw,decrypt,32,18,176,34890
esp32,AES128GCM,sw,decrypt,32,18,177,35841
esp32,AES128GCM,sw,decrypt,32,18,178,34890
esp32,AES128GCM,sw,decrypt,32,18,179,35841
esp32,AES128GCM,sw,decrypt,32,18,180,34890
esp32,AES128GCM,sw,decrypt,32,18,181,35841
esp32,AES128GCM,sw,decrypt,32,18,182,34890
esp32,AES128GCM,sw,decrypt,32,18,183,35841
esp32,AES128GCM,sw,decrypt,32,18,184,34890
esp32,AES128GCM,sw,decrypt,32,18,185,35841
esp32,AES128GCM,sw,decrypt,32,18,186,34890
esp32,AES128GCM,sw,decrypt,32,18,187,35850
esp32,AES128GCM,sw,decrypt,32,18,188,34890
esp32,AES128GCM,sw,decrypt,32,18,189,35841
esp32,AES128GCM,sw,decrypt,32,18,190,34890
esp32,AES128GCM,sw,decrypt,32,18,191,35841
esp32,AES128GCM,sw,decrypt,32,18,192,34890
esp32,AES128GCM,sw,decrypt,32,18,193,35841
esp32,AES128GCM,sw,decrypt,32,18,194,34890
esp32,AES128GCM,sw,decrypt,32,18,195,35841
esp32,AES128GCM,sw,decrypt,32,18,196,34890
esp32,AES128GCM,sw,decrypt,32,18,197,35841
esp32,AES128GCM,sw,decrypt,32,18,198,34890
esp32,AES128GCM,sw,decrypt,32,18,199,35841
esp32,AES128GCM,sw,decrypt,32,18,200,34890
esp32,AES128GCM,sw,decrypt,32,18,201,35841
esp32,AES128GCM,sw,decrypt,32,18,202,34890
esp32,AES128GCM,sw,decrypt,32,18,203,35841
esp32,AES128GCM,sw,decrypt,32,18,204,34890
esp32,AES128GCM,sw,decrypt,32,18,205,35841
esp32,AES128GCM,sw,decrypt,32,18,206,34890
esp32,AES128GCM,sw,decrypt,32,18,207,35841
esp32,AES128GCM,sw,decrypt,32,18,208,34890
esp32,AES128GCM,sw,decrypt,32,18,209,35841
esp32,AES128GCM,sw,decrypt,32,18,210,34890
esp32,AES128GCM,sw,decrypt,32,18,211,35841
esp32,AES128GCM,sw,decrypt,32,18,212,34890
esp32,AES128GCM,sw,decrypt,32,18,213,37215
esp32,AES128GCM,sw,decrypt,32,18,214,34890
esp32,AES128GCM,sw,decrypt,32,18,215,35841
esp32,AES128GCM,sw,decrypt,32,18,216,34890
esp32,AES128GCM,sw,decrypt,32,18,217,35841
esp32,AES128GCM,sw,decrypt,32,18,218,34890
esp32,AES128GCM,sw,decrypt,32,18,219,35841
esp32,AES128GCM,sw,decrypt,32,18,220,34890
esp32,AES128GCM,sw,decrypt,32,18,221,35851
esp32,AES128GCM,sw,decrypt,32,18,222,34890
esp32,AES128GCM,sw,decrypt,32,18,223,35841
esp32,AES128GCM,sw,decrypt,32,18,224,34890
esp32,AES128GCM,sw,decrypt,32,18,225,35841
esp32,AES128GCM,sw,decrypt,32,18,226,34890
esp32,AES128GCM,sw,decrypt,32,18,227,35841
esp32,AES128GCM,sw,decrypt,32,18,228,34890
esp32,AES128GCM,sw,decrypt,32,18,229,35841
esp32,AES128GCM,sw,decrypt,32,18,230,34890
esp32,AES128GCM,sw,decrypt,32,18,231,35841
esp32,AES128GCM,sw,decrypt,32,18,232,34890
esp32,AES128GCM,sw,decrypt,32,18,233,35841
esp32,AES128GCM,sw,decrypt,32,18,234,34890
esp32,AES128GCM,sw,decrypt,32,18,235,35841
esp32,AES128GCM,sw,decrypt,32,18,236,34890
esp32,AES128GCM,sw,decrypt,32,18,237,35841
esp32,AES128GCM,sw,decrypt,32,18,238,34890
esp32,AES128GCM,sw,decrypt,32,18,239,35841
esp32,AES128GCM,sw,decrypt,32,18,240,34890
esp32,AES128GCM,sw,decrypt,32,18,241,35841
esp32,AES128GCM,sw,decrypt,32,18,242,34890
esp32,AES128GCM,sw,decrypt,32,18,243,35841
esp32,AES128GCM,sw,decrypt,32,18,244,34890
esp32,AES128GCM,sw,decrypt,32,18,245,35841
esp32,AES128GCM,sw,decrypt,32,18,246,34890
esp32,AES128GCM,sw,decrypt,32,18,247,35841
esp32,AES128GCM,sw,decrypt,32,18,248,34890
esp32,AES128GCM,sw,decrypt,32,18,249,35841
esp32,AES128GCM,sw,decrypt,32,18,250,34890
esp32,AES128GCM,sw,decrypt,32,18,251,35841
esp32,AES128GCM,sw,decrypt,32,18,252,34890
esp32,AES128GCM,sw,decrypt,32,18,253,35841
esp32,AES128GCM,sw,decrypt,32,18,254,34890
esp32,AES128GCM,sw,decrypt,32,18,255,35841
esp32,AES128GCM,sw,decrypt,32,18,256,34890
esp32,AES128GCM,sw,decrypt,32,18,257,35841
esp32,AES128GCM,sw,decrypt,32,18,258,34890
esp32,AES128GCM,sw,decrypt,32,18,259,35841
esp32,AES128GCM,sw,decrypt,32,18,260,34890
esp32,AES128GCM,sw,decrypt,32,18,261,35841
esp32,AES128GCM,sw,decrypt,32,18,262,34890
esp32,AES128GCM,sw,decrypt,32,18,263,35841
esp32,AES128GCM,sw,decrypt,32,18,264,34890
esp32,AES128GCM,sw,decrypt,32,18,265,35841
esp32,AES128GCM,sw,decrypt,32,18,266,34890
esp32,AES128GCM,sw,decrypt,32,18,267,35841
esp32,AES128GCM,sw,decrypt,32,18,268,34889
esp32,AES128GCM,sw,decrypt,32,18,269,35841
esp32,AES128GCM,sw,decrypt,32,18,270,34890
esp32,AES128GCM,sw,decrypt,32,18,271,35841
esp32,AES128GCM,sw,decrypt,32,18,272,34890
esp32,AES128GCM,sw,decrypt,32,18,273,35841
esp32,AES128GCM,sw,decrypt,32,18,274,34890
esp32,AES128GCM,sw,decrypt,32,18,275,35841
esp32,AES128GCM,sw,decrypt,32,18,276,34890
esp32,AES128GCM,sw,decrypt,32,18,277,35841
esp32,AES128GCM,sw,decrypt,32,18,278,34890
esp32,AES128GCM,sw,decrypt,32,18,279,35841
esp32,AES128GCM,sw,decrypt,32,18,280,34890
esp32,AES128GCM,sw,decrypt,32,18,281,35841
esp32,AES128GCM,sw,decrypt,32,18,282,34890
esp32,AES128GCM,sw,decrypt,32,18,283,35841
esp32,AES128GCM,sw,decrypt,32,18,284,34890
esp32,AES128GCM,sw,decrypt,32,18,285,35841
esp32,AES128GCM,sw,decrypt,32,18,286,34890
esp32,AES128GCM,sw,decrypt,32,18,287,35841
esp32,AES128GCM,sw,decrypt,32,18,288,34890
esp32,AES128GCM,sw,decrypt,32,18,289,35841
esp32,AES128GCM,sw,decrypt,32,18,290,34890
esp32,AES128GCM,sw,decrypt,32,18,291,35841
esp32,AES128GCM,sw,decrypt,32,18,292,34890
esp32,AES128GCM,sw,decrypt,32,18,293,35841
esp32,AES128GCM,sw,decrypt,32,18,294,34890
esp32,AES128GCM,sw,decrypt,32,18,295,35841
esp32,AES128GCM,sw,decrypt,32,18,296,34890
esp32,AES128GCM,sw,decrypt,32,18,297,35841
esp32,AES128GCM,sw,decrypt,32,18,298,34890
esp32,AES128GCM,sw,decrypt,32,18,299,35841
esp32,AES128GCM,sw,decrypt,32,18,300,34890
esp32,AES128GCM,sw,decrypt,32,18,301,35841
esp32,AES128GCM,sw,decrypt,32,18,302,36090
esp32,AES128GCM,sw,decrypt,32,18,303,35841
esp32,AES128GCM,sw,decrypt,32,18,304,34890
esp32,AES128GCM,sw,decrypt,32,18,305,35841
esp32,AES128GCM,sw,decrypt,32,18,306,34890
esp32,AES128GCM,sw,decrypt,32,18,307,35841
esp32,AES128GCM,sw,decrypt,32,18,308,34890
esp32,AES128GCM,sw,decrypt,32,18,309,35841
esp32,AES128GCM,sw,decrypt,32,18,310,34890
esp32,AES128GCM,sw,decrypt,32,18,311,35841
esp32,AES128GCM,sw,decrypt,32,18,312,34890
esp32,AES128GCM,sw,decrypt,32,18,313,35841
esp32,AES128GCM,sw,decrypt,32,18,314,34890
esp32,AES128GCM,sw,decrypt,32,18,315,35841
esp32,AES128GCM,sw,decrypt,32,18,316,34890
esp32,AES128GCM,sw,decrypt,32,18,317,35841
esp32,AES128GCM,sw,decrypt,32,18,318,34890
esp32,AES128GCM,sw,decrypt,32,18,319,35841
esp32,AES128GCM,sw,decrypt,32,18,320,34890
esp32,AES128GCM,sw,decrypt,32,18,321,35841
esp32,AES128GCM,sw,decrypt,32,18,322,34890
esp32,AES128GCM,sw,decrypt,32,18,323,35841
esp32,AES128GCM,sw,decrypt,32,18,324,34890
esp32,AES128GCM,sw,decrypt,32,18,325,35841
esp32,AES128GCM,sw,decrypt,32,18,326,34890
esp32,AES128GCM,sw,decrypt,32,18,327,35841
esp32,AES128GCM,sw,decrypt,32,18,328,34890
esp32,AES128GCM,sw,decrypt,32,18,329,35841
esp32,AES128GCM,sw,decrypt,32,18,330,34890
esp32,AES128GCM,sw,decrypt,32,18,331,35841
esp32,AES128GCM,sw,decrypt,32,18,332,34890
esp32,AES128GCM,sw,decrypt,32,18,333,35841
esp32,AES128GCM,sw,decrypt,32,18,334,34890
esp32,AES128GCM,sw,decrypt,32,18,335,35841
esp32,AES128GCM,sw,decrypt,32,18,336,34890
esp32,AES128GCM,sw,decrypt,32,18,337,35841
esp32,AES128GCM,sw,decrypt,32,18,338,34890
esp32,AES128GCM,sw,decrypt,32,18,339,35841
esp32,AES128GCM,sw,decrypt,32,18,340,34890
esp32,AES128GCM,sw,decrypt,32,18,341,35841
esp32,AES128GCM,sw,decrypt,32,18,342,34890
esp32,AES128GCM,sw,decrypt,32,18,343,35841
esp32,AES128GCM,sw,decrypt,32,18,344,34890
esp32,AES128GCM,sw,decrypt,32,18,345,35841
esp32,AES128GCM,sw,decrypt,32,18,346,34890
esp32,AES128GCM,sw,decrypt,32,18,347,35841
esp32,AES128GCM,sw,decrypt,32,18,348,34890
esp32,AES128GCM,sw,decrypt,32,18,349,35841
esp32,AES128GCM,sw,decrypt,32,18,350,34890
esp32,AES128GCM,sw,decrypt,32,18,351,35841
esp32,AES128GCM,sw,decrypt,32,18,352,34890
esp32,AES128GCM,sw,decrypt,32,18,353,35841
esp32,AES128GCM,sw,decrypt,32,18,354,34890
esp32,AES128GCM,sw,decrypt,32,18,355,35841
esp32,AES128GCM,sw,decrypt,32,18,356,34890
esp32,AES128GCM,sw,decrypt,32,18,357,37086
esp32,AES128GCM,sw,decrypt,32,18,358,34890
esp32,AES128GCM,sw,decrypt,32,18,359,35841
esp32,AES128GCM,sw,decrypt,32,18,360,34890
esp32,AES128GCM,sw,decrypt,32,18,361,35841
esp32,AES128GCM,sw,decrypt,32,18,362,34890
esp32,AES128GCM,sw,decrypt,32,18,363,35841
esp32,AES128GCM,sw,decrypt,32,18,364,34890
esp32,AES128GCM,sw,decrypt,32,18,365,35841
esp32,AES128GCM,sw,decrypt,32,18,366,34890
esp32,AES128GCM,sw,decrypt,32,18,367,35841
esp32,AES128GCM,sw,decrypt,32,18,368,34890
esp32,AES128GCM,sw,decrypt,32,18,369,35841
esp32,AES128GCM,sw,decrypt,32,18,370,34890
esp32,AES128GCM,sw,decrypt,32,18,371,35841
esp32,AES128GCM,sw,decrypt,32,18,372,34890
esp32,AES128GCM,sw,decrypt,32,18,373,35841
esp32,AES128GCM,sw,decrypt,32,18,374,34890
esp32,AES128GCM,sw,decrypt,32,18,375,35841
esp32,AES128GCM,sw,decrypt,32,18,376,34890
esp32,AES128GCM,sw,decrypt,32,18,377,35841
esp32,AES128GCM,sw,decrypt,32,18,378,34890
esp32,AES128GCM,sw,decrypt,32,18,379,35841
esp32,AES128GCM,sw,decrypt,32,18,380,34890
esp32,AES128GCM,sw,decrypt,32,18,381,35841
esp32,AES128GCM,sw,decrypt,32,18,382,34890
esp32,AES128GCM,sw,decrypt,32,18,383,35841
esp32,AES128GCM,sw,decrypt,32,18,384,34890
esp32,AES128GCM,sw,decrypt,32,18,385,35841
esp32,AES128GCM,sw,decrypt,32,18,386,34890
esp32,AES128GCM,sw,decrypt,32,18,387,35841
esp32,AES128GCM,sw,decrypt,32,18,388,34890
esp32,AES128GCM,sw,decrypt,32,18,389,35841
esp32,AES128GCM,sw,decrypt,32,18,390,34890
esp32,AES128GCM,sw,decrypt,32,18,391,35841
esp32,AES128GCM,sw,decrypt,32,18,392,34890
esp32,AES128GCM,sw,decrypt,32,18,393,35841
esp32,AES128GCM,sw,decrypt,32,18,394,34890
esp32,AES128GCM,sw,decrypt,32,18,395,35841
esp32,AES128GCM,sw,decrypt,32,18,396,34890
esp32,AES128GCM,sw,decrypt,32,18,397,35841
esp32,AES128GCM,sw,decrypt,32,18,398,34890
esp32,AES128GCM,sw,decrypt,32,18,399,35841
esp32,AES128GCM,sw,decrypt,32,18,400,34890
esp32,AES128GCM,sw,decrypt,32,18,401,35841
esp32,AES128GCM,sw,decrypt,32,18,402,34890
esp32,AES128GCM,sw,decrypt,32,18,403,35841
esp32,AES128GCM,sw,decrypt,32,18,404,34890
esp32,AES128GCM,sw,decrypt,32,18,405,35841
esp32,AES128GCM,sw,decrypt,32,18,406,34890
esp32,AES128GCM,sw,decrypt,32,18,407,35841
esp32,AES128GCM,sw,decrypt,32,18,408,34890
esp32,AES128GCM,sw,decrypt,32,18,409,35841
esp32,AES128GCM,sw,decrypt,32,18,410,34890
esp32,AES128GCM,sw,decrypt,32,18,411,35841
esp32,AES128GCM,sw,decrypt,32,18,412,34889
esp32,AES128GCM,sw,decrypt,32,18,413,35841
esp32,AES128GCM,sw,decrypt,32,18,414,34890
esp32,AES128GCM,sw,decrypt,32,18,415,35841
esp32,AES128GCM,sw,decrypt,32,18,416,34890
esp32,AES128GCM,sw,decrypt,32,18,417,35841
esp32,AES128GCM,sw,decrypt,32,18,418,34890
esp32,AES128GCM,sw,decrypt,32,18,419,35841
esp32,AES128GCM,sw,decrypt,32,18,420,34890
esp32,AES128GCM,sw,decrypt,32,18,421,35841
esp32,AES128GCM,sw,decrypt,32,18,422,34890
esp32,AES128GCM,sw,decrypt,32,18,423,35841
esp32,AES128GCM,sw,decrypt,32,18,424,34890
esp32,AES128GCM,sw,decrypt,32,18,425,35841
esp32,AES128GCM,sw,decrypt,32,18,426,34890
esp32,AES128GCM,sw,decrypt,32,18,427,35841
esp32,AES128GCM,sw,decrypt,32,18,428,34890
esp32,AES128GCM,sw,decrypt,32,18,429,35841
esp32,AES128GCM,sw,decrypt,32,18,430,34890
esp32,AES128GCM,sw,decrypt,32,18,431,35841
esp32,AES128GCM,sw,decrypt,32,18,432,34890
esp32,AES128GCM,sw,decrypt,32,18,433,35841
esp32,AES128GCM,sw,decrypt,32,18,434,34890
esp32,AES128GCM,sw,decrypt,32,18,435,35841
esp32,AES128GCM,sw,decrypt,32,18,436,34890
esp32,AES128GCM,sw,decrypt,32,18,437,35841
esp32,AES128GCM,sw,decrypt,32,18,438,34890
esp32,AES128GCM,sw,decrypt,32,18,439,35841
esp32,AES128GCM,sw,decrypt,32,18,440,34890
esp32,AES128GCM,sw,decrypt,32,18,441,35841
esp32,AES128GCM,sw,decrypt,32,18,442,34890
esp32,AES128GCM,sw,decrypt,32,18,443,35841
esp32,AES128GCM,sw,decrypt,32,18,444,34890
esp32,AES128GCM,sw,decrypt,32,18,445,35841
esp32,AES128GCM,sw,decrypt,32,18,446,35745
esp32,AES128GCM,sw,decrypt,32,18,447,35841
esp32,AES128GCM,sw,decrypt,32,18,448,34890
esp32,AES128GCM,sw,decrypt,32,18,449,35841
esp32,AES128GCM,sw,decrypt,32,18,450,34890
esp32,AES128GCM,sw,decrypt,32,18,451,35841
esp32,AES128GCM,sw,decrypt,32,18,452,34890
esp32,AES128GCM,sw,decrypt,32,18,453,35841
esp32,AES128GCM,sw,decrypt,32,18,454,34890
esp32,AES128GCM,sw,decrypt,32,18,455,35841
esp32,AES128GCM,sw,decrypt,32,18,456,34890
esp32,AES128GCM,sw,decrypt,32,18,457,35841
esp32,AES128GCM,sw,decrypt,32,18,458,34890
esp32,AES128GCM,sw,decrypt,32,18,459,35841
esp32,AES128GCM,sw,decrypt,32,18,460,34890
esp32,AES128GCM,sw,decrypt,32,18,461,35841
esp32,AES128GCM,sw,decrypt,32,18,462,34890
esp32,AES128GCM,sw,decrypt,32,18,463,35841
esp32,AES128GCM,sw,decrypt,32,18,464,34890
esp32,AES128GCM,sw,decrypt,32,18,465,35841
esp32,AES128GCM,sw,decrypt,32,18,466,34890
esp32,AES128GCM,sw,decrypt,32,18,467,35841
esp32,AES128GCM,sw,decrypt,32,18,468,34890
esp32,AES128GCM,sw,decrypt,32,18,469,35841
esp32,AES128GCM,sw,decrypt,32,18,470,34890
esp32,AES128GCM,sw,decrypt,32,18,471,35841
esp32,AES128GCM,sw,decrypt,32,18,472,34890
esp32,AES128GCM,sw,decrypt,32,18,473,35841
esp32,AES128GCM,sw,decrypt,32,18,474,34890
esp32,AES128GCM,sw,decrypt,32,18,475,35841
esp32,AES128GCM,sw,decrypt,32,18,476,34890
esp32,AES128GCM,sw,decrypt,32,18,477,35841
esp32,AES128GCM,sw,decrypt,32,18,478,34890
esp32,AES128GCM,sw,decrypt,32,18,479,35841
esp32,AES128GCM,sw,decrypt,32,18,480,34890
esp32,AES128GCM,sw,decrypt,32,18,481,35841
esp32,AES128GCM,sw,decrypt,32,18,482,34890
esp32,AES128GCM,sw,decrypt,32,18,483,35841
esp32,AES128GCM,sw,decrypt,32,18,484,34890
esp32,AES128GCM,sw,decrypt,32,18,485,35841
esp32,AES128GCM,sw,decrypt,32,18,486,34890
esp32,AES128GCM,sw,decrypt,32,18,487,35841
esp32,AES128GCM,sw,decrypt,32,18,488,34890
esp32,AES128GCM,sw,decrypt,32,18,489,35841
esp32,AES128GCM,sw,decrypt,32,18,490,34890
esp32,AES128GCM,sw,decrypt,32,18,491,35841
esp32,AES128GCM,sw,decrypt,32,18,492,34890
esp32,AES128GCM,sw,decrypt,32,18,493,35841
esp32,AES128GCM,sw,decrypt,32,18,494,34890
esp32,AES128GCM,sw,decrypt,32,18,495,35841
esp32,AES128GCM,sw,decrypt,32,18,496,34890
esp32,AES128GCM,sw,decrypt,32,18,497,35841
esp32,AES128GCM,sw,decrypt,32,18,498,34890
esp32,AES128GCM,sw,decrypt,32,18,499,35841
esp32,AES128GCM,sw,decrypt,32,18,500,34890
esp32,AES128GCM,sw,decrypt,32,18,501,37086
esp32,AES128GCM,sw,decrypt,32,18,502,34890
esp32,AES128GCM,sw,decrypt,32,18,503,35841
esp32,AES128GCM,sw,decrypt,32,18,504,34890
esp32,AES128GCM,sw,decrypt,32,18,505,35841
esp32,AES128GCM,sw,decrypt,32,18,506,34890
esp32,AES128GCM,sw,decrypt,32,18,507,35841
esp32,AES128GCM,sw,decrypt,32,18,508,34890
esp32,AES128GCM,sw,decrypt,32,18,509,35841
esp32,AES128GCM,sw,decrypt,32,18,510,34890
esp32,AES128GCM,sw,decrypt,32,18,511,35841
esp32,AES128GCM,sw,decrypt,32,18,512,34890
esp32,AES128GCM,sw,decrypt,32,18,513,35841
esp32,AES128GCM,sw,decrypt,32,18,514,34890
esp32,AES128GCM,sw,decrypt,32,18,515,35841
esp32,AES128GCM,sw,decrypt,32,18,516,34890
esp32,AES128GCM,sw,decrypt,32,18,517,35841
esp32,AES128GCM,sw,decrypt,32,18,518,34890
esp32,AES128GCM,sw,decrypt,32,18,519,35841
esp32,AES128GCM,sw,decrypt,32,18,520,34890
esp32,AES128GCM,sw,decrypt,32,18,521,35841
esp32,AES128GCM,sw,decrypt,32,18,522,34890
esp32,AES128GCM,sw,decrypt,32,18,523,35841
esp32,AES128GCM,sw,decrypt,32,18,524,34890
esp32,AES128GCM,sw,decrypt,32,18,525,35841
esp32,AES128GCM,sw,decrypt,32,18,526,34890
esp32,AES128GCM,sw,decrypt,32,18,527,35841
esp32,AES128GCM,sw,decrypt,32,18,528,34890
esp32,AES128GCM,sw,decrypt,32,18,529,35841
esp32,AES128GCM,sw,decrypt,32,18,530,34890
esp32,AES128GCM,sw,decrypt,32,18,531,35841
esp32,AES128GCM,sw,decrypt,32,18,532,34890
esp32,AES128GCM,sw,decrypt,32,18,533,35841
esp32,AES128GCM,sw,decrypt,32,18,534,34890
esp32,AES128GCM,sw,decrypt,32,18,535,35841
esp32,AES128GCM,sw,decrypt,32,18,536,34890
esp32,AES128GCM,sw,decrypt,32,18,537,35841
esp32,AES128GCM,sw,decrypt,32,18,538,34890
esp32,AES128GCM,sw,decrypt,32,18,539,35841
esp32,AES128GCM,sw,decrypt,32,18,540,34890
esp32,AES128GCM,sw,decrypt,32,18,541,35841
esp32,AES128GCM,sw,decrypt,32,18,542,34890
esp32,AES128GCM,sw,decrypt,32,18,543,35841
esp32,AES128GCM,sw,decrypt,32,18,544,34890
esp32,AES128GCM,sw,decrypt,32,18,545,35841
esp32,AES128GCM,sw,decrypt,32,18,546,34890
esp32,AES128GCM,sw,decrypt,32,18,547,35841
esp32,AES128GCM,sw,decrypt,32,18,548,34890
esp32,AES128GCM,sw,decrypt,32,18,549,35841
esp32,AES128GCM,sw,decrypt,32,18,550,34890
esp32,AES128GCM,sw,decrypt,32,18,551,35841
esp32,AES128GCM,sw,decrypt,32,18,552,34890
esp32,AES128GCM,sw,decrypt,32,18,553,35841
esp32,AES128GCM,sw,decrypt,32,18,554,34890
esp32,AES128GCM,sw,decrypt,32,18,555,35841
esp32,AES128GCM,sw,decrypt,32,18,556,34889
esp32,AES128GCM,sw,decrypt,32,18,557,35841
esp32,AES128GCM,sw,decrypt,32,18,558,34890
esp32,AES128GCM,sw,decrypt,32,18,559,35841
esp32,AES128GCM,sw,decrypt,32,18,560,34890
esp32,AES128GCM,sw,decrypt,32,18,561,35841
esp32,AES128GCM,sw,decrypt,32,18,562,34890
esp32,AES128GCM,sw,decrypt,32,18,563,35841
esp32,AES128GCM,sw,decrypt,32,18,564,34893
esp32,AES128GCM,sw,decrypt,32,18,565,35841
esp32,AES128GCM,sw,decrypt,32,18,566,34890
esp32,AES128GCM,sw,decrypt,32,18,567,35841
esp32,AES128GCM,sw,decrypt,32,18,568,34890
esp32,AES128GCM,sw,decrypt,32,18,569,35841
esp32,AES128GCM,sw,decrypt,32,18,570,34890
esp32,AES128GCM,sw,decrypt,32,18,571,35841
esp32,AES128GCM,sw,decrypt,32,18,572,34890
esp32,AES128GCM,sw,decrypt,32,18,573,35841
esp32,AES128GCM,sw,decrypt,32,18,574,34890
esp32,AES128GCM,sw,decrypt,32,18,575,35841
esp32,AES128GCM,sw,decrypt,32,18,576,34890
esp32,AES128GCM,sw,decrypt,32,18,577,35841
esp32,AES128GCM,sw,decrypt,32,18,578,34890
esp32,AES128GCM,sw,decrypt,32,18,579,35841
esp32,AES128GCM,sw,decrypt,32,18,580,34890
esp32,AES128GCM,sw,decrypt,32,18,581,35841
esp32,AES128GCM,sw,decrypt,32,18,582,34890
esp32,AES128GCM,sw,decrypt,32,18,583,35841
esp32,AES128GCM,sw,decrypt,32,18,584,34890
esp32,AES128GCM,sw,decrypt,32,18,585,35841
esp32,AES128GCM,sw,decrypt,32,18,586,34890
esp32,AES128GCM,sw,decrypt,32,18,587,35841
esp32,AES128GCM,sw,decrypt,32,18,588,34890
esp32,AES128GCM,sw,decrypt,32,18,589,35841
esp32,AES128GCM,sw,decrypt,32,18,590,36264
esp32,AES128GCM,sw,decrypt,32,18,591,35841
esp32,AES128GCM,sw,decrypt,32,18,592,34890
esp32,AES128GCM,sw,decrypt,32,18,593,35841
esp32,AES128GCM,sw,decrypt,32,18,594,34890
esp32,AES128GCM,sw,decrypt,32,18,595,35841
esp32,AES128GCM,sw,decrypt,32,18,596,34890
esp32,AES128GCM,sw,decrypt,32,18,597,35841
esp32,AES128GCM,sw,decrypt,32,18,598,34890
esp32,AES128GCM,sw,decrypt,32,18,599,35841
esp32,AES128GCM,sw,decrypt,32,18,600,34890
esp32,AES128GCM,sw,decrypt,32,18,601,35841
esp32,AES128GCM,sw,decrypt,32,18,602,34890
esp32,AES128GCM,sw,decrypt,32,18,603,35841
esp32,AES128GCM,sw,decrypt,32,18,604,34890
esp32,AES128GCM,sw,decrypt,32,18,605,35841
esp32,AES128GCM,sw,decrypt,32,18,606,34890
esp32,AES128GCM,sw,decrypt,32,18,607,35841
esp32,AES128GCM,sw,decrypt,32,18,608,34890
esp32,AES128GCM,sw,decrypt,32,18,609,35841
esp32,AES128GCM,sw,decrypt,32,18,610,34890
esp32,AES128GCM,sw,decrypt,32,18,611,35841
esp32,AES128GCM,sw,decrypt,32,18,612,34890
esp32,AES128GCM,sw,decrypt,32,18,613,35841
esp32,AES128GCM,sw,decrypt,32,18,614,34890
esp32,AES128GCM,sw,decrypt,32,18,615,35841
esp32,AES128GCM,sw,decrypt,32,18,616,34890
esp32,AES128GCM,sw,decrypt,32,18,617,35841
esp32,AES128GCM,sw,decrypt,32,18,618,34890
esp32,AES128GCM,sw,decrypt,32,18,619,35841
esp32,AES128GCM,sw,decrypt,32,18,620,34890
esp32,AES128GCM,sw,decrypt,32,18,621,35841
esp32,AES128GCM,sw,decrypt,32,18,622,34890
esp32,AES128GCM,sw,decrypt,32,18,623,35841
esp32,AES128GCM,sw,decrypt,32,18,624,34890
esp32,AES128GCM,sw,decrypt,32,18,625,35841
esp32,AES128GCM,sw,decrypt,32,18,626,34890
esp32,AES128GCM,sw,decrypt,32,18,627,35841
esp32,AES128GCM,sw,decrypt,32,18,628,34890
esp32,AES128GCM,sw,decrypt,32,18,629,35841
esp32,AES128GCM,sw,decrypt,32,18,630,34890
esp32,AES128GCM,sw,decrypt,32,18,631,35841
esp32,AES128GCM,sw,decrypt,32,18,632,34890
esp32,AES128GCM,sw,decrypt,32,18,633,35841
esp32,AES128GCM,sw,decrypt,32,18,634,34890
esp32,AES128GCM,sw,decrypt,32,18,635,35841
esp32,AES128GCM,sw,decrypt,32,18,636,34890
esp32,AES128GCM,sw,decrypt,32,18,637,35841
esp32,AES128GCM,sw,decrypt,32,18,638,34890
esp32,AES128GCM,sw,decrypt,32,18,639,35841
esp32,AES128GCM,sw,decrypt,32,18,640,34890
esp32,AES128GCM,sw,decrypt,32,18,641,35841
esp32,AES128GCM,sw,decrypt,32,18,642,34890
esp32,AES128GCM,sw,decrypt,32,18,643,35841
esp32,AES128GCM,sw,decrypt,32,18,644,34890
esp32,AES128GCM,sw,decrypt,32,18,645,37086
esp32,AES128GCM,sw,decrypt,32,18,646,34890
esp32,AES128GCM,sw,decrypt,32,18,647,35841
esp32,AES128GCM,sw,decrypt,32,18,648,34890
esp32,AES128GCM,sw,decrypt,32,18,649,35841
esp32,AES128GCM,sw,decrypt,32,18,650,34890
esp32,AES128GCM,sw,decrypt,32,18,651,35841
esp32,AES128GCM,sw,decrypt,32,18,652,34890
esp32,AES128GCM,sw,decrypt,32,18,653,35841
esp32,AES128GCM,sw,decrypt,32,18,654,34890
esp32,AES128GCM,sw,decrypt,32,18,655,35841
esp32,AES128GCM,sw,decrypt,32,18,656,34890
esp32,AES128GCM,sw,decrypt,32,18,657,35841
esp32,AES128GCM,sw,decrypt,32,18,658,34890
esp32,AES128GCM,sw,decrypt,32,18,659,35841
esp32,AES128GCM,sw,decrypt,32,18,660,34890
esp32,AES128GCM,sw,decrypt,32,18,661,35841
esp32,AES128GCM,sw,decrypt,32,18,662,34890
esp32,AES128GCM,sw,decrypt,32,18,663,35841
esp32,AES128GCM,sw,decrypt,32,18,664,34890
esp32,AES128GCM,sw,decrypt,32,18,665,35841
esp32,AES128GCM,sw,decrypt,32,18,666,34890
esp32,AES128GCM,sw,decrypt,32,18,667,35841
esp32,AES128GCM,sw,decrypt,32,18,668,34890
esp32,AES128GCM,sw,decrypt,32,18,669,35841
esp32,AES128GCM,sw,decrypt,32,18,670,34890
esp32,AES128GCM,sw,decrypt,32,18,671,35841
esp32,AES128GCM,sw,decrypt,32,18,672,34890
esp32,AES128GCM,sw,decrypt,32,18,673,35841
esp32,AES128GCM,sw,decrypt,32,18,674,34890
esp32,AES128GCM,sw,decrypt,32,18,675,35841
esp32,AES128GCM,sw,decrypt,32,18,676,34890
esp32,AES128GCM,sw,decrypt,32,18,677,35841
esp32,AES128GCM,sw,decrypt,32,18,678,34890
esp32,AES128GCM,sw,decrypt,32,18,679,35841
esp32,AES128GCM,sw,decrypt,32,18,680,34890
esp32,AES128GCM,sw,decrypt,32,18,681,35841
esp32,AES128GCM,sw,decrypt,32,18,682,34890
esp32,AES128GCM,sw,decrypt,32,18,683,35841
esp32,AES128GCM,sw,decrypt,32,18,684,34890
esp32,AES128GCM,sw,decrypt,32,18,685,35841
esp32,AES128GCM,sw,decrypt,32,18,686,34890
esp32,AES128GCM,sw,decrypt,32,18,687,35841
esp32,AES128GCM,sw,decrypt,32,18,688,34890
esp32,AES128GCM,sw,decrypt,32,18,689,35841
esp32,AES128GCM,sw,decrypt,32,18,690,34890
esp32,AES128GCM,sw,decrypt,32,18,691,35841
esp32,AES128GCM,sw,decrypt,32,18,692,34890
esp32,AES128GCM,sw,decrypt,32,18,693,35841
esp32,AES128GCM,sw,decrypt,32,18,694,34890
esp32,AES128GCM,sw,decrypt,32,18,695,35841
esp32,AES128GCM,sw,decrypt,32,18,696,34890
esp32,AES128GCM,sw,decrypt,32,18,697,35841
esp32,AES128GCM,sw,decrypt,32,18,698,34890
esp32,AES128GCM,sw,decrypt,32,18,699,35841
esp32,AES128GCM,sw,decrypt,32,18,700,34889
esp32,AES128GCM,sw,decrypt,32,18,701,35841
esp32,AES128GCM,sw,decrypt,32,18,702,34890
esp32,AES128GCM,sw,decrypt,32,18,703,35841
esp32,AES128GCM,sw,decrypt,32,18,704,34890
esp32,AES128GCM,sw,decrypt,32,18,705,35841
esp32,AES128GCM,sw,decrypt,32,18,706,34890
esp32,AES128GCM,sw,decrypt,32,18,707,35841
esp32,AES128GCM,sw,decrypt,32,18,708,34890
esp32,AES128GCM,sw,decrypt,32,18,709,35841
esp32,AES128GCM,sw,decrypt,32,18,710,34890
esp32,AES128GCM,sw,decrypt,32,18,711,35841
esp32,AES128GCM,sw,decrypt,32,18,712,34890
esp32,AES128GCM,sw,decrypt,32,18,713,35841
esp32,AES128GCM,sw,decrypt,32,18,714,34890
esp32,AES128GCM,sw,decrypt,32,18,715,35841
esp32,AES128GCM,sw,decrypt,32,18,716,34890
esp32,AES128GCM,sw,decrypt,32,18,717,35841
esp32,AES128GCM,sw,decrypt,32,18,718,34890
esp32,AES128GCM,sw,decrypt,32,18,719,35841
esp32,AES128GCM,sw,decrypt,32,18,720,34890
esp32,AES128GCM,sw,decrypt,32,18,721,35841
esp32,AES128GCM,sw,decrypt,32,18,722,34890
esp32,AES128GCM,sw,decrypt,32,18,723,35841
esp32,AES128GCM,sw,decrypt,32,18,724,34890
esp32,AES128GCM,sw,decrypt,32,18,725,35841
esp32,AES128GCM,sw,decrypt,32,18,726,34890
esp32,AES128GCM,sw,decrypt,32,18,727,35841
esp32,AES128GCM,sw,decrypt,32,18,728,34890
esp32,AES128GCM,sw,decrypt,32,18,729,35841
esp32,AES128GCM,sw,decrypt,32,18,730,34890
esp32,AES128GCM,sw,decrypt,32,18,731,35841
esp32,AES128GCM,sw,decrypt,32,18,732,34890
esp32,AES128GCM,sw,decrypt,32,18,733,35841
esp32,AES128GCM,sw,decrypt,32,18,734,36093
esp32,AES128GCM,sw,decrypt,32,18,735,35841
esp32,AES128GCM,sw,decrypt,32,18,736,34890
esp32,AES128GCM,sw,decrypt,32,18,737,35841
esp32,AES128GCM,sw,decrypt,32,18,738,34890
esp32,AES128GCM,sw,decrypt,32,18,739,35841
esp32,AES128GCM,sw,decrypt,32,18,740,34890
esp32,AES128GCM,sw,decrypt,32,18,741,35841
esp32,AES128GCM,sw,decrypt,32,18,742,34890
esp32,AES128GCM,sw,decrypt,32,18,743,35841
esp32,AES128GCM,sw,decrypt,32,18,744,34890
esp32,AES128GCM,sw,decrypt,32,18,745,35841
esp32,AES128GCM,sw,decrypt,32,18,746,34890
esp32,AES128GCM,sw,decrypt,32,18,747,35841
esp32,AES128GCM,sw,decrypt,32,18,748,34890
esp32,AES128GCM,sw,decrypt,32,18,749,35841
esp32,AES128GCM,sw,decrypt,32,18,750,34890
esp32,AES128GCM,sw,decrypt,32,18,751,35841
esp32,AES128GCM,sw,decrypt,32,18,752,34890
esp32,AES128GCM,sw,decrypt,32,18,753,35841
esp32,AES128GCM,sw,decrypt,32,18,754,34890
esp32,AES128GCM,sw,decrypt,32,18,755,35841
esp32,AES128GCM,sw,decrypt,32,18,756,34890
esp32,AES128GCM,sw,decrypt,32,18,757,35841
esp32,AES128GCM,sw,decrypt,32,18,758,34890
esp32,AES128GCM,sw,decrypt,32,18,759,35841
esp32,AES128GCM,sw,decrypt,32,18,760,34890
esp32,AES128GCM,sw,decrypt,32,18,761,35841
esp32,AES128GCM,sw,decrypt,32,18,762,34890
esp32,AES128GCM,sw,decrypt,32,18,763,35841
esp32,AES128GCM,sw,decrypt,32,18,764,34890
esp32,AES128GCM,sw,decrypt,32,18,765,35841
esp32,AES128GCM,sw,decrypt,32,18,766,34890
esp32,AES128GCM,sw,decrypt,32,18,767,35841
esp32,AES128GCM,sw,decrypt,32,18,768,34890
esp32,AES128GCM,sw,decrypt,32,18,769,35841
esp32,AES128GCM,sw,decrypt,32,18,770,34890
esp32,AES128GCM,sw,decrypt,32,18,771,35841
esp32,AES128GCM,sw,decrypt,32,18,772,34890
esp32,AES128GCM,sw,decrypt,32,18,773,35841
esp32,AES128GCM,sw,decrypt,32,18,774,34890
esp32,AES128GCM,sw,decrypt,32,18,775,35841
esp32,AES128GCM,sw,decrypt,32,18,776,34890
esp32,AES128GCM,sw,decrypt,32,18,777,35841
esp32,AES128GCM,sw,decrypt,32,18,778,34890
esp32,AES128GCM,sw,decrypt,32,18,779,35841
esp32,AES128GCM,sw,decrypt,32,18,780,34890
esp32,AES128GCM,sw,decrypt,32,18,781,35841
esp32,AES128GCM,sw,decrypt,32,18,782,34890
esp32,AES128GCM,sw,decrypt,32,18,783,35841
esp32,AES128GCM,sw,decrypt,32,18,784,34890
esp32,AES128GCM,sw,decrypt,32,18,785,35841
esp32,AES128GCM,sw,decrypt,32,18,786,34890
esp32,AES128GCM,sw,decrypt,32,18,787,35841
esp32,AES128GCM,sw,decrypt,32,18,788,34890
esp32,AES128GCM,sw,decrypt,32,18,789,37086
esp32,AES128GCM,sw,decrypt,32,18,790,34890
esp32,AES128GCM,sw,decrypt,32,18,791,35841
esp32,AES128GCM,sw,decrypt,32,18,792,34890
esp32,AES128GCM,sw,decrypt,32,18,793,35841
esp32,AES128GCM,sw,decrypt,32,18,794,34890
esp32,AES128GCM,sw,decrypt,32,18,795,35841
esp32,AES128GCM,sw,decrypt,32,18,796,34890
esp32,AES128GCM,sw,decrypt,32,18,797,35841
esp32,AES128GCM,sw,decrypt,32,18,798,34890
esp32,AES128GCM,sw,decrypt,32,18,799,35841
esp32,AES128GCM,sw,decrypt,32,18,800,34890
esp32,AES128GCM,sw,decrypt,32,18,801,35841
esp32,AES128GCM,sw,decrypt,32,18,802,34890
esp32,AES128GCM,sw,decrypt,32,18,803,35841
esp32,AES128GCM,sw,decrypt,32,18,804,34890
esp32,AES128GCM,sw,decrypt,32,18,805,35841
esp32,AES128GCM,sw,decrypt,32,18,806,34890
esp32,AES128GCM,sw,decrypt,32,18,807,35841
esp32,AES128GCM,sw,decrypt,32,18,808,34890
esp32,AES128GCM,sw,decrypt,32,18,809,35841
esp32,AES128GCM,sw,decrypt,32,18,810,34890
esp32,AES128GCM,sw,decrypt,32,18,811,35841
esp32,AES128GCM,sw,decrypt,32,18,812,34890
esp32,AES128GCM,sw,decrypt,32,18,813,35841
esp32,AES128GCM,sw,decrypt,32,18,814,34890
esp32,AES128GCM,sw,decrypt,32,18,815,35841
esp32,AES128GCM,sw,decrypt,32,18,816,34890
esp32,AES128GCM,sw,decrypt,32,18,817,35841
esp32,AES128GCM,sw,decrypt,32,18,818,34890
esp32,AES128GCM,sw,decrypt,32,18,819,35841
esp32,AES128GCM,sw,decrypt,32,18,820,34890
esp32,AES128GCM,sw,decrypt,32,18,821,35841
esp32,AES128GCM,sw,decrypt,32,18,822,34890
esp32,AES128GCM,sw,decrypt,32,18,823,35841
esp32,AES128GCM,sw,decrypt,32,18,824,34890
esp32,AES128GCM,sw,decrypt,32,18,825,35841
esp32,AES128GCM,sw,decrypt,32,18,826,34890
esp32,AES128GCM,sw,decrypt,32,18,827,35841
esp32,AES128GCM,sw,decrypt,32,18,828,34890
esp32,AES128GCM,sw,decrypt,32,18,829,35841
esp32,AES128GCM,sw,decrypt,32,18,830,34890
esp32,AES128GCM,sw,decrypt,32,18,831,35841
esp32,AES128GCM,sw,decrypt,32,18,832,34890
esp32,AES128GCM,sw,decrypt,32,18,833,35841
esp32,AES128GCM,sw,decrypt,32,18,834,34890
esp32,AES128GCM,sw,decrypt,32,18,835,35841
esp32,AES128GCM,sw,decrypt,32,18,836,34890
esp32,AES128GCM,sw,decrypt,32,18,837,35841
esp32,AES128GCM,sw,decrypt,32,18,838,34890
esp32,AES128GCM,sw,decrypt,32,18,839,35841
esp32,AES128GCM,sw,decrypt,32,18,840,34890
esp32,AES128GCM,sw,decrypt,32,18,841,35841
esp32,AES128GCM,sw,decrypt,32,18,842,34890
esp32,AES128GCM,sw,decrypt,32,18,843,35841
esp32,AES128GCM,sw,decrypt,32,18,844,34889
esp32,AES128GCM,sw,decrypt,32,18,845,35841
esp32,AES128GCM,sw,decrypt,32,18,846,34890
esp32,AES128GCM,sw,decrypt,32,18,847,35841
esp32,AES128GCM,sw,decrypt,32,18,848,34890
esp32,AES128GCM,sw,decrypt,32,18,849,35841
esp32,AES128GCM,sw,decrypt,32,18,850,34890
esp32,AES128GCM,sw,decrypt,32,18,851,35841
esp32,AES128GCM,sw,decrypt,32,18,852,34890
esp32,AES128GCM,sw,decrypt,32,18,853,35841
esp32,AES128GCM,sw,decrypt,32,18,854,34890
esp32,AES128GCM,sw,decrypt,32,18,855,35841
esp32,AES128GCM,sw,decrypt,32,18,856,34890
esp32,AES128GCM,sw,decrypt,32,18,857,35841
esp32,AES128GCM,sw,decrypt,32,18,858,34890
esp32,AES128GCM,sw,decrypt,32,18,859,35841
esp32,AES128GCM,sw,decrypt,32,18,860,34890
esp32,AES128GCM,sw,decrypt,32,18,861,35841
esp32,AES128GCM,sw,decrypt,32,18,862,34890
esp32,AES128GCM,sw,decrypt,32,18,863,35841
esp32,AES128GCM,sw,decrypt,32,18,864,34890
esp32,AES128GCM,sw,decrypt,32,18,865,35841
esp32,AES128GCM,sw,decrypt,32,18,866,34890
esp32,AES128GCM,sw,decrypt,32,18,867,35841
esp32,AES128GCM,sw,decrypt,32,18,868,34890
esp32,AES128GCM,sw,decrypt,32,18,869,35841
esp32,AES128GCM,sw,decrypt,32,18,870,34890
esp32,AES128GCM,sw,decrypt,32,18,871,35841
esp32,AES128GCM,sw,decrypt,32,18,872,34890
esp32,AES128GCM,sw,decrypt,32,18,873,35841
esp32,AES128GCM,sw,decrypt,32,18,874,34890
esp32,AES128GCM,sw,decrypt,32,18,875,35841
esp32,AES128GCM,sw,decrypt,32,18,876,34890
esp32,AES128GCM,sw,decrypt,32,18,877,35841
esp32,AES128GCM,sw,decrypt,32,18,878,36093
esp32,AES128GCM,sw,decrypt,32,18,879,35841
esp32,AES128GCM,sw,decrypt,32,18,880,34890
esp32,AES128GCM,sw,decrypt,32,18,881,35841
esp32,AES128GCM,sw,decrypt,32,18,882,34890
esp32,AES128GCM,sw,decrypt,32,18,883,35841
esp32,AES128GCM,sw,decrypt,32,18,884,34890
esp32,AES128GCM,sw,decrypt,32,18,885,35841
esp32,AES128GCM,sw,decrypt,32,18,886,34890
esp32,AES128GCM,sw,decrypt,32,18,887,35841
esp32,AES128GCM,sw,decrypt,32,18,888,34890
esp32,AES128GCM,sw,decrypt,32,18,889,35841
esp32,AES128GCM,sw,decrypt,32,18,890,34890
esp32,AES128GCM,sw,decrypt,32,18,891,35841
esp32,AES128GCM,sw,decrypt,32,18,892,34890
esp32,AES128GCM,sw,decrypt,32,18,893,35841
esp32,AES128GCM,sw,decrypt,32,18,894,34890
esp32,AES128GCM,sw,decrypt,32,18,895,35841
esp32,AES128GCM,sw,decrypt,32,18,896,34890
esp32,AES128GCM,sw,decrypt,32,18,897,35841
esp32,AES128GCM,sw,decrypt,32,18,898,34890
esp32,AES128GCM,sw,decrypt,32,18,899,35841
esp32,AES128GCM,sw,decrypt,32,18,900,34890
esp32,AES128GCM,sw,decrypt,32,18,901,35841
esp32,AES128GCM,sw,decrypt,32,18,902,34890
esp32,AES128GCM,sw,decrypt,32,18,903,35841
esp32,AES128GCM,sw,decrypt,32,18,904,34890
esp32,AES128GCM,sw,decrypt,32,18,905,35841
esp32,AES128GCM,sw,decrypt,32,18,906,34890
esp32,AES128GCM,sw,decrypt,32,18,907,35841
esp32,AES128GCM,sw,decrypt,32,18,908,34890
esp32,AES128GCM,sw,decrypt,32,18,909,35841
esp32,AES128GCM,sw,decrypt,32,18,910,34890
esp32,AES128GCM,sw,decrypt,32,18,911,35841
esp32,AES128GCM,sw,decrypt,32,18,912,34890
esp32,AES128GCM,sw,decrypt,32,18,913,35841
esp32,AES128GCM,sw,decrypt,32,18,914,34890
esp32,AES128GCM,sw,decrypt,32,18,915,35841
esp32,AES128GCM,sw,decrypt,32,18,916,34890
esp32,AES128GCM,sw,decrypt,32,18,917,35841
esp32,AES128GCM,sw,decrypt,32,18,918,34890
esp32,AES128GCM,sw,decrypt,32,18,919,35841
esp32,AES128GCM,sw,decrypt,32,18,920,34890
esp32,AES128GCM,sw,decrypt,32,18,921,35841
esp32,AES128GCM,sw,decrypt,32,18,922,34890
esp32,AES128GCM,sw,decrypt,32,18,923,35841
esp32,AES128GCM,sw,decrypt,32,18,924,34890
esp32,AES128GCM,sw,decrypt,32,18,925,35841
esp32,AES128GCM,sw,decrypt,32,18,926,34890
esp32,AES128GCM,sw,decrypt,32,18,927,35841
esp32,AES128GCM,sw,decrypt,32,18,928,34890
esp32,AES128GCM,sw,decrypt,32,18,929,35841
esp32,AES128GCM,sw,decrypt,32,18,930,34890
esp32,AES128GCM,sw,decrypt,32,18,931,35841
esp32,AES128GCM,sw,decrypt,32,18,932,34890
esp32,AES128GCM,sw,decrypt,32,18,933,37044
esp32,AES128GCM,sw,decrypt,32,18,934,34890
esp32,AES128GCM,sw,decrypt,32,18,935,35841
esp32,AES128GCM,sw,decrypt,32,18,936,34890
esp32,AES128GCM,sw,decrypt,32,18,937,35841
esp32,AES128GCM,sw,decrypt,32,18,938,34890
esp32,AES128GCM,sw,decrypt,32,18,939,35841
esp32,AES128GCM,sw,decrypt,32,18,940,34890
esp32,AES128GCM,sw,decrypt,32,18,941,35841
esp32,AES128GCM,sw,decrypt,32,18,942,34890
esp32,AES128GCM,sw,decrypt,32,18,943,35841
esp32,AES128GCM,sw,decrypt,32,18,944,34890
esp32,AES128GCM,sw,decrypt,32,18,945,35841
esp32,AES128GCM,sw,decrypt,32,18,946,34890
esp32,AES128GCM,sw,decrypt,32,18,947,35841
esp32,AES128GCM,sw,decrypt,32,18,948,34890
esp32,AES128GCM,sw,decrypt,32,18,949,35841
esp32,AES128GCM,sw,decrypt,32,18,950,34890
esp32,AES128GCM,sw,decrypt,32,18,951,35841
esp32,AES128GCM,sw,decrypt,32,18,952,34890
esp32,AES128GCM,sw,decrypt,32,18,953,35841
esp32,AES128GCM,sw,decrypt,32,18,954,34890
esp32,AES128GCM,sw,decrypt,32,18,955,35841
esp32,AES128GCM,sw,decrypt,32,18,956,34890
esp32,AES128GCM,sw,decrypt,32,18,957,35841
esp32,AES128GCM,sw,decrypt,32,18,958,34890
esp32,AES128GCM,sw,decrypt,32,18,959,35841
esp32,AES128GCM,sw,decrypt,32,18,960,34890
esp32,AES128GCM,sw,decrypt,32,18,961,35841
esp32,AES128GCM,sw,decrypt,32,18,962,34890
esp32,AES128GCM,sw,decrypt,32,18,963,35841
esp32,AES128GCM,sw,decrypt,32,18,964,34890
esp32,AES128GCM,sw,decrypt,32,18,965,35841
esp32,AES128GCM,sw,decrypt,32,18,966,34890
esp32,AES128GCM,sw,decrypt,32,18,967,35841
esp32,AES128GCM,sw,decrypt,32,18,968,34890
esp32,AES128GCM,sw,decrypt,32,18,969,35841
esp32,AES128GCM,sw,decrypt,32,18,970,34890
esp32,AES128GCM,sw,decrypt,32,18,971,35841
esp32,AES128GCM,sw,decrypt,32,18,972,34890
esp32,AES128GCM,sw,decrypt,32,18,973,35841
esp32,AES128GCM,sw,decrypt,32,18,974,34890
esp32,AES128GCM,sw,decrypt,32,18,975,35841
esp32,AES128GCM,sw,decrypt,32,18,976,34890
esp32,AES128GCM,sw,decrypt,32,18,977,35841
esp32,AES128GCM,sw,decrypt,32,18,978,34890
esp32,AES128GCM,sw,decrypt,32,18,979,35841
esp32,AES128GCM,sw,decrypt,32,18,980,34890
esp32,AES128GCM,sw,decrypt,32,18,981,35841
esp32,AES128GCM,sw,decrypt,32,18,982,34890
esp32,AES128GCM,sw,decrypt,32,18,983,35841
esp32,AES128GCM,sw,decrypt,32,18,984,34890
esp32,AES128GCM,sw,decrypt,32,18,985,35841
esp32,AES128GCM,sw,decrypt,32,18,986,34890
esp32,AES128GCM,sw,decrypt,32,18,987,35841
esp32,AES128GCM,sw,decrypt,32,18,988,34889
esp32,AES128GCM,sw,decrypt,32,18,989,35841
esp32,AES128GCM,sw,decrypt,32,18,990,34890
esp32,AES128GCM,sw,decrypt,32,18,991,35841
esp32,AES128GCM,sw,decrypt,32,18,992,34890
esp32,AES128GCM,sw,decrypt,32,18,993,35841
esp32,AES128GCM,sw,decrypt,32,18,994,34890
esp32,AES128GCM,sw,decrypt,32,18,995,35841
esp32,AES128GCM,sw,decrypt,32,18,996,34890
esp32,AES128GCM,sw,decrypt,32,18,997,35841
esp32,AES128GCM,sw,decrypt,32,18,998,34890
esp32,AES128GCM,sw,decrypt,32,18,999,35841
stack,esp32,AES128GCM,sw,decrypt,32,14084
esp32,AES128GCM,sw,encrypt,64,18,0,48485
esp32,AES128GCM,sw,encrypt,64,18,1,49436
esp32,AES128GCM,sw,encrypt,64,18,2,48491
esp32,AES128GCM,sw,encrypt,64,18,3,49436
esp32,AES128GCM,sw,encrypt,64,18,4,48491
esp32,AES128GCM,sw,encrypt,64,18,5,49436
esp32,AES128GCM,sw,encrypt,64,18,6,48491
esp32,AES128GCM,sw,encrypt,64,18,7,49436
esp32,AES128GCM,sw,encrypt,64,18,8,48491
esp32,AES128GCM,sw,encrypt,64,18,9,49436
esp32,AES128GCM,sw,encrypt,64,18,10,48491
esp32,AES128GCM,sw,encrypt,64,18,11,49436
esp32,AES128GCM,sw,encrypt,64,18,12,48491
esp32,AES128GCM,sw,encrypt,64,18,13,49436
esp32,AES128GCM,sw,encrypt,64,18,14,48491
esp32,AES128GCM,sw,encrypt,64,18,15,49436
esp32,AES128GCM,sw,encrypt,64,18,16,48491
esp32,AES128GCM,sw,encrypt,64,18,17,49436
esp32,AES128GCM,sw,encrypt,64,18,18,48491
esp32,AES128GCM,sw,encrypt,64,18,19,49436
esp32,AES128GCM,sw,encrypt,64,18,20,48491
esp32,AES128GCM,sw,encrypt,64,18,21,49436
esp32,AES128GCM,sw,encrypt,64,18,22,48491
esp32,AES128GCM,sw,encrypt,64,18,23,49436
esp32,AES128GCM,sw,encrypt,64,18,24,48491
esp32,AES128GCM,sw,encrypt,64,18,25,49436
esp32,AES128GCM,sw,encrypt,64,18,26,48491
esp32,AES128GCM,sw,encrypt,64,18,27,49436
esp32,AES128GCM,sw,encrypt,64,18,28,48491
esp32,AES128GCM,sw,encrypt,64,18,29,49436
esp32,AES128GCM,sw,encrypt,64,18,30,48492
esp32,AES128GCM,sw,encrypt,64,18,31,49436
esp32,AES128GCM,sw,encrypt,64,18,32,48491
esp32,AES128GCM,sw,encrypt,64,18,33,49436
esp32,AES128GCM,sw,encrypt,64,18,34,48491
esp32,AES128GCM,sw,encrypt,64,18,35,49436
esp32,AES128GCM,sw,encrypt,64,18,36,48491
esp32,AES128GCM,sw,encrypt,64,18,37,49436
esp32,AES128GCM,sw,encrypt,64,18,38,48494
esp32,AES128GCM,sw,encrypt,64,18,39,49436
esp32,AES128GCM,sw,encrypt,64,18,40,48491
esp32,AES128GCM,sw,encrypt,64,18,41,49436
esp32,AES128GCM,sw,encrypt,64,18,42,48491
esp32,AES128GCM,sw,encrypt,64,18,43,49436
esp32,AES128GCM,sw,encrypt,64,18,44,48491
esp32,AES128GCM,sw,encrypt,64,18,45,49436
esp32,AES128GCM,sw,encrypt,64,18,46,48491
esp32,AES128GCM,sw,encrypt,64,18,47,49436
esp32,AES128GCM,sw,encrypt,64,18,48,48491
esp32,AES128GCM,sw,encrypt,64,18,49,49436
esp32,AES128GCM,sw,encrypt,64,18,50,48491
esp32,AES128GCM,sw,encrypt,64,18,51,49436
esp32,AES128GCM,sw,encrypt,64,18,52,48491
esp32,AES128GCM,sw,encrypt,64,18,53,49436
esp32,AES128GCM,sw,encrypt,64,18,54,48491
esp32,AES128GCM,sw,encrypt,64,18,55,49436
esp32,AES128GCM,sw,encrypt,64,18,56,48491
esp32,AES128GCM,sw,encrypt,64,18,57,49436
esp32,AES128GCM,sw,encrypt,64,18,58,48491
esp32,AES128GCM,sw,encrypt,64,18,59,49436
esp32,AES128GCM,sw,encrypt,64,18,60,48491
esp32,AES128GCM,sw,encrypt,64,18,61,49436
esp32,AES128GCM,sw,encrypt,64,18,62,48491
esp32,AES128GCM,sw,encrypt,64,18,63,49436
esp32,AES128GCM,sw,encrypt,64,18,64,48491
esp32,AES128GCM,sw,encrypt,64,18,65,49436
esp32,AES128GCM,sw,encrypt,64,18,66,48491
esp32,AES128GCM,sw,encrypt,64,18,67,49436
esp32,AES128GCM,sw,encrypt,64,18,68,48491
esp32,AES128GCM,sw,encrypt,64,18,69,49436
esp32,AES128GCM,sw,encrypt,64,18,70,48493
esp32,AES128GCM,sw,encrypt,64,18,71,49436
esp32,AES128GCM,sw,encrypt,64,18,72,48491
esp32,AES128GCM,sw,encrypt,64,18,73,49436
esp32,AES128GCM,sw,encrypt,64,18,74,48491
esp32,AES128GCM,sw,encrypt,64,18,75,49436
esp32,AES128GCM,sw,encrypt,64,18,76,48491
esp32,AES128GCM,sw,encrypt,64,18,77,49436
esp32,AES128GCM,sw,encrypt,64,18,78,49694
esp32,AES128GCM,sw,encrypt,64,18,79,49436
esp32,AES128GCM,sw,encrypt,64,18,80,48491
esp32,AES128GCM,sw,encrypt,64,18,81,49436
esp32,AES128GCM,sw,encrypt,64,18,82,48491
esp32,AES128GCM,sw,encrypt,64,18,83,49436
esp32,AES128GCM,sw,encrypt,64,18,84,48491
esp32,AES128GCM,sw,encrypt,64,18,85,49436
esp32,AES128GCM,sw,encrypt,64,18,86,48491
esp32,AES128GCM,sw,encrypt,64,18,87,49436
esp32,AES128GCM,sw,encrypt,64,18,88,48491
esp32,AES128GCM,sw,encrypt,64,18,89,49436
esp32,AES128GCM,sw,encrypt,64,18,90,48491
esp32,AES128GCM,sw,encrypt,64,18,91,49436
esp32,AES128GCM,sw,encrypt,64,18,92,48491
esp32,AES128GCM,sw,encrypt,64,18,93,49436
esp32,AES128GCM,sw,encrypt,64,18,94,48491
esp32,AES128GCM,sw,encrypt,64,18,95,49436
esp32,AES128GCM,sw,encrypt,64,18,96,48491
esp32,AES128GCM,sw,encrypt,64,18,97,49436
esp32,AES128GCM,sw,encrypt,64,18,98,48491
esp32,AES128GCM,sw,encrypt,64,18,99,49436
esp32,AES128GCM,sw,encrypt,64,18,100,48491
esp32,AES128GCM,sw,encrypt,64,18,101,49436
esp32,AES128GCM,sw,encrypt,64,18,102,48491
esp32,AES128GCM,sw,encrypt,64,18,103,49436
esp32,AES128GCM,sw,encrypt,64,18,104,48491
esp32,AES128GCM,sw,encrypt,64,18,105,49436
esp32,AES128GCM,sw,encrypt,64,18,106,48491
esp32,AES128GCM,sw,encrypt,64,18,107,49436
esp32,AES128GCM,sw,encrypt,64,18,108,48491
esp32,AES128GCM,sw,encrypt,64,18,109,49436
esp32,AES128GCM,sw,encrypt,64,18,110,48491
esp32,AES128GCM,sw,encrypt,64,18,111,49436
esp32,AES128GCM,sw,encrypt,64,18,112,48491
esp32,AES128GCM,sw,encrypt,64,18,113,49436
esp32,AES128GCM,sw,encrypt,64,18,114,48491
esp32,AES128GCM,sw,encrypt,64,18,115,49436
esp32,AES128GCM,sw,encrypt,64,18,116,48491
esp32,AES128GCM,sw,encrypt,64,18,117,49436
esp32,AES128GCM,sw,encrypt,64,18,118,48491
esp32,AES128GCM,sw,encrypt,64,18,119,49436
esp32,AES128GCM,sw,encrypt,64,18,120,48491
esp32,AES128GCM,sw,encrypt,64,18,121,49436
esp32,AES128GCM,sw,encrypt,64,18,122,48491
esp32,AES128GCM,sw,encrypt,64,18,123,50638
esp32,AES128GCM,sw,encrypt,64,18,124,48491
esp32,AES128GCM,sw,encrypt,64,18,125,49436
esp32,AES128GCM,sw,encrypt,64,18,126,48491
esp32,AES128GCM,sw,encrypt,64,18,127,49436
esp32,AES128GCM,sw,encrypt,64,18,128,48491
esp32,AES128GCM,sw,encrypt,64,18,129,49436
esp32,AES128GCM,sw,encrypt,64,18,130,48491
esp32,AES128GCM,sw,encrypt,64,18,131,49436
esp32,AES128GCM,sw,encrypt,64,18,132,48491
esp32,AES128GCM,sw,encrypt,64,18,133,49436
esp32,AES128GCM,sw,encrypt,64,18,134,48491
esp32,AES128GCM,sw,encrypt,64,18,135,49436
esp32,AES128GCM,sw,encrypt,64,18,136,48491
esp32,AES128GCM,sw,encrypt,64,18,137,49436
esp32,AES128GCM,sw,encrypt,64,18,138,48491
esp32,AES128GCM,sw,encrypt,64,18,139,49436
esp32,AES128GCM,sw,encrypt,64,18,140,48491
esp32,AES128GCM,sw,encrypt,64,18,141,49436
esp32,AES128GCM,sw,encrypt,64,18,142,48491
esp32,AES128GCM,sw,encrypt,64,18,143,49436
esp32,AES128GCM,sw,encrypt,64,18,144,48493
esp32,AES128GCM,sw,encrypt,64,18,145,49436
esp32,AES128GCM,sw,encrypt,64,18,146,48491
esp32,AES128GCM,sw,encrypt,64,18,147,49436
esp32,AES128GCM,sw,encrypt,64,18,148,48491
esp32,AES128GCM,sw,encrypt,64,18,149,49436
esp32,AES128GCM,sw,encrypt,64,18,150,48491
esp32,AES128GCM,sw,encrypt,64,18,151,49436
esp32,AES128GCM,sw,encrypt,64,18,152,48491
esp32,AES128GCM,sw,encrypt,64,18,153,49436
esp32,AES128GCM,sw,encrypt,64,18,154,48491
esp32,AES128GCM,sw,encrypt,64,18,155,49436
esp32,AES128GCM,sw,encrypt,64,18,156,48491
esp32,AES128GCM,sw,encrypt,64,18,157,49436
esp32,AES128GCM,sw,encrypt,64,18,158,48491
esp32,AES128GCM,sw,encrypt,64,18,159,49436
esp32,AES128GCM,sw,encrypt,64,18,160,48491
esp32,AES128GCM,sw,encrypt,64,18,161,49436
esp32,AES128GCM,sw,encrypt,64,18,162,48491
esp32,AES128GCM,sw,encrypt,64,18,163,49436
esp32,AES128GCM,sw,encrypt,64,18,164,48491
esp32,AES128GCM,sw,encrypt,64,18,165,49436
esp32,AES128GCM,sw,encrypt,64,18,166,48491
esp32,AES128GCM,sw,encrypt,64,18,167,49436
esp32,AES128GCM,sw,encrypt,64,18,168,48491
esp32,AES128GCM,sw,encrypt,64,18,169,49436
esp32,AES128GCM,sw,encrypt,64,18,170,48491
esp32,AES128GCM,sw,encrypt,64,18,171,49436
esp32,AES128GCM,sw,encrypt,64,18,172,48491
esp32,AES128GCM,sw,encrypt,64,18,173,49436
esp32,AES128GCM,sw,encrypt,64,18,174,48491
esp32,AES128GCM,sw,encrypt,64,18,175,49436
esp32,AES128GCM,sw,encrypt,64,18,176,48491
esp32,AES128GCM,sw,encrypt,64,18,177,49436
esp32,AES128GCM,sw,encrypt,64,18,178,49694
esp32,AES128GCM,sw,encrypt,64,18,179,49436
esp32,AES128GCM,sw,encrypt,64,18,180,48491
esp32,AES128GCM,sw,encrypt,64,18,181,49436
esp32,AES128GCM,sw,encrypt,64,18,182,48491
esp32,AES128GCM,sw,encrypt,64,18,183,49436
esp32,AES128GCM,sw,encrypt,64,18,184,48491
esp32,AES128GCM,sw,encrypt,64,18,185,49436
esp32,AES128GCM,sw,encrypt,64,18,186,48491
esp32,AES128GCM,sw,encrypt,64,18,187,49436
esp32,AES128GCM,sw,encrypt,64,18,188,48491
esp32,AES128GCM,sw,encrypt,64,18,189,49436
esp32,AES128GCM,sw,encrypt,64,18,190,48491
esp32,AES128GCM,sw,encrypt,64,18,191,49436
esp32,AES128GCM,sw,encrypt,64,18,192,48491
esp32,AES128GCM,sw,encrypt,64,18,193,49436
esp32,AES128GCM,sw,encrypt,64,18,194,48491
esp32,AES128GCM,sw,encrypt,64,18,195,49436
esp32,AES128GCM,sw,encrypt,64,18,196,48491
esp32,AES128GCM,sw,encrypt,64,18,197,49436
esp32,AES128GCM,sw,encrypt,64,18,198,48491
esp32,AES128GCM,sw,encrypt,64,18,199,49436
esp32,AES128GCM,sw,encrypt,64,18,200,48491
esp32,AES128GCM,sw,encrypt,64,18,201,49436
esp32,AES128GCM,sw,encrypt,64,18,202,48491
esp32,AES128GCM,sw,encrypt,64,18,203,49436
esp32,AES128GCM,sw,encrypt,64,18,204,48491
esp32,AES128GCM,sw,encrypt,64,18,205,49436
esp32,AES128GCM,sw,encrypt,64,18,206,48491
esp32,AES128GCM,sw,encrypt,64,18,207,49436
esp32,AES128GCM,sw,encrypt,64,18,208,48491
esp32,AES128GCM,sw,encrypt,64,18,209,49436
esp32,AES128GCM,sw,encrypt,64,18,210,48491
esp32,AES128GCM,sw,encrypt,64,18,211,49436
esp32,AES128GCM,sw,encrypt,64,18,212,48491
esp32,AES128GCM,sw,encrypt,64,18,213,49436
esp32,AES128GCM,sw,encrypt,64,18,214,48491
esp32,AES128GCM,sw,encrypt,64,18,215,49436
esp32,AES128GCM,sw,encrypt,64,18,216,48491
esp32,AES128GCM,sw,encrypt,64,18,217,49436
esp32,AES128GCM,sw,encrypt,64,18,218,48491
esp32,AES128GCM,sw,encrypt,64,18,219,49436
esp32,AES128GCM,sw,encrypt,64,18,220,48491
esp32,AES128GCM,sw,encrypt,64,18,221,49436
esp32,AES128GCM,sw,encrypt,64,18,222,48491
esp32,AES128GCM,sw,encrypt,64,18,223,49436
esp32,AES128GCM,sw,encrypt,64,18,224,48491
esp32,AES128GCM,sw,encrypt,64,18,225,49436
esp32,AES128GCM,sw,encrypt,64,18,226,48491
esp32,AES128GCM,sw,encrypt,64,18,227,49436
esp32,AES128GCM,sw,encrypt,64,18,228,48491
esp32,AES128GCM,sw,encrypt,64,18,229,49436
esp32,AES128GCM,sw,encrypt,64,18,230,48491
esp32,AES128GCM,sw,encrypt,64,18,231,49436
esp32,AES128GCM,sw,encrypt,64,18,232,48491
esp32,AES128GCM,sw,encrypt,64,18,233,50639
esp32,AES128GCM,sw,encrypt,64,18,234,48491
esp32,AES128GCM,sw,encrypt,64,18,235,49436
esp32,AES128GCM,sw,encrypt,64,18,236,48491
esp32,AES128GCM,sw,encrypt,64,18,237,49436
esp32,AES128GCM,sw,encrypt,64,18,238,48491
esp32,AES128GCM,sw,encrypt,64,18,239,49436
esp32,AES128GCM,sw,encrypt,64,18,240,48491
esp32,AES128GCM,sw,encrypt,64,18,241,49436
esp32,AES128GCM,sw,encrypt,64,18,242,48491
esp32,AES128GCM,sw,encrypt,64,18,243,49436
esp32,AES128GCM,sw,encrypt,64,18,244,48491
esp32,AES128GCM,sw,encrypt,64,18,245,49436
esp32,AES128GCM,sw,encrypt,64,18,246,48491
esp32,AES128GCM,sw,encrypt,64,18,247,49436
esp32,AES128GCM,sw,encrypt,64,18,248,48491
esp32,AES128GCM,sw,encrypt,64,18,249,49436
esp32,AES128GCM,sw,encrypt,64,18,250,48491
esp32,AES128GCM,sw,encrypt,64,18,251,49436
esp32,AES128GCM,sw,encrypt,64,18,252,48491
esp32,AES128GCM,sw,encrypt,64,18,253,49436
esp32,AES128GCM,sw,encrypt,64,18,254,48491
esp32,AES128GCM,sw,encrypt,64,18,255,49436
esp32,AES128GCM,sw,encrypt,64,18,256,48491
esp32,AES128GCM,sw,encrypt,64,18,257,49436
esp32,AES128GCM,sw,encrypt,64,18,258,48491
esp32,AES128GCM,sw,encrypt,64,18,259,49436
esp32,AES128GCM,sw,encrypt,64,18,260,48491
esp32,AES128GCM,sw,encrypt,64,18,261,49436
esp32,AES128GCM,sw,encrypt,64,18,262,48491
esp32,AES128GCM,sw,encrypt,64,18,263,49436
esp32,AES128GCM,sw,encrypt,64,18,264,48491
esp32,AES128GCM,sw,encrypt,64,18,265,49436
esp32,AES128GCM,sw,encrypt,64,18,266,48491
esp32,AES128GCM,sw,encrypt,64,18,267,50638
esp32,AES128GCM,sw,encrypt,64,18,268,48491
esp32,AES128GCM,sw,encrypt,64,18,269,49436
esp32,AES128GCM,sw,encrypt,64,18,270,48491
esp32,AES128GCM,sw,encrypt,64,18,271,49436
esp32,AES128GCM,sw,encrypt,64,18,272,48491
esp32,AES128GCM,sw,encrypt,64,18,273,49436
esp32,AES128GCM,sw,encrypt,64,18,274,48491
esp32,AES128GCM,sw,encrypt,64,18,275,49436
esp32,AES128GCM,sw,encrypt,64,18,276,48491
esp32,AES128GCM,sw,encrypt,64,18,277,49436
esp32,AES128GCM,sw,encrypt,64,18,278,48491
esp32,AES128GCM,sw,encrypt,64,18,279,49436
esp32,AES128GCM,sw,encrypt,64,18,280,48491
esp32,AES128GCM,sw,encrypt,64,18,281,49436
esp32,AES128GCM,sw,encrypt,64,18,282,48491
esp32,AES128GCM,sw,encrypt,64,18,283,49436
esp32,AES128GCM,sw,encrypt,64,18,284,48491
esp32,AES128GCM,sw,encrypt,64,18,285,49436
esp32,AES128GCM,sw,encrypt,64,18,286,48491
esp32,AES128GCM,sw,encrypt,64,18,287,49436
esp32,AES128GCM,sw,encrypt,64,18,288,48493
esp32,AES128GCM,sw,encrypt,64,18,289,49436
esp32,AES128GCM,sw,encrypt,64,18,290,48491
esp32,AES128GCM,sw,encrypt,64,18,291,49436
esp32,AES128GCM,sw,encrypt,64,18,292,48491
esp32,AES128GCM,sw,encrypt,64,18,293,49436
esp32,AES128GCM,sw,encrypt,64,18,294,48491
esp32,AES128GCM,sw,encrypt,64,18,295,49436
esp32,AES128GCM,sw,encrypt,64,18,296,48491
esp32,AES128GCM,sw,encrypt,64,18,297,49436
esp32,AES128GCM,sw,encrypt,64,18,298,48491
esp32,AES128GCM,sw,encrypt,64,18,299,49436
esp32,AES128GCM,sw,encrypt,64,18,300,48491
esp32,AES128GCM,sw,encrypt,64,18,301,49436
esp32,AES128GCM,sw,encrypt,64,18,302,48491
esp32,AES128GCM,sw,encrypt,64,18,303,49436
esp32,AES128GCM,sw,encrypt,64,18,304,48491
esp32,AES128GCM,sw,encrypt,64,18,305,49436
esp32,AES128GCM,sw,encrypt,64,18,306,48491
esp32,AES128GCM,sw,encrypt,64,18,307,49436
esp32,AES128GCM,sw,encrypt,64,18,308,48491
esp32,AES128GCM,sw,encrypt,64,18,309,49436
esp32,AES128GCM,sw,encrypt,64,18,310,48491
esp32,AES128GCM,sw,encrypt,64,18,311,49436
esp32,AES128GCM,sw,encrypt,64,18,312,48491
esp32,AES128GCM,sw,encrypt,64,18,313,49436
esp32,AES128GCM,sw,encrypt,64,18,314,48491
esp32,AES128GCM,sw,encrypt,64,18,315,49436
esp32,AES128GCM,sw,encrypt,64,18,316,48491
esp32,AES128GCM,sw,encrypt,64,18,317,49436
esp32,AES128GCM,sw,encrypt,64,18,318,48491
esp32,AES128GCM,sw,encrypt,64,18,319,49436
esp32,AES128GCM,sw,encrypt,64,18,320,48491
esp32,AES128GCM,sw,encrypt,64,18,321,49436
esp32,AES128GCM,sw,encrypt,64,18,322,49694
esp32,AES128GCM,sw,encrypt,64,18,323,49436
esp32,AES128GCM,sw,encrypt,64,18,324,48491
esp32,AES128GCM,sw,encrypt,64,18,325,49436
esp32,AES128GCM,sw,encrypt,64,18,326,48491
esp32,AES128GCM,sw,encrypt,64,18,327,49436
esp32,AES128GCM,sw,encrypt,64,18,328,48491
esp32,AES128GCM,sw,encrypt,64,18,329,49436
esp32,AES128GCM,sw,encrypt,64,18,330,48491
esp32,AES128GCM,sw,encrypt,64,18,331,49436
esp32,AES128GCM,sw,encrypt,64,18,332,48491
esp32,AES128GCM,sw,encrypt,64,18,333,49436
esp32,AES128GCM,sw,encrypt,64,18,334,48491
esp32,AES128GCM,sw,encrypt,64,18,335,49436
esp32,AES128GCM,sw,encrypt,64,18,336,48491
esp32,AES128GCM,sw,encrypt,64,18,337,49436
esp32,AES128GCM,sw,encrypt,64,18,338,48491
esp32,AES128GCM,sw,encrypt,64,18,339,49436
esp32,AES128GCM,sw,encrypt,64,18,340,48491
esp32,AES128GCM,sw,encrypt,64,18,341,49436
esp32,AES128GCM,sw,encrypt,64,18,342,48491
esp32,AES128GCM,sw,encrypt,64,18,343,49436
esp32,AES128GCM,sw,encrypt,64,18,344,48491
esp32,AES128GCM,sw,encrypt,64,18,345,49436
esp32,AES128GCM,sw,encrypt,64,18,346,48491
esp32,AES128GCM,sw,encrypt,64,18,347,49436
esp32,AES128GCM,sw,encrypt,64,18,348,48491
esp32,AES128GCM,sw,encrypt,64,18,349,49436
esp32,AES128GCM,sw,encrypt,64,18,350,48491
esp32,AES128GCM,sw,encrypt,64,18,351,49436
esp32,AES128GCM,sw,encrypt,64,18,352,48491
esp32,AES128GCM,sw,encrypt,64,18,353,49436
esp32,AES128GCM,sw,encrypt,64,18,354,48491
esp32,AES128GCM,sw,encrypt,64,18,355,49436
esp32,AES128GCM,sw,encrypt,64,18,356,48491
esp32,AES128GCM,sw,encrypt,64,18,357,49436
esp32,AES128GCM,sw,encrypt,64,18,358,48491
esp32,AES128GCM,sw,encrypt,64,18,359,49436
esp32,AES128GCM,sw,encrypt,64,18,360,48491
esp32,AES128GCM,sw,encrypt,64,18,361,49436
esp32,AES128GCM,sw,encrypt,64,18,362,48491
esp32,AES128GCM,sw,encrypt,64,18,363,49436
esp32,AES128GCM,sw,encrypt,64,18,364,48491
esp32,AES128GCM,sw,encrypt,64,18,365,49436
esp32,AES128GCM,sw,encrypt,64,18,366,48491
esp32,AES128GCM,sw,encrypt,64,18,367,49436
esp32,AES128GCM,sw,encrypt,64,18,368,48491
esp32,AES128GCM,sw,encrypt,64,18,369,49436
esp32,AES128GCM,sw,encrypt,64,18,370,48491
esp32,AES128GCM,sw,encrypt,64,18,371,49436
esp32,AES128GCM,sw,encrypt,64,18,372,48491
esp32,AES128GCM,sw,encrypt,64,18,373,49436
esp32,AES128GCM,sw,encrypt,64,18,374,48491
esp32,AES128GCM,sw,encrypt,64,18,375,49436
esp32,AES128GCM,sw,encrypt,64,18,376,48491
esp32,AES128GCM,sw,encrypt,64,18,377,50636
esp32,AES128GCM,sw,encrypt,64,18,378,48491
esp32,AES128GCM,sw,encrypt,64,18,379,49436
esp32,AES128GCM,sw,encrypt,64,18,380,48491
esp32,AES128GCM,sw,encrypt,64,18,381,49436
esp32,AES128GCM,sw,encrypt,64,18,382,48491
esp32,AES128GCM,sw,encrypt,64,18,383,49436
esp32,AES128GCM,sw,encrypt,64,18,384,48491
esp32,AES128GCM,sw,encrypt,64,18,385,49436
esp32,AES128GCM,sw,encrypt,64,18,386,48491
esp32,AES128GCM,sw,encrypt,64,18,387,49436
esp32,AES128GCM,sw,encrypt,64,18,388,48491
esp32,AES128GCM,sw,encrypt,64,18,389,49436
esp32,AES128GCM,sw,encrypt,64,18,390,48491
esp32,AES128GCM,sw,encrypt,64,18,391,49436
esp32,AES128GCM,sw,encrypt,64,18,392,48491
esp32,AES128GCM,sw,encrypt,64,18,393,49436
esp32,AES128GCM,sw,encrypt,64,18,394,48491
esp32,AES128GCM,sw,encrypt,64,18,395,49436
esp32,AES128GCM,sw,encrypt,64,18,396,48491
esp32,AES128GCM,sw,encrypt,64,18,397,49436
esp32,AES128GCM,sw,encrypt,64,18,398,48491
esp32,AES128GCM,sw,encrypt,64,18,399,49436
esp32,AES128GCM,sw,encrypt,64,18,400,48491
esp32,AES128GCM,sw,encrypt,64,18,401,49436
esp32,AES128GCM,sw,encrypt,64,18,402,48491
esp32,AES128GCM,sw,encrypt,64,18,403,49436
esp32,AES128GCM,sw,encrypt,64,18,404,48491
esp32,AES128GCM,sw,encrypt,64,18,405,49436
esp32,AES128GCM,sw,encrypt,64,18,406,48491
esp32,AES128GCM,sw,encrypt,64,18,407,49436
esp32,AES128GCM,sw,encrypt,64,18,408,48491
esp32,AES128GCM,sw,encrypt,64,18,409,49436
esp32,AES128GCM,sw,encrypt,64,18,410,48491
esp32,AES128GCM,sw,encrypt,64,18,411,50638
esp32,AES128GCM,sw,encrypt,64,18,412,48491
esp32,AES128GCM,sw,encrypt,64,18,413,49436
esp32,AES128GCM,sw,encrypt,64,18,414,48491
esp32,AES128GCM,sw,encrypt,64,18,415,49436
esp32,AES128GCM,sw,encrypt,64,18,416,48491
esp32,AES128GCM,sw,encrypt,64,18,417,49436
esp32,AES128GCM,sw,encrypt,64,18,418,48491
esp32,AES128GCM,sw,encrypt,64,18,419,49436
esp32,AES128GCM,sw,encrypt,64,18,420,48491
esp32,AES128GCM,sw,encrypt,64,18,421,49436
esp32,AES128GCM,sw,encrypt,64,18,422,48491
esp32,AES128GCM,sw,encrypt,64,18,423,49436
esp32,AES128GCM,sw,encrypt,64,18,424,48491
esp32,AES128GCM,sw,encrypt,64,18,425,49436
esp32,AES128GCM,sw,encrypt,64,18,426,48491
esp32,AES128GCM,sw,encrypt,64,18,427,49436
esp32,AES128GCM,sw,encrypt,64,18,428,48491
esp32,AES128GCM,sw,encrypt,64,18,429,49436
esp32,AES128GCM,sw,encrypt,64,18,430,48491
esp32,AES128GCM,sw,encrypt,64,18,431,49436
esp32,AES128GCM,sw,encrypt,64,18,432,48493
esp32,AES128GCM,sw,encrypt,64,18,433,49436
esp32,AES128GCM,sw,encrypt,64,18,434,48491
esp32,AES128GCM,sw,encrypt,64,18,435,49436
esp32,AES128GCM,sw,encrypt,64,18,436,48491
esp32,AES128GCM,sw,encrypt,64,18,437,49436
esp32,AES128GCM,sw,encrypt,64,18,438,48491
esp32,AES128GCM,sw,encrypt,64,18,439,49436
esp32,AES128GCM,sw,encrypt,64,18,440,48491
esp32,AES128GCM,sw,encrypt,64,18,441,49436
esp32,AES128GCM,sw,encrypt,64,18,442,48491
esp32,AES128GCM,sw,encrypt,64,18,443,49436
esp32,AES128GCM,sw,encrypt,64,18,444,48491
esp32,AES128GCM,sw,encrypt,64,18,445,49436
esp32,AES128GCM,sw,encrypt,64,18,446,48491
esp32,AES128GCM,sw,encrypt,64,18,447,49436
esp32,AES128GCM,sw,encrypt,64,18,448,48491
esp32,AES128GCM,sw,encrypt,64,18,449,49436
esp32,AES128GCM,sw,encrypt,64,18,450,48491
esp32,AES128GCM,sw,encrypt,64,18,451,49436
esp32,AES128GCM,sw,encrypt,64,18,452,48491
esp32,AES128GCM,sw,encrypt,64,18,453,49436
esp32,AES128GCM,sw,encrypt,64,18,454,48491
esp32,AES128GCM,sw,encrypt,64,18,455,49436
esp32,AES128GCM,sw,encrypt,64,18,456,48491
esp32,AES128GCM,sw,encrypt,64,18,457,49436
esp32,AES128GCM,sw,encrypt,64,18,458,48491
esp32,AES128GCM,sw,encrypt,64,18,459,49436
esp32,AES128GCM,sw,encrypt,64,18,460,48491
esp32,AES128GCM,sw,encrypt,64,18,461,49436
esp32,AES128GCM,sw,encrypt,64,18,462,48491
esp32,AES128GCM,sw,encrypt,64,18,463,49436
esp32,AES128GCM,sw,encrypt,64,18,464,48491
esp32,AES128GCM,sw,encrypt,64,18,465,49436
esp32,AES128GCM,sw,encrypt,64,18,466,49694
esp32,AES128GCM,sw,encrypt,64,18,467,49436
esp32,AES128GCM,sw,encrypt,64,18,468,48491
esp32,AES128GCM,sw,encrypt,64,18,469,49436
esp32,AES128GCM,sw,encrypt,64,18,470,48491
esp32,AES128GCM,sw,encrypt,64,18,471,49436
esp32,AES128GCM,sw,encrypt,64,18,472,48491
esp32,AES128GCM,sw,encrypt,64,18,473,49436
esp32,AES128GCM,sw,encrypt,64,18,474,48491
esp32,AES128GCM,sw,encrypt,64,18,475,49436
esp32,AES128GCM,sw,encrypt,64,18,476,48491
esp32,AES128GCM,sw,encrypt,64,18,477,49436
esp32,AES128GCM,sw,encrypt,64,18,478,48491
esp32,AES128GCM,sw,encrypt,64,18,479,49436
esp32,AES128GCM,sw,encrypt,64,18,480,48491
esp32,AES128GCM,sw,encrypt,64,18,481,49436
esp32,AES128GCM,sw,encrypt,64,18,482,48491
esp32,AES128GCM,sw,encrypt,64,18,483,49436
esp32,AES128GCM,sw,encrypt,64,18,484,48491
esp32,AES128GCM,sw,encrypt,64,18,485,49436
esp32,AES128GCM,sw,encrypt,64,18,486,48491
esp32,AES128GCM,sw,encrypt,64,18,487,49438
esp32,AES128GCM,sw,encrypt,64,18,488,48491
esp32,AES128GCM,sw,encrypt,64,18,489,49436
esp32,AES128GCM,sw,encrypt,64,18,490,48491
esp32,AES128GCM,sw,encrypt,64,18,491,49436
esp32,AES128GCM,sw,encrypt,64,18,492,48491
esp32,AES128GCM,sw,encrypt,64,18,493,49436
esp32,AES128GCM,sw,encrypt,64,18,494,48491
esp32,AES128GCM,sw,encrypt,64,18,495,49436
esp32,AES128GCM,sw,encrypt,64,18,496,48491
esp32,AES128GCM,sw,encrypt,64,18,497,49436
esp32,AES128GCM,sw,encrypt,64,18,498,48491
esp32,AES128GCM,sw,encrypt,64,18,499,49436
esp32,AES128GCM,sw,encrypt,64,18,500,48491
esp32,AES128GCM,sw,encrypt,64,18,501,49436
esp32,AES128GCM,sw,encrypt,64,18,502,48491
esp32,AES128GCM,sw,encrypt,64,18,503,49436
esp32,AES128GCM,sw,encrypt,64,18,504,48491
esp32,AES128GCM,sw,encrypt,64,18,505,49436
esp32,AES128GCM,sw,encrypt,64,18,506,48491
esp32,AES128GCM,sw,encrypt,64,18,507,49436
esp32,AES128GCM,sw,encrypt,64,18,508,48491
esp32,AES128GCM,sw,encrypt,64,18,509,49436
esp32,AES128GCM,sw,encrypt,64,18,510,48491
esp32,AES128GCM,sw,encrypt,64,18,511,49436
esp32,AES128GCM,sw,encrypt,64,18,512,48491
esp32,AES128GCM,sw,encrypt,64,18,513,49436
esp32,AES128GCM,sw,encrypt,64,18,514,48491
esp32,AES128GCM,sw,encrypt,64,18,515,49436
esp32,AES128GCM,sw,encrypt,64,18,516,48491
esp32,AES128GCM,sw,encrypt,64,18,517,49436
esp32,AES128GCM,sw,encrypt,64,18,518,48491
esp32,AES128GCM,sw,encrypt,64,18,519,49436
esp32,AES128GCM,sw,encrypt,64,18,520,48491
esp32,AES128GCM,sw,encrypt,64,18,521,50639
esp32,AES128GCM,sw,encrypt,64,18,522,48491
esp32,AES128GCM,sw,encrypt,64,18,523,49436
esp32,AES128GCM,sw,encrypt,64,18,524,48491
esp32,AES128GCM,sw,encrypt,64,18,525,49436
esp32,AES128GCM,sw,encrypt,64,18,526,48491
esp32,AES128GCM,sw,encrypt,64,18,527,49436
esp32,AES128GCM,sw,encrypt,64,18,528,48491
esp32,AES128GCM,sw,encrypt,64,18,529,49443
esp32,AES128GCM,sw,encrypt,64,18,530,48491
esp32,AES128GCM,sw,encrypt,64,18,531,49436
esp32,AES128GCM,sw,encrypt,64,18,532,48491
esp32,AES128GCM,sw,encrypt,64,18,533,49436
esp32,AES128GCM,sw,encrypt,64,18,534,48491
esp32,AES128GCM,sw,encrypt,64,18,535,49436
esp32,AES128GCM,sw,encrypt,64,18,536,48491
esp32,AES128GCM,sw,encrypt,64,18,537,49436
esp32,AES128GCM,sw,encrypt,64,18,538,48491
esp32,AES128GCM,sw,encrypt,64,18,539,49436
esp32,AES128GCM,sw,encrypt,64,18,540,48491
esp32,AES128GCM,sw,encrypt,64,18,541,49436
esp32,AES128GCM,sw,encrypt,64,18,542,48491
esp32,AES128GCM,sw,encrypt,64,18,543,49436
esp32,AES128GCM,sw,encrypt,64,18,544,48491
esp32,AES128GCM,sw,encrypt,64,18,545,49436
esp32,AES128GCM,sw,encrypt,64,18,546,48491
esp32,AES128GCM,sw,encrypt,64,18,547,49436
esp32,AES128GCM,sw,encrypt,64,18,548,48491
esp32,AES128GCM,sw,encrypt,64,18,549,49436
esp32,AES128GCM,sw,encrypt,64,18,550,48491
esp32,AES128GCM,sw,encrypt,64,18,551,49436
esp32,AES128GCM,sw,encrypt,64,18,552,48491
esp32,AES128GCM,sw,encrypt,64,18,553,49436
esp32,AES128GCM,sw,encrypt,64,18,554,48491
esp32,AES128GCM,sw,encrypt,64,18,555,50640
esp32,AES128GCM,sw,encrypt,64,18,556,48491
esp32,AES128GCM,sw,encrypt,64,18,557,49436
esp32,AES128GCM,sw,encrypt,64,18,558,48491
esp32,AES128GCM,sw,encrypt,64,18,559,49436
esp32,AES128GCM,sw,encrypt,64,18,560,48491
esp32,AES128GCM,sw,encrypt,64,18,561,49436
esp32,AES128GCM,sw,encrypt,64,18,562,48491
esp32,AES128GCM,sw,encrypt,64,18,563,49436
esp32,AES128GCM,sw,encrypt,64,18,564,48491
esp32,AES128GCM,sw,encrypt,64,18,565,49436
esp32,AES128GCM,sw,encrypt,64,18,566,48491
esp32,AES128GCM,sw,encrypt,64,18,567,49436
esp32,AES128GCM,sw,encrypt,64,18,568,48491
esp32,AES128GCM,sw,encrypt,64,18,569,49436
esp32,AES128GCM,sw,encrypt,64,18,570,48491
esp32,AES128GCM,sw,encrypt,64,18,571,49436
esp32,AES128GCM,sw,encrypt,64,18,572,48491
esp32,AES128GCM,sw,encrypt,64,18,573,49436
esp32,AES128GCM,sw,encrypt,64,18,574,48491
esp32,AES128GCM,sw,encrypt,64,18,575,49436
esp32,AES128GCM,sw,encrypt,64,18,576,48493
esp32,AES128GCM,sw,encrypt,64,18,577,49436
esp32,AES128GCM,sw,encrypt,64,18,578,48491
esp32,AES128GCM,sw,encrypt,64,18,579,49436
esp32,AES128GCM,sw,encrypt,64,18,580,48491
esp32,AES128GCM,sw,encrypt,64,18,581,49436
esp32,AES128GCM,sw,encrypt,64,18,582,48491
esp32,AES128GCM,sw,encrypt,64,18,583,49436
esp32,AES128GCM,sw,encrypt,64,18,584,48491
esp32,AES128GCM,sw,encrypt,64,18,585,49436
esp32,AES128GCM,sw,encrypt,64,18,586,48491
esp32,AES128GCM,sw,encrypt,64,18,587,49436
esp32,AES128GCM,sw,encrypt,64,18,588,48491
esp32,AES128GCM,sw,encrypt,64,18,589,49436
esp32,AES128GCM,sw,encrypt,64,18,590,48491
esp32,AES128GCM,sw,encrypt,64,18,591,49436
esp32,AES128GCM,sw,encrypt,64,18,592,48491
esp32,AES128GCM,sw,encrypt,64,18,593,49436
esp32,AES128GCM,sw,encrypt,64,18,594,48491
esp32,AES128GCM,sw,encrypt,64,18,595,49436
esp32,AES128GCM,sw,encrypt,64,18,596,48491
esp32,AES128GCM,sw,encrypt,64,18,597,49436
esp32,AES128GCM,sw,encrypt,64,18,598,48491
esp32,AES128GCM,sw,encrypt,64,18,599,49436
esp32,AES128GCM,sw,encrypt,64,18,600,48491
esp32,AES128GCM,sw,encrypt,64,18,601,49436
esp32,AES128GCM,sw,encrypt,64,18,602,48491
esp32,AES128GCM,sw,encrypt,64,18,603,49436
esp32,AES128GCM,sw,encrypt,64,18,604,48491
esp32,AES128GCM,sw,encrypt,64,18,605,49436
esp32,AES128GCM,sw,encrypt,64,18,606,48491
esp32,AES128GCM,sw,encrypt,64,18,607,49436
esp32,AES128GCM,sw,encrypt,64,18,608,48491
esp32,AES128GCM,sw,encrypt,64,18,609,49436
esp32,AES128GCM,sw,encrypt,64,18,610,49448
esp32,AES128GCM,sw,encrypt,64,18,611,49436
esp32,AES128GCM,sw,encrypt,64,18,612,48491
esp32,AES128GCM,sw,encrypt,64,18,613,49436
esp32,AES128GCM,sw,encrypt,64,18,614,48491
esp32,AES128GCM,sw,encrypt,64,18,615,49436
esp32,AES128GCM,sw,encrypt,64,18,616,48491
esp32,AES128GCM,sw,encrypt,64,18,617,49436
esp32,AES128GCM,sw,encrypt,64,18,618,48491
esp32,AES128GCM,sw,encrypt,64,18,619,49436
esp32,AES128GCM,sw,encrypt,64,18,620,48491
esp32,AES128GCM,sw,encrypt,64,18,621,49436
esp32,AES128GCM,sw,encrypt,64,18,622,48491
esp32,AES128GCM,sw,encrypt,64,18,623,49436
esp32,AES128GCM,sw,encrypt,64,18,624,48491
esp32,AES128GCM,sw,encrypt,64,18,625,49436
esp32,AES128GCM,sw,encrypt,64,18,626,48491
esp32,AES128GCM,sw,encrypt,64,18,627,49436
esp32,AES128GCM,sw,encrypt,64,18,628,48491
esp32,AES128GCM,sw,encrypt,64,18,629,49436
esp32,AES128GCM,sw,encrypt,64,18,630,48491
esp32,AES128GCM,sw,encrypt,64,18,631,49438
esp32,AES128GCM,sw,encrypt,64,18,632,48491
esp32,AES128GCM,sw,encrypt,64,18,633,49436
esp32,AES128GCM,sw,encrypt,64,18,634,48491
esp32,AES128GCM,sw,encrypt,64,18,635,49436
esp32,AES128GCM,sw,encrypt,64,18,636,48491
esp32,AES128GCM,sw,encrypt,64,18,637,49436
esp32,AES128GCM,sw,encrypt,64,18,638,48491
esp32,AES128GCM,sw,encrypt,64,18,639,49436
esp32,AES128GCM,sw,encrypt,64,18,640,48491
esp32,AES128GCM,sw,encrypt,64,18,641,49436
esp32,AES128GCM,sw,encrypt,64,18,642,48491
esp32,AES128GCM,sw,encrypt,64,18,643,49436
esp32,AES128GCM,sw,encrypt,64,18,644,48491
esp32,AES128GCM,sw,encrypt,64,18,645,49436
esp32,AES128GCM,sw,encrypt,64,18,646,48491
esp32,AES128GCM,sw,encrypt,64,18,647,49436
esp32,AES128GCM,sw,encrypt,64,18,648,48491
esp32,AES128GCM,sw,encrypt,64,18,649,49436
esp32,AES128GCM,sw,encrypt,64,18,650,48491
esp32,AES128GCM,sw,encrypt,64,18,651,49436
esp32,AES128GCM,sw,encrypt,64,18,652,48491
esp32,AES128GCM,sw,encrypt,64,18,653,49436
esp32,AES128GCM,sw,encrypt,64,18,654,48491
esp32,AES128GCM,sw,encrypt,64,18,655,49436
esp32,AES128GCM,sw,encrypt,64,18,656,48491
esp32,AES128GCM,sw,encrypt,64,18,657,49436
esp32,AES128GCM,sw,encrypt,64,18,658,48491
esp32,AES128GCM,sw,encrypt,64,18,659,49436
esp32,AES128GCM,sw,encrypt,64,18,660,48491
esp32,AES128GCM,sw,encrypt,64,18,661,49436
esp32,AES128GCM,sw,encrypt,64,18,662,48491
esp32,AES128GCM,sw,encrypt,64,18,663,49436
esp32,AES128GCM,sw,encrypt,64,18,664,48491
esp32,AES128GCM,sw,encrypt,64,18,665,50636
esp32,AES128GCM,sw,encrypt,64,18,666,48491
esp32,AES128GCM,sw,encrypt,64,18,667,49436
esp32,AES128GCM,sw,encrypt,64,18,668,48491
esp32,AES128GCM,sw,encrypt,64,18,669,49436
esp32,AES128GCM,sw,encrypt,64,18,670,48491
esp32,AES128GCM,sw,encrypt,64,18,671,49436
esp32,AES128GCM,sw,encrypt,64,18,672,48491
esp32,AES128GCM,sw,encrypt,64,18,673,49436
esp32,AES128GCM,sw,encrypt,64,18,674,48491
esp32,AES128GCM,sw,encrypt,64,18,675,49436
esp32,AES128GCM,sw,encrypt,64,18,676,48491
esp32,AES128GCM,sw,encrypt,64,18,677,49436
esp32,AES128GCM,sw,encrypt,64,18,678,48491
esp32,AES128GCM,sw,encrypt,64,18,679,49436
esp32,AES128GCM,sw,encrypt,64,18,680,48491
esp32,AES128GCM,sw,encrypt,64,18,681,49436
esp32,AES128GCM,sw,encrypt,64,18,682,48491
esp32,AES128GCM,sw,encrypt,64,18,683,49436
esp32,AES128GCM,sw,encrypt,64,18,684,48491
esp32,AES128GCM,sw,encrypt,64,18,685,49436
esp32,AES128GCM,sw,encrypt,64,18,686,48491
esp32,AES128GCM,sw,encrypt,64,18,687,49436
esp32,AES128GCM,sw,encrypt,64,18,688,48491
esp32,AES128GCM,sw,encrypt,64,18,689,49436
esp32,AES128GCM,sw,encrypt,64,18,690,48491
esp32,AES128GCM,sw,encrypt,64,18,691,49436
esp32,AES128GCM,sw,encrypt,64,18,692,48491
esp32,AES128GCM,sw,encrypt,64,18,693,49436
esp32,AES128GCM,sw,encrypt,64,18,694,48491
esp32,AES128GCM,sw,encrypt,64,18,695,49436
esp32,AES128GCM,sw,encrypt,64,18,696,48491
esp32,AES128GCM,sw,encrypt,64,18,697,49436
esp32,AES128GCM,sw,encrypt,64,18,698,48491
esp32,AES128GCM,sw,encrypt,64,18,699,50682
esp32,AES128GCM,sw,encrypt,64,18,700,48491
esp32,AES128GCM,sw,encrypt,64,18,701,49436
esp32,AES128GCM,sw,encrypt,64,18,702,48491
esp32,AES128GCM,sw,encrypt,64,18,703,49436
esp32,AES128GCM,sw,encrypt,64,18,704,48491
esp32,AES128GCM,sw,encrypt,64,18,705,49436
esp32,AES128GCM,sw,encrypt,64,18,706,48491
esp32,AES128GCM,sw,encrypt,64,18,707,49436
esp32,AES128GCM,sw,encrypt,64,18,708,48491
esp32,AES128GCM,sw,encrypt,64,18,709,49436
esp32,AES128GCM,sw,encrypt,64,18,710,48491
esp32,AES128GCM,sw,encrypt,64,18,711,49436
esp32,AES128GCM,sw,encrypt,64,18,712,48491
esp32,AES128GCM,sw,encrypt,64,18,713,49436
esp32,AES128GCM,sw,encrypt,64,18,714,48491
esp32,AES128GCM,sw,encrypt,64,18,715,49436
esp32,AES128GCM,sw,encrypt,64,18,716,48491
esp32,AES128GCM,sw,encrypt,64,18,717,49436
esp32,AES128GCM,sw,encrypt,64,18,718,48491
esp32,AES128GCM,sw,encrypt,64,18,719,49436
esp32,AES128GCM,sw,encrypt,64,18,720,48493
esp32,AES128GCM,sw,encrypt,64,18,721,49436
esp32,AES128GCM,sw,encrypt,64,18,722,48491
esp32,AES128GCM,sw,encrypt,64,18,723,49436
esp32,AES128GCM,sw,encrypt,64,18,724,48491
esp32,AES128GCM,sw,encrypt,64,18,725,49436
esp32,AES128GCM,sw,encrypt,64,18,726,48491
esp32,AES128GCM,sw,encrypt,64,18,727,49436
esp32,AES128GCM,sw,encrypt,64,18,728,48491
esp32,AES128GCM,sw,encrypt,64,18,729,49436
esp32,AES128GCM,sw,encrypt,64,18,730,48491
esp32,AES128GCM,sw,encrypt,64,18,731,49436
esp32,AES128GCM,sw,encrypt,64,18,732,48491
esp32,AES128GCM,sw,encrypt,64,18,733,49436
esp32,AES128GCM,sw,encrypt,64,18,734,48491
esp32,AES128GCM,sw,encrypt,64,18,735,49436
esp32,AES128GCM,sw,encrypt,64,18,736,48491
esp32,AES128GCM,sw,encrypt,64,18,737,49436
esp32,AES128GCM,sw,encrypt,64,18,738,48491
esp32,AES128GCM,sw,encrypt,64,18,739,49436
esp32,AES128GCM,sw,encrypt,64,18,740,48491
esp32,AES128GCM,sw,encrypt,64,18,741,49436
esp32,AES128GCM,sw,encrypt,64,18,742,48491
esp32,AES128GCM,sw,encrypt,64,18,743,49436
esp32,AES128GCM,sw,encrypt,64,18,744,48491
esp32,AES128GCM,sw,encrypt,64,18,745,49436
esp32,AES128GCM,sw,encrypt,64,18,746,48491
esp32,AES128GCM,sw,encrypt,64,18,747,49436
esp32,AES128GCM,sw,encrypt,64,18,748,48491
esp32,AES128GCM,sw,encrypt,64,18,749,49436
esp32,AES128GCM,sw,encrypt,64,18,750,48491
esp32,AES128GCM,sw,encrypt,64,18,751,49436
esp32,AES128GCM,sw,encrypt,64,18,752,48491
esp32,AES128GCM,sw,encrypt,64,18,753,49436
esp32,AES128GCM,sw,encrypt,64,18,754,49865
esp32,AES128GCM,sw,encrypt,64,18,755,49436
esp32,AES128GCM,sw,encrypt,64,18,756,48491
esp32,AES128GCM,sw,encrypt,64,18,757,49436
esp32,AES128GCM,sw,encrypt,64,18,758,48491
esp32,AES128GCM,sw,encrypt,64,18,759,49436
esp32,AES128GCM,sw,encrypt,64,18,760,48491
esp32,AES128GCM,sw,encrypt,64,18,761,49436
esp32,AES128GCM,sw,encrypt,64,18,762,48491
esp32,AES128GCM,sw,encrypt,64,18,763,49436
esp32,AES128GCM,sw,encrypt,64,18,764,48491
esp32,AES128GCM,sw,encrypt,64,18,765,49436
esp32,AES128GCM,sw,encrypt,64,18,766,48491
esp32,AES128GCM,sw,encrypt,64,18,767,49436
esp32,AES128GCM,sw,encrypt,64,18,768,48491
esp32,AES128GCM,sw,encrypt,64,18,769,49436
esp32,AES128GCM,sw,encrypt,64,18,770,48491
esp32,AES128GCM,sw,encrypt,64,18,771,49436
esp32,AES128GCM,sw,encrypt,64,18,772,48491
esp32,AES128GCM,sw,encrypt,64,18,773,49436
esp32,AES128GCM,sw,encrypt,64,18,774,48491
esp32,AES128GCM,sw,encrypt,64,18,775,49438
esp32,AES128GCM,sw,encrypt,64,18,776,48491
esp32,AES128GCM,sw,encrypt,64,18,777,49436
esp32,AES128GCM,sw,encrypt,64,18,778,48491
esp32,AES128GCM,sw,encrypt,64,18,779,49436
esp32,AES128GCM,sw,encrypt,64,18,780,48491
esp32,AES128GCM,sw,encrypt,64,18,781,49436
esp32,AES128GCM,sw,encrypt,64,18,782,48491
esp32,AES128GCM,sw,encrypt,64,18,783,49436
esp32,AES128GCM,sw,encrypt,64,18,784,48491
esp32,AES128GCM,sw,encrypt,64,18,785,49436
esp32,AES128GCM,sw,encrypt,64,18,786,48491
esp32,AES128GCM,sw,encrypt,64,18,787,49436
esp32,AES128GCM,sw,encrypt,64,18,788,48491
esp32,AES128GCM,sw,encrypt,64,18,789,49436
esp32,AES128GCM,sw,encrypt,64,18,790,48491
esp32,AES128GCM,sw,encrypt,64,18,791,49436
esp32,AES128GCM,sw,encrypt,64,18,792,48491
esp32,AES128GCM,sw,encrypt,64,18,793,49436
esp32,AES128GCM,sw,encrypt,64,18,794,48491
esp32,AES128GCM,sw,encrypt,64,18,795,49436
esp32,AES128GCM,sw,encrypt,64,18,796,48491
esp32,AES128GCM,sw,encrypt,64,18,797,49436
esp32,AES128GCM,sw,encrypt,64,18,798,48491
esp32,AES128GCM,sw,encrypt,64,18,799,49436
esp32,AES128GCM,sw,encrypt,64,18,800,48491
esp32,AES128GCM,sw,encrypt,64,18,801,49436
esp32,AES128GCM,sw,encrypt,64,18,802,48491
esp32,AES128GCM,sw,encrypt,64,18,803,49436
esp32,AES128GCM,sw,encrypt,64,18,804,48491
esp32,AES128GCM,sw,encrypt,64,18,805,49436
esp32,AES128GCM,sw,encrypt,64,18,806,48491
esp32,AES128GCM,sw,encrypt,64,18,807,49436
esp32,AES128GCM,sw,encrypt,64,18,808,48491
esp32,AES128GCM,sw,encrypt,64,18,809,50162
esp32,AES128GCM,sw,encrypt,64,18,810,48491
esp32,AES128GCM,sw,encrypt,64,18,811,49436
esp32,AES128GCM,sw,encrypt,64,18,812,48491
esp32,AES128GCM,sw,encrypt,64,18,813,49436
esp32,AES128GCM,sw,encrypt,64,18,814,48491
esp32,AES128GCM,sw,encrypt,64,18,815,49436
esp32,AES128GCM,sw,encrypt,64,18,816,48491
esp32,AES128GCM,sw,encrypt,64,18,817,49436
esp32,AES128GCM,sw,encrypt,64,18,818,48491
esp32,AES128GCM,sw,encrypt,64,18,819,49436
esp32,AES128GCM,sw,encrypt,64,18,820,48491
esp32,AES128GCM,sw,encrypt,64,18,821,49436
esp32,AES128GCM,sw,encrypt,64,18,822,48491
esp32,AES128GCM,sw,encrypt,64,18,823,49436
esp32,AES128GCM,sw,encrypt,64,18,824,48491
esp32,AES128GCM,sw,encrypt,64,18,825,49436
esp32,AES128GCM,sw,encrypt,64,18,826,48491
esp32,AES128GCM,sw,encrypt,64,18,827,49436
esp32,AES128GCM,sw,encrypt,64,18,828,48491
esp32,AES128GCM,sw,encrypt,64,18,829,49436
esp32,AES128GCM,sw,encrypt,64,18,830,48491
esp32,AES128GCM,sw,encrypt,64,18,831,49436
esp32,AES128GCM,sw,encrypt,64,18,832,48491
esp32,AES128GCM,sw,encrypt,64,18,833,49436
esp32,AES128GCM,sw,encrypt,64,18,834,48491
esp32,AES128GCM,sw,encrypt,64,18,835,49436
esp32,AES128GCM,sw,encrypt,64,18,836,48491
esp32,AES128GCM,sw,encrypt,64,18,837,49436
esp32,AES128GCM,sw,encrypt,64,18,838,48491
esp32,AES128GCM,sw,encrypt,64,18,839,49436
esp32,AES128GCM,sw,encrypt,64,18,840,48491
esp32,AES128GCM,sw,encrypt,64,18,841,49436
esp32,AES128GCM,sw,encrypt,64,18,842,48491
esp32,AES128GCM,sw,encrypt,64,18,843,50681
esp32,AES128GCM,sw,encrypt,64,18,844,48491
esp32,AES128GCM,sw,encrypt,64,18,845,49436
esp32,AES128GCM,sw,encrypt,64,18,846,48491
esp32,AES128GCM,sw,encrypt,64,18,847,49436
esp32,AES128GCM,sw,encrypt,64,18,848,48491
esp32,AES128GCM,sw,encrypt,64,18,849,49436
esp32,AES128GCM,sw,encrypt,64,18,850,48491
esp32,AES128GCM,sw,encrypt,64,18,851,49436
esp32,AES128GCM,sw,encrypt,64,18,852,48491
esp32,AES128GCM,sw,encrypt,64,18,853,49436
esp32,AES128GCM,sw,encrypt,64,18,854,48491
esp32,AES128GCM,sw,encrypt,64,18,855,49436
esp32,AES128GCM,sw,encrypt,64,18,856,48491
esp32,AES128GCM,sw,encrypt,64,18,857,49436
esp32,AES128GCM,sw,encrypt,64,18,858,48491
esp32,AES128GCM,sw,encrypt,64,18,859,49436
esp32,AES128GCM,sw,encrypt,64,18,860,48491
esp32,AES128GCM,sw,encrypt,64,18,861,49436
esp32,AES128GCM,sw,encrypt,64,18,862,48491
esp32,AES128GCM,sw,encrypt,64,18,863,49436
esp32,AES128GCM,sw,encrypt,64,18,864,48493
esp32,AES128GCM,sw,encrypt,64,18,865,49436
esp32,AES128GCM,sw,encrypt,64,18,866,48491
esp32,AES128GCM,sw,encrypt,64,18,867,49436
esp32,AES128GCM,sw,encrypt,64,18,868,48491
esp32,AES128GCM,sw,encrypt,64,18,869,49436
esp32,AES128GCM,sw,encrypt,64,18,870,48491
esp32,AES128GCM,sw,encrypt,64,18,871,49436
esp32,AES128GCM,sw,encrypt,64,18,872,48494
esp32,AES128GCM,sw,encrypt,64,18,873,49436
esp32,AES128GCM,sw,encrypt,64,18,874,48491
esp32,AES128GCM,sw,encrypt,64,18,875,49436
esp32,AES128GCM,sw,encrypt,64,18,876,48491
esp32,AES128GCM,sw,encrypt,64,18,877,49436
esp32,AES128GCM,sw,encrypt,64,18,878,48491
esp32,AES128GCM,sw,encrypt,64,18,879,49436
esp32,AES128GCM,sw,encrypt,64,18,880,48491
esp32,AES128GCM,sw,encrypt,64,18,881,49436
esp32,AES128GCM,sw,encrypt,64,18,882,48491
esp32,AES128GCM,sw,encrypt,64,18,883,49436
esp32,AES128GCM,sw,encrypt,64,18,884,48491
esp32,AES128GCM,sw,encrypt,64,18,885,49436
esp32,AES128GCM,sw,encrypt,64,18,886,48491
esp32,AES128GCM,sw,encrypt,64,18,887,49436
esp32,AES128GCM,sw,encrypt,64,18,888,48491
esp32,AES128GCM,sw,encrypt,64,18,889,49436
esp32,AES128GCM,sw,encrypt,64,18,890,48491
esp32,AES128GCM,sw,encrypt,64,18,891,49436
esp32,AES128GCM,sw,encrypt,64,18,892,48491
esp32,AES128GCM,sw,encrypt,64,18,893,49436
esp32,AES128GCM,sw,encrypt,64,18,894,48491
esp32,AES128GCM,sw,encrypt,64,18,895,49436
esp32,AES128GCM,sw,encrypt,64,18,896,48491
esp32,AES128GCM,sw,encrypt,64,18,897,49436
esp32,AES128GCM,sw,encrypt,64,18,898,49694
esp32,AES128GCM,sw,encrypt,64,18,899,49436
esp32,AES128GCM,sw,encrypt,64,18,900,48491
esp32,AES128GCM,sw,encrypt,64,18,901,49436
esp32,AES128GCM,sw,encrypt,64,18,902,48491
esp32,AES128GCM,sw,encrypt,64,18,903,49436
esp32,AES128GCM,sw,encrypt,64,18,904,48491
esp32,AES128GCM,sw,encrypt,64,18,905,49436
esp32,AES128GCM,sw,encrypt,64,18,906,48491
esp32,AES128GCM,sw,encrypt,64,18,907,49436
esp32,AES128GCM,sw,encrypt,64,18,908,48491
esp32,AES128GCM,sw,encrypt,64,18,909,49436
esp32,AES128GCM,sw,encrypt,64,18,910,48491
esp32,AES128GCM,sw,encrypt,64,18,911,49436
esp32,AES128GCM,sw,encrypt,64,18,912,48491
esp32,AES128GCM,sw,encrypt,64,18,913,49436
esp32,AES128GCM,sw,encrypt,64,18,914,48491
esp32,AES128GCM,sw,encrypt,64,18,915,49436
esp32,AES128GCM,sw,encrypt,64,18,916,48491
esp32,AES128GCM,sw,encrypt,64,18,917,49436
esp32,AES128GCM,sw,encrypt,64,18,918,48491
esp32,AES128GCM,sw,encrypt,64,18,919,49438
esp32,AES128GCM,sw,encrypt,64,18,920,48491
esp32,AES128GCM,sw,encrypt,64,18,921,49436
esp32,AES128GCM,sw,encrypt,64,18,922,48491
esp32,AES128GCM,sw,encrypt,64,18,923,49436
esp32,AES128GCM,sw,encrypt,64,18,924,48491
esp32,AES128GCM,sw,encrypt,64,18,925,49436
esp32,AES128GCM,sw,encrypt,64,18,926,48491
esp32,AES128GCM,sw,encrypt,64,18,927,49436
esp32,AES128GCM,sw,encrypt,64,18,928,48491
esp32,AES128GCM,sw,encrypt,64,18,929,49436
esp32,AES128GCM,sw,encrypt,64,18,930,48491
esp32,AES128GCM,sw,encrypt,64,18,931,49436
esp32,AES128GCM,sw,encrypt,64,18,932,48491
esp32,AES128GCM,sw,encrypt,64,18,933,49436
esp32,AES128GCM,sw,encrypt,64,18,934,48491
esp32,AES128GCM,sw,encrypt,64,18,935,49436
esp32,AES128GCM,sw,encrypt,64,18,936,48491
esp32,AES128GCM,sw,encrypt,64,18,937,49436
esp32,AES128GCM,sw,encrypt,64,18,938,48491
esp32,AES128GCM,sw,encrypt,64,18,939,49436
esp32,AES128GCM,sw,encrypt,64,18,940,48491
esp32,AES128GCM,sw,encrypt,64,18,941,49436
esp32,AES128GCM,sw,encrypt,64,18,942,48491
esp32,AES128GCM,sw,encrypt,64,18,943,49436
esp32,AES128GCM,sw,encrypt,64,18,944,48491
esp32,AES128GCM,sw,encrypt,64,18,945,49436
esp32,AES128GCM,sw,encrypt,64,18,946,48491
esp32,AES128GCM,sw,encrypt,64,18,947,49436
esp32,AES128GCM,sw,encrypt,64,18,948,48491
esp32,AES128GCM,sw,encrypt,64,18,949,49436
esp32,AES128GCM,sw,encrypt,64,18,950,48491
esp32,AES128GCM,sw,encrypt,64,18,951,49436
esp32,AES128GCM,sw,encrypt,64,18,952,48491
esp32,AES128GCM,sw,encrypt,64,18,953,50810
esp32,AES128GCM,sw,encrypt,64,18,954,48491
esp32,AES128GCM,sw,encrypt,64,18,955,49436
esp32,AES128GCM,sw,encrypt,64,18,956,48491
esp32,AES128GCM,sw,encrypt,64,18,957,49436
esp32,AES128GCM,sw,encrypt,64,18,958,48491
esp32,AES128GCM,sw,encrypt,64,18,959,49436
esp32,AES128GCM,sw,encrypt,64,18,960,48491
esp32,AES128GCM,sw,encrypt,64,18,961,49436
esp32,AES128GCM,sw,encrypt,64,18,962,48491
esp32,AES128GCM,sw,encrypt,64,18,963,49436
esp32,AES128GCM,sw,encrypt,64,18,964,48491
esp32,AES128GCM,sw,encrypt,64,18,965,49436
esp32,AES128GCM,sw,encrypt,64,18,966,48491
esp32,AES128GCM,sw,encrypt,64,18,967,49436
esp32,AES128GCM,sw,encrypt,64,18,968,48491
esp32,AES128GCM,sw,encrypt,64,18,969,49436
esp32,AES128GCM,sw,encrypt,64,18,970,48491
esp32,AES128GCM,sw,encrypt,64,18,971,49436
esp32,AES128GCM,sw,encrypt,64,18,972,48491
esp32,AES128GCM,sw,encrypt,64,18,973,49436
esp32,AES128GCM,sw,encrypt,64,18,974,48491
esp32,AES128GCM,sw,encrypt,64,18,975,49436
esp32,AES128GCM,sw,encrypt,64,18,976,48491
esp32,AES128GCM,sw,encrypt,64,18,977,49436
esp32,AES128GCM,sw,encrypt,64,18,978,48491
esp32,AES128GCM,sw,encrypt,64,18,979,49436
esp32,AES128GCM,sw,encrypt,64,18,980,48491
esp32,AES128GCM,sw,encrypt,64,18,981,49436
esp32,AES128GCM,sw,encrypt,64,18,982,48492
esp32,AES128GCM,sw,encrypt,64,18,983,49436
esp32,AES128GCM,sw,encrypt,64,18,984,48491
esp32,AES128GCM,sw,encrypt,64,18,985,49436
esp32,AES128GCM,sw,encrypt,64,18,986,48491
esp32,AES128GCM,sw,encrypt,64,18,987,50682
esp32,AES128GCM,sw,encrypt,64,18,988,48491
esp32,AES128GCM,sw,encrypt,64,18,989,49436
esp32,AES128GCM,sw,encrypt,64,18,990,48491
esp32,AES128GCM,sw,encrypt,64,18,991,49436
esp32,AES128GCM,sw,encrypt,64,18,992,48491
esp32,AES128GCM,sw,encrypt,64,18,993,49436
esp32,AES128GCM,sw,encrypt,64,18,994,48491
esp32,AES128GCM,sw,encrypt,64,18,995,49436
esp32,AES128GCM,sw,encrypt,64,18,996,48491
esp32,AES128GCM,sw,encrypt,64,18,997,49436
esp32,AES128GCM,sw,encrypt,64,18,998,48491
esp32,AES128GCM,sw,encrypt,64,18,999,49436
stack,esp32,AES128GCM,sw,encrypt,64,14084
esp32,AES128GCM,sw,decrypt,64,18,0,50187
esp32,AES128GCM,sw,decrypt,64,18,1,50355
esp32,AES128GCM,sw,decrypt,64,18,2,51306
esp32,AES128GCM,sw,decrypt,64,18,3,50355
esp32,AES128GCM,sw,decrypt,64,18,4,51306
esp32,AES128GCM,sw,decrypt,64,18,5,50355
esp32,AES128GCM,sw,decrypt,64,18,6,51306
esp32,AES128GCM,sw,decrypt,64,18,7,50355
esp32,AES128GCM,sw,decrypt,64,18,8,51306
esp32,AES128GCM,sw,decrypt,64,18,9,50355
esp32,AES128GCM,sw,decrypt,64,18,10,51306
esp32,AES128GCM,sw,decrypt,64,18,11,50355
esp32,AES128GCM,sw,decrypt,64,18,12,51306
esp32,AES128GCM,sw,decrypt,64,18,13,50355
esp32,AES128GCM,sw,decrypt,64,18,14,51306
esp32,AES128GCM,sw,decrypt,64,18,15,50355
esp32,AES128GCM,sw,decrypt,64,18,16,51306
esp32,AES128GCM,sw,decrypt,64,18,17,50355
esp32,AES128GCM,sw,decrypt,64,18,18,51306
esp32,AES128GCM,sw,decrypt,64,18,19,50355
esp32,AES128GCM,sw,decrypt,64,18,20,51306
esp32,AES128GCM,sw,decrypt,64,18,21,50354
esp32,AES128GCM,sw,decrypt,64,18,22,51306
esp32,AES128GCM,sw,decrypt,64,18,23,50355
esp32,AES128GCM,sw,decrypt,64,18,24,51306
esp32,AES128GCM,sw,decrypt,64,18,25,50355
esp32,AES128GCM,sw,decrypt,64,18,26,51306
esp32,AES128GCM,sw,decrypt,64,18,27,50355
esp32,AES128GCM,sw,decrypt,64,18,28,51306
esp32,AES128GCM,sw,decrypt,64,18,29,50355
esp32,AES128GCM,sw,decrypt,64,18,30,51306
esp32,AES128GCM,sw,decrypt,64,18,31,50355
esp32,AES128GCM,sw,decrypt,64,18,32,51306
esp32,AES128GCM,sw,decrypt,64,18,33,50355
esp32,AES128GCM,sw,decrypt,64,18,34,51306
esp32,AES128GCM,sw,decrypt,64,18,35,50355
esp32,AES128GCM,sw,decrypt,64,18,36,51306
esp32,AES128GCM,sw,decrypt,64,18,37,50355
esp32,AES128GCM,sw,decrypt,64,18,38,51306
esp32,AES128GCM,sw,decrypt,64,18,39,50355
esp32,AES128GCM,sw,decrypt,64,18,40,51306
esp32,AES128GCM,sw,decrypt,64,18,41,50355
esp32,AES128GCM,sw,decrypt,64,18,42,51306
esp32,AES128GCM,sw,decrypt,64,18,43,50355
esp32,AES128GCM,sw,decrypt,64,18,44,51306
esp32,AES128GCM,sw,decrypt,64,18,45,50355
esp32,AES128GCM,sw,decrypt,64,18,46,51306
esp32,AES128GCM,sw,decrypt,64,18,47,50355
esp32,AES128GCM,sw,decrypt,64,18,48,51306
esp32,AES128GCM,sw,decrypt,64,18,49,50355
esp32,AES128GCM,sw,decrypt,64,18,50,51306
esp32,AES128GCM,sw,decrypt,64,18,51,50355
esp32,AES128GCM,sw,decrypt,64,18,52,51306
esp32,AES128GCM,sw,decrypt,64,18,53,50355
esp32,AES128GCM,sw,decrypt,64,18,54,51306
esp32,AES128GCM,sw,decrypt,64,18,55,50355
esp32,AES128GCM,sw,decrypt,64,18,56,51306
esp32,AES128GCM,sw,decrypt,64,18,57,50355
esp32,AES128GCM,sw,decrypt,64,18,58,51306
esp32,AES128GCM,sw,decrypt,64,18,59,50355
esp32,AES128GCM,sw,decrypt,64,18,60,51306
esp32,AES128GCM,sw,decrypt,64,18,61,50355
esp32,AES128GCM,sw,decrypt,64,18,62,51306
esp32,AES128GCM,sw,decrypt,64,18,63,50355
esp32,AES128GCM,sw,decrypt,64,18,64,51306
esp32,AES128GCM,sw,decrypt,64,18,65,50355
esp32,AES128GCM,sw,decrypt,64,18,66,51306
esp32,AES128GCM,sw,decrypt,64,18,67,50355
esp32,AES128GCM,sw,decrypt,64,18,68,51306
esp32,AES128GCM,sw,decrypt,64,18,69,51555
esp32,AES128GCM,sw,decrypt,64,18,70,51306
esp32,AES128GCM,sw,decrypt,64,18,71,50355
esp32,AES128GCM,sw,decrypt,64,18,72,51306
esp32,AES128GCM,sw,decrypt,64,18,73,50355
esp32,AES128GCM,sw,decrypt,64,18,74,51306
esp32,AES128GCM,sw,decrypt,64,18,75,50355
esp32,AES128GCM,sw,decrypt,64,18,76,51306
esp32,AES128GCM,sw,decrypt,64,18,77,50355
esp32,AES128GCM,sw,decrypt,64,18,78,51306
esp32,AES128GCM,sw,decrypt,64,18,79,50355
esp32,AES128GCM,sw,decrypt,64,18,80,51306
esp32,AES128GCM,sw,decrypt,64,18,81,50355
esp32,AES128GCM,sw,decrypt,64,18,82,51306
esp32,AES128GCM,sw,decrypt,64,18,83,50355
esp32,AES128GCM,sw,decrypt,64,18,84,51306
esp32,AES128GCM,sw,decrypt,64,18,85,50355
esp32,AES128GCM,sw,decrypt,64,18,86,51306
esp32,AES128GCM,sw,decrypt,64,18,87,50355
esp32,AES128GCM,sw,decrypt,64,18,88,51306
esp32,AES128GCM,sw,decrypt,64,18,89,50355
esp32,AES128GCM,sw,decrypt,64,18,90,51306
esp32,AES128GCM,sw,decrypt,64,18,91,50355
esp32,AES128GCM,sw,decrypt,64,18,92,51306
esp32,AES128GCM,sw,decrypt,64,18,93,50355
esp32,AES128GCM,sw,decrypt,64,18,94,51306
esp32,AES128GCM,sw,decrypt,64,18,95,50355
esp32,AES128GCM,sw,decrypt,64,18,96,51306
esp32,AES128GCM,sw,decrypt,64,18,97,50355
esp32,AES128GCM,sw,decrypt,64,18,98,51306
esp32,AES128GCM,sw,decrypt,64,18,99,50355
esp32,AES128GCM,sw,decrypt,64,18,100,51306
esp32,AES128GCM,sw,decrypt,64,18,101,50355
esp32,AES128GCM,sw,decrypt,64,18,102,51306
esp32,AES128GCM,sw,decrypt,64,18,103,50355
esp32,AES128GCM,sw,decrypt,64,18,104,51306
esp32,AES128GCM,sw,decrypt,64,18,105,50355
esp32,AES128GCM,sw,decrypt,64,18,106,51306
esp32,AES128GCM,sw,decrypt,64,18,107,50355
esp32,AES128GCM,sw,decrypt,64,18,108,51306
esp32,AES128GCM,sw,decrypt,64,18,109,51558
esp32,AES128GCM,sw,decrypt,64,18,110,51306
esp32,AES128GCM,sw,decrypt,64,18,111,50355
esp32,AES128GCM,sw,decrypt,64,18,112,51306
esp32,AES128GCM,sw,decrypt,64,18,113,50355
esp32,AES128GCM,sw,decrypt,64,18,114,51306
esp32,AES128GCM,sw,decrypt,64,18,115,50355
esp32,AES128GCM,sw,decrypt,64,18,116,51306
esp32,AES128GCM,sw,decrypt,64,18,117,50355
esp32,AES128GCM,sw,decrypt,64,18,118,51306
esp32,AES128GCM,sw,decrypt,64,18,119,50355
esp32,AES128GCM,sw,decrypt,64,18,120,51306
esp32,AES128GCM,sw,decrypt,64,18,121,50355
esp32,AES128GCM,sw,decrypt,64,18,122,51306
esp32,AES128GCM,sw,decrypt,64,18,123,50355
esp32,AES128GCM,sw,decrypt,64,18,124,51306
esp32,AES128GCM,sw,decrypt,64,18,125,50355
esp32,AES128GCM,sw,decrypt,64,18,126,51306
esp32,AES128GCM,sw,decrypt,64,18,127,50355
esp32,AES128GCM,sw,decrypt,64,18,128,51306
esp32,AES128GCM,sw,decrypt,64,18,129,50355
esp32,AES128GCM,sw,decrypt,64,18,130,51306
esp32,AES128GCM,sw,decrypt,64,18,131,50355
esp32,AES128GCM,sw,decrypt,64,18,132,51306
esp32,AES128GCM,sw,decrypt,64,18,133,50355
esp32,AES128GCM,sw,decrypt,64,18,134,51306
esp32,AES128GCM,sw,decrypt,64,18,135,50355
esp32,AES128GCM,sw,decrypt,64,18,136,51306
esp32,AES128GCM,sw,decrypt,64,18,137,50355
esp32,AES128GCM,sw,decrypt,64,18,138,51306
esp32,AES128GCM,sw,decrypt,64,18,139,50355
esp32,AES128GCM,sw,decrypt,64,18,140,51306
esp32,AES128GCM,sw,decrypt,64,18,141,50355
esp32,AES128GCM,sw,decrypt,64,18,142,51306
esp32,AES128GCM,sw,decrypt,64,18,143,51603
esp32,AES128GCM,sw,decrypt,64,18,144,51306
esp32,AES128GCM,sw,decrypt,64,18,145,50355
esp32,AES128GCM,sw,decrypt,64,18,146,51306
esp32,AES128GCM,sw,decrypt,64,18,147,50355
esp32,AES128GCM,sw,decrypt,64,18,148,51306
esp32,AES128GCM,sw,decrypt,64,18,149,50355
esp32,AES128GCM,sw,decrypt,64,18,150,51306
esp32,AES128GCM,sw,decrypt,64,18,151,50355
esp32,AES128GCM,sw,decrypt,64,18,152,51306
esp32,AES128GCM,sw,decrypt,64,18,153,50355
esp32,AES128GCM,sw,decrypt,64,18,154,51306
esp32,AES128GCM,sw,decrypt,64,18,155,50355
esp32,AES128GCM,sw,decrypt,64,18,156,51306
esp32,AES128GCM,sw,decrypt,64,18,157,50355
esp32,AES128GCM,sw,decrypt,64,18,158,51306
esp32,AES128GCM,sw,decrypt,64,18,159,50355
esp32,AES128GCM,sw,decrypt,64,18,160,51306
esp32,AES128GCM,sw,decrypt,64,18,161,50355
esp32,AES128GCM,sw,decrypt,64,18,162,51306
esp32,AES128GCM,sw,decrypt,64,18,163,50355
esp32,AES128GCM,sw,decrypt,64,18,164,51305
esp32,AES128GCM,sw,decrypt,64,18,165,50355
esp32,AES128GCM,sw,decrypt,64,18,166,51306
esp32,AES128GCM,sw,decrypt,64,18,167,50355
esp32,AES128GCM,sw,decrypt,64,18,168,51306
esp32,AES128GCM,sw,decrypt,64,18,169,50355
esp32,AES128GCM,sw,decrypt,64,18,170,51306
esp32,AES128GCM,sw,decrypt,64,18,171,50355
esp32,AES128GCM,sw,decrypt,64,18,172,51306
esp32,AES128GCM,sw,decrypt,64,18,173,50355
esp32,AES128GCM,sw,decrypt,64,18,174,51306
esp32,AES128GCM,sw,decrypt,64,18,175,50355
esp32,AES128GCM,sw,decrypt,64,18,176,51306
esp32,AES128GCM,sw,decrypt,64,18,177,50355
esp32,AES128GCM,sw,decrypt,64,18,178,51306
esp32,AES128GCM,sw,decrypt,64,18,179,50355
esp32,AES128GCM,sw,decrypt,64,18,180,51306
esp32,AES128GCM,sw,decrypt,64,18,181,50355
esp32,AES128GCM,sw,decrypt,64,18,182,51306
esp32,AES128GCM,sw,decrypt,64,18,183,50355
esp32,AES128GCM,sw,decrypt,64,18,184,51306
esp32,AES128GCM,sw,decrypt,64,18,185,50355
esp32,AES128GCM,sw,decrypt,64,18,186,51306
esp32,AES128GCM,sw,decrypt,64,18,187,50355
esp32,AES128GCM,sw,decrypt,64,18,188,51306
esp32,AES128GCM,sw,decrypt,64,18,189,50355
esp32,AES128GCM,sw,decrypt,64,18,190,51306
esp32,AES128GCM,sw,decrypt,64,18,191,50355
esp32,AES128GCM,sw,decrypt,64,18,192,51306
esp32,AES128GCM,sw,decrypt,64,18,193,50355
esp32,AES128GCM,sw,decrypt,64,18,194,51306
esp32,AES128GCM,sw,decrypt,64,18,195,50355
esp32,AES128GCM,sw,decrypt,64,18,196,51306
esp32,AES128GCM,sw,decrypt,64,18,197,50355
esp32,AES128GCM,sw,decrypt,64,18,198,52680
esp32,AES128GCM,sw,decrypt,64,18,199,50355
esp32,AES128GCM,sw,decrypt,64,18,200,51306
esp32,AES128GCM,sw,decrypt,64,18,201,50355
esp32,AES128GCM,sw,decrypt,64,18,202,51306
esp32,AES128GCM,sw,decrypt,64,18,203,50355
esp32,AES128GCM,sw,decrypt,64,18,204,51306
esp32,AES128GCM,sw,decrypt,64,18,205,50355
esp32,AES128GCM,sw,decrypt,64,18,206,51306
esp32,AES128GCM,sw,decrypt,64,18,207,50355
esp32,AES128GCM,sw,decrypt,64,18,208,51306
esp32,AES128GCM,sw,decrypt,64,18,209,50355
esp32,AES128GCM,sw,decrypt,64,18,210,51306
esp32,AES128GCM,sw,decrypt,64,18,211,50355
esp32,AES128GCM,sw,decrypt,64,18,212,51306
esp32,AES128GCM,sw,decrypt,64,18,213,50355
esp32,AES128GCM,sw,decrypt,64,18,214,51306
esp32,AES128GCM,sw,decrypt,64,18,215,50355
esp32,AES128GCM,sw,decrypt,64,18,216,51306
esp32,AES128GCM,sw,decrypt,64,18,217,50355
esp32,AES128GCM,sw,decrypt,64,18,218,51306
esp32,AES128GCM,sw,decrypt,64,18,219,50354
esp32,AES128GCM,sw,decrypt,64,18,220,51306
esp32,AES128GCM,sw,decrypt,64,18,221,50355
esp32,AES128GCM,sw,decrypt,64,18,222,51306
esp32,AES128GCM,sw,decrypt,64,18,223,50355
esp32,AES128GCM,sw,decrypt,64,18,224,51306
esp32,AES128GCM,sw,decrypt,64,18,225,50355
esp32,AES128GCM,sw,decrypt,64,18,226,51306
esp32,AES128GCM,sw,decrypt,64,18,227,50355
esp32,AES128GCM,sw,decrypt,64,18,228,51306
esp32,AES128GCM,sw,decrypt,64,18,229,50355
esp32,AES128GCM,sw,decrypt,64,18,230,51306
esp32,AES128GCM,sw,decrypt,64,18,231,50355
esp32,AES128GCM,sw,decrypt,64,18,232,51306
esp32,AES128GCM,sw,decrypt,64,18,233,50355
esp32,AES128GCM,sw,decrypt,64,18,234,51306
esp32,AES128GCM,sw,decrypt,64,18,235,50355
esp32,AES128GCM,sw,decrypt,64,18,236,51306
esp32,AES128GCM,sw,decrypt,64,18,237,50355
esp32,AES128GCM,sw,decrypt,64,18,238,51306
esp32,AES128GCM,sw,decrypt,64,18,239,50355
esp32,AES128GCM,sw,decrypt,64,18,240,51306
esp32,AES128GCM,sw,decrypt,64,18,241,50355
esp32,AES128GCM,sw,decrypt,64,18,242,51306
esp32,AES128GCM,sw,decrypt,64,18,243,50355
esp32,AES128GCM,sw,decrypt,64,18,244,51306
esp32,AES128GCM,sw,decrypt,64,18,245,50355
esp32,AES128GCM,sw,decrypt,64,18,246,51306
esp32,AES128GCM,sw,decrypt,64,18,247,50355
esp32,AES128GCM,sw,decrypt,64,18,248,51306
esp32,AES128GCM,sw,decrypt,64,18,249,50355
esp32,AES128GCM,sw,decrypt,64,18,250,51306
esp32,AES128GCM,sw,decrypt,64,18,251,50355
esp32,AES128GCM,sw,decrypt,64,18,252,51306
esp32,AES128GCM,sw,decrypt,64,18,253,51054
esp32,AES128GCM,sw,decrypt,64,18,254,51306
esp32,AES128GCM,sw,decrypt,64,18,255,50355
esp32,AES128GCM,sw,decrypt,64,18,256,51306
esp32,AES128GCM,sw,decrypt,64,18,257,50355
esp32,AES128GCM,sw,decrypt,64,18,258,51306
esp32,AES128GCM,sw,decrypt,64,18,259,50355
esp32,AES128GCM,sw,decrypt,64,18,260,51306
esp32,AES128GCM,sw,decrypt,64,18,261,50355
esp32,AES128GCM,sw,decrypt,64,18,262,51306
esp32,AES128GCM,sw,decrypt,64,18,263,50355
esp32,AES128GCM,sw,decrypt,64,18,264,51306
esp32,AES128GCM,sw,decrypt,64,18,265,50355
esp32,AES128GCM,sw,decrypt,64,18,266,51306
esp32,AES128GCM,sw,decrypt,64,18,267,50355
esp32,AES128GCM,sw,decrypt,64,18,268,51306
esp32,AES128GCM,sw,decrypt,64,18,269,50355
esp32,AES128GCM,sw,decrypt,64,18,270,51306
esp32,AES128GCM,sw,decrypt,64,18,271,50355
esp32,AES128GCM,sw,decrypt,64,18,272,51306
esp32,AES128GCM,sw,decrypt,64,18,273,50355
esp32,AES128GCM,sw,decrypt,64,18,274,51306
esp32,AES128GCM,sw,decrypt,64,18,275,50355
esp32,AES128GCM,sw,decrypt,64,18,276,51306
esp32,AES128GCM,sw,decrypt,64,18,277,50355
esp32,AES128GCM,sw,decrypt,64,18,278,51306
esp32,AES128GCM,sw,decrypt,64,18,279,50355
esp32,AES128GCM,sw,decrypt,64,18,280,51306
esp32,AES128GCM,sw,decrypt,64,18,281,50355
esp32,AES128GCM,sw,decrypt,64,18,282,51307
esp32,AES128GCM,sw,decrypt,64,18,283,50355
esp32,AES128GCM,sw,decrypt,64,18,284,51306
esp32,AES128GCM,sw,decrypt,64,18,285,50355
esp32,AES128GCM,sw,decrypt,64,18,286,51306
esp32,AES128GCM,sw,decrypt,64,18,287,51600
esp32,AES128GCM,sw,decrypt,64,18,288,51306
esp32,AES128GCM,sw,decrypt,64,18,289,50355
esp32,AES128GCM,sw,decrypt,64,18,290,51306
esp32,AES128GCM,sw,decrypt,64,18,291,50355
esp32,AES128GCM,sw,decrypt,64,18,292,51306
esp32,AES128GCM,sw,decrypt,64,18,293,50355
esp32,AES128GCM,sw,decrypt,64,18,294,51306
esp32,AES128GCM,sw,decrypt,64,18,295,50355
esp32,AES128GCM,sw,decrypt,64,18,296,51306
esp32,AES128GCM,sw,decrypt,64,18,297,50355
esp32,AES128GCM,sw,decrypt,64,18,298,51306
esp32,AES128GCM,sw,decrypt,64,18,299,50355
esp32,AES128GCM,sw,decrypt,64,18,300,51306
esp32,AES128GCM,sw,decrypt,64,18,301,50355
esp32,AES128GCM,sw,decrypt,64,18,302,51306
esp32,AES128GCM,sw,decrypt,64,18,303,50355
esp32,AES128GCM,sw,decrypt,64,18,304,51306
esp32,AES128GCM,sw,decrypt,64,18,305,50355
esp32,AES128GCM,sw,decrypt,64,18,306,51306
esp32,AES128GCM,sw,decrypt,64,18,307,50355
esp32,AES128GCM,sw,decrypt,64,18,308,51305
esp32,AES128GCM,sw,decrypt,64,18,309,50355
esp32,AES128GCM,sw,decrypt,64,18,310,51306
esp32,AES128GCM,sw,decrypt,64,18,311,50355
esp32,AES128GCM,sw,decrypt,64,18,312,51306
esp32,AES128GCM,sw,decrypt,64,18,313,50355
esp32,AES128GCM,sw,decrypt,64,18,314,51306
esp32,AES128GCM,sw,decrypt,64,18,315,50355
esp32,AES128GCM,sw,decrypt,64,18,316,51306
esp32,AES128GCM,sw,decrypt,64,18,317,50355
esp32,AES128GCM,sw,decrypt,64,18,318,51306
esp32,AES128GCM,sw,decrypt,64,18,319,50355
esp32,AES128GCM,sw,decrypt,64,18,320,51306
esp32,AES128GCM,sw,decrypt,64,18,321,50355
esp32,AES128GCM,sw,decrypt,64,18,322,51306
esp32,AES128GCM,sw,decrypt,64,18,323,50355
esp32,AES128GCM,sw,decrypt,64,18,324,51306
esp32,AES128GCM,sw,decrypt,64,18,325,50355
esp32,AES128GCM,sw,decrypt,64,18,326,51306
esp32,AES128GCM,sw,decrypt,64,18,327,50355
esp32,AES128GCM,sw,decrypt,64,18,328,51306
esp32,AES128GCM,sw,decrypt,64,18,329,50355
esp32,AES128GCM,sw,decrypt,64,18,330,51306
esp32,AES128GCM,sw,decrypt,64,18,331,50355
esp32,AES128GCM,sw,decrypt,64,18,332,51306
esp32,AES128GCM,sw,decrypt,64,18,333,50355
esp32,AES128GCM,sw,decrypt,64,18,334,51306
esp32,AES128GCM,sw,decrypt,64,18,335,50355
esp32,AES128GCM,sw,decrypt,64,18,336,51306
esp32,AES128GCM,sw,decrypt,64,18,337,50355
esp32,AES128GCM,sw,decrypt,64,18,338,51306
esp32,AES128GCM,sw,decrypt,64,18,339,50355
esp32,AES128GCM,sw,decrypt,64,18,340,51306
esp32,AES128GCM,sw,decrypt,64,18,341,50355
esp32,AES128GCM,sw,decrypt,64,18,342,52680
esp32,AES128GCM,sw,decrypt,64,18,343,50355
esp32,AES128GCM,sw,decrypt,64,18,344,51306
esp32,AES128GCM,sw,decrypt,64,18,345,50355
esp32,AES128GCM,sw,decrypt,64,18,346,51306
esp32,AES128GCM,sw,decrypt,64,18,347,50355
esp32,AES128GCM,sw,decrypt,64,18,348,51306
esp32,AES128GCM,sw,decrypt,64,18,349,50355
esp32,AES128GCM,sw,decrypt,64,18,350,51306
esp32,AES128GCM,sw,decrypt,64,18,351,50355
esp32,AES128GCM,sw,decrypt,64,18,352,51306
esp32,AES128GCM,sw,decrypt,64,18,353,50355
esp32,AES128GCM,sw,decrypt,64,18,354,51306
esp32,AES128GCM,sw,decrypt,64,18,355,50355
esp32,AES128GCM,sw,decrypt,64,18,356,51306
esp32,AES128GCM,sw,decrypt,64,18,357,50355
esp32,AES128GCM,sw,decrypt,64,18,358,51306
esp32,AES128GCM,sw,decrypt,64,18,359,50355
esp32,AES128GCM,sw,decrypt,64,18,360,51306
esp32,AES128GCM,sw,decrypt,64,18,361,50355
esp32,AES128GCM,sw,decrypt,64,18,362,51306
esp32,AES128GCM,sw,decrypt,64,18,363,50354
esp32,AES128GCM,sw,decrypt,64,18,364,51306
esp32,AES128GCM,sw,decrypt,64,18,365,50355
esp32,AES128GCM,sw,decrypt,64,18,366,51306
esp32,AES128GCM,sw,decrypt,64,18,367,50355
esp32,AES128GCM,sw,decrypt,64,18,368,51306
esp32,AES128GCM,sw,decrypt,64,18,369,50355
esp32,AES128GCM,sw,decrypt,64,18,370,51306
esp32,AES128GCM,sw,decrypt,64,18,371,50355
esp32,AES128GCM,sw,decrypt,64,18,372,51306
esp32,AES128GCM,sw,decrypt,64,18,373,50355
esp32,AES128GCM,sw,decrypt,64,18,374,51306
esp32,AES128GCM,sw,decrypt,64,18,375,50355
esp32,AES128GCM,sw,decrypt,64,18,376,51306
esp32,AES128GCM,sw,decrypt,64,18,377,50355
esp32,AES128GCM,sw,decrypt,64,18,378,51306
esp32,AES128GCM,sw,decrypt,64,18,379,50355
esp32,AES128GCM,sw,decrypt,64,18,380,51306
esp32,AES128GCM,sw,decrypt,64,18,381,50355
esp32,AES128GCM,sw,decrypt,64,18,382,51306
esp32,AES128GCM,sw,decrypt,64,18,383,50355
esp32,AES128GCM,sw,decrypt,64,18,384,51306
esp32,AES128GCM,sw,decrypt,64,18,385,50355
esp32,AES128GCM,sw,decrypt,64,18,386,51306
esp32,AES128GCM,sw,decrypt,64,18,387,50355
esp32,AES128GCM,sw,decrypt,64,18,388,51306
esp32,AES128GCM,sw,decrypt,64,18,389,50355
esp32,AES128GCM,sw,decrypt,64,18,390,51306
esp32,AES128GCM,sw,decrypt,64,18,391,50355
esp32,AES128GCM,sw,decrypt,64,18,392,51306
esp32,AES128GCM,sw,decrypt,64,18,393,50355
esp32,AES128GCM,sw,decrypt,64,18,394,51306
esp32,AES128GCM,sw,decrypt,64,18,395,50355
esp32,AES128GCM,sw,decrypt,64,18,396,51306
esp32,AES128GCM,sw,decrypt,64,18,397,51732
esp32,AES128GCM,sw,decrypt,64,18,398,51306
esp32,AES128GCM,sw,decrypt,64,18,399,50355
esp32,AES128GCM,sw,decrypt,64,18,400,51306
esp32,AES128GCM,sw,decrypt,64,18,401,50355
esp32,AES128GCM,sw,decrypt,64,18,402,51306
esp32,AES128GCM,sw,decrypt,64,18,403,50355
esp32,AES128GCM,sw,decrypt,64,18,404,51306
esp32,AES128GCM,sw,decrypt,64,18,405,50355
esp32,AES128GCM,sw,decrypt,64,18,406,51306
esp32,AES128GCM,sw,decrypt,64,18,407,50355
esp32,AES128GCM,sw,decrypt,64,18,408,51306
esp32,AES128GCM,sw,decrypt,64,18,409,50355
esp32,AES128GCM,sw,decrypt,64,18,410,51306
esp32,AES128GCM,sw,decrypt,64,18,411,50355
esp32,AES128GCM,sw,decrypt,64,18,412,51306
esp32,AES128GCM,sw,decrypt,64,18,413,50355
esp32,AES128GCM,sw,decrypt,64,18,414,51306
esp32,AES128GCM,sw,decrypt,64,18,415,50355
esp32,AES128GCM,sw,decrypt,64,18,416,51306
esp32,AES128GCM,sw,decrypt,64,18,417,50355
esp32,AES128GCM,sw,decrypt,64,18,418,51306
esp32,AES128GCM,sw,decrypt,64,18,419,50355
esp32,AES128GCM,sw,decrypt,64,18,420,51306
esp32,AES128GCM,sw,decrypt,64,18,421,50355
esp32,AES128GCM,sw,decrypt,64,18,422,51306
esp32,AES128GCM,sw,decrypt,64,18,423,50355
esp32,AES128GCM,sw,decrypt,64,18,424,51306
esp32,AES128GCM,sw,decrypt,64,18,425,50355
esp32,AES128GCM,sw,decrypt,64,18,426,51307
esp32,AES128GCM,sw,decrypt,64,18,427,50355
esp32,AES128GCM,sw,decrypt,64,18,428,51306
esp32,AES128GCM,sw,decrypt,64,18,429,50355
esp32,AES128GCM,sw,decrypt,64,18,430,51306
esp32,AES128GCM,sw,decrypt,64,18,431,51600
esp32,AES128GCM,sw,decrypt,64,18,432,51306
esp32,AES128GCM,sw,decrypt,64,18,433,50355
esp32,AES128GCM,sw,decrypt,64,18,434,51306
esp32,AES128GCM,sw,decrypt,64,18,435,50355
esp32,AES128GCM,sw,decrypt,64,18,436,51306
esp32,AES128GCM,sw,decrypt,64,18,437,50355
esp32,AES128GCM,sw,decrypt,64,18,438,51306
esp32,AES128GCM,sw,decrypt,64,18,439,50355
esp32,AES128GCM,sw,decrypt,64,18,440,51306
esp32,AES128GCM,sw,decrypt,64,18,441,50355
esp32,AES128GCM,sw,decrypt,64,18,442,51306
esp32,AES128GCM,sw,decrypt,64,18,443,50355
esp32,AES128GCM,sw,decrypt,64,18,444,51306
esp32,AES128GCM,sw,decrypt,64,18,445,50355
esp32,AES128GCM,sw,decrypt,64,18,446,51306
esp32,AES128GCM,sw,decrypt,64,18,447,50355
esp32,AES128GCM,sw,decrypt,64,18,448,51306
esp32,AES128GCM,sw,decrypt,64,18,449,50355
esp32,AES128GCM,sw,decrypt,64,18,450,51306
esp32,AES128GCM,sw,decrypt,64,18,451,50355
esp32,AES128GCM,sw,decrypt,64,18,452,51307
esp32,AES128GCM,sw,decrypt,64,18,453,50355
esp32,AES128GCM,sw,decrypt,64,18,454,51306
esp32,AES128GCM,sw,decrypt,64,18,455,50355
esp32,AES128GCM,sw,decrypt,64,18,456,51306
esp32,AES128GCM,sw,decrypt,64,18,457,50355
esp32,AES128GCM,sw,decrypt,64,18,458,51306
esp32,AES128GCM,sw,decrypt,64,18,459,50355
esp32,AES128GCM,sw,decrypt,64,18,460,51306
esp32,AES128GCM,sw,decrypt,64,18,461,50355
esp32,AES128GCM,sw,decrypt,64,18,462,51306
esp32,AES128GCM,sw,decrypt,64,18,463,50355
esp32,AES128GCM,sw,decrypt,64,18,464,51306
esp32,AES128GCM,sw,decrypt,64,18,465,50355
esp32,AES128GCM,sw,decrypt,64,18,466,51306
esp32,AES128GCM,sw,decrypt,64,18,467,50355
esp32,AES128GCM,sw,decrypt,64,18,468,51306
esp32,AES128GCM,sw,decrypt,64,18,469,50355
esp32,AES128GCM,sw,decrypt,64,18,470,51306
esp32,AES128GCM,sw,decrypt,64,18,471,50355
esp32,AES128GCM,sw,decrypt,64,18,472,51306
esp32,AES128GCM,sw,decrypt,64,18,473,50355
esp32,AES128GCM,sw,decrypt,64,18,474,51306
esp32,AES128GCM,sw,decrypt,64,18,475,50355
esp32,AES128GCM,sw,decrypt,64,18,476,51306
esp32,AES128GCM,sw,decrypt,64,18,477,50355
esp32,AES128GCM,sw,decrypt,64,18,478,51306
esp32,AES128GCM,sw,decrypt,64,18,479,50355
esp32,AES128GCM,sw,decrypt,64,18,480,51306
esp32,AES128GCM,sw,decrypt,64,18,481,50355
esp32,AES128GCM,sw,decrypt,64,18,482,51306
esp32,AES128GCM,sw,decrypt,64,18,483,50355
esp32,AES128GCM,sw,decrypt,64,18,484,51306
esp32,AES128GCM,sw,decrypt,64,18,485,50355
esp32,AES128GCM,sw,decrypt,64,18,486,52509
esp32,AES128GCM,sw,decrypt,64,18,487,50355
esp32,AES128GCM,sw,decrypt,64,18,488,51306
esp32,AES128GCM,sw,decrypt,64,18,489,50355
esp32,AES128GCM,sw,decrypt,64,18,490,51306
esp32,AES128GCM,sw,decrypt,64,18,491,50355
esp32,AES128GCM,sw,decrypt,64,18,492,51306
esp32,AES128GCM,sw,decrypt,64,18,493,50355
esp32,AES128GCM,sw,decrypt,64,18,494,51306
esp32,AES128GCM,sw,decrypt,64,18,495,50355
esp32,AES128GCM,sw,decrypt,64,18,496,51306
esp32,AES128GCM,sw,decrypt,64,18,497,50355
esp32,AES128GCM,sw,decrypt,64,18,498,51306
esp32,AES128GCM,sw,decrypt,64,18,499,50355
esp32,AES128GCM,sw,decrypt,64,18,500,51306
esp32,AES128GCM,sw,decrypt,64,18,501,50355
esp32,AES128GCM,sw,decrypt,64,18,502,51306
esp32,AES128GCM,sw,decrypt,64,18,503,50355
esp32,AES128GCM,sw,decrypt,64,18,504,51306
esp32,AES128GCM,sw,decrypt,64,18,505,50355
esp32,AES128GCM,sw,decrypt,64,18,506,51306
esp32,AES128GCM,sw,decrypt,64,18,507,50354
esp32,AES128GCM,sw,decrypt,64,18,508,51306
esp32,AES128GCM,sw,decrypt,64,18,509,50355
esp32,AES128GCM,sw,decrypt,64,18,510,51306
esp32,AES128GCM,sw,decrypt,64,18,511,50355
esp32,AES128GCM,sw,decrypt,64,18,512,51306
esp32,AES128GCM,sw,decrypt,64,18,513,50355
esp32,AES128GCM,sw,decrypt,64,18,514,51306
esp32,AES128GCM,sw,decrypt,64,18,515,50358
esp32,AES128GCM,sw,decrypt,64,18,516,51306
esp32,AES128GCM,sw,decrypt,64,18,517,50355
esp32,AES128GCM,sw,decrypt,64,18,518,51306
esp32,AES128GCM,sw,decrypt,64,18,519,50355
esp32,AES128GCM,sw,decrypt,64,18,520,51306
esp32,AES128GCM,sw,decrypt,64,18,521,50355
esp32,AES128GCM,sw,decrypt,64,18,522,51306
esp32,AES128GCM,sw,decrypt,64,18,523,50355
esp32,AES128GCM,sw,decrypt,64,18,524,51306
esp32,AES128GCM,sw,decrypt,64,18,525,50355
esp32,AES128GCM,sw,decrypt,64,18,526,51306
esp32,AES128GCM,sw,decrypt,64,18,527,50355
esp32,AES128GCM,sw,decrypt,64,18,528,51306
esp32,AES128GCM,sw,decrypt,64,18,529,50355
esp32,AES128GCM,sw,decrypt,64,18,530,51306
esp32,AES128GCM,sw,decrypt,64,18,531,50355
esp32,AES128GCM,sw,decrypt,64,18,532,51306
esp32,AES128GCM,sw,decrypt,64,18,533,50355
esp32,AES128GCM,sw,decrypt,64,18,534,51306
esp32,AES128GCM,sw,decrypt,64,18,535,50355
esp32,AES128GCM,sw,decrypt,64,18,536,51306
esp32,AES128GCM,sw,decrypt,64,18,537,50355
esp32,AES128GCM,sw,decrypt,64,18,538,51306
esp32,AES128GCM,sw,decrypt,64,18,539,50355
esp32,AES128GCM,sw,decrypt,64,18,540,51306
esp32,AES128GCM,sw,decrypt,64,18,541,51729
esp32,AES128GCM,sw,decrypt,64,18,542,51306
esp32,AES128GCM,sw,decrypt,64,18,543,50355
esp32,AES128GCM,sw,decrypt,64,18,544,51306
esp32,AES128GCM,sw,decrypt,64,18,545,50355
esp32,AES128GCM,sw,decrypt,64,18,546,51306
esp32,AES128GCM,sw,decrypt,64,18,547,50355
esp32,AES128GCM,sw,decrypt,64,18,548,51306
esp32,AES128GCM,sw,decrypt,64,18,549,50362
esp32,AES128GCM,sw,decrypt,64,18,550,51306
esp32,AES128GCM,sw,decrypt,64,18,551,50355
esp32,AES128GCM,sw,decrypt,64,18,552,51306
esp32,AES128GCM,sw,decrypt,64,18,553,50355
esp32,AES128GCM,sw,decrypt,64,18,554,51306
esp32,AES128GCM,sw,decrypt,64,18,555,50355
esp32,AES128GCM,sw,decrypt,64,18,556,51306
esp32,AES128GCM,sw,decrypt,64,18,557,50355
esp32,AES128GCM,sw,decrypt,64,18,558,51306
esp32,AES128GCM,sw,decrypt,64,18,559,50355
esp32,AES128GCM,sw,decrypt,64,18,560,51306
esp32,AES128GCM,sw,decrypt,64,18,561,50355
esp32,AES128GCM,sw,decrypt,64,18,562,51306
esp32,AES128GCM,sw,decrypt,64,18,563,50355
esp32,AES128GCM,sw,decrypt,64,18,564,51306
esp32,AES128GCM,sw,decrypt,64,18,565,50355
esp32,AES128GCM,sw,decrypt,64,18,566,51306
esp32,AES128GCM,sw,decrypt,64,18,567,50355
esp32,AES128GCM,sw,decrypt,64,18,568,51306
esp32,AES128GCM,sw,decrypt,64,18,569,50355
esp32,AES128GCM,sw,decrypt,64,18,570,51305
esp32,AES128GCM,sw,decrypt,64,18,571,50355
esp32,AES128GCM,sw,decrypt,64,18,572,51306
esp32,AES128GCM,sw,decrypt,64,18,573,50355
esp32,AES128GCM,sw,decrypt,64,18,574,51306
esp32,AES128GCM,sw,decrypt,64,18,575,51309
esp32,AES128GCM,sw,decrypt,64,18,576,51306
esp32,AES128GCM,sw,decrypt,64,18,577,50355
esp32,AES128GCM,sw,decrypt,64,18,578,51306
esp32,AES128GCM,sw,decrypt,64,18,579,50355
esp32,AES128GCM,sw,decrypt,64,18,580,51306
esp32,AES128GCM,sw,decrypt,64,18,581,50355
esp32,AES128GCM,sw,decrypt,64,18,582,51306
esp32,AES128GCM,sw,decrypt,64,18,583,50355
esp32,AES128GCM,sw,decrypt,64,18,584,51306
esp32,AES128GCM,sw,decrypt,64,18,585,50355
esp32,AES128GCM,sw,decrypt,64,18,586,51306
esp32,AES128GCM,sw,decrypt,64,18,587,50355
esp32,AES128GCM,sw,decrypt,64,18,588,51306
esp32,AES128GCM,sw,decrypt,64,18,589,50355
esp32,AES128GCM,sw,decrypt,64,18,590,51306
esp32,AES128GCM,sw,decrypt,64,18,591,50355
esp32,AES128GCM,sw,decrypt,64,18,592,51306
esp32,AES128GCM,sw,decrypt,64,18,593,50355
esp32,AES128GCM,sw,decrypt,64,18,594,51306
esp32,AES128GCM,sw,decrypt,64,18,595,50355
esp32,AES128GCM,sw,decrypt,64,18,596,51307
esp32,AES128GCM,sw,decrypt,64,18,597,50355
esp32,AES128GCM,sw,decrypt,64,18,598,51306
esp32,AES128GCM,sw,decrypt,64,18,599,50355
esp32,AES128GCM,sw,decrypt,64,18,600,51306
esp32,AES128GCM,sw,decrypt,64,18,601,50355
esp32,AES128GCM,sw,decrypt,64,18,602,51306
esp32,AES128GCM,sw,decrypt,64,18,603,50355
esp32,AES128GCM,sw,decrypt,64,18,604,51306
esp32,AES128GCM,sw,decrypt,64,18,605,50355
esp32,AES128GCM,sw,decrypt,64,18,606,51306
esp32,AES128GCM,sw,decrypt,64,18,607,50355
esp32,AES128GCM,sw,decrypt,64,18,608,51306
esp32,AES128GCM,sw,decrypt,64,18,609,50355
esp32,AES128GCM,sw,decrypt,64,18,610,51306
esp32,AES128GCM,sw,decrypt,64,18,611,50355
esp32,AES128GCM,sw,decrypt,64,18,612,51306
esp32,AES128GCM,sw,decrypt,64,18,613,50355
esp32,AES128GCM,sw,decrypt,64,18,614,51306
esp32,AES128GCM,sw,decrypt,64,18,615,50355
esp32,AES128GCM,sw,decrypt,64,18,616,51306
esp32,AES128GCM,sw,decrypt,64,18,617,50355
esp32,AES128GCM,sw,decrypt,64,18,618,51306
esp32,AES128GCM,sw,decrypt,64,18,619,50355
esp32,AES128GCM,sw,decrypt,64,18,620,51306
esp32,AES128GCM,sw,decrypt,64,18,621,50355
esp32,AES128GCM,sw,decrypt,64,18,622,51306
esp32,AES128GCM,sw,decrypt,64,18,623,50355
esp32,AES128GCM,sw,decrypt,64,18,624,51306
esp32,AES128GCM,sw,decrypt,64,18,625,50355
esp32,AES128GCM,sw,decrypt,64,18,626,51306
esp32,AES128GCM,sw,decrypt,64,18,627,50355
esp32,AES128GCM,sw,decrypt,64,18,628,51306
esp32,AES128GCM,sw,decrypt,64,18,629,50355
esp32,AES128GCM,sw,decrypt,64,18,630,52506
esp32,AES128GCM,sw,decrypt,64,18,631,50355
esp32,AES128GCM,sw,decrypt,64,18,632,51306
esp32,AES128GCM,sw,decrypt,64,18,633,50355
esp32,AES128GCM,sw,decrypt,64,18,634,51306
esp32,AES128GCM,sw,decrypt,64,18,635,50355
esp32,AES128GCM,sw,decrypt,64,18,636,51306
esp32,AES128GCM,sw,decrypt,64,18,637,50355
esp32,AES128GCM,sw,decrypt,64,18,638,51306
esp32,AES128GCM,sw,decrypt,64,18,639,50355
esp32,AES128GCM,sw,decrypt,64,18,640,51306
esp32,AES128GCM,sw,decrypt,64,18,641,50355
esp32,AES128GCM,sw,decrypt,64,18,642,51306
esp32,AES128GCM,sw,decrypt,64,18,643,50355
esp32,AES128GCM,sw,decrypt,64,18,644,51306
esp32,AES128GCM,sw,decrypt,64,18,645,50355
esp32,AES128GCM,sw,decrypt,64,18,646,51306
esp32,AES128GCM,sw,decrypt,64,18,647,50355
esp32,AES128GCM,sw,decrypt,64,18,648,51306
esp32,AES128GCM,sw,decrypt,64,18,649,50355
esp32,AES128GCM,sw,decrypt,64,18,650,51306
esp32,AES128GCM,sw,decrypt,64,18,651,50354
esp32,AES128GCM,sw,decrypt,64,18,652,51306
esp32,AES128GCM,sw,decrypt,64,18,653,50355
esp32,AES128GCM,sw,decrypt,64,18,654,51306
esp32,AES128GCM,sw,decrypt,64,18,655,50355
esp32,AES128GCM,sw,decrypt,64,18,656,51306
esp32,AES128GCM,sw,decrypt,64,18,657,50355
esp32,AES128GCM,sw,decrypt,64,18,658,51306
esp32,AES128GCM,sw,decrypt,64,18,659,50367
esp32,AES128GCM,sw,decrypt,64,18,660,51306
esp32,AES128GCM,sw,decrypt,64,18,661,50355
esp32,AES128GCM,sw,decrypt,64,18,662,51306
esp32,AES128GCM,sw,decrypt,64,18,663,50355
esp32,AES128GCM,sw,decrypt,64,18,664,51306
esp32,AES128GCM,sw,decrypt,64,18,665,50355
esp32,AES128GCM,sw,decrypt,64,18,666,51306
esp32,AES128GCM,sw,decrypt,64,18,667,50355
esp32,AES128GCM,sw,decrypt,64,18,668,51306
esp32,AES128GCM,sw,decrypt,64,18,669,50355
esp32,AES128GCM,sw,decrypt,64,18,670,51306
esp32,AES128GCM,sw,decrypt,64,18,671,50355
esp32,AES128GCM,sw,decrypt,64,18,672,51306
esp32,AES128GCM,sw,decrypt,64,18,673,50355
esp32,AES128GCM,sw,decrypt,64,18,674,51306
esp32,AES128GCM,sw,decrypt,64,18,675,50355
esp32,AES128GCM,sw,decrypt,64,18,676,51306
esp32,AES128GCM,sw,decrypt,64,18,677,50355
esp32,AES128GCM,sw,decrypt,64,18,678,51306
esp32,AES128GCM,sw,decrypt,64,18,679,50355
esp32,AES128GCM,sw,decrypt,64,18,680,51306
esp32,AES128GCM,sw,decrypt,64,18,681,50355
esp32,AES128GCM,sw,decrypt,64,18,682,51306
esp32,AES128GCM,sw,decrypt,64,18,683,50355
esp32,AES128GCM,sw,decrypt,64,18,684,51306
esp32,AES128GCM,sw,decrypt,64,18,685,51558
esp32,AES128GCM,sw,decrypt,64,18,686,51306
esp32,AES128GCM,sw,decrypt,64,18,687,50355
esp32,AES128GCM,sw,decrypt,64,18,688,51306
esp32,AES128GCM,sw,decrypt,64,18,689,50355
esp32,AES128GCM,sw,decrypt,64,18,690,51306
esp32,AES128GCM,sw,decrypt,64,18,691,50355
esp32,AES128GCM,sw,decrypt,64,18,692,51306
esp32,AES128GCM,sw,decrypt,64,18,693,50366
esp32,AES128GCM,sw,decrypt,64,18,694,51306
esp32,AES128GCM,sw,decrypt,64,18,695,50355
esp32,AES128GCM,sw,decrypt,64,18,696,51306
esp32,AES128GCM,sw,decrypt,64,18,697,50355
esp32,AES128GCM,sw,decrypt,64,18,698,51306
esp32,AES128GCM,sw,decrypt,64,18,699,50355
esp32,AES128GCM,sw,decrypt,64,18,700,51306
esp32,AES128GCM,sw,decrypt,64,18,701,50355
esp32,AES128GCM,sw,decrypt,64,18,702,51306
esp32,AES128GCM,sw,decrypt,64,18,703,50355
esp32,AES128GCM,sw,decrypt,64,18,704,51306
esp32,AES128GCM,sw,decrypt,64,18,705,50355
esp32,AES128GCM,sw,decrypt,64,18,706,51306
esp32,AES128GCM,sw,decrypt,64,18,707,50355
esp32,AES128GCM,sw,decrypt,64,18,708,51306
esp32,AES128GCM,sw,decrypt,64,18,709,50355
esp32,AES128GCM,sw,decrypt,64,18,710,51306
esp32,AES128GCM,sw,decrypt,64,18,711,50355
esp32,AES128GCM,sw,decrypt,64,18,712,51306
esp32,AES128GCM,sw,decrypt,64,18,713,50355
esp32,AES128GCM,sw,decrypt,64,18,714,51306
esp32,AES128GCM,sw,decrypt,64,18,715,50355
esp32,AES128GCM,sw,decrypt,64,18,716,51306
esp32,AES128GCM,sw,decrypt,64,18,717,50355
esp32,AES128GCM,sw,decrypt,64,18,718,51306
esp32,AES128GCM,sw,decrypt,64,18,719,50355
esp32,AES128GCM,sw,decrypt,64,18,720,51306
esp32,AES128GCM,sw,decrypt,64,18,721,50355
esp32,AES128GCM,sw,decrypt,64,18,722,51306
esp32,AES128GCM,sw,decrypt,64,18,723,50355
esp32,AES128GCM,sw,decrypt,64,18,724,51306
esp32,AES128GCM,sw,decrypt,64,18,725,50355
esp32,AES128GCM,sw,decrypt,64,18,726,51306
esp32,AES128GCM,sw,decrypt,64,18,727,50355
esp32,AES128GCM,sw,decrypt,64,18,728,51306
esp32,AES128GCM,sw,decrypt,64,18,729,50355
esp32,AES128GCM,sw,decrypt,64,18,730,51306
esp32,AES128GCM,sw,decrypt,64,18,731,50355
esp32,AES128GCM,sw,decrypt,64,18,732,51306
esp32,AES128GCM,sw,decrypt,64,18,733,50355
esp32,AES128GCM,sw,decrypt,64,18,734,51306
esp32,AES128GCM,sw,decrypt,64,18,735,50355
esp32,AES128GCM,sw,decrypt,64,18,736,51306
esp32,AES128GCM,sw,decrypt,64,18,737,50355
esp32,AES128GCM,sw,decrypt,64,18,738,51306
esp32,AES128GCM,sw,decrypt,64,18,739,50355
esp32,AES128GCM,sw,decrypt,64,18,740,51726
esp32,AES128GCM,sw,decrypt,64,18,741,50355
esp32,AES128GCM,sw,decrypt,64,18,742,51306
esp32,AES128GCM,sw,decrypt,64,18,743,50355
esp32,AES128GCM,sw,decrypt,64,18,744,51306
esp32,AES128GCM,sw,decrypt,64,18,745,50355
esp32,AES128GCM,sw,decrypt,64,18,746,51306
esp32,AES128GCM,sw,decrypt,64,18,747,50355
esp32,AES128GCM,sw,decrypt,64,18,748,51306
esp32,AES128GCM,sw,decrypt,64,18,749,50355
esp32,AES128GCM,sw,decrypt,64,18,750,51306
esp32,AES128GCM,sw,decrypt,64,18,751,50355
esp32,AES128GCM,sw,decrypt,64,18,752,51306
esp32,AES128GCM,sw,decrypt,64,18,753,50355
esp32,AES128GCM,sw,decrypt,64,18,754,51306
esp32,AES128GCM,sw,decrypt,64,18,755,50355
esp32,AES128GCM,sw,decrypt,64,18,756,51306
esp32,AES128GCM,sw,decrypt,64,18,757,50355
esp32,AES128GCM,sw,decrypt,64,18,758,51306
esp32,AES128GCM,sw,decrypt,64,18,759,50355
esp32,AES128GCM,sw,decrypt,64,18,760,51306
esp32,AES128GCM,sw,decrypt,64,18,761,50355
esp32,AES128GCM,sw,decrypt,64,18,762,51306
esp32,AES128GCM,sw,decrypt,64,18,763,50355
esp32,AES128GCM,sw,decrypt,64,18,764,51306
esp32,AES128GCM,sw,decrypt,64,18,765,50355
esp32,AES128GCM,sw,decrypt,64,18,766,51306
esp32,AES128GCM,sw,decrypt,64,18,767,50355
esp32,AES128GCM,sw,decrypt,64,18,768,51306
esp32,AES128GCM,sw,decrypt,64,18,769,50355
esp32,AES128GCM,sw,decrypt,64,18,770,51306
esp32,AES128GCM,sw,decrypt,64,18,771,50355
esp32,AES128GCM,sw,decrypt,64,18,772,51306
esp32,AES128GCM,sw,decrypt,64,18,773,50355
esp32,AES128GCM,sw,decrypt,64,18,774,52506
esp32,AES128GCM,sw,decrypt,64,18,775,50355
esp32,AES128GCM,sw,decrypt,64,18,776,51306
esp32,AES128GCM,sw,decrypt,64,18,777,50355
esp32,AES128GCM,sw,decrypt,64,18,778,51306
esp32,AES128GCM,sw,decrypt,64,18,779,50355
esp32,AES128GCM,sw,decrypt,64,18,780,51306
esp32,AES128GCM,sw,decrypt,64,18,781,50355
esp32,AES128GCM,sw,decrypt,64,18,782,51306
esp32,AES128GCM,sw,decrypt,64,18,783,50355
esp32,AES128GCM,sw,decrypt,64,18,784,51306
esp32,AES128GCM,sw,decrypt,64,18,785,50355
esp32,AES128GCM,sw,decrypt,64,18,786,51306
esp32,AES128GCM,sw,decrypt,64,18,787,50355
esp32,AES128GCM,sw,decrypt,64,18,788,51306
esp32,AES128GCM,sw,decrypt,64,18,789,50355
esp32,AES128GCM,sw,decrypt,64,18,790,51306
esp32,AES128GCM,sw,decrypt,64,18,791,50355
esp32,AES128GCM,sw,decrypt,64,18,792,51306
esp32,AES128GCM,sw,decrypt,64,18,793,50355
esp32,AES128GCM,sw,decrypt,64,18,794,51306
esp32,AES128GCM,sw,decrypt,64,18,795,50354
esp32,AES128GCM,sw,decrypt,64,18,796,51306
esp32,AES128GCM,sw,decrypt,64,18,797,50355
esp32,AES128GCM,sw,decrypt,64,18,798,51306
esp32,AES128GCM,sw,decrypt,64,18,799,50355
esp32,AES128GCM,sw,decrypt,64,18,800,51306
esp32,AES128GCM,sw,decrypt,64,18,801,50355
esp32,AES128GCM,sw,decrypt,64,18,802,51306
esp32,AES128GCM,sw,decrypt,64,18,803,50355
esp32,AES128GCM,sw,decrypt,64,18,804,51306
esp32,AES128GCM,sw,decrypt,64,18,805,50355
esp32,AES128GCM,sw,decrypt,64,18,806,51306
esp32,AES128GCM,sw,decrypt,64,18,807,50355
esp32,AES128GCM,sw,decrypt,64,18,808,51306
esp32,AES128GCM,sw,decrypt,64,18,809,50355
esp32,AES128GCM,sw,decrypt,64,18,810,51306
esp32,AES128GCM,sw,decrypt,64,18,811,50355
esp32,AES128GCM,sw,decrypt,64,18,812,51306
esp32,AES128GCM,sw,decrypt,64,18,813,50355
esp32,AES128GCM,sw,decrypt,64,18,814,51306
esp32,AES128GCM,sw,decrypt,64,18,815,50355
esp32,AES128GCM,sw,decrypt,64,18,816,51306
esp32,AES128GCM,sw,decrypt,64,18,817,50355
esp32,AES128GCM,sw,decrypt,64,18,818,51306
esp32,AES128GCM,sw,decrypt,64,18,819,50355
esp32,AES128GCM,sw,decrypt,64,18,820,51306
esp32,AES128GCM,sw,decrypt,64,18,821,50355
esp32,AES128GCM,sw,decrypt,64,18,822,51306
esp32,AES128GCM,sw,decrypt,64,18,823,50355
esp32,AES128GCM,sw,decrypt,64,18,824,51306
esp32,AES128GCM,sw,decrypt,64,18,825,50355
esp32,AES128GCM,sw,decrypt,64,18,826,51306
esp32,AES128GCM,sw,decrypt,64,18,827,50355
esp32,AES128GCM,sw,decrypt,64,18,828,51306
esp32,AES128GCM,sw,decrypt,64,18,829,51558
esp32,AES128GCM,sw,decrypt,64,18,830,51306
esp32,AES128GCM,sw,decrypt,64,18,831,50355
esp32,AES128GCM,sw,decrypt,64,18,832,51306
esp32,AES128GCM,sw,decrypt,64,18,833,50355
esp32,AES128GCM,sw,decrypt,64,18,834,51306
esp32,AES128GCM,sw,decrypt,64,18,835,50355
esp32,AES128GCM,sw,decrypt,64,18,836,51306
esp32,AES128GCM,sw,decrypt,64,18,837,50355
esp32,AES128GCM,sw,decrypt,64,18,838,51306
esp32,AES128GCM,sw,decrypt,64,18,839,50355
esp32,AES128GCM,sw,decrypt,64,18,840,51306
esp32,AES128GCM,sw,decrypt,64,18,841,50355
esp32,AES128GCM,sw,decrypt,64,18,842,51306
esp32,AES128GCM,sw,decrypt,64,18,843,50355
esp32,AES128GCM,sw,decrypt,64,18,844,51306
esp32,AES128GCM,sw,decrypt,64,18,845,50355
esp32,AES128GCM,sw,decrypt,64,18,846,51306
esp32,AES128GCM,sw,decrypt,64,18,847,50355
esp32,AES128GCM,sw,decrypt,64,18,848,51306
esp32,AES128GCM,sw,decrypt,64,18,849,50355
esp32,AES128GCM,sw,decrypt,64,18,850,51306
esp32,AES128GCM,sw,decrypt,64,18,851,50355
esp32,AES128GCM,sw,decrypt,64,18,852,51306
esp32,AES128GCM,sw,decrypt,64,18,853,50355
esp32,AES128GCM,sw,decrypt,64,18,854,51306
esp32,AES128GCM,sw,decrypt,64,18,855,50355
esp32,AES128GCM,sw,decrypt,64,18,856,51306
esp32,AES128GCM,sw,decrypt,64,18,857,50355
esp32,AES128GCM,sw,decrypt,64,18,858,51312
esp32,AES128GCM,sw,decrypt,64,18,859,50355
esp32,AES128GCM,sw,decrypt,64,18,860,51306
esp32,AES128GCM,sw,decrypt,64,18,861,50355
esp32,AES128GCM,sw,decrypt,64,18,862,51306
esp32,AES128GCM,sw,decrypt,64,18,863,50355
esp32,AES128GCM,sw,decrypt,64,18,864,51306
esp32,AES128GCM,sw,decrypt,64,18,865,50355
esp32,AES128GCM,sw,decrypt,64,18,866,51306
esp32,AES128GCM,sw,decrypt,64,18,867,50355
esp32,AES128GCM,sw,decrypt,64,18,868,51306
esp32,AES128GCM,sw,decrypt,64,18,869,50355
esp32,AES128GCM,sw,decrypt,64,18,870,51306
esp32,AES128GCM,sw,decrypt,64,18,871,50355
esp32,AES128GCM,sw,decrypt,64,18,872,51306
esp32,AES128GCM,sw,decrypt,64,18,873,50355
esp32,AES128GCM,sw,decrypt,64,18,874,51306
esp32,AES128GCM,sw,decrypt,64,18,875,50355
esp32,AES128GCM,sw,decrypt,64,18,876,51306
esp32,AES128GCM,sw,decrypt,64,18,877,50355
esp32,AES128GCM,sw,decrypt,64,18,878,51306
esp32,AES128GCM,sw,decrypt,64,18,879,50355
esp32,AES128GCM,sw,decrypt,64,18,880,51306
esp32,AES128GCM,sw,decrypt,64,18,881,50355
esp32,AES128GCM,sw,decrypt,64,18,882,51306
esp32,AES128GCM,sw,decrypt,64,18,883,50355
esp32,AES128GCM,sw,decrypt,64,18,884,52683
esp32,AES128GCM,sw,decrypt,64,18,885,50355
esp32,AES128GCM,sw,decrypt,64,18,886,51306
esp32,AES128GCM,sw,decrypt,64,18,887,50355
esp32,AES128GCM,sw,decrypt,64,18,888,51306
esp32,AES128GCM,sw,decrypt,64,18,889,50355
esp32,AES128GCM,sw,decrypt,64,18,890,51306
esp32,AES128GCM,sw,decrypt,64,18,891,50355
esp32,AES128GCM,sw,decrypt,64,18,892,51306
esp32,AES128GCM,sw,decrypt,64,18,893,50355
esp32,AES128GCM,sw,decrypt,64,18,894,51306
esp32,AES128GCM,sw,decrypt,64,18,895,50355
esp32,AES128GCM,sw,decrypt,64,18,896,51306
esp32,AES128GCM,sw,decrypt,64,18,897,50355
esp32,AES128GCM,sw,decrypt,64,18,898,51306
esp32,AES128GCM,sw,decrypt,64,18,899,50355
esp32,AES128GCM,sw,decrypt,64,18,900,51306
esp32,AES128GCM,sw,decrypt,64,18,901,50355
esp32,AES128GCM,sw,decrypt,64,18,902,51306
esp32,AES128GCM,sw,decrypt,64,18,903,50355
esp32,AES128GCM,sw,decrypt,64,18,904,51306
esp32,AES128GCM,sw,decrypt,64,18,905,50355
esp32,AES128GCM,sw,decrypt,64,18,906,51306
esp32,AES128GCM,sw,decrypt,64,18,907,50355
esp32,AES128GCM,sw,decrypt,64,18,908,51306
esp32,AES128GCM,sw,decrypt,64,18,909,50355
esp32,AES128GCM,sw,decrypt,64,18,910,51306
esp32,AES128GCM,sw,decrypt,64,18,911,50355
esp32,AES128GCM,sw,decrypt,64,18,912,51306
esp32,AES128GCM,sw,decrypt,64,18,913,50355
esp32,AES128GCM,sw,decrypt,64,18,914,51306
esp32,AES128GCM,sw,decrypt,64,18,915,50355
esp32,AES128GCM,sw,decrypt,64,18,916,51306
esp32,AES128GCM,sw,decrypt,64,18,917,50355
esp32,AES128GCM,sw,decrypt,64,18,918,52506
esp32,AES128GCM,sw,decrypt,64,18,919,50355
esp32,AES128GCM,sw,decrypt,64,18,920,51306
esp32,AES128GCM,sw,decrypt,64,18,921,50355
esp32,AES128GCM,sw,decrypt,64,18,922,51306
esp32,AES128GCM,sw,decrypt,64,18,923,50355
esp32,AES128GCM,sw,decrypt,64,18,924,51306
esp32,AES128GCM,sw,decrypt,64,18,925,50355
esp32,AES128GCM,sw,decrypt,64,18,926,51306
esp32,AES128GCM,sw,decrypt,64,18,927,50355
esp32,AES128GCM,sw,decrypt,64,18,928,51306
esp32,AES128GCM,sw,decrypt,64,18,929,50355
esp32,AES128GCM,sw,decrypt,64,18,930,51306
esp32,AES128GCM,sw,decrypt,64,18,931,50355
esp32,AES128GCM,sw,decrypt,64,18,932,51306
esp32,AES128GCM,sw,decrypt,64,18,933,50355
esp32,AES128GCM,sw,decrypt,64,18,934,51306
esp32,AES128GCM,sw,decrypt,64,18,935,50355
esp32,AES128GCM,sw,decrypt,64,18,936,51306
esp32,AES128GCM,sw,decrypt,64,18,937,50355
esp32,AES128GCM,sw,decrypt,64,18,938,51306
esp32,AES128GCM,sw,decrypt,64,18,939,50354
esp32,AES128GCM,sw,decrypt,64,18,940,51306
esp32,AES128GCM,sw,decrypt,64,18,941,50355
esp32,AES128GCM,sw,decrypt,64,18,942,51306
esp32,AES128GCM,sw,decrypt,64,18,943,50355
esp32,AES128GCM,sw,decrypt,64,18,944,51306
esp32,AES128GCM,sw,decrypt,64,18,945,50355
esp32,AES128GCM,sw,decrypt,64,18,946,51306
esp32,AES128GCM,sw,decrypt,64,18,947,50355
esp32,AES128GCM,sw,decrypt,64,18,948,51306
esp32,AES128GCM,sw,decrypt,64,18,949,50355
esp32,AES128GCM,sw,decrypt,64,18,950,51306
esp32,AES128GCM,sw,decrypt,64,18,951,50355
esp32,AES128GCM,sw,decrypt,64,18,952,51306
esp32,AES128GCM,sw,decrypt,64,18,953,50355
esp32,AES128GCM,sw,decrypt,64,18,954,51306
esp32,AES128GCM,sw,decrypt,64,18,955,50355
esp32,AES128GCM,sw,decrypt,64,18,956,51306
esp32,AES128GCM,sw,decrypt,64,18,957,50355
esp32,AES128GCM,sw,decrypt,64,18,958,51306
esp32,AES128GCM,sw,decrypt,64,18,959,50355
esp32,AES128GCM,sw,decrypt,64,18,960,51306
esp32,AES128GCM,sw,decrypt,64,18,961,50355
esp32,AES128GCM,sw,decrypt,64,18,962,51306
esp32,AES128GCM,sw,decrypt,64,18,963,50355
esp32,AES128GCM,sw,decrypt,64,18,964,51306
esp32,AES128GCM,sw,decrypt,64,18,965,50355
esp32,AES128GCM,sw,decrypt,64,18,966,51306
esp32,AES128GCM,sw,decrypt,64,18,967,50355
esp32,AES128GCM,sw,decrypt,64,18,968,51306
esp32,AES128GCM,sw,decrypt,64,18,969,50355
esp32,AES128GCM,sw,decrypt,64,18,970,51306
esp32,AES128GCM,sw,decrypt,64,18,971,50355
esp32,AES128GCM,sw,decrypt,64,18,972,51306
esp32,AES128GCM,sw,decrypt,64,18,973,51558
esp32,AES128GCM,sw,decrypt,64,18,974,51306
esp32,AES128GCM,sw,decrypt,64,18,975,50355
esp32,AES128GCM,sw,decrypt,64,18,976,51306
esp32,AES128GCM,sw,decrypt,64,18,977,50355
esp32,AES128GCM,sw,decrypt,64,18,978,51306
esp32,AES128GCM,sw,decrypt,64,18,979,50355
esp32,AES128GCM,sw,decrypt,64,18,980,51306
esp32,AES128GCM,sw,decrypt,64,18,981,50355
esp32,AES128GCM,sw,decrypt,64,18,982,51306
esp32,AES128GCM,sw,decrypt,64,18,983,50355
esp32,AES128GCM,sw,decrypt,64,18,984,51306
esp32,AES128GCM,sw,decrypt,64,18,985,50355
esp32,AES128GCM,sw,decrypt,64,18,986,51306
esp32,AES128GCM,sw,decrypt,64,18,987,50355
esp32,AES128GCM,sw,decrypt,64,18,988,51306
esp32,AES128GCM,sw,decrypt,64,18,989,50355
esp32,AES128GCM,sw,decrypt,64,18,990,51306
esp32,AES128GCM,sw,decrypt,64,18,991,50355
esp32,AES128GCM,sw,decrypt,64,18,992,51306
esp32,AES128GCM,sw,decrypt,64,18,993,50355
esp32,AES128GCM,sw,decrypt,64,18,994,51306
esp32,AES128GCM,sw,decrypt,64,18,995,50355
esp32,AES128GCM,sw,decrypt,64,18,996,51306
esp32,AES128GCM,sw,decrypt,64,18,997,50355
esp32,AES128GCM,sw,decrypt,64,18,998,51306
esp32,AES128GCM,sw,decrypt,64,18,999,50355
stack,esp32,AES128GCM,sw,decrypt,64,14084
esp32,AES128GCM,sw,encrypt,128,18,0,80648
esp32,AES128GCM,sw,encrypt,128,18,1,79709
esp32,AES128GCM,sw,encrypt,128,18,2,80654
esp32,AES128GCM,sw,encrypt,128,18,3,79709
esp32,AES128GCM,sw,encrypt,128,18,4,80654
esp32,AES128GCM,sw,encrypt,128,18,5,79709
esp32,AES128GCM,sw,encrypt,128,18,6,80654
esp32,AES128GCM,sw,encrypt,128,18,7,79709
esp32,AES128GCM,sw,encrypt,128,18,8,80654
esp32,AES128GCM,sw,encrypt,128,18,9,79711
esp32,AES128GCM,sw,encrypt,128,18,10,80654
esp32,AES128GCM,sw,encrypt,128,18,11,79709
esp32,AES128GCM,sw,encrypt,128,18,12,80654
esp32,AES128GCM,sw,encrypt,128,18,13,79709
esp32,AES128GCM,sw,encrypt,128,18,14,80654
esp32,AES128GCM,sw,encrypt,128,18,15,79709
esp32,AES128GCM,sw,encrypt,128,18,16,80654
esp32,AES128GCM,sw,encrypt,128,18,17,79709
esp32,AES128GCM,sw,encrypt,128,18,18,80654
esp32,AES128GCM,sw,encrypt,128,18,19,79709
esp32,AES128GCM,sw,encrypt,128,18,20,80654
esp32,AES128GCM,sw,encrypt,128,18,21,79709
esp32,AES128GCM,sw,encrypt,128,18,22,81857
esp32,AES128GCM,sw,encrypt,128,18,23,79709
esp32,AES128GCM,sw,encrypt,128,18,24,80654
esp32,AES128GCM,sw,encrypt,128,18,25,79709
esp32,AES128GCM,sw,encrypt,128,18,26,80654
esp32,AES128GCM,sw,encrypt,128,18,27,79709
esp32,AES128GCM,sw,encrypt,128,18,28,80654
esp32,AES128GCM,sw,encrypt,128,18,29,79709
esp32,AES128GCM,sw,encrypt,128,18,30,80654
esp32,AES128GCM,sw,encrypt,128,18,31,79709
esp32,AES128GCM,sw,encrypt,128,18,32,80654
esp32,AES128GCM,sw,encrypt,128,18,33,79709
esp32,AES128GCM,sw,encrypt,128,18,34,80654
esp32,AES128GCM,sw,encrypt,128,18,35,79709
esp32,AES128GCM,sw,encrypt,128,18,36,80654
esp32,AES128GCM,sw,encrypt,128,18,37,79709
esp32,AES128GCM,sw,encrypt,128,18,38,80654
esp32,AES128GCM,sw,encrypt,128,18,39,79709
esp32,AES128GCM,sw,encrypt,128,18,40,80654
esp32,AES128GCM,sw,encrypt,128,18,41,79709
esp32,AES128GCM,sw,encrypt,128,18,42,80654
esp32,AES128GCM,sw,encrypt,128,18,43,79709
esp32,AES128GCM,sw,encrypt,128,18,44,80654
esp32,AES128GCM,sw,encrypt,128,18,45,79709
esp32,AES128GCM,sw,encrypt,128,18,46,80654
esp32,AES128GCM,sw,encrypt,128,18,47,79709
esp32,AES128GCM,sw,encrypt,128,18,48,80654
esp32,AES128GCM,sw,encrypt,128,18,49,79709
esp32,AES128GCM,sw,encrypt,128,18,50,80654
esp32,AES128GCM,sw,encrypt,128,18,51,79715
esp32,AES128GCM,sw,encrypt,128,18,52,80654
esp32,AES128GCM,sw,encrypt,128,18,53,79709
esp32,AES128GCM,sw,encrypt,128,18,54,80654
esp32,AES128GCM,sw,encrypt,128,18,55,79709
esp32,AES128GCM,sw,encrypt,128,18,56,81857
esp32,AES128GCM,sw,encrypt,128,18,57,79709
esp32,AES128GCM,sw,encrypt,128,18,58,80654
esp32,AES128GCM,sw,encrypt,128,18,59,79709
esp32,AES128GCM,sw,encrypt,128,18,60,80654
esp32,AES128GCM,sw,encrypt,128,18,61,79709
esp32,AES128GCM,sw,encrypt,128,18,62,80654
esp32,AES128GCM,sw,encrypt,128,18,63,79709
esp32,AES128GCM,sw,encrypt,128,18,64,80654
esp32,AES128GCM,sw,encrypt,128,18,65,79709
esp32,AES128GCM,sw,encrypt,128,18,66,80654
esp32,AES128GCM,sw,encrypt,128,18,67,79709
esp32,AES128GCM,sw,encrypt,128,18,68,80654
esp32,AES128GCM,sw,encrypt,128,18,69,79709
esp32,AES128GCM,sw,encrypt,128,18,70,80654
esp32,AES128GCM,sw,encrypt,128,18,71,79709
esp32,AES128GCM,sw,encrypt,128,18,72,80654
esp32,AES128GCM,sw,encrypt,128,18,73,79709
esp32,AES128GCM,sw,encrypt,128,18,74,80654
esp32,AES128GCM,sw,encrypt,128,18,75,79709
esp32,AES128GCM,sw,encrypt,128,18,76,80654
esp32,AES128GCM,sw,encrypt,128,18,77,80951
esp32,AES128GCM,sw,encrypt,128,18,78,80654
esp32,AES128GCM,sw,encrypt,128,18,79,79709
esp32,AES128GCM,sw,encrypt,128,18,80,80654
esp32,AES128GCM,sw,encrypt,128,18,81,79709
esp32,AES128GCM,sw,encrypt,128,18,82,80654
esp32,AES128GCM,sw,encrypt,128,18,83,79709
esp32,AES128GCM,sw,encrypt,128,18,84,80654
esp32,AES128GCM,sw,encrypt,128,18,85,79709
esp32,AES128GCM,sw,encrypt,128,18,86,80654
esp32,AES128GCM,sw,encrypt,128,18,87,79709
esp32,AES128GCM,sw,encrypt,128,18,88,80654
esp32,AES128GCM,sw,encrypt,128,18,89,79709
esp32,AES128GCM,sw,encrypt,128,18,90,80654
esp32,AES128GCM,sw,encrypt,128,18,91,79709
esp32,AES128GCM,sw,encrypt,128,18,92,80654
esp32,AES128GCM,sw,encrypt,128,18,93,79709
esp32,AES128GCM,sw,encrypt,128,18,94,80654
esp32,AES128GCM,sw,encrypt,128,18,95,79709
esp32,AES128GCM,sw,encrypt,128,18,96,80654
esp32,AES128GCM,sw,encrypt,128,18,97,79709
esp32,AES128GCM,sw,encrypt,128,18,98,80654
esp32,AES128GCM,sw,encrypt,128,18,99,79709
esp32,AES128GCM,sw,encrypt,128,18,100,80654
esp32,AES128GCM,sw,encrypt,128,18,101,79709
esp32,AES128GCM,sw,encrypt,128,18,102,80654
esp32,AES128GCM,sw,encrypt,128,18,103,79709
esp32,AES128GCM,sw,encrypt,128,18,104,80654
esp32,AES128GCM,sw,encrypt,128,18,105,79709
esp32,AES128GCM,sw,encrypt,128,18,106,80654
esp32,AES128GCM,sw,encrypt,128,18,107,79709
esp32,AES128GCM,sw,encrypt,128,18,108,80654
esp32,AES128GCM,sw,encrypt,128,18,109,79709
esp32,AES128GCM,sw,encrypt,128,18,110,80654
esp32,AES128GCM,sw,encrypt,128,18,111,79709
esp32,AES128GCM,sw,encrypt,128,18,112,80654
esp32,AES128GCM,sw,encrypt,128,18,113,79709
esp32,AES128GCM,sw,encrypt,128,18,114,80654
esp32,AES128GCM,sw,encrypt,128,18,115,79709
esp32,AES128GCM,sw,encrypt,128,18,116,80654
esp32,AES128GCM,sw,encrypt,128,18,117,79709
esp32,AES128GCM,sw,encrypt,128,18,118,80654
esp32,AES128GCM,sw,encrypt,128,18,119,79709
esp32,AES128GCM,sw,encrypt,128,18,120,80654
esp32,AES128GCM,sw,encrypt,128,18,121,81083
esp32,AES128GCM,sw,encrypt,128,18,122,80654
esp32,AES128GCM,sw,encrypt,128,18,123,79709
esp32,AES128GCM,sw,encrypt,128,18,124,80654
esp32,AES128GCM,sw,encrypt,128,18,125,79709
esp32,AES128GCM,sw,encrypt,128,18,126,80654
esp32,AES128GCM,sw,encrypt,128,18,127,79709
esp32,AES128GCM,sw,encrypt,128,18,128,80654
esp32,AES128GCM,sw,encrypt,128,18,129,79709
esp32,AES128GCM,sw,encrypt,128,18,130,80654
esp32,AES128GCM,sw,encrypt,128,18,131,79709
esp32,AES128GCM,sw,encrypt,128,18,132,80654
esp32,AES128GCM,sw,encrypt,128,18,133,79709
esp32,AES128GCM,sw,encrypt,128,18,134,80654
esp32,AES128GCM,sw,encrypt,128,18,135,79709
esp32,AES128GCM,sw,encrypt,128,18,136,80654
esp32,AES128GCM,sw,encrypt,128,18,137,79709
esp32,AES128GCM,sw,encrypt,128,18,138,80654
esp32,AES128GCM,sw,encrypt,128,18,139,79709
esp32,AES128GCM,sw,encrypt,128,18,140,80654
esp32,AES128GCM,sw,encrypt,128,18,141,79709
esp32,AES128GCM,sw,encrypt,128,18,142,80654
esp32,AES128GCM,sw,encrypt,128,18,143,79709
esp32,AES128GCM,sw,encrypt,128,18,144,81203
esp32,AES128GCM,sw,encrypt,128,18,145,79709
esp32,AES128GCM,sw,encrypt,128,18,146,80654
esp32,AES128GCM,sw,encrypt,128,18,147,79709
esp32,AES128GCM,sw,encrypt,128,18,148,80654
esp32,AES128GCM,sw,encrypt,128,18,149,79709
esp32,AES128GCM,sw,encrypt,128,18,150,80654
esp32,AES128GCM,sw,encrypt,128,18,151,79709
esp32,AES128GCM,sw,encrypt,128,18,152,80654
esp32,AES128GCM,sw,encrypt,128,18,153,79709
esp32,AES128GCM,sw,encrypt,128,18,154,80654
esp32,AES128GCM,sw,encrypt,128,18,155,79709
esp32,AES128GCM,sw,encrypt,128,18,156,80654
esp32,AES128GCM,sw,encrypt,128,18,157,79712
esp32,AES128GCM,sw,encrypt,128,18,158,80654
esp32,AES128GCM,sw,encrypt,128,18,159,79709
esp32,AES128GCM,sw,encrypt,128,18,160,80654
esp32,AES128GCM,sw,encrypt,128,18,161,79709
esp32,AES128GCM,sw,encrypt,128,18,162,80656
esp32,AES128GCM,sw,encrypt,128,18,163,79709
esp32,AES128GCM,sw,encrypt,128,18,164,80654
esp32,AES128GCM,sw,encrypt,128,18,165,79709
esp32,AES128GCM,sw,encrypt,128,18,166,80654
esp32,AES128GCM,sw,encrypt,128,18,167,79709
esp32,AES128GCM,sw,encrypt,128,18,168,80654
esp32,AES128GCM,sw,encrypt,128,18,169,79709
esp32,AES128GCM,sw,encrypt,128,18,170,80654
esp32,AES128GCM,sw,encrypt,128,18,171,79709
esp32,AES128GCM,sw,encrypt,128,18,172,80654
esp32,AES128GCM,sw,encrypt,128,18,173,79709
esp32,AES128GCM,sw,encrypt,128,18,174,80654
esp32,AES128GCM,sw,encrypt,128,18,175,79709
esp32,AES128GCM,sw,encrypt,128,18,176,80654
esp32,AES128GCM,sw,encrypt,128,18,177,79709
esp32,AES128GCM,sw,encrypt,128,18,178,80654
esp32,AES128GCM,sw,encrypt,128,18,179,79709
esp32,AES128GCM,sw,encrypt,128,18,180,80654
esp32,AES128GCM,sw,encrypt,128,18,181,79709
esp32,AES128GCM,sw,encrypt,128,18,182,80654
esp32,AES128GCM,sw,encrypt,128,18,183,79709
esp32,AES128GCM,sw,encrypt,128,18,184,80654
esp32,AES128GCM,sw,encrypt,128,18,185,80669
esp32,AES128GCM,sw,encrypt,128,18,186,80654
esp32,AES128GCM,sw,encrypt,128,18,187,79709
esp32,AES128GCM,sw,encrypt,128,18,188,80654
esp32,AES128GCM,sw,encrypt,128,18,189,79709
esp32,AES128GCM,sw,encrypt,128,18,190,80654
esp32,AES128GCM,sw,encrypt,128,18,191,79709
esp32,AES128GCM,sw,encrypt,128,18,192,80654
esp32,AES128GCM,sw,encrypt,128,18,193,79709
esp32,AES128GCM,sw,encrypt,128,18,194,80654
esp32,AES128GCM,sw,encrypt,128,18,195,79709
esp32,AES128GCM,sw,encrypt,128,18,196,80654
esp32,AES128GCM,sw,encrypt,128,18,197,79709
esp32,AES128GCM,sw,encrypt,128,18,198,80654
esp32,AES128GCM,sw,encrypt,128,18,199,79709
esp32,AES128GCM,sw,encrypt,128,18,200,80654
esp32,AES128GCM,sw,encrypt,128,18,201,79709
esp32,AES128GCM,sw,encrypt,128,18,202,80654
esp32,AES128GCM,sw,encrypt,128,18,203,79709
esp32,AES128GCM,sw,encrypt,128,18,204,80654
esp32,AES128GCM,sw,encrypt,128,18,205,79709
esp32,AES128GCM,sw,encrypt,128,18,206,80654
esp32,AES128GCM,sw,encrypt,128,18,207,79709
esp32,AES128GCM,sw,encrypt,128,18,208,81797
esp32,AES128GCM,sw,encrypt,128,18,209,79709
esp32,AES128GCM,sw,encrypt,128,18,210,80654
esp32,AES128GCM,sw,encrypt,128,18,211,79709
esp32,AES128GCM,sw,encrypt,128,18,212,80654
esp32,AES128GCM,sw,encrypt,128,18,213,79709
esp32,AES128GCM,sw,encrypt,128,18,214,80654
esp32,AES128GCM,sw,encrypt,128,18,215,79709
esp32,AES128GCM,sw,encrypt,128,18,216,80654
esp32,AES128GCM,sw,encrypt,128,18,217,79709
esp32,AES128GCM,sw,encrypt,128,18,218,80654
esp32,AES128GCM,sw,encrypt,128,18,219,79709
esp32,AES128GCM,sw,encrypt,128,18,220,80654
esp32,AES128GCM,sw,encrypt,128,18,221,79712
esp32,AES128GCM,sw,encrypt,128,18,222,80654
esp32,AES128GCM,sw,encrypt,128,18,223,79709
esp32,AES128GCM,sw,encrypt,128,18,224,80654
esp32,AES128GCM,sw,encrypt,128,18,225,79709
esp32,AES128GCM,sw,encrypt,128,18,226,80656
esp32,AES128GCM,sw,encrypt,128,18,227,79709
esp32,AES128GCM,sw,encrypt,128,18,228,80654
esp32,AES128GCM,sw,encrypt,128,18,229,79709
esp32,AES128GCM,sw,encrypt,128,18,230,80654
esp32,AES128GCM,sw,encrypt,128,18,231,79709
esp32,AES128GCM,sw,encrypt,128,18,232,80654
esp32,AES128GCM,sw,encrypt,128,18,233,79709
esp32,AES128GCM,sw,encrypt,128,18,234,80654
esp32,AES128GCM,sw,encrypt,128,18,235,79709
esp32,AES128GCM,sw,encrypt,128,18,236,80654
esp32,AES128GCM,sw,encrypt,128,18,237,79709
esp32,AES128GCM,sw,encrypt,128,18,238,80654
esp32,AES128GCM,sw,encrypt,128,18,239,79709
esp32,AES128GCM,sw,encrypt,128,18,240,80654
esp32,AES128GCM,sw,encrypt,128,18,241,79709
esp32,AES128GCM,sw,encrypt,128,18,242,80654
esp32,AES128GCM,sw,encrypt,128,18,243,79709
esp32,AES128GCM,sw,encrypt,128,18,244,80654
esp32,AES128GCM,sw,encrypt,128,18,245,79709
esp32,AES128GCM,sw,encrypt,128,18,246,80654
esp32,AES128GCM,sw,encrypt,128,18,247,79709
esp32,AES128GCM,sw,encrypt,128,18,248,80654
esp32,AES128GCM,sw,encrypt,128,18,249,81170
esp32,AES128GCM,sw,encrypt,128,18,250,80654
esp32,AES128GCM,sw,encrypt,128,18,251,79709
esp32,AES128GCM,sw,encrypt,128,18,252,80654
esp32,AES128GCM,sw,encrypt,128,18,253,79709
esp32,AES128GCM,sw,encrypt,128,18,254,80654
esp32,AES128GCM,sw,encrypt,128,18,255,79709
esp32,AES128GCM,sw,encrypt,128,18,256,80654
esp32,AES128GCM,sw,encrypt,128,18,257,79709
esp32,AES128GCM,sw,encrypt,128,18,258,80654
esp32,AES128GCM,sw,encrypt,128,18,259,79709
esp32,AES128GCM,sw,encrypt,128,18,260,80654
esp32,AES128GCM,sw,encrypt,128,18,261,79709
esp32,AES128GCM,sw,encrypt,128,18,262,80654
esp32,AES128GCM,sw,encrypt,128,18,263,79709
esp32,AES128GCM,sw,encrypt,128,18,264,80654
esp32,AES128GCM,sw,encrypt,128,18,265,79709
esp32,AES128GCM,sw,encrypt,128,18,266,80654
esp32,AES128GCM,sw,encrypt,128,18,267,79709
esp32,AES128GCM,sw,encrypt,128,18,268,80654
esp32,AES128GCM,sw,encrypt,128,18,269,79709
esp32,AES128GCM,sw,encrypt,128,18,270,80654
esp32,AES128GCM,sw,encrypt,128,18,271,79709
esp32,AES128GCM,sw,encrypt,128,18,272,82027
esp32,AES128GCM,sw,encrypt,128,18,273,79709
esp32,AES128GCM,sw,encrypt,128,18,274,80654
esp32,AES128GCM,sw,encrypt,128,18,275,79709
esp32,AES128GCM,sw,encrypt,128,18,276,80654
esp32,AES128GCM,sw,encrypt,128,18,277,79709
esp32,AES128GCM,sw,encrypt,128,18,278,80654
esp32,AES128GCM,sw,encrypt,128,18,279,79709
esp32,AES128GCM,sw,encrypt,128,18,280,80654
esp32,AES128GCM,sw,encrypt,128,18,281,79709
esp32,AES128GCM,sw,encrypt,128,18,282,80654
esp32,AES128GCM,sw,encrypt,128,18,283,79709
esp32,AES128GCM,sw,encrypt,128,18,284,80654
esp32,AES128GCM,sw,encrypt,128,18,285,79709
esp32,AES128GCM,sw,encrypt,128,18,286,80654
esp32,AES128GCM,sw,encrypt,128,18,287,79709
esp32,AES128GCM,sw,encrypt,128,18,288,80654
esp32,AES128GCM,sw,encrypt,128,18,289,79709
esp32,AES128GCM,sw,encrypt,128,18,290,80656
esp32,AES128GCM,sw,encrypt,128,18,291,79709
esp32,AES128GCM,sw,encrypt,128,18,292,80654
esp32,AES128GCM,sw,encrypt,128,18,293,79709
esp32,AES128GCM,sw,encrypt,128,18,294,80654
esp32,AES128GCM,sw,encrypt,128,18,295,79709
esp32,AES128GCM,sw,encrypt,128,18,296,80654
esp32,AES128GCM,sw,encrypt,128,18,297,79709
esp32,AES128GCM,sw,encrypt,128,18,298,80654
esp32,AES128GCM,sw,encrypt,128,18,299,79709
esp32,AES128GCM,sw,encrypt,128,18,300,80654
esp32,AES128GCM,sw,encrypt,128,18,301,79709
esp32,AES128GCM,sw,encrypt,128,18,302,80654
esp32,AES128GCM,sw,encrypt,128,18,303,79709
esp32,AES128GCM,sw,encrypt,128,18,304,80654
esp32,AES128GCM,sw,encrypt,128,18,305,79709
esp32,AES128GCM,sw,encrypt,128,18,306,80654
esp32,AES128GCM,sw,encrypt,128,18,307,79709
esp32,AES128GCM,sw,encrypt,128,18,308,80654
esp32,AES128GCM,sw,encrypt,128,18,309,79709
esp32,AES128GCM,sw,encrypt,128,18,310,80654
esp32,AES128GCM,sw,encrypt,128,18,311,79709
esp32,AES128GCM,sw,encrypt,128,18,312,80654
esp32,AES128GCM,sw,encrypt,128,18,313,80912
esp32,AES128GCM,sw,encrypt,128,18,314,80654
esp32,AES128GCM,sw,encrypt,128,18,315,79709
esp32,AES128GCM,sw,encrypt,128,18,316,80654
esp32,AES128GCM,sw,encrypt,128,18,317,79709
esp32,AES128GCM,sw,encrypt,128,18,318,80654
esp32,AES128GCM,sw,encrypt,128,18,319,79709
esp32,AES128GCM,sw,encrypt,128,18,320,80654
esp32,AES128GCM,sw,encrypt,128,18,321,79709
esp32,AES128GCM,sw,encrypt,128,18,322,80654
esp32,AES128GCM,sw,encrypt,128,18,323,79709
esp32,AES128GCM,sw,encrypt,128,18,324,80654
esp32,AES128GCM,sw,encrypt,128,18,325,79709
esp32,AES128GCM,sw,encrypt,128,18,326,80654
esp32,AES128GCM,sw,encrypt,128,18,327,79709
esp32,AES128GCM,sw,encrypt,128,18,328,80654
esp32,AES128GCM,sw,encrypt,128,18,329,79709
esp32,AES128GCM,sw,encrypt,128,18,330,80654
esp32,AES128GCM,sw,encrypt,128,18,331,79709
esp32,AES128GCM,sw,encrypt,128,18,332,80654
esp32,AES128GCM,sw,encrypt,128,18,333,79709
esp32,AES128GCM,sw,encrypt,128,18,334,80654
esp32,AES128GCM,sw,encrypt,128,18,335,79709
esp32,AES128GCM,sw,encrypt,128,18,336,82027
esp32,AES128GCM,sw,encrypt,128,18,337,79709
esp32,AES128GCM,sw,encrypt,128,18,338,80654
esp32,AES128GCM,sw,encrypt,128,18,339,79709
esp32,AES128GCM,sw,encrypt,128,18,340,80654
esp32,AES128GCM,sw,encrypt,128,18,341,79709
esp32,AES128GCM,sw,encrypt,128,18,342,80654
esp32,AES128GCM,sw,encrypt,128,18,343,79709
esp32,AES128GCM,sw,encrypt,128,18,344,80654
esp32,AES128GCM,sw,encrypt,128,18,345,79709
esp32,AES128GCM,sw,encrypt,128,18,346,80654
esp32,AES128GCM,sw,encrypt,128,18,347,79709
esp32,AES128GCM,sw,encrypt,128,18,348,80654
esp32,AES128GCM,sw,encrypt,128,18,349,79709
esp32,AES128GCM,sw,encrypt,128,18,350,80654
esp32,AES128GCM,sw,encrypt,128,18,351,79709
esp32,AES128GCM,sw,encrypt,128,18,352,80654
esp32,AES128GCM,sw,encrypt,128,18,353,79709
esp32,AES128GCM,sw,encrypt,128,18,354,80656
esp32,AES128GCM,sw,encrypt,128,18,355,79709
esp32,AES128GCM,sw,encrypt,128,18,356,80654
esp32,AES128GCM,sw,encrypt,128,18,357,79709
esp32,AES128GCM,sw,encrypt,128,18,358,80654
esp32,AES128GCM,sw,encrypt,128,18,359,79709
esp32,AES128GCM,sw,encrypt,128,18,360,80654
esp32,AES128GCM,sw,encrypt,128,18,361,79709
esp32,AES128GCM,sw,encrypt,128,18,362,80654
esp32,AES128GCM,sw,encrypt,128,18,363,79709
esp32,AES128GCM,sw,encrypt,128,18,364,80654
esp32,AES128GCM,sw,encrypt,128,18,365,79709
esp32,AES128GCM,sw,encrypt,128,18,366,80654
esp32,AES128GCM,sw,encrypt,128,18,367,79709
esp32,AES128GCM,sw,encrypt,128,18,368,80654
esp32,AES128GCM,sw,encrypt,128,18,369,79709
esp32,AES128GCM,sw,encrypt,128,18,370,80654
esp32,AES128GCM,sw,encrypt,128,18,371,79709
esp32,AES128GCM,sw,encrypt,128,18,372,80654
esp32,AES128GCM,sw,encrypt,128,18,373,79709
esp32,AES128GCM,sw,encrypt,128,18,374,80654
esp32,AES128GCM,sw,encrypt,128,18,375,79709
esp32,AES128GCM,sw,encrypt,128,18,376,80654
esp32,AES128GCM,sw,encrypt,128,18,377,80912
esp32,AES128GCM,sw,encrypt,128,18,378,80654
esp32,AES128GCM,sw,encrypt,128,18,379,79709
esp32,AES128GCM,sw,encrypt,128,18,380,80654
esp32,AES128GCM,sw,encrypt,128,18,381,79709
esp32,AES128GCM,sw,encrypt,128,18,382,80654
esp32,AES128GCM,sw,encrypt,128,18,383,79709
esp32,AES128GCM,sw,encrypt,128,18,384,80654
esp32,AES128GCM,sw,encrypt,128,18,385,79709
esp32,AES128GCM,sw,encrypt,128,18,386,80654
esp32,AES128GCM,sw,encrypt,128,18,387,79709
esp32,AES128GCM,sw,encrypt,128,18,388,80654
esp32,AES128GCM,sw,encrypt,128,18,389,79709
esp32,AES128GCM,sw,encrypt,128,18,390,80654
esp32,AES128GCM,sw,encrypt,128,18,391,79709
esp32,AES128GCM,sw,encrypt,128,18,392,80654
esp32,AES128GCM,sw,encrypt,128,18,393,79709
esp32,AES128GCM,sw,encrypt,128,18,394,80654
esp32,AES128GCM,sw,encrypt,128,18,395,79709
esp32,AES128GCM,sw,encrypt,128,18,396,80654
esp32,AES128GCM,sw,encrypt,128,18,397,79709
esp32,AES128GCM,sw,encrypt,128,18,398,80654
esp32,AES128GCM,sw,encrypt,128,18,399,79709
esp32,AES128GCM,sw,encrypt,128,18,400,81633
esp32,AES128GCM,sw,encrypt,128,18,401,79709
esp32,AES128GCM,sw,encrypt,128,18,402,80654
esp32,AES128GCM,sw,encrypt,128,18,403,79709
esp32,AES128GCM,sw,encrypt,128,18,404,80654
esp32,AES128GCM,sw,encrypt,128,18,405,79709
esp32,AES128GCM,sw,encrypt,128,18,406,80654
esp32,AES128GCM,sw,encrypt,128,18,407,79709
esp32,AES128GCM,sw,encrypt,128,18,408,80654
esp32,AES128GCM,sw,encrypt,128,18,409,79709
esp32,AES128GCM,sw,encrypt,128,18,410,80654
esp32,AES128GCM,sw,encrypt,128,18,411,79709
esp32,AES128GCM,sw,encrypt,128,18,412,80654
esp32,AES128GCM,sw,encrypt,128,18,413,79709
esp32,AES128GCM,sw,encrypt,128,18,414,80654
esp32,AES128GCM,sw,encrypt,128,18,415,79709
esp32,AES128GCM,sw,encrypt,128,18,416,80654
esp32,AES128GCM,sw,encrypt,128,18,417,79709
esp32,AES128GCM,sw,encrypt,128,18,418,80656
esp32,AES128GCM,sw,encrypt,128,18,419,79709
esp32,AES128GCM,sw,encrypt,128,18,420,80654
esp32,AES128GCM,sw,encrypt,128,18,421,79709
esp32,AES128GCM,sw,encrypt,128,18,422,80654
esp32,AES128GCM,sw,encrypt,128,18,423,79709
esp32,AES128GCM,sw,encrypt,128,18,424,80654
esp32,AES128GCM,sw,encrypt,128,18,425,79709
esp32,AES128GCM,sw,encrypt,128,18,426,80654
esp32,AES128GCM,sw,encrypt,128,18,427,79709
esp32,AES128GCM,sw,encrypt,128,18,428,80654
esp32,AES128GCM,sw,encrypt,128,18,429,79709
esp32,AES128GCM,sw,encrypt,128,18,430,80654
esp32,AES128GCM,sw,encrypt,128,18,431,79709
esp32,AES128GCM,sw,encrypt,128,18,432,80654
esp32,AES128GCM,sw,encrypt,128,18,433,79709
esp32,AES128GCM,sw,encrypt,128,18,434,80654
esp32,AES128GCM,sw,encrypt,128,18,435,79709
esp32,AES128GCM,sw,encrypt,128,18,436,80654
esp32,AES128GCM,sw,encrypt,128,18,437,79709
esp32,AES128GCM,sw,encrypt,128,18,438,80654
esp32,AES128GCM,sw,encrypt,128,18,439,79709
esp32,AES128GCM,sw,encrypt,128,18,440,80654
esp32,AES128GCM,sw,encrypt,128,18,441,80912
esp32,AES128GCM,sw,encrypt,128,18,442,80654
esp32,AES128GCM,sw,encrypt,128,18,443,79709
esp32,AES128GCM,sw,encrypt,128,18,444,80654
esp32,AES128GCM,sw,encrypt,128,18,445,79709
esp32,AES128GCM,sw,encrypt,128,18,446,80654
esp32,AES128GCM,sw,encrypt,128,18,447,79709
esp32,AES128GCM,sw,encrypt,128,18,448,80654
esp32,AES128GCM,sw,encrypt,128,18,449,79709
esp32,AES128GCM,sw,encrypt,128,18,450,80654
esp32,AES128GCM,sw,encrypt,128,18,451,79709
esp32,AES128GCM,sw,encrypt,128,18,452,80654
esp32,AES128GCM,sw,encrypt,128,18,453,79709
esp32,AES128GCM,sw,encrypt,128,18,454,80654
esp32,AES128GCM,sw,encrypt,128,18,455,79709
esp32,AES128GCM,sw,encrypt,128,18,456,80654
esp32,AES128GCM,sw,encrypt,128,18,457,79709
esp32,AES128GCM,sw,encrypt,128,18,458,80654
esp32,AES128GCM,sw,encrypt,128,18,459,79709
esp32,AES128GCM,sw,encrypt,128,18,460,80654
esp32,AES128GCM,sw,encrypt,128,18,461,79709
esp32,AES128GCM,sw,encrypt,128,18,462,80654
esp32,AES128GCM,sw,encrypt,128,18,463,79709
esp32,AES128GCM,sw,encrypt,128,18,464,82110
esp32,AES128GCM,sw,encrypt,128,18,465,79709
esp32,AES128GCM,sw,encrypt,128,18,466,80654
esp32,AES128GCM,sw,encrypt,128,18,467,79709
esp32,AES128GCM,sw,encrypt,128,18,468,80654
esp32,AES128GCM,sw,encrypt,128,18,469,79709
esp32,AES128GCM,sw,encrypt,128,18,470,80654
esp32,AES128GCM,sw,encrypt,128,18,471,79709
esp32,AES128GCM,sw,encrypt,128,18,472,80654
esp32,AES128GCM,sw,encrypt,128,18,473,79709
esp32,AES128GCM,sw,encrypt,128,18,474,80654
esp32,AES128GCM,sw,encrypt,128,18,475,79709
esp32,AES128GCM,sw,encrypt,128,18,476,80654
esp32,AES128GCM,sw,encrypt,128,18,477,79709
esp32,AES128GCM,sw,encrypt,128,18,478,80654
esp32,AES128GCM,sw,encrypt,128,18,479,79709
esp32,AES128GCM,sw,encrypt,128,18,480,80654
esp32,AES128GCM,sw,encrypt,128,18,481,79709
esp32,AES128GCM,sw,encrypt,128,18,482,80656
esp32,AES128GCM,sw,encrypt,128,18,483,79709
esp32,AES128GCM,sw,encrypt,128,18,484,80654
esp32,AES128GCM,sw,encrypt,128,18,485,79709
esp32,AES128GCM,sw,encrypt,128,18,486,80654
esp32,AES128GCM,sw,encrypt,128,18,487,79709
esp32,AES128GCM,sw,encrypt,128,18,488,80654
esp32,AES128GCM,sw,encrypt,128,18,489,79709
esp32,AES128GCM,sw,encrypt,128,18,490,80654
esp32,AES128GCM,sw,encrypt,128,18,491,79709
esp32,AES128GCM,sw,encrypt,128,18,492,80654
esp32,AES128GCM,sw,encrypt,128,18,493,79709
esp32,AES128GCM,sw,encrypt,128,18,494,80654
esp32,AES128GCM,sw,encrypt,128,18,495,79709
esp32,AES128GCM,sw,encrypt,128,18,496,80654
esp32,AES128GCM,sw,encrypt,128,18,497,79709
esp32,AES128GCM,sw,encrypt,128,18,498,80654
esp32,AES128GCM,sw,encrypt,128,18,499,79709
esp32,AES128GCM,sw,encrypt,128,18,500,80654
esp32,AES128GCM,sw,encrypt,128,18,501,79709
esp32,AES128GCM,sw,encrypt,128,18,502,80654
esp32,AES128GCM,sw,encrypt,128,18,503,79709
esp32,AES128GCM,sw,encrypt,128,18,504,80654
esp32,AES128GCM,sw,encrypt,128,18,505,80912
esp32,AES128GCM,sw,encrypt,128,18,506,80654
esp32,AES128GCM,sw,encrypt,128,18,507,79709
esp32,AES128GCM,sw,encrypt,128,18,508,80654
esp32,AES128GCM,sw,encrypt,128,18,509,79709
esp32,AES128GCM,sw,encrypt,128,18,510,80654
esp32,AES128GCM,sw,encrypt,128,18,511,79709
esp32,AES128GCM,sw,encrypt,128,18,512,80654
esp32,AES128GCM,sw,encrypt,128,18,513,79709
esp32,AES128GCM,sw,encrypt,128,18,514,80654
esp32,AES128GCM,sw,encrypt,128,18,515,79709
esp32,AES128GCM,sw,encrypt,128,18,516,80654
esp32,AES128GCM,sw,encrypt,128,18,517,79709
esp32,AES128GCM,sw,encrypt,128,18,518,80654
esp32,AES128GCM,sw,encrypt,128,18,519,79709
esp32,AES128GCM,sw,encrypt,128,18,520,80654
esp32,AES128GCM,sw,encrypt,128,18,521,79709
esp32,AES128GCM,sw,encrypt,128,18,522,80654
esp32,AES128GCM,sw,encrypt,128,18,523,79709
esp32,AES128GCM,sw,encrypt,128,18,524,80654
esp32,AES128GCM,sw,encrypt,128,18,525,79709
esp32,AES128GCM,sw,encrypt,128,18,526,80654
esp32,AES128GCM,sw,encrypt,128,18,527,79709
esp32,AES128GCM,sw,encrypt,128,18,528,81856
esp32,AES128GCM,sw,encrypt,128,18,529,79709
esp32,AES128GCM,sw,encrypt,128,18,530,80654
esp32,AES128GCM,sw,encrypt,128,18,531,79709
esp32,AES128GCM,sw,encrypt,128,18,532,80654
esp32,AES128GCM,sw,encrypt,128,18,533,79709
esp32,AES128GCM,sw,encrypt,128,18,534,80654
esp32,AES128GCM,sw,encrypt,128,18,535,79709
esp32,AES128GCM,sw,encrypt,128,18,536,80654
esp32,AES128GCM,sw,encrypt,128,18,537,79709
esp32,AES128GCM,sw,encrypt,128,18,538,80654
esp32,AES128GCM,sw,encrypt,128,18,539,79709
esp32,AES128GCM,sw,encrypt,128,18,540,80654
esp32,AES128GCM,sw,encrypt,128,18,541,79709
esp32,AES128GCM,sw,encrypt,128,18,542,80654
esp32,AES128GCM,sw,encrypt,128,18,543,79709
esp32,AES128GCM,sw,encrypt,128,18,544,80654
esp32,AES128GCM,sw,encrypt,128,18,545,79709
esp32,AES128GCM,sw,encrypt,128,18,546,80656
esp32,AES128GCM,sw,encrypt,128,18,547,79709
esp32,AES128GCM,sw,encrypt,128,18,548,80654
esp32,AES128GCM,sw,encrypt,128,18,549,79709
esp32,AES128GCM,sw,encrypt,128,18,550,80654
esp32,AES128GCM,sw,encrypt,128,18,551,79709
esp32,AES128GCM,sw,encrypt,128,18,552,80654
esp32,AES128GCM,sw,encrypt,128,18,553,79709
esp32,AES128GCM,sw,encrypt,128,18,554,80654
esp32,AES128GCM,sw,encrypt,128,18,555,79709
esp32,AES128GCM,sw,encrypt,128,18,556,80654
esp32,AES128GCM,sw,encrypt,128,18,557,79709
esp32,AES128GCM,sw,encrypt,128,18,558,80654
esp32,AES128GCM,sw,encrypt,128,18,559,79709
esp32,AES128GCM,sw,encrypt,128,18,560,80654
esp32,AES128GCM,sw,encrypt,128,18,561,79709
esp32,AES128GCM,sw,encrypt,128,18,562,80654
esp32,AES128GCM,sw,encrypt,128,18,563,79709
esp32,AES128GCM,sw,encrypt,128,18,564,80654
esp32,AES128GCM,sw,encrypt,128,18,565,79709
esp32,AES128GCM,sw,encrypt,128,18,566,80654
esp32,AES128GCM,sw,encrypt,128,18,567,79709
esp32,AES128GCM,sw,encrypt,128,18,568,80654
esp32,AES128GCM,sw,encrypt,128,18,569,80912
esp32,AES128GCM,sw,encrypt,128,18,570,80654
esp32,AES128GCM,sw,encrypt,128,18,571,79709
esp32,AES128GCM,sw,encrypt,128,18,572,80654
esp32,AES128GCM,sw,encrypt,128,18,573,79709
esp32,AES128GCM,sw,encrypt,128,18,574,80654
esp32,AES128GCM,sw,encrypt,128,18,575,79709
esp32,AES128GCM,sw,encrypt,128,18,576,80654
esp32,AES128GCM,sw,encrypt,128,18,577,79709
esp32,AES128GCM,sw,encrypt,128,18,578,80654
esp32,AES128GCM,sw,encrypt,128,18,579,79709
esp32,AES128GCM,sw,encrypt,128,18,580,80654
esp32,AES128GCM,sw,encrypt,128,18,581,79709
esp32,AES128GCM,sw,encrypt,128,18,582,80654
esp32,AES128GCM,sw,encrypt,128,18,583,79709
esp32,AES128GCM,sw,encrypt,128,18,584,80654
esp32,AES128GCM,sw,encrypt,128,18,585,79709
esp32,AES128GCM,sw,encrypt,128,18,586,80654
esp32,AES128GCM,sw,encrypt,128,18,587,79709
esp32,AES128GCM,sw,encrypt,128,18,588,80654
esp32,AES128GCM,sw,encrypt,128,18,589,79709
esp32,AES128GCM,sw,encrypt,128,18,590,80654
esp32,AES128GCM,sw,encrypt,128,18,591,79709
esp32,AES128GCM,sw,encrypt,128,18,592,81856
esp32,AES128GCM,sw,encrypt,128,18,593,79709
esp32,AES128GCM,sw,encrypt,128,18,594,80654
esp32,AES128GCM,sw,encrypt,128,18,595,79709
esp32,AES128GCM,sw,encrypt,128,18,596,80654
esp32,AES128GCM,sw,encrypt,128,18,597,79709
esp32,AES128GCM,sw,encrypt,128,18,598,80654
esp32,AES128GCM,sw,encrypt,128,18,599,79709
esp32,AES128GCM,sw,encrypt,128,18,600,80654
esp32,AES128GCM,sw,encrypt,128,18,601,79709
esp32,AES128GCM,sw,encrypt,128,18,602,80654
esp32,AES128GCM,sw,encrypt,128,18,603,79709
esp32,AES128GCM,sw,encrypt,128,18,604,80654
esp32,AES128GCM,sw,encrypt,128,18,605,79709
esp32,AES128GCM,sw,encrypt,128,18,606,80654
esp32,AES128GCM,sw,encrypt,128,18,607,79709
esp32,AES128GCM,sw,encrypt,128,18,608,80654
esp32,AES128GCM,sw,encrypt,128,18,609,79709
esp32,AES128GCM,sw,encrypt,128,18,610,80656
esp32,AES128GCM,sw,encrypt,128,18,611,79709
esp32,AES128GCM,sw,encrypt,128,18,612,80654
esp32,AES128GCM,sw,encrypt,128,18,613,79709
esp32,AES128GCM,sw,encrypt,128,18,614,80654
esp32,AES128GCM,sw,encrypt,128,18,615,79709
esp32,AES128GCM,sw,encrypt,128,18,616,80654
esp32,AES128GCM,sw,encrypt,128,18,617,79709
esp32,AES128GCM,sw,encrypt,128,18,618,80654
esp32,AES128GCM,sw,encrypt,128,18,619,79709
esp32,AES128GCM,sw,encrypt,128,18,620,80654
esp32,AES128GCM,sw,encrypt,128,18,621,79709
esp32,AES128GCM,sw,encrypt,128,18,622,80654
esp32,AES128GCM,sw,encrypt,128,18,623,79709
esp32,AES128GCM,sw,encrypt,128,18,624,80654
esp32,AES128GCM,sw,encrypt,128,18,625,79709
esp32,AES128GCM,sw,encrypt,128,18,626,80654
esp32,AES128GCM,sw,encrypt,128,18,627,79709
esp32,AES128GCM,sw,encrypt,128,18,628,80654
esp32,AES128GCM,sw,encrypt,128,18,629,79709
esp32,AES128GCM,sw,encrypt,128,18,630,80654
esp32,AES128GCM,sw,encrypt,128,18,631,79709
esp32,AES128GCM,sw,encrypt,128,18,632,80654
esp32,AES128GCM,sw,encrypt,128,18,633,80912
esp32,AES128GCM,sw,encrypt,128,18,634,80654
esp32,AES128GCM,sw,encrypt,128,18,635,79709
esp32,AES128GCM,sw,encrypt,128,18,636,80654
esp32,AES128GCM,sw,encrypt,128,18,637,79709
esp32,AES128GCM,sw,encrypt,128,18,638,80654
esp32,AES128GCM,sw,encrypt,128,18,639,79709
esp32,AES128GCM,sw,encrypt,128,18,640,80654
esp32,AES128GCM,sw,encrypt,128,18,641,79709
esp32,AES128GCM,sw,encrypt,128,18,642,80654
esp32,AES128GCM,sw,encrypt,128,18,643,79709
esp32,AES128GCM,sw,encrypt,128,18,644,80654
esp32,AES128GCM,sw,encrypt,128,18,645,79709
esp32,AES128GCM,sw,encrypt,128,18,646,80654
esp32,AES128GCM,sw,encrypt,128,18,647,79709
esp32,AES128GCM,sw,encrypt,128,18,648,80654
esp32,AES128GCM,sw,encrypt,128,18,649,79709
esp32,AES128GCM,sw,encrypt,128,18,650,80654
esp32,AES128GCM,sw,encrypt,128,18,651,79709
esp32,AES128GCM,sw,encrypt,128,18,652,80654
esp32,AES128GCM,sw,encrypt,128,18,653,79709
esp32,AES128GCM,sw,encrypt,128,18,654,80654
esp32,AES128GCM,sw,encrypt,128,18,655,79709
esp32,AES128GCM,sw,encrypt,128,18,656,81855
esp32,AES128GCM,sw,encrypt,128,18,657,79709
esp32,AES128GCM,sw,encrypt,128,18,658,80654
esp32,AES128GCM,sw,encrypt,128,18,659,79709
esp32,AES128GCM,sw,encrypt,128,18,660,80654
esp32,AES128GCM,sw,encrypt,128,18,661,79709
esp32,AES128GCM,sw,encrypt,128,18,662,80654
esp32,AES128GCM,sw,encrypt,128,18,663,79709
esp32,AES128GCM,sw,encrypt,128,18,664,80654
esp32,AES128GCM,sw,encrypt,128,18,665,79709
esp32,AES128GCM,sw,encrypt,128,18,666,80654
esp32,AES128GCM,sw,encrypt,128,18,667,79709
esp32,AES128GCM,sw,encrypt,128,18,668,80654
esp32,AES128GCM,sw,encrypt,128,18,669,79709
esp32,AES128GCM,sw,encrypt,128,18,670,80654
esp32,AES128GCM,sw,encrypt,128,18,671,79709
esp32,AES128GCM,sw,encrypt,128,18,672,80654
esp32,AES128GCM,sw,encrypt,128,18,673,79709
esp32,AES128GCM,sw,encrypt,128,18,674,80656
esp32,AES128GCM,sw,encrypt,128,18,675,79709
esp32,AES128GCM,sw,encrypt,128,18,676,80654
esp32,AES128GCM,sw,encrypt,128,18,677,79709
esp32,AES128GCM,sw,encrypt,128,18,678,80654
esp32,AES128GCM,sw,encrypt,128,18,679,79709
esp32,AES128GCM,sw,encrypt,128,18,680,80654
esp32,AES128GCM,sw,encrypt,128,18,681,79709
esp32,AES128GCM,sw,encrypt,128,18,682,80654
esp32,AES128GCM,sw,encrypt,128,18,683,79709
esp32,AES128GCM,sw,encrypt,128,18,684,80654
esp32,AES128GCM,sw,encrypt,128,18,685,79709
esp32,AES128GCM,sw,encrypt,128,18,686,80654
esp32,AES128GCM,sw,encrypt,128,18,687,79709
esp32,AES128GCM,sw,encrypt,128,18,688,80654
esp32,AES128GCM,sw,encrypt,128,18,689,79709
esp32,AES128GCM,sw,encrypt,128,18,690,80654
esp32,AES128GCM,sw,encrypt,128,18,691,79709
esp32,AES128GCM,sw,encrypt,128,18,692,80654
esp32,AES128GCM,sw,encrypt,128,18,693,79709
esp32,AES128GCM,sw,encrypt,128,18,694,80654
esp32,AES128GCM,sw,encrypt,128,18,695,79709
esp32,AES128GCM,sw,encrypt,128,18,696,80654
esp32,AES128GCM,sw,encrypt,128,18,697,80912
esp32,AES128GCM,sw,encrypt,128,18,698,80654
esp32,AES128GCM,sw,encrypt,128,18,699,79709
esp32,AES128GCM,sw,encrypt,128,18,700,80654
esp32,AES128GCM,sw,encrypt,128,18,701,79709
esp32,AES128GCM,sw,encrypt,128,18,702,80654
esp32,AES128GCM,sw,encrypt,128,18,703,79709
esp32,AES128GCM,sw,encrypt,128,18,704,80654
esp32,AES128GCM,sw,encrypt,128,18,705,79709
esp32,AES128GCM,sw,encrypt,128,18,706,80654
esp32,AES128GCM,sw,encrypt,128,18,707,79709
esp32,AES128GCM,sw,encrypt,128,18,708,80654
esp32,AES128GCM,sw,encrypt,128,18,709,79709
esp32,AES128GCM,sw,encrypt,128,18,710,80654
esp32,AES128GCM,sw,encrypt,128,18,711,79709
esp32,AES128GCM,sw,encrypt,128,18,712,80654
esp32,AES128GCM,sw,encrypt,128,18,713,79709
esp32,AES128GCM,sw,encrypt,128,18,714,80654
esp32,AES128GCM,sw,encrypt,128,18,715,79709
esp32,AES128GCM,sw,encrypt,128,18,716,80654
esp32,AES128GCM,sw,encrypt,128,18,717,79709
esp32,AES128GCM,sw,encrypt,128,18,718,80654
esp32,AES128GCM,sw,encrypt,128,18,719,79709
esp32,AES128GCM,sw,encrypt,128,18,720,81855
esp32,AES128GCM,sw,encrypt,128,18,721,79709
esp32,AES128GCM,sw,encrypt,128,18,722,80654
esp32,AES128GCM,sw,encrypt,128,18,723,79709
esp32,AES128GCM,sw,encrypt,128,18,724,80654
esp32,AES128GCM,sw,encrypt,128,18,725,79709
esp32,AES128GCM,sw,encrypt,128,18,726,80654
esp32,AES128GCM,sw,encrypt,128,18,727,79709
esp32,AES128GCM,sw,encrypt,128,18,728,80654
esp32,AES128GCM,sw,encrypt,128,18,729,79709
esp32,AES128GCM,sw,encrypt,128,18,730,80654
esp32,AES128GCM,sw,encrypt,128,18,731,79709
esp32,AES128GCM,sw,encrypt,128,18,732,80654
esp32,AES128GCM,sw,encrypt,128,18,733,79709
esp32,AES128GCM,sw,encrypt,128,18,734,80654
esp32,AES128GCM,sw,encrypt,128,18,735,79709
esp32,AES128GCM,sw,encrypt,128,18,736,80654
esp32,AES128GCM,sw,encrypt,128,18,737,79709
esp32,AES128GCM,sw,encrypt,128,18,738,80656
esp32,AES128GCM,sw,encrypt,128,18,739,79709
esp32,AES128GCM,sw,encrypt,128,18,740,80654
esp32,AES128GCM,sw,encrypt,128,18,741,79709
esp32,AES128GCM,sw,encrypt,128,18,742,80654
esp32,AES128GCM,sw,encrypt,128,18,743,79709
esp32,AES128GCM,sw,encrypt,128,18,744,80654
esp32,AES128GCM,sw,encrypt,128,18,745,79709
esp32,AES128GCM,sw,encrypt,128,18,746,80654
esp32,AES128GCM,sw,encrypt,128,18,747,79709
esp32,AES128GCM,sw,encrypt,128,18,748,80654
esp32,AES128GCM,sw,encrypt,128,18,749,79709
esp32,AES128GCM,sw,encrypt,128,18,750,80654
esp32,AES128GCM,sw,encrypt,128,18,751,79709
esp32,AES128GCM,sw,encrypt,128,18,752,80654
esp32,AES128GCM,sw,encrypt,128,18,753,79709
esp32,AES128GCM,sw,encrypt,128,18,754,80654
esp32,AES128GCM,sw,encrypt,128,18,755,79709
esp32,AES128GCM,sw,encrypt,128,18,756,80654
esp32,AES128GCM,sw,encrypt,128,18,757,79709
esp32,AES128GCM,sw,encrypt,128,18,758,80654
esp32,AES128GCM,sw,encrypt,128,18,759,79709
esp32,AES128GCM,sw,encrypt,128,18,760,80654
esp32,AES128GCM,sw,encrypt,128,18,761,80912
esp32,AES128GCM,sw,encrypt,128,18,762,80654
esp32,AES128GCM,sw,encrypt,128,18,763,79709
esp32,AES128GCM,sw,encrypt,128,18,764,80654
esp32,AES128GCM,sw,encrypt,128,18,765,79709
esp32,AES128GCM,sw,encrypt,128,18,766,80654
esp32,AES128GCM,sw,encrypt,128,18,767,79709
esp32,AES128GCM,sw,encrypt,128,18,768,80654
esp32,AES128GCM,sw,encrypt,128,18,769,79709
esp32,AES128GCM,sw,encrypt,128,18,770,80654
esp32,AES128GCM,sw,encrypt,128,18,771,79709
esp32,AES128GCM,sw,encrypt,128,18,772,80654
esp32,AES128GCM,sw,encrypt,128,18,773,79709
esp32,AES128GCM,sw,encrypt,128,18,774,80660
esp32,AES128GCM,sw,encrypt,128,18,775,79709
esp32,AES128GCM,sw,encrypt,128,18,776,80654
esp32,AES128GCM,sw,encrypt,128,18,777,79709
esp32,AES128GCM,sw,encrypt,128,18,778,80654
esp32,AES128GCM,sw,encrypt,128,18,779,79709
esp32,AES128GCM,sw,encrypt,128,18,780,80654
esp32,AES128GCM,sw,encrypt,128,18,781,79709
esp32,AES128GCM,sw,encrypt,128,18,782,80654
esp32,AES128GCM,sw,encrypt,128,18,783,79709
esp32,AES128GCM,sw,encrypt,128,18,784,81856
esp32,AES128GCM,sw,encrypt,128,18,785,79709
esp32,AES128GCM,sw,encrypt,128,18,786,80654
esp32,AES128GCM,sw,encrypt,128,18,787,79709
esp32,AES128GCM,sw,encrypt,128,18,788,80654
esp32,AES128GCM,sw,encrypt,128,18,789,79709
esp32,AES128GCM,sw,encrypt,128,18,790,80654
esp32,AES128GCM,sw,encrypt,128,18,791,79709
esp32,AES128GCM,sw,encrypt,128,18,792,80654
esp32,AES128GCM,sw,encrypt,128,18,793,79709
esp32,AES128GCM,sw,encrypt,128,18,794,80654
esp32,AES128GCM,sw,encrypt,128,18,795,79709
esp32,AES128GCM,sw,encrypt,128,18,796,80654
esp32,AES128GCM,sw,encrypt,128,18,797,79709
esp32,AES128GCM,sw,encrypt,128,18,798,80654
esp32,AES128GCM,sw,encrypt,128,18,799,79709
esp32,AES128GCM,sw,encrypt,128,18,800,80654
esp32,AES128GCM,sw,encrypt,128,18,801,79709
esp32,AES128GCM,sw,encrypt,128,18,802,80654
esp32,AES128GCM,sw,encrypt,128,18,803,79709
esp32,AES128GCM,sw,encrypt,128,18,804,80654
esp32,AES128GCM,sw,encrypt,128,18,805,79709
esp32,AES128GCM,sw,encrypt,128,18,806,80654
esp32,AES128GCM,sw,encrypt,128,18,807,79709
esp32,AES128GCM,sw,encrypt,128,18,808,80654
esp32,AES128GCM,sw,encrypt,128,18,809,79709
esp32,AES128GCM,sw,encrypt,128,18,810,80654
esp32,AES128GCM,sw,encrypt,128,18,811,79709
esp32,AES128GCM,sw,encrypt,128,18,812,80654
esp32,AES128GCM,sw,encrypt,128,18,813,79709
esp32,AES128GCM,sw,encrypt,128,18,814,80654
esp32,AES128GCM,sw,encrypt,128,18,815,79709
esp32,AES128GCM,sw,encrypt,128,18,816,80654
esp32,AES128GCM,sw,encrypt,128,18,817,79709
esp32,AES128GCM,sw,encrypt,128,18,818,80654
esp32,AES128GCM,sw,encrypt,128,18,819,79709
esp32,AES128GCM,sw,encrypt,128,18,820,80654
esp32,AES128GCM,sw,encrypt,128,18,821,79709
esp32,AES128GCM,sw,encrypt,128,18,822,80654
esp32,AES128GCM,sw,encrypt,128,18,823,79709
esp32,AES128GCM,sw,encrypt,128,18,824,80654
esp32,AES128GCM,sw,encrypt,128,18,825,80252
esp32,AES128GCM,sw,encrypt,128,18,826,80654
esp32,AES128GCM,sw,encrypt,128,18,827,79709
esp32,AES128GCM,sw,encrypt,128,18,828,80654
esp32,AES128GCM,sw,encrypt,128,18,829,79709
esp32,AES128GCM,sw,encrypt,128,18,830,80654
esp32,AES128GCM,sw,encrypt,128,18,831,79709
esp32,AES128GCM,sw,encrypt,128,18,832,80654
esp32,AES128GCM,sw,encrypt,128,18,833,79709
esp32,AES128GCM,sw,encrypt,128,18,834,80654
esp32,AES128GCM,sw,encrypt,128,18,835,79709
esp32,AES128GCM,sw,encrypt,128,18,836,80654
esp32,AES128GCM,sw,encrypt,128,18,837,79709
esp32,AES128GCM,sw,encrypt,128,18,838,80657
esp32,AES128GCM,sw,encrypt,128,18,839,79709
esp32,AES128GCM,sw,encrypt,128,18,840,80654
esp32,AES128GCM,sw,encrypt,128,18,841,79709
esp32,AES128GCM,sw,encrypt,128,18,842,80654
esp32,AES128GCM,sw,encrypt,128,18,843,79709
esp32,AES128GCM,sw,encrypt,128,18,844,80654
esp32,AES128GCM,sw,encrypt,128,18,845,79709
esp32,AES128GCM,sw,encrypt,128,18,846,80654
esp32,AES128GCM,sw,encrypt,128,18,847,79709
esp32,AES128GCM,sw,encrypt,128,18,848,81855
esp32,AES128GCM,sw,encrypt,128,18,849,79709
esp32,AES128GCM,sw,encrypt,128,18,850,80654
esp32,AES128GCM,sw,encrypt,128,18,851,79709
esp32,AES128GCM,sw,encrypt,128,18,852,80654
esp32,AES128GCM,sw,encrypt,128,18,853,79709
esp32,AES128GCM,sw,encrypt,128,18,854,80654
esp32,AES128GCM,sw,encrypt,128,18,855,79709
esp32,AES128GCM,sw,encrypt,128,18,856,80654
esp32,AES128GCM,sw,encrypt,128,18,857,79709
esp32,AES128GCM,sw,encrypt,128,18,858,80654
esp32,AES128GCM,sw,encrypt,128,18,859,79709
esp32,AES128GCM,sw,encrypt,128,18,860,80654
esp32,AES128GCM,sw,encrypt,128,18,861,79712
esp32,AES128GCM,sw,encrypt,128,18,862,80654
esp32,AES128GCM,sw,encrypt,128,18,863,79709
esp32,AES128GCM,sw,encrypt,128,18,864,80654
esp32,AES128GCM,sw,encrypt,128,18,865,79709
esp32,AES128GCM,sw,encrypt,128,18,866,80656
esp32,AES128GCM,sw,encrypt,128,18,867,79709
esp32,AES128GCM,sw,encrypt,128,18,868,80654
esp32,AES128GCM,sw,encrypt,128,18,869,79709
esp32,AES128GCM,sw,encrypt,128,18,870,80654
esp32,AES128GCM,sw,encrypt,128,18,871,79709
esp32,AES128GCM,sw,encrypt,128,18,872,80654
esp32,AES128GCM,sw,encrypt,128,18,873,79709
esp32,AES128GCM,sw,encrypt,128,18,874,80654
esp32,AES128GCM,sw,encrypt,128,18,875,79709
esp32,AES128GCM,sw,encrypt,128,18,876,80654
esp32,AES128GCM,sw,encrypt,128,18,877,79709
esp32,AES128GCM,sw,encrypt,128,18,878,80654
esp32,AES128GCM,sw,encrypt,128,18,879,79709
esp32,AES128GCM,sw,encrypt,128,18,880,80654
esp32,AES128GCM,sw,encrypt,128,18,881,79709
esp32,AES128GCM,sw,encrypt,128,18,882,80654
esp32,AES128GCM,sw,encrypt,128,18,883,79709
esp32,AES128GCM,sw,encrypt,128,18,884,80654
esp32,AES128GCM,sw,encrypt,128,18,885,79709
esp32,AES128GCM,sw,encrypt,128,18,886,80654
esp32,AES128GCM,sw,encrypt,128,18,887,79709
esp32,AES128GCM,sw,encrypt,128,18,888,80654
esp32,AES128GCM,sw,encrypt,128,18,889,80852
esp32,AES128GCM,sw,encrypt,128,18,890,80654
esp32,AES128GCM,sw,encrypt,128,18,891,79709
esp32,AES128GCM,sw,encrypt,128,18,892,80654
esp32,AES128GCM,sw,encrypt,128,18,893,79709
esp32,AES128GCM,sw,encrypt,128,18,894,80654
esp32,AES128GCM,sw,encrypt,128,18,895,79709
esp32,AES128GCM,sw,encrypt,128,18,896,80654
esp32,AES128GCM,sw,encrypt,128,18,897,79709
esp32,AES128GCM,sw,encrypt,128,18,898,80654
esp32,AES128GCM,sw,encrypt,128,18,899,79709
esp32,AES128GCM,sw,encrypt,128,18,900,80654
esp32,AES128GCM,sw,encrypt,128,18,901,79709
esp32,AES128GCM,sw,encrypt,128,18,902,80660
esp32,AES128GCM,sw,encrypt,128,18,903,79709
esp32,AES128GCM,sw,encrypt,128,18,904,80654
esp32,AES128GCM,sw,encrypt,128,18,905,79709
esp32,AES128GCM,sw,encrypt,128,18,906,80654
esp32,AES128GCM,sw,encrypt,128,18,907,79709
esp32,AES128GCM,sw,encrypt,128,18,908,80654
esp32,AES128GCM,sw,encrypt,128,18,909,79709
esp32,AES128GCM,sw,encrypt,128,18,910,80654
esp32,AES128GCM,sw,encrypt,128,18,911,79709
esp32,AES128GCM,sw,encrypt,128,18,912,81855
esp32,AES128GCM,sw,encrypt,128,18,913,79709
esp32,AES128GCM,sw,encrypt,128,18,914,80654
esp32,AES128GCM,sw,encrypt,128,18,915,79709
esp32,AES128GCM,sw,encrypt,128,18,916,80654
esp32,AES128GCM,sw,encrypt,128,18,917,79709
esp32,AES128GCM,sw,encrypt,128,18,918,80654
esp32,AES128GCM,sw,encrypt,128,18,919,79709
esp32,AES128GCM,sw,encrypt,128,18,920,80654
esp32,AES128GCM,sw,encrypt,128,18,921,79709
esp32,AES128GCM,sw,encrypt,128,18,922,80654
esp32,AES128GCM,sw,encrypt,128,18,923,79709
esp32,AES128GCM,sw,encrypt,128,18,924,80654
esp32,AES128GCM,sw,encrypt,128,18,925,79712
esp32,AES128GCM,sw,encrypt,128,18,926,80654
esp32,AES128GCM,sw,encrypt,128,18,927,79709
esp32,AES128GCM,sw,encrypt,128,18,928,80654
esp32,AES128GCM,sw,encrypt,128,18,929,79709
esp32,AES128GCM,sw,encrypt,128,18,930,80655
esp32,AES128GCM,sw,encrypt,128,18,931,79709
esp32,AES128GCM,sw,encrypt,128,18,932,80654
esp32,AES128GCM,sw,encrypt,128,18,933,79709
esp32,AES128GCM,sw,encrypt,128,18,934,80654
esp32,AES128GCM,sw,encrypt,128,18,935,79709
esp32,AES128GCM,sw,encrypt,128,18,936,80654
esp32,AES128GCM,sw,encrypt,128,18,937,79709
esp32,AES128GCM,sw,encrypt,128,18,938,80654
esp32,AES128GCM,sw,encrypt,128,18,939,79709
esp32,AES128GCM,sw,encrypt,128,18,940,80654
esp32,AES128GCM,sw,encrypt,128,18,941,79709
esp32,AES128GCM,sw,encrypt,128,18,942,80654
esp32,AES128GCM,sw,encrypt,128,18,943,79709
esp32,AES128GCM,sw,encrypt,128,18,944,80654
esp32,AES128GCM,sw,encrypt,128,18,945,79709
esp32,AES128GCM,sw,encrypt,128,18,946,80654
esp32,AES128GCM,sw,encrypt,128,18,947,79709
esp32,AES128GCM,sw,encrypt,128,18,948,80654
esp32,AES128GCM,sw,encrypt,128,18,949,79709
esp32,AES128GCM,sw,encrypt,128,18,950,80654
esp32,AES128GCM,sw,encrypt,128,18,951,79709
esp32,AES128GCM,sw,encrypt,128,18,952,80654
esp32,AES128GCM,sw,encrypt,128,18,953,81083
esp32,AES128GCM,sw,encrypt,128,18,954,80654
esp32,AES128GCM,sw,encrypt,128,18,955,79709
esp32,AES128GCM,sw,encrypt,128,18,956,80654
esp32,AES128GCM,sw,encrypt,128,18,957,79709
esp32,AES128GCM,sw,encrypt,128,18,958,80654
esp32,AES128GCM,sw,encrypt,128,18,959,79709
esp32,AES128GCM,sw,encrypt,128,18,960,80654
esp32,AES128GCM,sw,encrypt,128,18,961,79709
esp32,AES128GCM,sw,encrypt,128,18,962,80654
esp32,AES128GCM,sw,encrypt,128,18,963,79709
esp32,AES128GCM,sw,encrypt,128,18,964,80654
esp32,AES128GCM,sw,encrypt,128,18,965,79709
esp32,AES128GCM,sw,encrypt,128,18,966,80654
esp32,AES128GCM,sw,encrypt,128,18,967,79709
esp32,AES128GCM,sw,encrypt,128,18,968,80654
esp32,AES128GCM,sw,encrypt,128,18,969,79709
esp32,AES128GCM,sw,encrypt,128,18,970,80654
esp32,AES128GCM,sw,encrypt,128,18,971,79709
esp32,AES128GCM,sw,encrypt,128,18,972,80654
esp32,AES128GCM,sw,encrypt,128,18,973,79709
esp32,AES128GCM,sw,encrypt,128,18,974,80654
esp32,AES128GCM,sw,encrypt,128,18,975,79709
esp32,AES128GCM,sw,encrypt,128,18,976,81855
esp32,AES128GCM,sw,encrypt,128,18,977,79709
esp32,AES128GCM,sw,encrypt,128,18,978,80654
esp32,AES128GCM,sw,encrypt,128,18,979,79709
esp32,AES128GCM,sw,encrypt,128,18,980,80654
esp32,AES128GCM,sw,encrypt,128,18,981,79709
esp32,AES128GCM,sw,encrypt,128,18,982,80654
esp32,AES128GCM,sw,encrypt,128,18,983,79709
esp32,AES128GCM,sw,encrypt,128,18,984,80654
esp32,AES128GCM,sw,encrypt,128,18,985,79709
esp32,AES128GCM,sw,encrypt,128,18,986,80654
esp32,AES128GCM,sw,encrypt,128,18,987,79709
esp32,AES128GCM,sw,encrypt,128,18,988,80654
esp32,AES128GCM,sw,encrypt,128,18,989,79712
esp32,AES128GCM,sw,encrypt,128,18,990,80654
esp32,AES128GCM,sw,encrypt,128,18,991,79709
esp32,AES128GCM,sw,encrypt,128,18,992,80654
esp32,AES128GCM,sw,encrypt,128,18,993,79709
esp32,AES128GCM,sw,encrypt,128,18,994,81224
esp32,AES128GCM,sw,encrypt,128,18,995,79709
esp32,AES128GCM,sw,encrypt,128,18,996,80654
esp32,AES128GCM,sw,encrypt,128,18,997,79709
esp32,AES128GCM,sw,encrypt,128,18,998,80654
esp32,AES128GCM,sw,encrypt,128,18,999,79709
stack,esp32,AES128GCM,sw,encrypt,128,14084
esp32,AES128GCM,sw,decrypt,128,18,0,79386
esp32,AES128GCM,sw,decrypt,128,18,1,82236
esp32,AES128GCM,sw,decrypt,128,18,2,81285
esp32,AES128GCM,sw,decrypt,128,18,3,82239
esp32,AES128GCM,sw,decrypt,128,18,4,81285
esp32,AES128GCM,sw,decrypt,128,18,5,82236
esp32,AES128GCM,sw,decrypt,128,18,6,81285
esp32,AES128GCM,sw,decrypt,128,18,7,82236
esp32,AES128GCM,sw,decrypt,128,18,8,81285
esp32,AES128GCM,sw,decrypt,128,18,9,82236
esp32,AES128GCM,sw,decrypt,128,18,10,81285
esp32,AES128GCM,sw,decrypt,128,18,11,82251
esp32,AES128GCM,sw,decrypt,128,18,12,81285
esp32,AES128GCM,sw,decrypt,128,18,13,82236
esp32,AES128GCM,sw,decrypt,128,18,14,81285
esp32,AES128GCM,sw,decrypt,128,18,15,82236
esp32,AES128GCM,sw,decrypt,128,18,16,82488
esp32,AES128GCM,sw,decrypt,128,18,17,82236
esp32,AES128GCM,sw,decrypt,128,18,18,81285
esp32,AES128GCM,sw,decrypt,128,18,19,82236
esp32,AES128GCM,sw,decrypt,128,18,20,81285
esp32,AES128GCM,sw,decrypt,128,18,21,82236
esp32,AES128GCM,sw,decrypt,128,18,22,81285
esp32,AES128GCM,sw,decrypt,128,18,23,82236
esp32,AES128GCM,sw,decrypt,128,18,24,81285
esp32,AES128GCM,sw,decrypt,128,18,25,82236
esp32,AES128GCM,sw,decrypt,128,18,26,81285
esp32,AES128GCM,sw,decrypt,128,18,27,82236
esp32,AES128GCM,sw,decrypt,128,18,28,81285
esp32,AES128GCM,sw,decrypt,128,18,29,82236
esp32,AES128GCM,sw,decrypt,128,18,30,81285
esp32,AES128GCM,sw,decrypt,128,18,31,82236
esp32,AES128GCM,sw,decrypt,128,18,32,81285
esp32,AES128GCM,sw,decrypt,128,18,33,82236
esp32,AES128GCM,sw,decrypt,128,18,34,81285
esp32,AES128GCM,sw,decrypt,128,18,35,82236
esp32,AES128GCM,sw,decrypt,128,18,36,81285
esp32,AES128GCM,sw,decrypt,128,18,37,83439
esp32,AES128GCM,sw,decrypt,128,18,38,81285
esp32,AES128GCM,sw,decrypt,128,18,39,82236
esp32,AES128GCM,sw,decrypt,128,18,40,81285
esp32,AES128GCM,sw,decrypt,128,18,41,82236
esp32,AES128GCM,sw,decrypt,128,18,42,81285
esp32,AES128GCM,sw,decrypt,128,18,43,82236
esp32,AES128GCM,sw,decrypt,128,18,44,81285
esp32,AES128GCM,sw,decrypt,128,18,45,82236
esp32,AES128GCM,sw,decrypt,128,18,46,81285
esp32,AES128GCM,sw,decrypt,128,18,47,82236
esp32,AES128GCM,sw,decrypt,128,18,48,81285
esp32,AES128GCM,sw,decrypt,128,18,49,82236
esp32,AES128GCM,sw,decrypt,128,18,50,81285
esp32,AES128GCM,sw,decrypt,128,18,51,82236
esp32,AES128GCM,sw,decrypt,128,18,52,81285
esp32,AES128GCM,sw,decrypt,128,18,53,82236
esp32,AES128GCM,sw,decrypt,128,18,54,81285
esp32,AES128GCM,sw,decrypt,128,18,55,82236
esp32,AES128GCM,sw,decrypt,128,18,56,81285
esp32,AES128GCM,sw,decrypt,128,18,57,82236
esp32,AES128GCM,sw,decrypt,128,18,58,81285
esp32,AES128GCM,sw,decrypt,128,18,59,82236
esp32,AES128GCM,sw,decrypt,128,18,60,81285
esp32,AES128GCM,sw,decrypt,128,18,61,82236
esp32,AES128GCM,sw,decrypt,128,18,62,81285
esp32,AES128GCM,sw,decrypt,128,18,63,82236
esp32,AES128GCM,sw,decrypt,128,18,64,81285
esp32,AES128GCM,sw,decrypt,128,18,65,82236
esp32,AES128GCM,sw,decrypt,128,18,66,81292
esp32,AES128GCM,sw,decrypt,128,18,67,82236
esp32,AES128GCM,sw,decrypt,128,18,68,81285
esp32,AES128GCM,sw,decrypt,128,18,69,82236
esp32,AES128GCM,sw,decrypt,128,18,70,81285
esp32,AES128GCM,sw,decrypt,128,18,71,83439
esp32,AES128GCM,sw,decrypt,128,18,72,81285
esp32,AES128GCM,sw,decrypt,128,18,73,82236
esp32,AES128GCM,sw,decrypt,128,18,74,81285
esp32,AES128GCM,sw,decrypt,128,18,75,82236
esp32,AES128GCM,sw,decrypt,128,18,76,81285
esp32,AES128GCM,sw,decrypt,128,18,77,82236
esp32,AES128GCM,sw,decrypt,128,18,78,81285
esp32,AES128GCM,sw,decrypt,128,18,79,82236
esp32,AES128GCM,sw,decrypt,128,18,80,81285
esp32,AES128GCM,sw,decrypt,128,18,81,82236
esp32,AES128GCM,sw,decrypt,128,18,82,81285
esp32,AES128GCM,sw,decrypt,128,18,83,82236
esp32,AES128GCM,sw,decrypt,128,18,84,81285
esp32,AES128GCM,sw,decrypt,128,18,85,82236
esp32,AES128GCM,sw,decrypt,128,18,86,81285
esp32,AES128GCM,sw,decrypt,128,18,87,82236
esp32,AES128GCM,sw,decrypt,128,18,88,81285
esp32,AES128GCM,sw,decrypt,128,18,89,82236
esp32,AES128GCM,sw,decrypt,128,18,90,81285
esp32,AES128GCM,sw,decrypt,128,18,91,82236
esp32,AES128GCM,sw,decrypt,128,18,92,82659
esp32,AES128GCM,sw,decrypt,128,18,93,82236
esp32,AES128GCM,sw,decrypt,128,18,94,81285
esp32,AES128GCM,sw,decrypt,128,18,95,82236
esp32,AES128GCM,sw,decrypt,128,18,96,81285
esp32,AES128GCM,sw,decrypt,128,18,97,82236
esp32,AES128GCM,sw,decrypt,128,18,98,81285
esp32,AES128GCM,sw,decrypt,128,18,99,82236
esp32,AES128GCM,sw,decrypt,128,18,100,81285
esp32,AES128GCM,sw,decrypt,128,18,101,82236
esp32,AES128GCM,sw,decrypt,128,18,102,81285
esp32,AES128GCM,sw,decrypt,128,18,103,82236
esp32,AES128GCM,sw,decrypt,128,18,104,81285
esp32,AES128GCM,sw,decrypt,128,18,105,82235
esp32,AES128GCM,sw,decrypt,128,18,106,81285
esp32,AES128GCM,sw,decrypt,128,18,107,82236
esp32,AES128GCM,sw,decrypt,128,18,108,81285
esp32,AES128GCM,sw,decrypt,128,18,109,82236
esp32,AES128GCM,sw,decrypt,128,18,110,81285
esp32,AES128GCM,sw,decrypt,128,18,111,82236
esp32,AES128GCM,sw,decrypt,128,18,112,81285
esp32,AES128GCM,sw,decrypt,128,18,113,82236
esp32,AES128GCM,sw,decrypt,128,18,114,81285
esp32,AES128GCM,sw,decrypt,128,18,115,82236
esp32,AES128GCM,sw,decrypt,128,18,116,81285
esp32,AES128GCM,sw,decrypt,128,18,117,82236
esp32,AES128GCM,sw,decrypt,128,18,118,81285
esp32,AES128GCM,sw,decrypt,128,18,119,82236
esp32,AES128GCM,sw,decrypt,128,18,120,81285
esp32,AES128GCM,sw,decrypt,128,18,121,82236
esp32,AES128GCM,sw,decrypt,128,18,122,81285
esp32,AES128GCM,sw,decrypt,128,18,123,82236
esp32,AES128GCM,sw,decrypt,128,18,124,81285
esp32,AES128GCM,sw,decrypt,128,18,125,82236
esp32,AES128GCM,sw,decrypt,128,18,126,81285
esp32,AES128GCM,sw,decrypt,128,18,127,82236
esp32,AES128GCM,sw,decrypt,128,18,128,82488
esp32,AES128GCM,sw,decrypt,128,18,129,82236
esp32,AES128GCM,sw,decrypt,128,18,130,81285
esp32,AES128GCM,sw,decrypt,128,18,131,82236
esp32,AES128GCM,sw,decrypt,128,18,132,81285
esp32,AES128GCM,sw,decrypt,128,18,133,82236
esp32,AES128GCM,sw,decrypt,128,18,134,81285
esp32,AES128GCM,sw,decrypt,128,18,135,82236
esp32,AES128GCM,sw,decrypt,128,18,136,81285
esp32,AES128GCM,sw,decrypt,128,18,137,82236
esp32,AES128GCM,sw,decrypt,128,18,138,81285
esp32,AES128GCM,sw,decrypt,128,18,139,82236
esp32,AES128GCM,sw,decrypt,128,18,140,81285
esp32,AES128GCM,sw,decrypt,128,18,141,82237
esp32,AES128GCM,sw,decrypt,128,18,142,81285
esp32,AES128GCM,sw,decrypt,128,18,143,82236
esp32,AES128GCM,sw,decrypt,128,18,144,81285
esp32,AES128GCM,sw,decrypt,128,18,145,82236
esp32,AES128GCM,sw,decrypt,128,18,146,81285
esp32,AES128GCM,sw,decrypt,128,18,147,82236
esp32,AES128GCM,sw,decrypt,128,18,148,81285
esp32,AES128GCM,sw,decrypt,128,18,149,82236
esp32,AES128GCM,sw,decrypt,128,18,150,81285
esp32,AES128GCM,sw,decrypt,128,18,151,83439
esp32,AES128GCM,sw,decrypt,128,18,152,81285
esp32,AES128GCM,sw,decrypt,128,18,153,82236
esp32,AES128GCM,sw,decrypt,128,18,154,81285
esp32,AES128GCM,sw,decrypt,128,18,155,82236
esp32,AES128GCM,sw,decrypt,128,18,156,81285
esp32,AES128GCM,sw,decrypt,128,18,157,82236
esp32,AES128GCM,sw,decrypt,128,18,158,81285
esp32,AES128GCM,sw,decrypt,128,18,159,82236
esp32,AES128GCM,sw,decrypt,128,18,160,81285
esp32,AES128GCM,sw,decrypt,128,18,161,82236
esp32,AES128GCM,sw,decrypt,128,18,162,81285
esp32,AES128GCM,sw,decrypt,128,18,163,82236
esp32,AES128GCM,sw,decrypt,128,18,164,81285
esp32,AES128GCM,sw,decrypt,128,18,165,82236
esp32,AES128GCM,sw,decrypt,128,18,166,81285
esp32,AES128GCM,sw,decrypt,128,18,167,82236
esp32,AES128GCM,sw,decrypt,128,18,168,81285
esp32,AES128GCM,sw,decrypt,128,18,169,82235
esp32,AES128GCM,sw,decrypt,128,18,170,81285
esp32,AES128GCM,sw,decrypt,128,18,171,82236
esp32,AES128GCM,sw,decrypt,128,18,172,81285
esp32,AES128GCM,sw,decrypt,128,18,173,82236
esp32,AES128GCM,sw,decrypt,128,18,174,81285
esp32,AES128GCM,sw,decrypt,128,18,175,82236
esp32,AES128GCM,sw,decrypt,128,18,176,81285
esp32,AES128GCM,sw,decrypt,128,18,177,82236
esp32,AES128GCM,sw,decrypt,128,18,178,81285
esp32,AES128GCM,sw,decrypt,128,18,179,82236
esp32,AES128GCM,sw,decrypt,128,18,180,81285
esp32,AES128GCM,sw,decrypt,128,18,181,82236
esp32,AES128GCM,sw,decrypt,128,18,182,81285
esp32,AES128GCM,sw,decrypt,128,18,183,82236
esp32,AES128GCM,sw,decrypt,128,18,184,81285
esp32,AES128GCM,sw,decrypt,128,18,185,82236
esp32,AES128GCM,sw,decrypt,128,18,186,81285
esp32,AES128GCM,sw,decrypt,128,18,187,82236
esp32,AES128GCM,sw,decrypt,128,18,188,81285
esp32,AES128GCM,sw,decrypt,128,18,189,82236
esp32,AES128GCM,sw,decrypt,128,18,190,81285
esp32,AES128GCM,sw,decrypt,128,18,191,82236
esp32,AES128GCM,sw,decrypt,128,18,192,82488
esp32,AES128GCM,sw,decrypt,128,18,193,82236
esp32,AES128GCM,sw,decrypt,128,18,194,81285
esp32,AES128GCM,sw,decrypt,128,18,195,82236
esp32,AES128GCM,sw,decrypt,128,18,196,81285
esp32,AES128GCM,sw,decrypt,128,18,197,82236
esp32,AES128GCM,sw,decrypt,128,18,198,81285
esp32,AES128GCM,sw,decrypt,128,18,199,82236
esp32,AES128GCM,sw,decrypt,128,18,200,81285
esp32,AES128GCM,sw,decrypt,128,18,201,82236
esp32,AES128GCM,sw,decrypt,128,18,202,81285
esp32,AES128GCM,sw,decrypt,128,18,203,82236
esp32,AES128GCM,sw,decrypt,128,18,204,81285
esp32,AES128GCM,sw,decrypt,128,18,205,82235
esp32,AES128GCM,sw,decrypt,128,18,206,81285
esp32,AES128GCM,sw,decrypt,128,18,207,82236
esp32,AES128GCM,sw,decrypt,128,18,208,81285
esp32,AES128GCM,sw,decrypt,128,18,209,82236
esp32,AES128GCM,sw,decrypt,128,18,210,81285
esp32,AES128GCM,sw,decrypt,128,18,211,82236
esp32,AES128GCM,sw,decrypt,128,18,212,81285
esp32,AES128GCM,sw,decrypt,128,18,213,82236
esp32,AES128GCM,sw,decrypt,128,18,214,81285
esp32,AES128GCM,sw,decrypt,128,18,215,83439
esp32,AES128GCM,sw,decrypt,128,18,216,81285
esp32,AES128GCM,sw,decrypt,128,18,217,82236
esp32,AES128GCM,sw,decrypt,128,18,218,81285
esp32,AES128GCM,sw,decrypt,128,18,219,82236
esp32,AES128GCM,sw,decrypt,128,18,220,81285
esp32,AES128GCM,sw,decrypt,128,18,221,82236
esp32,AES128GCM,sw,decrypt,128,18,222,81285
esp32,AES128GCM,sw,decrypt,128,18,223,82236
esp32,AES128GCM,sw,decrypt,128,18,224,81285
esp32,AES128GCM,sw,decrypt,128,18,225,82236
esp32,AES128GCM,sw,decrypt,128,18,226,81285
esp32,AES128GCM,sw,decrypt,128,18,227,82236
esp32,AES128GCM,sw,decrypt,128,18,228,81285
esp32,AES128GCM,sw,decrypt,128,18,229,82236
esp32,AES128GCM,sw,decrypt,128,18,230,81285
esp32,AES128GCM,sw,decrypt,128,18,231,82236
esp32,AES128GCM,sw,decrypt,128,18,232,81285
esp32,AES128GCM,sw,decrypt,128,18,233,82235
esp32,AES128GCM,sw,decrypt,128,18,234,81285
esp32,AES128GCM,sw,decrypt,128,18,235,82236
esp32,AES128GCM,sw,decrypt,128,18,236,81285
esp32,AES128GCM,sw,decrypt,128,18,237,82236
esp32,AES128GCM,sw,decrypt,128,18,238,81285
esp32,AES128GCM,sw,decrypt,128,18,239,82236
esp32,AES128GCM,sw,decrypt,128,18,240,81285
esp32,AES128GCM,sw,decrypt,128,18,241,82236
esp32,AES128GCM,sw,decrypt,128,18,242,81285
esp32,AES128GCM,sw,decrypt,128,18,243,82236
esp32,AES128GCM,sw,decrypt,128,18,244,81285
esp32,AES128GCM,sw,decrypt,128,18,245,82236
esp32,AES128GCM,sw,decrypt,128,18,246,81285
esp32,AES128GCM,sw,decrypt,128,18,247,82236
esp32,AES128GCM,sw,decrypt,128,18,248,81285
esp32,AES128GCM,sw,decrypt,128,18,249,82236
esp32,AES128GCM,sw,decrypt,128,18,250,81285
esp32,AES128GCM,sw,decrypt,128,18,251,82236
esp32,AES128GCM,sw,decrypt,128,18,252,81285
esp32,AES128GCM,sw,decrypt,128,18,253,82236
esp32,AES128GCM,sw,decrypt,128,18,254,81285
esp32,AES128GCM,sw,decrypt,128,18,255,82236
esp32,AES128GCM,sw,decrypt,128,18,256,82485
esp32,AES128GCM,sw,decrypt,128,18,257,82236
esp32,AES128GCM,sw,decrypt,128,18,258,81285
esp32,AES128GCM,sw,decrypt,128,18,259,82236
esp32,AES128GCM,sw,decrypt,128,18,260,81285
esp32,AES128GCM,sw,decrypt,128,18,261,82236
esp32,AES128GCM,sw,decrypt,128,18,262,81285
esp32,AES128GCM,sw,decrypt,128,18,263,82236
esp32,AES128GCM,sw,decrypt,128,18,264,81285
esp32,AES128GCM,sw,decrypt,128,18,265,82236
esp32,AES128GCM,sw,decrypt,128,18,266,81285
esp32,AES128GCM,sw,decrypt,128,18,267,82236
esp32,AES128GCM,sw,decrypt,128,18,268,81285
esp32,AES128GCM,sw,decrypt,128,18,269,82237
esp32,AES128GCM,sw,decrypt,128,18,270,81285
esp32,AES128GCM,sw,decrypt,128,18,271,82236
esp32,AES128GCM,sw,decrypt,128,18,272,81285
esp32,AES128GCM,sw,decrypt,128,18,273,82236
esp32,AES128GCM,sw,decrypt,128,18,274,81285
esp32,AES128GCM,sw,decrypt,128,18,275,82236
esp32,AES128GCM,sw,decrypt,128,18,276,81285
esp32,AES128GCM,sw,decrypt,128,18,277,82236
esp32,AES128GCM,sw,decrypt,128,18,278,81285
esp32,AES128GCM,sw,decrypt,128,18,279,83439
esp32,AES128GCM,sw,decrypt,128,18,280,81285
esp32,AES128GCM,sw,decrypt,128,18,281,82236
esp32,AES128GCM,sw,decrypt,128,18,282,81285
esp32,AES128GCM,sw,decrypt,128,18,283,82236
esp32,AES128GCM,sw,decrypt,128,18,284,81285
esp32,AES128GCM,sw,decrypt,128,18,285,82236
esp32,AES128GCM,sw,decrypt,128,18,286,81285
esp32,AES128GCM,sw,decrypt,128,18,287,82236
esp32,AES128GCM,sw,decrypt,128,18,288,81285
esp32,AES128GCM,sw,decrypt,128,18,289,82236
esp32,AES128GCM,sw,decrypt,128,18,290,81285
esp32,AES128GCM,sw,decrypt,128,18,291,82236
esp32,AES128GCM,sw,decrypt,128,18,292,81285
esp32,AES128GCM,sw,decrypt,128,18,293,82236
esp32,AES128GCM,sw,decrypt,128,18,294,81285
esp32,AES128GCM,sw,decrypt,128,18,295,82236
esp32,AES128GCM,sw,decrypt,128,18,296,81285
esp32,AES128GCM,sw,decrypt,128,18,297,82235
esp32,AES128GCM,sw,decrypt,128,18,298,81285
esp32,AES128GCM,sw,decrypt,128,18,299,82236
esp32,AES128GCM,sw,decrypt,128,18,300,81285
esp32,AES128GCM,sw,decrypt,128,18,301,82236
esp32,AES128GCM,sw,decrypt,128,18,302,81285
esp32,AES128GCM,sw,decrypt,128,18,303,82236
esp32,AES128GCM,sw,decrypt,128,18,304,81285
esp32,AES128GCM,sw,decrypt,128,18,305,82236
esp32,AES128GCM,sw,decrypt,128,18,306,81285
esp32,AES128GCM,sw,decrypt,128,18,307,82236
esp32,AES128GCM,sw,decrypt,128,18,308,81285
esp32,AES128GCM,sw,decrypt,128,18,309,82236
esp32,AES128GCM,sw,decrypt,128,18,310,81285
esp32,AES128GCM,sw,decrypt,128,18,311,82236
esp32,AES128GCM,sw,decrypt,128,18,312,81285
esp32,AES128GCM,sw,decrypt,128,18,313,82236
esp32,AES128GCM,sw,decrypt,128,18,314,81285
esp32,AES128GCM,sw,decrypt,128,18,315,82236
esp32,AES128GCM,sw,decrypt,128,18,316,81285
esp32,AES128GCM,sw,decrypt,128,18,317,82236
esp32,AES128GCM,sw,decrypt,128,18,318,81285
esp32,AES128GCM,sw,decrypt,128,18,319,82236
esp32,AES128GCM,sw,decrypt,128,18,320,82488
esp32,AES128GCM,sw,decrypt,128,18,321,82236
esp32,AES128GCM,sw,decrypt,128,18,322,81285
esp32,AES128GCM,sw,decrypt,128,18,323,82236
esp32,AES128GCM,sw,decrypt,128,18,324,81285
esp32,AES128GCM,sw,decrypt,128,18,325,82236
esp32,AES128GCM,sw,decrypt,128,18,326,81285
esp32,AES128GCM,sw,decrypt,128,18,327,82236
esp32,AES128GCM,sw,decrypt,128,18,328,81285
esp32,AES128GCM,sw,decrypt,128,18,329,82236
esp32,AES128GCM,sw,decrypt,128,18,330,81285
esp32,AES128GCM,sw,decrypt,128,18,331,82236
esp32,AES128GCM,sw,decrypt,128,18,332,81285
esp32,AES128GCM,sw,decrypt,128,18,333,82236
esp32,AES128GCM,sw,decrypt,128,18,334,81285
esp32,AES128GCM,sw,decrypt,128,18,335,82236
esp32,AES128GCM,sw,decrypt,128,18,336,81285
esp32,AES128GCM,sw,decrypt,128,18,337,82236
esp32,AES128GCM,sw,decrypt,128,18,338,81285
esp32,AES128GCM,sw,decrypt,128,18,339,82236
esp32,AES128GCM,sw,decrypt,128,18,340,81285
esp32,AES128GCM,sw,decrypt,128,18,341,82236
esp32,AES128GCM,sw,decrypt,128,18,342,81285
esp32,AES128GCM,sw,decrypt,128,18,343,83436
esp32,AES128GCM,sw,decrypt,128,18,344,81285
esp32,AES128GCM,sw,decrypt,128,18,345,82236
esp32,AES128GCM,sw,decrypt,128,18,346,81285
esp32,AES128GCM,sw,decrypt,128,18,347,82236
esp32,AES128GCM,sw,decrypt,128,18,348,81285
esp32,AES128GCM,sw,decrypt,128,18,349,82236
esp32,AES128GCM,sw,decrypt,128,18,350,81285
esp32,AES128GCM,sw,decrypt,128,18,351,82236
esp32,AES128GCM,sw,decrypt,128,18,352,81285
esp32,AES128GCM,sw,decrypt,128,18,353,82236
esp32,AES128GCM,sw,decrypt,128,18,354,81285
esp32,AES128GCM,sw,decrypt,128,18,355,82236
esp32,AES128GCM,sw,decrypt,128,18,356,81285
esp32,AES128GCM,sw,decrypt,128,18,357,82236
esp32,AES128GCM,sw,decrypt,128,18,358,81285
esp32,AES128GCM,sw,decrypt,128,18,359,82236
esp32,AES128GCM,sw,decrypt,128,18,360,81285
esp32,AES128GCM,sw,decrypt,128,18,361,82235
esp32,AES128GCM,sw,decrypt,128,18,362,81285
esp32,AES128GCM,sw,decrypt,128,18,363,82236
esp32,AES128GCM,sw,decrypt,128,18,364,81285
esp32,AES128GCM,sw,decrypt,128,18,365,82236
esp32,AES128GCM,sw,decrypt,128,18,366,81285
esp32,AES128GCM,sw,decrypt,128,18,367,82236
esp32,AES128GCM,sw,decrypt,128,18,368,81285
esp32,AES128GCM,sw,decrypt,128,18,369,82236
esp32,AES128GCM,sw,decrypt,128,18,370,81285
esp32,AES128GCM,sw,decrypt,128,18,371,82236
esp32,AES128GCM,sw,decrypt,128,18,372,81285
esp32,AES128GCM,sw,decrypt,128,18,373,82236
esp32,AES128GCM,sw,decrypt,128,18,374,81285
esp32,AES128GCM,sw,decrypt,128,18,375,82236
esp32,AES128GCM,sw,decrypt,128,18,376,81285
esp32,AES128GCM,sw,decrypt,128,18,377,82236
esp32,AES128GCM,sw,decrypt,128,18,378,81285
esp32,AES128GCM,sw,decrypt,128,18,379,82236
esp32,AES128GCM,sw,decrypt,128,18,380,81285
esp32,AES128GCM,sw,decrypt,128,18,381,82236
esp32,AES128GCM,sw,decrypt,128,18,382,81285
esp32,AES128GCM,sw,decrypt,128,18,383,82236
esp32,AES128GCM,sw,decrypt,128,18,384,82488
esp32,AES128GCM,sw,decrypt,128,18,385,82236
esp32,AES128GCM,sw,decrypt,128,18,386,81285
esp32,AES128GCM,sw,decrypt,128,18,387,82236
esp32,AES128GCM,sw,decrypt,128,18,388,81285
esp32,AES128GCM,sw,decrypt,128,18,389,82236
esp32,AES128GCM,sw,decrypt,128,18,390,81285
esp32,AES128GCM,sw,decrypt,128,18,391,82236
esp32,AES128GCM,sw,decrypt,128,18,392,81285
esp32,AES128GCM,sw,decrypt,128,18,393,82236
esp32,AES128GCM,sw,decrypt,128,18,394,81285
esp32,AES128GCM,sw,decrypt,128,18,395,82236
esp32,AES128GCM,sw,decrypt,128,18,396,81285
esp32,AES128GCM,sw,decrypt,128,18,397,82235
esp32,AES128GCM,sw,decrypt,128,18,398,81285
esp32,AES128GCM,sw,decrypt,128,18,399,82236
esp32,AES128GCM,sw,decrypt,128,18,400,81285
esp32,AES128GCM,sw,decrypt,128,18,401,82236
esp32,AES128GCM,sw,decrypt,128,18,402,81285
esp32,AES128GCM,sw,decrypt,128,18,403,82236
esp32,AES128GCM,sw,decrypt,128,18,404,81285
esp32,AES128GCM,sw,decrypt,128,18,405,82236
esp32,AES128GCM,sw,decrypt,128,18,406,81285
esp32,AES128GCM,sw,decrypt,128,18,407,83439
esp32,AES128GCM,sw,decrypt,128,18,408,81285
esp32,AES128GCM,sw,decrypt,128,18,409,82236
esp32,AES128GCM,sw,decrypt,128,18,410,81285
esp32,AES128GCM,sw,decrypt,128,18,411,82236
esp32,AES128GCM,sw,decrypt,128,18,412,81285
esp32,AES128GCM,sw,decrypt,128,18,413,82236
esp32,AES128GCM,sw,decrypt,128,18,414,81285
esp32,AES128GCM,sw,decrypt,128,18,415,82236
esp32,AES128GCM,sw,decrypt,128,18,416,81285
esp32,AES128GCM,sw,decrypt,128,18,417,82236
esp32,AES128GCM,sw,decrypt,128,18,418,81285
esp32,AES128GCM,sw,decrypt,128,18,419,82236
esp32,AES128GCM,sw,decrypt,128,18,420,81285
esp32,AES128GCM,sw,decrypt,128,18,421,82236
esp32,AES128GCM,sw,decrypt,128,18,422,81285
esp32,AES128GCM,sw,decrypt,128,18,423,82236
esp32,AES128GCM,sw,decrypt,128,18,424,81285
esp32,AES128GCM,sw,decrypt,128,18,425,82235
esp32,AES128GCM,sw,decrypt,128,18,426,81285
esp32,AES128GCM,sw,decrypt,128,18,427,82236
esp32,AES128GCM,sw,decrypt,128,18,428,81285
esp32,AES128GCM,sw,decrypt,128,18,429,82236
esp32,AES128GCM,sw,decrypt,128,18,430,81285
esp32,AES128GCM,sw,decrypt,128,18,431,82236
esp32,AES128GCM,sw,decrypt,128,18,432,81285
esp32,AES128GCM,sw,decrypt,128,18,433,82236
esp32,AES128GCM,sw,decrypt,128,18,434,81285
esp32,AES128GCM,sw,decrypt,128,18,435,82236
esp32,AES128GCM,sw,decrypt,128,18,436,81285
esp32,AES128GCM,sw,decrypt,128,18,437,82236
esp32,AES128GCM,sw,decrypt,128,18,438,81285
esp32,AES128GCM,sw,decrypt,128,18,439,82236
esp32,AES128GCM,sw,decrypt,128,18,440,81285
esp32,AES128GCM,sw,decrypt,128,18,441,82236
esp32,AES128GCM,sw,decrypt,128,18,442,81285
esp32,AES128GCM,sw,decrypt,128,18,443,82239
esp32,AES128GCM,sw,decrypt,128,18,444,81285
esp32,AES128GCM,sw,decrypt,128,18,445,82236
esp32,AES128GCM,sw,decrypt,128,18,446,81285
esp32,AES128GCM,sw,decrypt,128,18,447,82236
esp32,AES128GCM,sw,decrypt,128,18,448,82572
esp32,AES128GCM,sw,decrypt,128,18,449,82236
esp32,AES128GCM,sw,decrypt,128,18,450,81285
esp32,AES128GCM,sw,decrypt,128,18,451,82236
esp32,AES128GCM,sw,decrypt,128,18,452,81285
esp32,AES128GCM,sw,decrypt,128,18,453,82236
esp32,AES128GCM,sw,decrypt,128,18,454,81285
esp32,AES128GCM,sw,decrypt,128,18,455,82236
esp32,AES128GCM,sw,decrypt,128,18,456,81285
esp32,AES128GCM,sw,decrypt,128,18,457,82236
esp32,AES128GCM,sw,decrypt,128,18,458,81285
esp32,AES128GCM,sw,decrypt,128,18,459,82236
esp32,AES128GCM,sw,decrypt,128,18,460,81285
esp32,AES128GCM,sw,decrypt,128,18,461,82237
esp32,AES128GCM,sw,decrypt,128,18,462,81285
esp32,AES128GCM,sw,decrypt,128,18,463,82236
esp32,AES128GCM,sw,decrypt,128,18,464,81285
esp32,AES128GCM,sw,decrypt,128,18,465,82236
esp32,AES128GCM,sw,decrypt,128,18,466,81285
esp32,AES128GCM,sw,decrypt,128,18,467,82236
esp32,AES128GCM,sw,decrypt,128,18,468,81285
esp32,AES128GCM,sw,decrypt,128,18,469,82236
esp32,AES128GCM,sw,decrypt,128,18,470,81285
esp32,AES128GCM,sw,decrypt,128,18,471,83439
esp32,AES128GCM,sw,decrypt,128,18,472,81285
esp32,AES128GCM,sw,decrypt,128,18,473,82236
esp32,AES128GCM,sw,decrypt,128,18,474,81285
esp32,AES128GCM,sw,decrypt,128,18,475,82236
esp32,AES128GCM,sw,decrypt,128,18,476,81285
esp32,AES128GCM,sw,decrypt,128,18,477,82236
esp32,AES128GCM,sw,decrypt,128,18,478,81285
esp32,AES128GCM,sw,decrypt,128,18,479,82236
esp32,AES128GCM,sw,decrypt,128,18,480,81285
esp32,AES128GCM,sw,decrypt,128,18,481,82236
esp32,AES128GCM,sw,decrypt,128,18,482,81285
esp32,AES128GCM,sw,decrypt,128,18,483,82236
esp32,AES128GCM,sw,decrypt,128,18,484,81285
esp32,AES128GCM,sw,decrypt,128,18,485,82236
esp32,AES128GCM,sw,decrypt,128,18,486,81285
esp32,AES128GCM,sw,decrypt,128,18,487,82236
esp32,AES128GCM,sw,decrypt,128,18,488,81285
esp32,AES128GCM,sw,decrypt,128,18,489,82235
esp32,AES128GCM,sw,decrypt,128,18,490,81285
esp32,AES128GCM,sw,decrypt,128,18,491,82236
esp32,AES128GCM,sw,decrypt,128,18,492,81285
esp32,AES128GCM,sw,decrypt,128,18,493,82236
esp32,AES128GCM,sw,decrypt,128,18,494,81285
esp32,AES128GCM,sw,decrypt,128,18,495,82236
esp32,AES128GCM,sw,decrypt,128,18,496,81285
esp32,AES128GCM,sw,decrypt,128,18,497,82236
esp32,AES128GCM,sw,decrypt,128,18,498,81285
esp32,AES128GCM,sw,decrypt,128,18,499,82236
esp32,AES128GCM,sw,decrypt,128,18,500,81285
esp32,AES128GCM,sw,decrypt,128,18,501,82236
esp32,AES128GCM,sw,decrypt,128,18,502,81285
esp32,AES128GCM,sw,decrypt,128,18,503,82236
esp32,AES128GCM,sw,decrypt,128,18,504,81285
esp32,AES128GCM,sw,decrypt,128,18,505,82236
esp32,AES128GCM,sw,decrypt,128,18,506,81285
esp32,AES128GCM,sw,decrypt,128,18,507,82242
esp32,AES128GCM,sw,decrypt,128,18,508,81285
esp32,AES128GCM,sw,decrypt,128,18,509,82236
esp32,AES128GCM,sw,decrypt,128,18,510,81285
esp32,AES128GCM,sw,decrypt,128,18,511,82236
esp32,AES128GCM,sw,decrypt,128,18,512,82152
esp32,AES128GCM,sw,decrypt,128,18,513,82236
esp32,AES128GCM,sw,decrypt,128,18,514,81285
esp32,AES128GCM,sw,decrypt,128,18,515,82236
esp32,AES128GCM,sw,decrypt,128,18,516,81285
esp32,AES128GCM,sw,decrypt,128,18,517,82236
esp32,AES128GCM,sw,decrypt,128,18,518,81285
esp32,AES128GCM,sw,decrypt,128,18,519,82236
esp32,AES128GCM,sw,decrypt,128,18,520,81285
esp32,AES128GCM,sw,decrypt,128,18,521,82236
esp32,AES128GCM,sw,decrypt,128,18,522,81285
esp32,AES128GCM,sw,decrypt,128,18,523,82236
esp32,AES128GCM,sw,decrypt,128,18,524,81285
esp32,AES128GCM,sw,decrypt,128,18,525,82236
esp32,AES128GCM,sw,decrypt,128,18,526,81285
esp32,AES128GCM,sw,decrypt,128,18,527,82236
esp32,AES128GCM,sw,decrypt,128,18,528,81285
esp32,AES128GCM,sw,decrypt,128,18,529,82236
esp32,AES128GCM,sw,decrypt,128,18,530,81285
esp32,AES128GCM,sw,decrypt,128,18,531,82236
esp32,AES128GCM,sw,decrypt,128,18,532,81285
esp32,AES128GCM,sw,decrypt,128,18,533,82236
esp32,AES128GCM,sw,decrypt,128,18,534,81285
esp32,AES128GCM,sw,decrypt,128,18,535,83436
esp32,AES128GCM,sw,decrypt,128,18,536,81285
esp32,AES128GCM,sw,decrypt,128,18,537,82236
esp32,AES128GCM,sw,decrypt,128,18,538,81285
esp32,AES128GCM,sw,decrypt,128,18,539,82236
esp32,AES128GCM,sw,decrypt,128,18,540,81285
esp32,AES128GCM,sw,decrypt,128,18,541,82236
esp32,AES128GCM,sw,decrypt,128,18,542,81285
esp32,AES128GCM,sw,decrypt,128,18,543,82236
esp32,AES128GCM,sw,decrypt,128,18,544,81285
esp32,AES128GCM,sw,decrypt,128,18,545,82236
esp32,AES128GCM,sw,decrypt,128,18,546,81285
esp32,AES128GCM,sw,decrypt,128,18,547,82236
esp32,AES128GCM,sw,decrypt,128,18,548,81285
esp32,AES128GCM,sw,decrypt,128,18,549,82236
esp32,AES128GCM,sw,decrypt,128,18,550,81285
esp32,AES128GCM,sw,decrypt,128,18,551,82236
esp32,AES128GCM,sw,decrypt,128,18,552,81285
esp32,AES128GCM,sw,decrypt,128,18,553,82235
esp32,AES128GCM,sw,decrypt,128,18,554,81285
esp32,AES128GCM,sw,decrypt,128,18,555,82236
esp32,AES128GCM,sw,decrypt,128,18,556,81285
esp32,AES128GCM,sw,decrypt,128,18,557,82236
esp32,AES128GCM,sw,decrypt,128,18,558,81285
esp32,AES128GCM,sw,decrypt,128,18,559,82236
esp32,AES128GCM,sw,decrypt,128,18,560,81285
esp32,AES128GCM,sw,decrypt,128,18,561,82236
esp32,AES128GCM,sw,decrypt,128,18,562,81285
esp32,AES128GCM,sw,decrypt,128,18,563,82236
esp32,AES128GCM,sw,decrypt,128,18,564,81285
esp32,AES128GCM,sw,decrypt,128,18,565,82236
esp32,AES128GCM,sw,decrypt,128,18,566,81285
esp32,AES128GCM,sw,decrypt,128,18,567,82236
esp32,AES128GCM,sw,decrypt,128,18,568,81285
esp32,AES128GCM,sw,decrypt,128,18,569,82236
esp32,AES128GCM,sw,decrypt,128,18,570,81285
esp32,AES128GCM,sw,decrypt,128,18,571,82242
esp32,AES128GCM,sw,decrypt,128,18,572,81285
esp32,AES128GCM,sw,decrypt,128,18,573,82236
esp32,AES128GCM,sw,decrypt,128,18,574,81285
esp32,AES128GCM,sw,decrypt,128,18,575,82236
esp32,AES128GCM,sw,decrypt,128,18,576,82659
esp32,AES128GCM,sw,decrypt,128,18,577,82236
esp32,AES128GCM,sw,decrypt,128,18,578,81285
esp32,AES128GCM,sw,decrypt,128,18,579,82236
esp32,AES128GCM,sw,decrypt,128,18,580,81285
esp32,AES128GCM,sw,decrypt,128,18,581,82236
esp32,AES128GCM,sw,decrypt,128,18,582,81285
esp32,AES128GCM,sw,decrypt,128,18,583,82236
esp32,AES128GCM,sw,decrypt,128,18,584,81285
esp32,AES128GCM,sw,decrypt,128,18,585,82236
esp32,AES128GCM,sw,decrypt,128,18,586,81285
esp32,AES128GCM,sw,decrypt,128,18,587,82236
esp32,AES128GCM,sw,decrypt,128,18,588,81285
esp32,AES128GCM,sw,decrypt,128,18,589,82239
esp32,AES128GCM,sw,decrypt,128,18,590,81285
esp32,AES128GCM,sw,decrypt,128,18,591,82236
esp32,AES128GCM,sw,decrypt,128,18,592,81285
esp32,AES128GCM,sw,decrypt,128,18,593,82236
esp32,AES128GCM,sw,decrypt,128,18,594,81285
esp32,AES128GCM,sw,decrypt,128,18,595,82236
esp32,AES128GCM,sw,decrypt,128,18,596,81285
esp32,AES128GCM,sw,decrypt,128,18,597,82236
esp32,AES128GCM,sw,decrypt,128,18,598,81285
esp32,AES128GCM,sw,decrypt,128,18,599,83436
esp32,AES128GCM,sw,decrypt,128,18,600,81285
esp32,AES128GCM,sw,decrypt,128,18,601,82236
esp32,AES128GCM,sw,decrypt,128,18,602,81285
esp32,AES128GCM,sw,decrypt,128,18,603,82236
esp32,AES128GCM,sw,decrypt,128,18,604,81285
esp32,AES128GCM,sw,decrypt,128,18,605,82236
esp32,AES128GCM,sw,decrypt,128,18,606,81285
esp32,AES128GCM,sw,decrypt,128,18,607,82236
esp32,AES128GCM,sw,decrypt,128,18,608,81285
esp32,AES128GCM,sw,decrypt,128,18,609,82236
esp32,AES128GCM,sw,decrypt,128,18,610,81285
esp32,AES128GCM,sw,decrypt,128,18,611,82236
esp32,AES128GCM,sw,decrypt,128,18,612,81288
esp32,AES128GCM,sw,decrypt,128,18,613,82236
esp32,AES128GCM,sw,decrypt,128,18,614,81285
esp32,AES128GCM,sw,decrypt,128,18,615,82236
esp32,AES128GCM,sw,decrypt,128,18,616,81285
esp32,AES128GCM,sw,decrypt,128,18,617,82235
esp32,AES128GCM,sw,decrypt,128,18,618,81285
esp32,AES128GCM,sw,decrypt,128,18,619,82236
esp32,AES128GCM,sw,decrypt,128,18,620,81285
esp32,AES128GCM,sw,decrypt,128,18,621,82236
esp32,AES128GCM,sw,decrypt,128,18,622,81285
esp32,AES128GCM,sw,decrypt,128,18,623,82236
esp32,AES128GCM,sw,decrypt,128,18,624,81285
esp32,AES128GCM,sw,decrypt,128,18,625,82236
esp32,AES128GCM,sw,decrypt,128,18,626,81285
esp32,AES128GCM,sw,decrypt,128,18,627,82236
esp32,AES128GCM,sw,decrypt,128,18,628,81285
esp32,AES128GCM,sw,decrypt,128,18,629,82236
esp32,AES128GCM,sw,decrypt,128,18,630,81285
esp32,AES128GCM,sw,decrypt,128,18,631,82236
esp32,AES128GCM,sw,decrypt,128,18,632,81285
esp32,AES128GCM,sw,decrypt,128,18,633,82236
esp32,AES128GCM,sw,decrypt,128,18,634,81285
esp32,AES128GCM,sw,decrypt,128,18,635,82236
esp32,AES128GCM,sw,decrypt,128,18,636,81285
esp32,AES128GCM,sw,decrypt,128,18,637,82236
esp32,AES128GCM,sw,decrypt,128,18,638,81285
esp32,AES128GCM,sw,decrypt,128,18,639,82236
esp32,AES128GCM,sw,decrypt,128,18,640,82659
esp32,AES128GCM,sw,decrypt,128,18,641,82236
esp32,AES128GCM,sw,decrypt,128,18,642,81285
esp32,AES128GCM,sw,decrypt,128,18,643,82236
esp32,AES128GCM,sw,decrypt,128,18,644,81285
esp32,AES128GCM,sw,decrypt,128,18,645,82236
esp32,AES128GCM,sw,decrypt,128,18,646,81285
esp32,AES128GCM,sw,decrypt,128,18,647,82236
esp32,AES128GCM,sw,decrypt,128,18,648,81285
esp32,AES128GCM,sw,decrypt,128,18,649,82236
esp32,AES128GCM,sw,decrypt,128,18,650,81285
esp32,AES128GCM,sw,decrypt,128,18,651,82236
esp32,AES128GCM,sw,decrypt,128,18,652,81285
esp32,AES128GCM,sw,decrypt,128,18,653,82245
esp32,AES128GCM,sw,decrypt,128,18,654,81285
esp32,AES128GCM,sw,decrypt,128,18,655,82236
esp32,AES128GCM,sw,decrypt,128,18,656,81285
esp32,AES128GCM,sw,decrypt,128,18,657,82236
esp32,AES128GCM,sw,decrypt,128,18,658,81285
esp32,AES128GCM,sw,decrypt,128,18,659,82236
esp32,AES128GCM,sw,decrypt,128,18,660,81285
esp32,AES128GCM,sw,decrypt,128,18,661,82236
esp32,AES128GCM,sw,decrypt,128,18,662,81285
esp32,AES128GCM,sw,decrypt,128,18,663,82878
esp32,AES128GCM,sw,decrypt,128,18,664,81285
esp32,AES128GCM,sw,decrypt,128,18,665,82236
esp32,AES128GCM,sw,decrypt,128,18,666,81285
esp32,AES128GCM,sw,decrypt,128,18,667,82236
esp32,AES128GCM,sw,decrypt,128,18,668,81285
esp32,AES128GCM,sw,decrypt,128,18,669,82236
esp32,AES128GCM,sw,decrypt,128,18,670,81285
esp32,AES128GCM,sw,decrypt,128,18,671,82236
esp32,AES128GCM,sw,decrypt,128,18,672,81285
esp32,AES128GCM,sw,decrypt,128,18,673,82236
esp32,AES128GCM,sw,decrypt,128,18,674,81285
esp32,AES128GCM,sw,decrypt,128,18,675,82236
esp32,AES128GCM,sw,decrypt,128,18,676,81285
esp32,AES128GCM,sw,decrypt,128,18,677,82236
esp32,AES128GCM,sw,decrypt,128,18,678,81285
esp32,AES128GCM,sw,decrypt,128,18,679,82236
esp32,AES128GCM,sw,decrypt,128,18,680,81285
esp32,AES128GCM,sw,decrypt,128,18,681,82235
esp32,AES128GCM,sw,decrypt,128,18,682,81285
esp32,AES128GCM,sw,decrypt,128,18,683,82236
esp32,AES128GCM,sw,decrypt,128,18,684,81285
esp32,AES128GCM,sw,decrypt,128,18,685,82236
esp32,AES128GCM,sw,decrypt,128,18,686,81285
esp32,AES128GCM,sw,decrypt,128,18,687,82236
esp32,AES128GCM,sw,decrypt,128,18,688,81285
esp32,AES128GCM,sw,decrypt,128,18,689,82236
esp32,AES128GCM,sw,decrypt,128,18,690,81285
esp32,AES128GCM,sw,decrypt,128,18,691,82236
esp32,AES128GCM,sw,decrypt,128,18,692,81285
esp32,AES128GCM,sw,decrypt,128,18,693,82236
esp32,AES128GCM,sw,decrypt,128,18,694,81285
esp32,AES128GCM,sw,decrypt,128,18,695,82236
esp32,AES128GCM,sw,decrypt,128,18,696,81285
esp32,AES128GCM,sw,decrypt,128,18,697,82236
esp32,AES128GCM,sw,decrypt,128,18,698,81285
esp32,AES128GCM,sw,decrypt,128,18,699,82236
esp32,AES128GCM,sw,decrypt,128,18,700,81285
esp32,AES128GCM,sw,decrypt,128,18,701,82236
esp32,AES128GCM,sw,decrypt,128,18,702,81285
esp32,AES128GCM,sw,decrypt,128,18,703,82236
esp32,AES128GCM,sw,decrypt,128,18,704,82488
esp32,AES128GCM,sw,decrypt,128,18,705,82236
esp32,AES128GCM,sw,decrypt,128,18,706,81285
esp32,AES128GCM,sw,decrypt,128,18,707,82236
esp32,AES128GCM,sw,decrypt,128,18,708,81285
esp32,AES128GCM,sw,decrypt,128,18,709,82236
esp32,AES128GCM,sw,decrypt,128,18,710,81285
esp32,AES128GCM,sw,decrypt,128,18,711,82236
esp32,AES128GCM,sw,decrypt,128,18,712,81285
esp32,AES128GCM,sw,decrypt,128,18,713,82236
esp32,AES128GCM,sw,decrypt,128,18,714,81285
esp32,AES128GCM,sw,decrypt,128,18,715,82236
esp32,AES128GCM,sw,decrypt,128,18,716,81285
esp32,AES128GCM,sw,decrypt,128,18,717,82245
esp32,AES128GCM,sw,decrypt,128,18,718,81285
esp32,AES128GCM,sw,decrypt,128,18,719,82236
esp32,AES128GCM,sw,decrypt,128,18,720,81285
esp32,AES128GCM,sw,decrypt,128,18,721,82236
esp32,AES128GCM,sw,decrypt,128,18,722,81285
esp32,AES128GCM,sw,decrypt,128,18,723,82236
esp32,AES128GCM,sw,decrypt,128,18,724,81285
esp32,AES128GCM,sw,decrypt,128,18,725,82236
esp32,AES128GCM,sw,decrypt,128,18,726,81285
esp32,AES128GCM,sw,decrypt,128,18,727,83487
esp32,AES128GCM,sw,decrypt,128,18,728,81285
esp32,AES128GCM,sw,decrypt,128,18,729,82236
esp32,AES128GCM,sw,decrypt,128,18,730,81285
esp32,AES128GCM,sw,decrypt,128,18,731,82236
esp32,AES128GCM,sw,decrypt,128,18,732,81285
esp32,AES128GCM,sw,decrypt,128,18,733,82236
esp32,AES128GCM,sw,decrypt,128,18,734,81285
esp32,AES128GCM,sw,decrypt,128,18,735,82236
esp32,AES128GCM,sw,decrypt,128,18,736,81285
esp32,AES128GCM,sw,decrypt,128,18,737,82236
esp32,AES128GCM,sw,decrypt,128,18,738,81285
esp32,AES128GCM,sw,decrypt,128,18,739,82236
esp32,AES128GCM,sw,decrypt,128,18,740,81285
esp32,AES128GCM,sw,decrypt,128,18,741,82236
esp32,AES128GCM,sw,decrypt,128,18,742,81285
esp32,AES128GCM,sw,decrypt,128,18,743,82236
esp32,AES128GCM,sw,decrypt,128,18,744,81285
esp32,AES128GCM,sw,decrypt,128,18,745,82235
esp32,AES128GCM,sw,decrypt,128,18,746,81285
esp32,AES128GCM,sw,decrypt,128,18,747,82236
esp32,AES128GCM,sw,decrypt,128,18,748,81285
esp32,AES128GCM,sw,decrypt,128,18,749,82236
esp32,AES128GCM,sw,decrypt,128,18,750,81285
esp32,AES128GCM,sw,decrypt,128,18,751,82236
esp32,AES128GCM,sw,decrypt,128,18,752,81285
esp32,AES128GCM,sw,decrypt,128,18,753,82236
esp32,AES128GCM,sw,decrypt,128,18,754,81285
esp32,AES128GCM,sw,decrypt,128,18,755,82236
esp32,AES128GCM,sw,decrypt,128,18,756,81285
esp32,AES128GCM,sw,decrypt,128,18,757,82236
esp32,AES128GCM,sw,decrypt,128,18,758,81285
esp32,AES128GCM,sw,decrypt,128,18,759,82236
esp32,AES128GCM,sw,decrypt,128,18,760,81285
esp32,AES128GCM,sw,decrypt,128,18,761,82236
esp32,AES128GCM,sw,decrypt,128,18,762,81285
esp32,AES128GCM,sw,decrypt,128,18,763,82236
esp32,AES128GCM,sw,decrypt,128,18,764,81285
esp32,AES128GCM,sw,decrypt,128,18,765,82236
esp32,AES128GCM,sw,decrypt,128,18,766,81285
esp32,AES128GCM,sw,decrypt,128,18,767,82236
esp32,AES128GCM,sw,decrypt,128,18,768,82485
esp32,AES128GCM,sw,decrypt,128,18,769,82236
esp32,AES128GCM,sw,decrypt,128,18,770,81285
esp32,AES128GCM,sw,decrypt,128,18,771,82236
esp32,AES128GCM,sw,decrypt,128,18,772,81285
esp32,AES128GCM,sw,decrypt,128,18,773,82236
esp32,AES128GCM,sw,decrypt,128,18,774,81285
esp32,AES128GCM,sw,decrypt,128,18,775,82236
esp32,AES128GCM,sw,decrypt,128,18,776,81285
esp32,AES128GCM,sw,decrypt,128,18,777,82236
esp32,AES128GCM,sw,decrypt,128,18,778,81285
esp32,AES128GCM,sw,decrypt,128,18,779,82236
esp32,AES128GCM,sw,decrypt,128,18,780,81285
esp32,AES128GCM,sw,decrypt,128,18,781,82242
esp32,AES128GCM,sw,decrypt,128,18,782,81285
esp32,AES128GCM,sw,decrypt,128,18,783,82236
esp32,AES128GCM,sw,decrypt,128,18,784,81285
esp32,AES128GCM,sw,decrypt,128,18,785,82236
esp32,AES128GCM,sw,decrypt,128,18,786,81285
esp32,AES128GCM,sw,decrypt,128,18,787,82236
esp32,AES128GCM,sw,decrypt,128,18,788,81285
esp32,AES128GCM,sw,decrypt,128,18,789,82236
esp32,AES128GCM,sw,decrypt,128,18,790,81285
esp32,AES128GCM,sw,decrypt,128,18,791,83610
esp32,AES128GCM,sw,decrypt,128,18,792,81285
esp32,AES128GCM,sw,decrypt,128,18,793,82236
esp32,AES128GCM,sw,decrypt,128,18,794,81285
esp32,AES128GCM,sw,decrypt,128,18,795,82236
esp32,AES128GCM,sw,decrypt,128,18,796,81285
esp32,AES128GCM,sw,decrypt,128,18,797,82236
esp32,AES128GCM,sw,decrypt,128,18,798,81285
esp32,AES128GCM,sw,decrypt,128,18,799,82236
esp32,AES128GCM,sw,decrypt,128,18,800,81285
esp32,AES128GCM,sw,decrypt,128,18,801,82236
esp32,AES128GCM,sw,decrypt,128,18,802,81285
esp32,AES128GCM,sw,decrypt,128,18,803,82236
esp32,AES128GCM,sw,decrypt,128,18,804,81285
esp32,AES128GCM,sw,decrypt,128,18,805,82236
esp32,AES128GCM,sw,decrypt,128,18,806,81285
esp32,AES128GCM,sw,decrypt,128,18,807,82236
esp32,AES128GCM,sw,decrypt,128,18,808,81285
esp32,AES128GCM,sw,decrypt,128,18,809,82235
esp32,AES128GCM,sw,decrypt,128,18,810,81285
esp32,AES128GCM,sw,decrypt,128,18,811,82236
esp32,AES128GCM,sw,decrypt,128,18,812,81285
esp32,AES128GCM,sw,decrypt,128,18,813,82236
esp32,AES128GCM,sw,decrypt,128,18,814,81285
esp32,AES128GCM,sw,decrypt,128,18,815,82236
esp32,AES128GCM,sw,decrypt,128,18,816,81285
esp32,AES128GCM,sw,decrypt,128,18,817,82236
esp32,AES128GCM,sw,decrypt,128,18,818,81285
esp32,AES128GCM,sw,decrypt,128,18,819,82236
esp32,AES128GCM,sw,decrypt,128,18,820,81285
esp32,AES128GCM,sw,decrypt,128,18,821,82236
esp32,AES128GCM,sw,decrypt,128,18,822,81285
esp32,AES128GCM,sw,decrypt,128,18,823,82236
esp32,AES128GCM,sw,decrypt,128,18,824,81285
esp32,AES128GCM,sw,decrypt,128,18,825,82236
esp32,AES128GCM,sw,decrypt,128,18,826,81285
esp32,AES128GCM,sw,decrypt,128,18,827,82236
esp32,AES128GCM,sw,decrypt,128,18,828,81285
esp32,AES128GCM,sw,decrypt,128,18,829,82236
esp32,AES128GCM,sw,decrypt,128,18,830,81285
esp32,AES128GCM,sw,decrypt,128,18,831,82236
esp32,AES128GCM,sw,decrypt,128,18,832,82485
esp32,AES128GCM,sw,decrypt,128,18,833,82236
esp32,AES128GCM,sw,decrypt,128,18,834,81285
esp32,AES128GCM,sw,decrypt,128,18,835,82236
esp32,AES128GCM,sw,decrypt,128,18,836,81285
esp32,AES128GCM,sw,decrypt,128,18,837,82236
esp32,AES128GCM,sw,decrypt,128,18,838,81285
esp32,AES128GCM,sw,decrypt,128,18,839,82236
esp32,AES128GCM,sw,decrypt,128,18,840,81285
esp32,AES128GCM,sw,decrypt,128,18,841,82236
esp32,AES128GCM,sw,decrypt,128,18,842,81285
esp32,AES128GCM,sw,decrypt,128,18,843,82236
esp32,AES128GCM,sw,decrypt,128,18,844,81285
esp32,AES128GCM,sw,decrypt,128,18,845,82242
esp32,AES128GCM,sw,decrypt,128,18,846,81285
esp32,AES128GCM,sw,decrypt,128,18,847,82236
esp32,AES128GCM,sw,decrypt,128,18,848,81285
esp32,AES128GCM,sw,decrypt,128,18,849,82236
esp32,AES128GCM,sw,decrypt,128,18,850,81285
esp32,AES128GCM,sw,decrypt,128,18,851,82236
esp32,AES128GCM,sw,decrypt,128,18,852,81285
esp32,AES128GCM,sw,decrypt,128,18,853,82236
esp32,AES128GCM,sw,decrypt,128,18,854,81285
esp32,AES128GCM,sw,decrypt,128,18,855,83610
esp32,AES128GCM,sw,decrypt,128,18,856,81285
esp32,AES128GCM,sw,decrypt,128,18,857,82236
esp32,AES128GCM,sw,decrypt,128,18,858,81285
esp32,AES128GCM,sw,decrypt,128,18,859,82236
esp32,AES128GCM,sw,decrypt,128,18,860,81285
esp32,AES128GCM,sw,decrypt,128,18,861,82236
esp32,AES128GCM,sw,decrypt,128,18,862,81285
esp32,AES128GCM,sw,decrypt,128,18,863,82236
esp32,AES128GCM,sw,decrypt,128,18,864,81285
esp32,AES128GCM,sw,decrypt,128,18,865,82236
esp32,AES128GCM,sw,decrypt,128,18,866,81285
esp32,AES128GCM,sw,decrypt,128,18,867,82236
esp32,AES128GCM,sw,decrypt,128,18,868,81285
esp32,AES128GCM,sw,decrypt,128,18,869,82236
esp32,AES128GCM,sw,decrypt,128,18,870,81285
esp32,AES128GCM,sw,decrypt,128,18,871,82236
esp32,AES128GCM,sw,decrypt,128,18,872,81285
esp32,AES128GCM,sw,decrypt,128,18,873,82235
esp32,AES128GCM,sw,decrypt,128,18,874,81285
esp32,AES128GCM,sw,decrypt,128,18,875,82236
esp32,AES128GCM,sw,decrypt,128,18,876,81285
esp32,AES128GCM,sw,decrypt,128,18,877,82236
esp32,AES128GCM,sw,decrypt,128,18,878,81285
esp32,AES128GCM,sw,decrypt,128,18,879,82236
esp32,AES128GCM,sw,decrypt,128,18,880,81285
esp32,AES128GCM,sw,decrypt,128,18,881,82236
esp32,AES128GCM,sw,decrypt,128,18,882,81285
esp32,AES128GCM,sw,decrypt,128,18,883,82236
esp32,AES128GCM,sw,decrypt,128,18,884,81285
esp32,AES128GCM,sw,decrypt,128,18,885,82236
esp32,AES128GCM,sw,decrypt,128,18,886,81285
esp32,AES128GCM,sw,decrypt,128,18,887,82236
esp32,AES128GCM,sw,decrypt,128,18,888,81285
esp32,AES128GCM,sw,decrypt,128,18,889,82236
esp32,AES128GCM,sw,decrypt,128,18,890,81285
esp32,AES128GCM,sw,decrypt,128,18,891,82236
esp32,AES128GCM,sw,decrypt,128,18,892,81285
esp32,AES128GCM,sw,decrypt,128,18,893,82236
esp32,AES128GCM,sw,decrypt,128,18,894,81285
esp32,AES128GCM,sw,decrypt,128,18,895,82236
esp32,AES128GCM,sw,decrypt,128,18,896,82488
esp32,AES128GCM,sw,decrypt,128,18,897,82236
esp32,AES128GCM,sw,decrypt,128,18,898,81285
esp32,AES128GCM,sw,decrypt,128,18,899,82236
esp32,AES128GCM,sw,decrypt,128,18,900,81285
esp32,AES128GCM,sw,decrypt,128,18,901,82236
esp32,AES128GCM,sw,decrypt,128,18,902,81285
esp32,AES128GCM,sw,decrypt,128,18,903,82236
esp32,AES128GCM,sw,decrypt,128,18,904,81285
esp32,AES128GCM,sw,decrypt,128,18,905,82236
esp32,AES128GCM,sw,decrypt,128,18,906,81285
esp32,AES128GCM,sw,decrypt,128,18,907,82236
esp32,AES128GCM,sw,decrypt,128,18,908,81285
esp32,AES128GCM,sw,decrypt,128,18,909,82242
esp32,AES128GCM,sw,decrypt,128,18,910,81285
esp32,AES128GCM,sw,decrypt,128,18,911,82236
esp32,AES128GCM,sw,decrypt,128,18,912,81285
esp32,AES128GCM,sw,decrypt,128,18,913,82236
esp32,AES128GCM,sw,decrypt,128,18,914,81285
esp32,AES128GCM,sw,decrypt,128,18,915,82236
esp32,AES128GCM,sw,decrypt,128,18,916,81285
esp32,AES128GCM,sw,decrypt,128,18,917,82236
esp32,AES128GCM,sw,decrypt,128,18,918,81285
esp32,AES128GCM,sw,decrypt,128,18,919,83439
esp32,AES128GCM,sw,decrypt,128,18,920,81285
esp32,AES128GCM,sw,decrypt,128,18,921,82236
esp32,AES128GCM,sw,decrypt,128,18,922,81285
esp32,AES128GCM,sw,decrypt,128,18,923,82236
esp32,AES128GCM,sw,decrypt,128,18,924,81285
esp32,AES128GCM,sw,decrypt,128,18,925,82236
esp32,AES128GCM,sw,decrypt,128,18,926,81285
esp32,AES128GCM,sw,decrypt,128,18,927,82236
esp32,AES128GCM,sw,decrypt,128,18,928,81285
esp32,AES128GCM,sw,decrypt,128,18,929,82236
esp32,AES128GCM,sw,decrypt,128,18,930,81285
esp32,AES128GCM,sw,decrypt,128,18,931,82236
esp32,AES128GCM,sw,decrypt,128,18,932,81285
esp32,AES128GCM,sw,decrypt,128,18,933,82236
esp32,AES128GCM,sw,decrypt,128,18,934,81285
esp32,AES128GCM,sw,decrypt,128,18,935,82236
esp32,AES128GCM,sw,decrypt,128,18,936,81285
esp32,AES128GCM,sw,decrypt,128,18,937,82235
esp32,AES128GCM,sw,decrypt,128,18,938,81285
esp32,AES128GCM,sw,decrypt,128,18,939,82236
esp32,AES128GCM,sw,decrypt,128,18,940,81285
esp32,AES128GCM,sw,decrypt,128,18,941,82236
esp32,AES128GCM,sw,decrypt,128,18,942,81285
esp32,AES128GCM,sw,decrypt,128,18,943,82236
esp32,AES128GCM,sw,decrypt,128,18,944,81285
esp32,AES128GCM,sw,decrypt,128,18,945,82236
esp32,AES128GCM,sw,decrypt,128,18,946,81285
esp32,AES128GCM,sw,decrypt,128,18,947,82236
esp32,AES128GCM,sw,decrypt,128,18,948,81285
esp32,AES128GCM,sw,decrypt,128,18,949,82236
esp32,AES128GCM,sw,decrypt,128,18,950,81285
esp32,AES128GCM,sw,decrypt,128,18,951,82236
esp32,AES128GCM,sw,decrypt,128,18,952,81285
esp32,AES128GCM,sw,decrypt,128,18,953,82236
esp32,AES128GCM,sw,decrypt,128,18,954,81285
esp32,AES128GCM,sw,decrypt,128,18,955,82236
esp32,AES128GCM,sw,decrypt,128,18,956,81285
esp32,AES128GCM,sw,decrypt,128,18,957,82236
esp32,AES128GCM,sw,decrypt,128,18,958,81285
esp32,AES128GCM,sw,decrypt,128,18,959,82236
esp32,AES128GCM,sw,decrypt,128,18,960,82485
esp32,AES128GCM,sw,decrypt,128,18,961,82236
esp32,AES128GCM,sw,decrypt,128,18,962,81285
esp32,AES128GCM,sw,decrypt,128,18,963,82236
esp32,AES128GCM,sw,decrypt,128,18,964,81285
esp32,AES128GCM,sw,decrypt,128,18,965,82236
esp32,AES128GCM,sw,decrypt,128,18,966,81285
esp32,AES128GCM,sw,decrypt,128,18,967,82236
esp32,AES128GCM,sw,decrypt,128,18,968,81285
esp32,AES128GCM,sw,decrypt,128,18,969,82236
esp32,AES128GCM,sw,decrypt,128,18,970,81285
esp32,AES128GCM,sw,decrypt,128,18,971,82236
esp32,AES128GCM,sw,decrypt,128,18,972,81285
esp32,AES128GCM,sw,decrypt,128,18,973,82242
esp32,AES128GCM,sw,decrypt,128,18,974,81285
esp32,AES128GCM,sw,decrypt,128,18,975,82236
esp32,AES128GCM,sw,decrypt,128,18,976,81285
esp32,AES128GCM,sw,decrypt,128,18,977,82236
esp32,AES128GCM,sw,decrypt,128,18,978,81285
esp32,AES128GCM,sw,decrypt,128,18,979,82236
esp32,AES128GCM,sw,decrypt,128,18,980,81285
esp32,AES128GCM,sw,decrypt,128,18,981,82236
esp32,AES128GCM,sw,decrypt,128,18,982,81285
esp32,AES128GCM,sw,decrypt,128,18,983,83439
esp32,AES128GCM,sw,decrypt,128,18,984,81285
esp32,AES128GCM,sw,decrypt,128,18,985,82236
esp32,AES128GCM,sw,decrypt,128,18,986,81285
esp32,AES128GCM,sw,decrypt,128,18,987,82236
esp32,AES128GCM,sw,decrypt,128,18,988,81285
esp32,AES128GCM,sw,decrypt,128,18,989,82236
esp32,AES128GCM,sw,decrypt,128,18,990,81285
esp32,AES128GCM,sw,decrypt,128,18,991,82236
esp32,AES128GCM,sw,decrypt,128,18,992,81285
esp32,AES128GCM,sw,decrypt,128,18,993,82236
esp32,AES128GCM,sw,decrypt,128,18,994,81285
esp32,AES128GCM,sw,decrypt,128,18,995,82236
esp32,AES128GCM,sw,decrypt,128,18,996,81285
esp32,AES128GCM,sw,decrypt,128,18,997,82236
esp32,AES128GCM,sw,decrypt,128,18,998,81285
esp32,AES128GCM,sw,decrypt,128,18,999,82236
stack,esp32,AES128GCM,sw,decrypt,128,14084
esp32,AES128GCM,sw,encrypt,256,18,0,142139
esp32,AES128GCM,sw,encrypt,256,18,1,144293
esp32,AES128GCM,sw,encrypt,256,18,2,142145
esp32,AES128GCM,sw,encrypt,256,18,3,143090
esp32,AES128GCM,sw,encrypt,256,18,4,142145
esp32,AES128GCM,sw,encrypt,256,18,5,143090
esp32,AES128GCM,sw,encrypt,256,18,6,142145
esp32,AES128GCM,sw,encrypt,256,18,7,143090
esp32,AES128GCM,sw,encrypt,256,18,8,142145
esp32,AES128GCM,sw,encrypt,256,18,9,143090
esp32,AES128GCM,sw,encrypt,256,18,10,142145
esp32,AES128GCM,sw,encrypt,256,18,11,143090
esp32,AES128GCM,sw,encrypt,256,18,12,142145
esp32,AES128GCM,sw,encrypt,256,18,13,143090
esp32,AES128GCM,sw,encrypt,256,18,14,142145
esp32,AES128GCM,sw,encrypt,256,18,15,143090
esp32,AES128GCM,sw,encrypt,256,18,16,142151
esp32,AES128GCM,sw,encrypt,256,18,17,143090
esp32,AES128GCM,sw,encrypt,256,18,18,142145
esp32,AES128GCM,sw,encrypt,256,18,19,143090
esp32,AES128GCM,sw,encrypt,256,18,20,142145
esp32,AES128GCM,sw,encrypt,256,18,21,144338
esp32,AES128GCM,sw,encrypt,256,18,22,142145
esp32,AES128GCM,sw,encrypt,256,18,23,143090
esp32,AES128GCM,sw,encrypt,256,18,24,142145
esp32,AES128GCM,sw,encrypt,256,18,25,143090
esp32,AES128GCM,sw,encrypt,256,18,26,142145
esp32,AES128GCM,sw,encrypt,256,18,27,143090
esp32,AES128GCM,sw,encrypt,256,18,28,142145
esp32,AES128GCM,sw,encrypt,256,18,29,143090
esp32,AES128GCM,sw,encrypt,256,18,30,142145
esp32,AES128GCM,sw,encrypt,256,18,31,143090
esp32,AES128GCM,sw,encrypt,256,18,32,142145
esp32,AES128GCM,sw,encrypt,256,18,33,143090
esp32,AES128GCM,sw,encrypt,256,18,34,142145
esp32,AES128GCM,sw,encrypt,256,18,35,143090
esp32,AES128GCM,sw,encrypt,256,18,36,142145
esp32,AES128GCM,sw,encrypt,256,18,37,143090
esp32,AES128GCM,sw,encrypt,256,18,38,142145
esp32,AES128GCM,sw,encrypt,256,18,39,144293
esp32,AES128GCM,sw,encrypt,256,18,40,142145
esp32,AES128GCM,sw,encrypt,256,18,41,143090
esp32,AES128GCM,sw,encrypt,256,18,42,142145
esp32,AES128GCM,sw,encrypt,256,18,43,143090
esp32,AES128GCM,sw,encrypt,256,18,44,142565
esp32,AES128GCM,sw,encrypt,256,18,45,143090
esp32,AES128GCM,sw,encrypt,256,18,46,142145
esp32,AES128GCM,sw,encrypt,256,18,47,143090
esp32,AES128GCM,sw,encrypt,256,18,48,142145
esp32,AES128GCM,sw,encrypt,256,18,49,143090
esp32,AES128GCM,sw,encrypt,256,18,50,142145
esp32,AES128GCM,sw,encrypt,256,18,51,143090
esp32,AES128GCM,sw,encrypt,256,18,52,142145
esp32,AES128GCM,sw,encrypt,256,18,53,143090
esp32,AES128GCM,sw,encrypt,256,18,54,142145
esp32,AES128GCM,sw,encrypt,256,18,55,143090
esp32,AES128GCM,sw,encrypt,256,18,56,142145
esp32,AES128GCM,sw,encrypt,256,18,57,143090
esp32,AES128GCM,sw,encrypt,256,18,58,142145
esp32,AES128GCM,sw,encrypt,256,18,59,143090
esp32,AES128GCM,sw,encrypt,256,18,60,142145
esp32,AES128GCM,sw,encrypt,256,18,61,143090
esp32,AES128GCM,sw,encrypt,256,18,62,143348
esp32,AES128GCM,sw,encrypt,256,18,63,143090
esp32,AES128GCM,sw,encrypt,256,18,64,142145
esp32,AES128GCM,sw,encrypt,256,18,65,143090
esp32,AES128GCM,sw,encrypt,256,18,66,142145
esp32,AES128GCM,sw,encrypt,256,18,67,143090
esp32,AES128GCM,sw,encrypt,256,18,68,142145
esp32,AES128GCM,sw,encrypt,256,18,69,143090
esp32,AES128GCM,sw,encrypt,256,18,70,142145
esp32,AES128GCM,sw,encrypt,256,18,71,143090
esp32,AES128GCM,sw,encrypt,256,18,72,142145
esp32,AES128GCM,sw,encrypt,256,18,73,143090
esp32,AES128GCM,sw,encrypt,256,18,74,142145
esp32,AES128GCM,sw,encrypt,256,18,75,143090
esp32,AES128GCM,sw,encrypt,256,18,76,142145
esp32,AES128GCM,sw,encrypt,256,18,77,143090
esp32,AES128GCM,sw,encrypt,256,18,78,142145
esp32,AES128GCM,sw,encrypt,256,18,79,143090
esp32,AES128GCM,sw,encrypt,256,18,80,142145
esp32,AES128GCM,sw,encrypt,256,18,81,143090
esp32,AES128GCM,sw,encrypt,256,18,82,142145
esp32,AES128GCM,sw,encrypt,256,18,83,143090
esp32,AES128GCM,sw,encrypt,256,18,84,142145
esp32,AES128GCM,sw,encrypt,256,18,85,144467
esp32,AES128GCM,sw,encrypt,256,18,86,142145
esp32,AES128GCM,sw,encrypt,256,18,87,143090
esp32,AES128GCM,sw,encrypt,256,18,88,142145
esp32,AES128GCM,sw,encrypt,256,18,89,143090
esp32,AES128GCM,sw,encrypt,256,18,90,142145
esp32,AES128GCM,sw,encrypt,256,18,91,143090
esp32,AES128GCM,sw,encrypt,256,18,92,142145
esp32,AES128GCM,sw,encrypt,256,18,93,143090
esp32,AES128GCM,sw,encrypt,256,18,94,142145
esp32,AES128GCM,sw,encrypt,256,18,95,143090
esp32,AES128GCM,sw,encrypt,256,18,96,142145
esp32,AES128GCM,sw,encrypt,256,18,97,143090
esp32,AES128GCM,sw,encrypt,256,18,98,142145
esp32,AES128GCM,sw,encrypt,256,18,99,143090
esp32,AES128GCM,sw,encrypt,256,18,100,142145
esp32,AES128GCM,sw,encrypt,256,18,101,143090
esp32,AES128GCM,sw,encrypt,256,18,102,142145
esp32,AES128GCM,sw,encrypt,256,18,103,143090
esp32,AES128GCM,sw,encrypt,256,18,104,142145
esp32,AES128GCM,sw,encrypt,256,18,105,143090
esp32,AES128GCM,sw,encrypt,256,18,106,142145
esp32,AES128GCM,sw,encrypt,256,18,107,143090
esp32,AES128GCM,sw,encrypt,256,18,108,142145
esp32,AES128GCM,sw,encrypt,256,18,109,143090
esp32,AES128GCM,sw,encrypt,256,18,110,142145
esp32,AES128GCM,sw,encrypt,256,18,111,143090
esp32,AES128GCM,sw,encrypt,256,18,112,142145
esp32,AES128GCM,sw,encrypt,256,18,113,143090
esp32,AES128GCM,sw,encrypt,256,18,114,142145
esp32,AES128GCM,sw,encrypt,256,18,115,143090
esp32,AES128GCM,sw,encrypt,256,18,116,142145
esp32,AES128GCM,sw,encrypt,256,18,117,143090
esp32,AES128GCM,sw,encrypt,256,18,118,142145
esp32,AES128GCM,sw,encrypt,256,18,119,143090
esp32,AES128GCM,sw,encrypt,256,18,120,142145
esp32,AES128GCM,sw,encrypt,256,18,121,143090
esp32,AES128GCM,sw,encrypt,256,18,122,142145
esp32,AES128GCM,sw,encrypt,256,18,123,143092
esp32,AES128GCM,sw,encrypt,256,18,124,142145
esp32,AES128GCM,sw,encrypt,256,18,125,143090
esp32,AES128GCM,sw,encrypt,256,18,126,142145
esp32,AES128GCM,sw,encrypt,256,18,127,143090
esp32,AES128GCM,sw,encrypt,256,18,128,142147
esp32,AES128GCM,sw,encrypt,256,18,129,143090
esp32,AES128GCM,sw,encrypt,256,18,130,142145
esp32,AES128GCM,sw,encrypt,256,18,131,143090
esp32,AES128GCM,sw,encrypt,256,18,132,142145
esp32,AES128GCM,sw,encrypt,256,18,133,143092
esp32,AES128GCM,sw,encrypt,256,18,134,142145
esp32,AES128GCM,sw,encrypt,256,18,135,143090
esp32,AES128GCM,sw,encrypt,256,18,136,142145
esp32,AES128GCM,sw,encrypt,256,18,137,143090
esp32,AES128GCM,sw,encrypt,256,18,138,143390
esp32,AES128GCM,sw,encrypt,256,18,139,143090
esp32,AES128GCM,sw,encrypt,256,18,140,142145
esp32,AES128GCM,sw,encrypt,256,18,141,143090
esp32,AES128GCM,sw,encrypt,256,18,142,142145
esp32,AES128GCM,sw,encrypt,256,18,143,144368
esp32,AES128GCM,sw,encrypt,256,18,144,142145
esp32,AES128GCM,sw,encrypt,256,18,145,143090
esp32,AES128GCM,sw,encrypt,256,18,146,142145
esp32,AES128GCM,sw,encrypt,256,18,147,143090
esp32,AES128GCM,sw,encrypt,256,18,148,143519
esp32,AES128GCM,sw,encrypt,256,18,149,143090
esp32,AES128GCM,sw,encrypt,256,18,150,142145
esp32,AES128GCM,sw,encrypt,256,18,151,143090
esp32,AES128GCM,sw,encrypt,256,18,152,142145
esp32,AES128GCM,sw,encrypt,256,18,153,144464
esp32,AES128GCM,sw,encrypt,256,18,154,142145
esp32,AES128GCM,sw,encrypt,256,18,155,143090
esp32,AES128GCM,sw,encrypt,256,18,156,142145
esp32,AES128GCM,sw,encrypt,256,18,157,143090
esp32,AES128GCM,sw,encrypt,256,18,158,143348
esp32,AES128GCM,sw,encrypt,256,18,159,143090
esp32,AES128GCM,sw,encrypt,256,18,160,142145
esp32,AES128GCM,sw,encrypt,256,18,161,143090
esp32,AES128GCM,sw,encrypt,256,18,162,142145
esp32,AES128GCM,sw,encrypt,256,18,163,144293
esp32,AES128GCM,sw,encrypt,256,18,164,142145
esp32,AES128GCM,sw,encrypt,256,18,165,143090
esp32,AES128GCM,sw,encrypt,256,18,166,142145
esp32,AES128GCM,sw,encrypt,256,18,167,143090
esp32,AES128GCM,sw,encrypt,256,18,168,143348
esp32,AES128GCM,sw,encrypt,256,18,169,143090
esp32,AES128GCM,sw,encrypt,256,18,170,142145
esp32,AES128GCM,sw,encrypt,256,18,171,143090
esp32,AES128GCM,sw,encrypt,256,18,172,142145
esp32,AES128GCM,sw,encrypt,256,18,173,144293
esp32,AES128GCM,sw,encrypt,256,18,174,142145
esp32,AES128GCM,sw,encrypt,256,18,175,143090
esp32,AES128GCM,sw,encrypt,256,18,176,142145
esp32,AES128GCM,sw,encrypt,256,18,177,143090
esp32,AES128GCM,sw,encrypt,256,18,178,143348
esp32,AES128GCM,sw,encrypt,256,18,179,143090
esp32,AES128GCM,sw,encrypt,256,18,180,142145
esp32,AES128GCM,sw,encrypt,256,18,181,143090
esp32,AES128GCM,sw,encrypt,256,18,182,142145
esp32,AES128GCM,sw,encrypt,256,18,183,144293
esp32,AES128GCM,sw,encrypt,256,18,184,142145
esp32,AES128GCM,sw,encrypt,256,18,185,143090
esp32,AES128GCM,sw,encrypt,256,18,186,142145
esp32,AES128GCM,sw,encrypt,256,18,187,143090
esp32,AES128GCM,sw,encrypt,256,18,188,143348
esp32,AES128GCM,sw,encrypt,256,18,189,143090
esp32,AES128GCM,sw,encrypt,256,18,190,142145
esp32,AES128GCM,sw,encrypt,256,18,191,143090
esp32,AES128GCM,sw,encrypt,256,18,192,142145
esp32,AES128GCM,sw,encrypt,256,18,193,144290
esp32,AES128GCM,sw,encrypt,256,18,194,142145
esp32,AES128GCM,sw,encrypt,256,18,195,143090
esp32,AES128GCM,sw,encrypt,256,18,196,142145
esp32,AES128GCM,sw,encrypt,256,18,197,143090
esp32,AES128GCM,sw,encrypt,256,18,198,142973
esp32,AES128GCM,sw,encrypt,256,18,199,143090
esp32,AES128GCM,sw,encrypt,256,18,200,142145
esp32,AES128GCM,sw,encrypt,256,18,201,143090
esp32,AES128GCM,sw,encrypt,256,18,202,142145
esp32,AES128GCM,sw,encrypt,256,18,203,143999
esp32,AES128GCM,sw,encrypt,256,18,204,142145
esp32,AES128GCM,sw,encrypt,256,18,205,143090
esp32,AES128GCM,sw,encrypt,256,18,206,142145
esp32,AES128GCM,sw,encrypt,256,18,207,143090
esp32,AES128GCM,sw,encrypt,256,18,208,143522
esp32,AES128GCM,sw,encrypt,256,18,209,143090
esp32,AES128GCM,sw,encrypt,256,18,210,142145
esp32,AES128GCM,sw,encrypt,256,18,211,143090
esp32,AES128GCM,sw,encrypt,256,18,212,142145
esp32,AES128GCM,sw,encrypt,256,18,213,144466
esp32,AES128GCM,sw,encrypt,256,18,214,142145
esp32,AES128GCM,sw,encrypt,256,18,215,143090
esp32,AES128GCM,sw,encrypt,256,18,216,142145
esp32,AES128GCM,sw,encrypt,256,18,217,143090
esp32,AES128GCM,sw,encrypt,256,18,218,143390
esp32,AES128GCM,sw,encrypt,256,18,219,143090
esp32,AES128GCM,sw,encrypt,256,18,220,142145
esp32,AES128GCM,sw,encrypt,256,18,221,143090
esp32,AES128GCM,sw,encrypt,256,18,222,142145
esp32,AES128GCM,sw,encrypt,256,18,223,143090
esp32,AES128GCM,sw,encrypt,256,18,224,142145
esp32,AES128GCM,sw,encrypt,256,18,225,143090
esp32,AES128GCM,sw,encrypt,256,18,226,142145
esp32,AES128GCM,sw,encrypt,256,18,227,143090
esp32,AES128GCM,sw,encrypt,256,18,228,142145
esp32,AES128GCM,sw,encrypt,256,18,229,143090
esp32,AES128GCM,sw,encrypt,256,18,230,142145
esp32,AES128GCM,sw,encrypt,256,18,231,143090
esp32,AES128GCM,sw,encrypt,256,18,232,142145
esp32,AES128GCM,sw,encrypt,256,18,233,143090
esp32,AES128GCM,sw,encrypt,256,18,234,142145
esp32,AES128GCM,sw,encrypt,256,18,235,143090
esp32,AES128GCM,sw,encrypt,256,18,236,142145
esp32,AES128GCM,sw,encrypt,256,18,237,143090
esp32,AES128GCM,sw,encrypt,256,18,238,142145
esp32,AES128GCM,sw,encrypt,256,18,239,143090
esp32,AES128GCM,sw,encrypt,256,18,240,142145
esp32,AES128GCM,sw,encrypt,256,18,241,143090
esp32,AES128GCM,sw,encrypt,256,18,242,142145
esp32,AES128GCM,sw,encrypt,256,18,243,143090
esp32,AES128GCM,sw,encrypt,256,18,244,142145
esp32,AES128GCM,sw,encrypt,256,18,245,143090
esp32,AES128GCM,sw,encrypt,256,18,246,142145
esp32,AES128GCM,sw,encrypt,256,18,247,143090
esp32,AES128GCM,sw,encrypt,256,18,248,142145
esp32,AES128GCM,sw,encrypt,256,18,249,143090
esp32,AES128GCM,sw,encrypt,256,18,250,142145
esp32,AES128GCM,sw,encrypt,256,18,251,143090
esp32,AES128GCM,sw,encrypt,256,18,252,142145
esp32,AES128GCM,sw,encrypt,256,18,253,143090
esp32,AES128GCM,sw,encrypt,256,18,254,142145
esp32,AES128GCM,sw,encrypt,256,18,255,143090
esp32,AES128GCM,sw,encrypt,256,18,256,142145
esp32,AES128GCM,sw,encrypt,256,18,257,143090
esp32,AES128GCM,sw,encrypt,256,18,258,142145
esp32,AES128GCM,sw,encrypt,256,18,259,143090
esp32,AES128GCM,sw,encrypt,256,18,260,142145
esp32,AES128GCM,sw,encrypt,256,18,261,143090
esp32,AES128GCM,sw,encrypt,256,18,262,142145
esp32,AES128GCM,sw,encrypt,256,18,263,143090
esp32,AES128GCM,sw,encrypt,256,18,264,142145
esp32,AES128GCM,sw,encrypt,256,18,265,143090
esp32,AES128GCM,sw,encrypt,256,18,266,142145
esp32,AES128GCM,sw,encrypt,256,18,267,143090
esp32,AES128GCM,sw,encrypt,256,18,268,142145
esp32,AES128GCM,sw,encrypt,256,18,269,143090
esp32,AES128GCM,sw,encrypt,256,18,270,142145
esp32,AES128GCM,sw,encrypt,256,18,271,143090
esp32,AES128GCM,sw,encrypt,256,18,272,142145
esp32,AES128GCM,sw,encrypt,256,18,273,143090
esp32,AES128GCM,sw,encrypt,256,18,274,142145
esp32,AES128GCM,sw,encrypt,256,18,275,143090
esp32,AES128GCM,sw,encrypt,256,18,276,142145
esp32,AES128GCM,sw,encrypt,256,18,277,143090
esp32,AES128GCM,sw,encrypt,256,18,278,142145
esp32,AES128GCM,sw,encrypt,256,18,279,143090
esp32,AES128GCM,sw,encrypt,256,18,280,142145
esp32,AES128GCM,sw,encrypt,256,18,281,143090
esp32,AES128GCM,sw,encrypt,256,18,282,142145
esp32,AES128GCM,sw,encrypt,256,18,283,143090
esp32,AES128GCM,sw,encrypt,256,18,284,142145
esp32,AES128GCM,sw,encrypt,256,18,285,143090
esp32,AES128GCM,sw,encrypt,256,18,286,142145
esp32,AES128GCM,sw,encrypt,256,18,287,143090
esp32,AES128GCM,sw,encrypt,256,18,288,142145
esp32,AES128GCM,sw,encrypt,256,18,289,143090
esp32,AES128GCM,sw,encrypt,256,18,290,142145
esp32,AES128GCM,sw,encrypt,256,18,291,143090
esp32,AES128GCM,sw,encrypt,256,18,292,142145
esp32,AES128GCM,sw,encrypt,256,18,293,143090
esp32,AES128GCM,sw,encrypt,256,18,294,142145
esp32,AES128GCM,sw,encrypt,256,18,295,143090
esp32,AES128GCM,sw,encrypt,256,18,296,142145
esp32,AES128GCM,sw,encrypt,256,18,297,143090
esp32,AES128GCM,sw,encrypt,256,18,298,142145
esp32,AES128GCM,sw,encrypt,256,18,299,143090
esp32,AES128GCM,sw,encrypt,256,18,300,142145
esp32,AES128GCM,sw,encrypt,256,18,301,143090
esp32,AES128GCM,sw,encrypt,256,18,302,142145
esp32,AES128GCM,sw,encrypt,256,18,303,143090
esp32,AES128GCM,sw,encrypt,256,18,304,142145
esp32,AES128GCM,sw,encrypt,256,18,305,143090
esp32,AES128GCM,sw,encrypt,256,18,306,142145
esp32,AES128GCM,sw,encrypt,256,18,307,143090
esp32,AES128GCM,sw,encrypt,256,18,308,142145
esp32,AES128GCM,sw,encrypt,256,18,309,143090
esp32,AES128GCM,sw,encrypt,256,18,310,142145
esp32,AES128GCM,sw,encrypt,256,18,311,143090
esp32,AES128GCM,sw,encrypt,256,18,312,142145
esp32,AES128GCM,sw,encrypt,256,18,313,143090
esp32,AES128GCM,sw,encrypt,256,18,314,142145
esp32,AES128GCM,sw,encrypt,256,18,315,143090
esp32,AES128GCM,sw,encrypt,256,18,316,142145
esp32,AES128GCM,sw,encrypt,256,18,317,143090
esp32,AES128GCM,sw,encrypt,256,18,318,142145
esp32,AES128GCM,sw,encrypt,256,18,319,143090
esp32,AES128GCM,sw,encrypt,256,18,320,142145
esp32,AES128GCM,sw,encrypt,256,18,321,143091
esp32,AES128GCM,sw,encrypt,256,18,322,142145
esp32,AES128GCM,sw,encrypt,256,18,323,143090
esp32,AES128GCM,sw,encrypt,256,18,324,142145
esp32,AES128GCM,sw,encrypt,256,18,325,143090
esp32,AES128GCM,sw,encrypt,256,18,326,142145
esp32,AES128GCM,sw,encrypt,256,18,327,143090
esp32,AES128GCM,sw,encrypt,256,18,328,142145
esp32,AES128GCM,sw,encrypt,256,18,329,143090
esp32,AES128GCM,sw,encrypt,256,18,330,142145
esp32,AES128GCM,sw,encrypt,256,18,331,143096
esp32,AES128GCM,sw,encrypt,256,18,332,142145
esp32,AES128GCM,sw,encrypt,256,18,333,143090
esp32,AES128GCM,sw,encrypt,256,18,334,142145
esp32,AES128GCM,sw,encrypt,256,18,335,143090
esp32,AES128GCM,sw,encrypt,256,18,336,142145
esp32,AES128GCM,sw,encrypt,256,18,337,143090
esp32,AES128GCM,sw,encrypt,256,18,338,142145
esp32,AES128GCM,sw,encrypt,256,18,339,143090
esp32,AES128GCM,sw,encrypt,256,18,340,142145
esp32,AES128GCM,sw,encrypt,256,18,341,143090
esp32,AES128GCM,sw,encrypt,256,18,342,142145
esp32,AES128GCM,sw,encrypt,256,18,343,143090
esp32,AES128GCM,sw,encrypt,256,18,344,142145
esp32,AES128GCM,sw,encrypt,256,18,345,143090
esp32,AES128GCM,sw,encrypt,256,18,346,142145
esp32,AES128GCM,sw,encrypt,256,18,347,143090
esp32,AES128GCM,sw,encrypt,256,18,348,142145
esp32,AES128GCM,sw,encrypt,256,18,349,143090
esp32,AES128GCM,sw,encrypt,256,18,350,142145
esp32,AES128GCM,sw,encrypt,256,18,351,143090
esp32,AES128GCM,sw,encrypt,256,18,352,142145
esp32,AES128GCM,sw,encrypt,256,18,353,143090
esp32,AES128GCM,sw,encrypt,256,18,354,142145
esp32,AES128GCM,sw,encrypt,256,18,355,143090
esp32,AES128GCM,sw,encrypt,256,18,356,142145
esp32,AES128GCM,sw,encrypt,256,18,357,143090
esp32,AES128GCM,sw,encrypt,256,18,358,142145
esp32,AES128GCM,sw,encrypt,256,18,359,143090
esp32,AES128GCM,sw,encrypt,256,18,360,142145
esp32,AES128GCM,sw,encrypt,256,18,361,143090
esp32,AES128GCM,sw,encrypt,256,18,362,142145
esp32,AES128GCM,sw,encrypt,256,18,363,143090
esp32,AES128GCM,sw,encrypt,256,18,364,142145
esp32,AES128GCM,sw,encrypt,256,18,365,143090
esp32,AES128GCM,sw,encrypt,256,18,366,142145
esp32,AES128GCM,sw,encrypt,256,18,367,143090
esp32,AES128GCM,sw,encrypt,256,18,368,142145
esp32,AES128GCM,sw,encrypt,256,18,369,143090
esp32,AES128GCM,sw,encrypt,256,18,370,142145
esp32,AES128GCM,sw,encrypt,256,18,371,143090
esp32,AES128GCM,sw,encrypt,256,18,372,142145
esp32,AES128GCM,sw,encrypt,256,18,373,143090
esp32,AES128GCM,sw,encrypt,256,18,374,142145
esp32,AES128GCM,sw,encrypt,256,18,375,143090
esp32,AES128GCM,sw,encrypt,256,18,376,142145
esp32,AES128GCM,sw,encrypt,256,18,377,143090
esp32,AES128GCM,sw,encrypt,256,18,378,142145
esp32,AES128GCM,sw,encrypt,256,18,379,143090
esp32,AES128GCM,sw,encrypt,256,18,380,142145
esp32,AES128GCM,sw,encrypt,256,18,381,143090
esp32,AES128GCM,sw,encrypt,256,18,382,142145
esp32,AES128GCM,sw,encrypt,256,18,383,143090
esp32,AES128GCM,sw,encrypt,256,18,384,142145
esp32,AES128GCM,sw,encrypt,256,18,385,143090
esp32,AES128GCM,sw,encrypt,256,18,386,142145
esp32,AES128GCM,sw,encrypt,256,18,387,143090
esp32,AES128GCM,sw,encrypt,256,18,388,142145
esp32,AES128GCM,sw,encrypt,256,18,389,143090
esp32,AES128GCM,sw,encrypt,256,18,390,142145
esp32,AES128GCM,sw,encrypt,256,18,391,143090
esp32,AES128GCM,sw,encrypt,256,18,392,142145
esp32,AES128GCM,sw,encrypt,256,18,393,143090
esp32,AES128GCM,sw,encrypt,256,18,394,142145
esp32,AES128GCM,sw,encrypt,256,18,395,143090
esp32,AES128GCM,sw,encrypt,256,18,396,142148
esp32,AES128GCM,sw,encrypt,256,18,397,143090
esp32,AES128GCM,sw,encrypt,256,18,398,142145
esp32,AES128GCM,sw,encrypt,256,18,399,143090
esp32,AES128GCM,sw,encrypt,256,18,400,142145
esp32,AES128GCM,sw,encrypt,256,18,401,143091
esp32,AES128GCM,sw,encrypt,256,18,402,142145
esp32,AES128GCM,sw,encrypt,256,18,403,143090
esp32,AES128GCM,sw,encrypt,256,18,404,142145
esp32,AES128GCM,sw,encrypt,256,18,405,143090
esp32,AES128GCM,sw,encrypt,256,18,406,142152
esp32,AES128GCM,sw,encrypt,256,18,407,143090
esp32,AES128GCM,sw,encrypt,256,18,408,142145
esp32,AES128GCM,sw,encrypt,256,18,409,143090
esp32,AES128GCM,sw,encrypt,256,18,410,142145
esp32,AES128GCM,sw,encrypt,256,18,411,143092
esp32,AES128GCM,sw,encrypt,256,18,412,142145
esp32,AES128GCM,sw,encrypt,256,18,413,143090
esp32,AES128GCM,sw,encrypt,256,18,414,142145
esp32,AES128GCM,sw,encrypt,256,18,415,143090
esp32,AES128GCM,sw,encrypt,256,18,416,142147
esp32,AES128GCM,sw,encrypt,256,18,417,143090
esp32,AES128GCM,sw,encrypt,256,18,418,142145
esp32,AES128GCM,sw,encrypt,256,18,419,143090
esp32,AES128GCM,sw,encrypt,256,18,420,142145
esp32,AES128GCM,sw,encrypt,256,18,421,144290
esp32,AES128GCM,sw,encrypt,256,18,422,142145
esp32,AES128GCM,sw,encrypt,256,18,423,143090
esp32,AES128GCM,sw,encrypt,256,18,424,142145
esp32,AES128GCM,sw,encrypt,256,18,425,143090
esp32,AES128GCM,sw,encrypt,256,18,426,143345
esp32,AES128GCM,sw,encrypt,256,18,427,143090
esp32,AES128GCM,sw,encrypt,256,18,428,142145
esp32,AES128GCM,sw,encrypt,256,18,429,143090
esp32,AES128GCM,sw,encrypt,256,18,430,142145
esp32,AES128GCM,sw,encrypt,256,18,431,144293
esp32,AES128GCM,sw,encrypt,256,18,432,142145
esp32,AES128GCM,sw,encrypt,256,18,433,143090
esp32,AES128GCM,sw,encrypt,256,18,434,142145
esp32,AES128GCM,sw,encrypt,256,18,435,143090
esp32,AES128GCM,sw,encrypt,256,18,436,143348
esp32,AES128GCM,sw,encrypt,256,18,437,143090
esp32,AES128GCM,sw,encrypt,256,18,438,142145
esp32,AES128GCM,sw,encrypt,256,18,439,143090
esp32,AES128GCM,sw,encrypt,256,18,440,142145
esp32,AES128GCM,sw,encrypt,256,18,441,144293
esp32,AES128GCM,sw,encrypt,256,18,442,142145
esp32,AES128GCM,sw,encrypt,256,18,443,143090
esp32,AES128GCM,sw,encrypt,256,18,444,142145
esp32,AES128GCM,sw,encrypt,256,18,445,143090
esp32,AES128GCM,sw,encrypt,256,18,446,143348
esp32,AES128GCM,sw,encrypt,256,18,447,143090
esp32,AES128GCM,sw,encrypt,256,18,448,142145
esp32,AES128GCM,sw,encrypt,256,18,449,143090
esp32,AES128GCM,sw,encrypt,256,18,450,142145
esp32,AES128GCM,sw,encrypt,256,18,451,144293
esp32,AES128GCM,sw,encrypt,256,18,452,142145
esp32,AES128GCM,sw,encrypt,256,18,453,143090
esp32,AES128GCM,sw,encrypt,256,18,454,142145
esp32,AES128GCM,sw,encrypt,256,18,455,143090
esp32,AES128GCM,sw,encrypt,256,18,456,143348
esp32,AES128GCM,sw,encrypt,256,18,457,143090
esp32,AES128GCM,sw,encrypt,256,18,458,142145
esp32,AES128GCM,sw,encrypt,256,18,459,143090
esp32,AES128GCM,sw,encrypt,256,18,460,142145
esp32,AES128GCM,sw,encrypt,256,18,461,144293
esp32,AES128GCM,sw,encrypt,256,18,462,142145
esp32,AES128GCM,sw,encrypt,256,18,463,143090
esp32,AES128GCM,sw,encrypt,256,18,464,142145
esp32,AES128GCM,sw,encrypt,256,18,465,143090
esp32,AES128GCM,sw,encrypt,256,18,466,143387
esp32,AES128GCM,sw,encrypt,256,18,467,143090
esp32,AES128GCM,sw,encrypt,256,18,468,142145
esp32,AES128GCM,sw,encrypt,256,18,469,143090
esp32,AES128GCM,sw,encrypt,256,18,470,142145
esp32,AES128GCM,sw,encrypt,256,18,471,144464
esp32,AES128GCM,sw,encrypt,256,18,472,142145
esp32,AES128GCM,sw,encrypt,256,18,473,143090
esp32,AES128GCM,sw,encrypt,256,18,474,142145
esp32,AES128GCM,sw,encrypt,256,18,475,143090
esp32,AES128GCM,sw,encrypt,256,18,476,142610
esp32,AES128GCM,sw,encrypt,256,18,477,143090
esp32,AES128GCM,sw,encrypt,256,18,478,142145
esp32,AES128GCM,sw,encrypt,256,18,479,143090
esp32,AES128GCM,sw,encrypt,256,18,480,142145
esp32,AES128GCM,sw,encrypt,256,18,481,143648
esp32,AES128GCM,sw,encrypt,256,18,482,142145
esp32,AES128GCM,sw,encrypt,256,18,483,143090
esp32,AES128GCM,sw,encrypt,256,18,484,142145
esp32,AES128GCM,sw,encrypt,256,18,485,143090
esp32,AES128GCM,sw,encrypt,256,18,486,143432
esp32,AES128GCM,sw,encrypt,256,18,487,143090
esp32,AES128GCM,sw,encrypt,256,18,488,142145
esp32,AES128GCM,sw,encrypt,256,18,489,143090
esp32,AES128GCM,sw,encrypt,256,18,490,142145
esp32,AES128GCM,sw,encrypt,256,18,491,144293
esp32,AES128GCM,sw,encrypt,256,18,492,142145
esp32,AES128GCM,sw,encrypt,256,18,493,143090
esp32,AES128GCM,sw,encrypt,256,18,494,142145
esp32,AES128GCM,sw,encrypt,256,18,495,143090
esp32,AES128GCM,sw,encrypt,256,18,496,143348
esp32,AES128GCM,sw,encrypt,256,18,497,143090
esp32,AES128GCM,sw,encrypt,256,18,498,142145
esp32,AES128GCM,sw,encrypt,256,18,499,143090
esp32,AES128GCM,sw,encrypt,256,18,500,142145
esp32,AES128GCM,sw,encrypt,256,18,501,144291
esp32,AES128GCM,sw,encrypt,256,18,502,142145
esp32,AES128GCM,sw,encrypt,256,18,503,143090
esp32,AES128GCM,sw,encrypt,256,18,504,142145
esp32,AES128GCM,sw,encrypt,256,18,505,143090
esp32,AES128GCM,sw,encrypt,256,18,506,142145
esp32,AES128GCM,sw,encrypt,256,18,507,143090
esp32,AES128GCM,sw,encrypt,256,18,508,142145
esp32,AES128GCM,sw,encrypt,256,18,509,143090
esp32,AES128GCM,sw,encrypt,256,18,510,142145
esp32,AES128GCM,sw,encrypt,256,18,511,143090
esp32,AES128GCM,sw,encrypt,256,18,512,142145
esp32,AES128GCM,sw,encrypt,256,18,513,143090
esp32,AES128GCM,sw,encrypt,256,18,514,142145
esp32,AES128GCM,sw,encrypt,256,18,515,143090
esp32,AES128GCM,sw,encrypt,256,18,516,142145
esp32,AES128GCM,sw,encrypt,256,18,517,143090
esp32,AES128GCM,sw,encrypt,256,18,518,142145
esp32,AES128GCM,sw,encrypt,256,18,519,143090
esp32,AES128GCM,sw,encrypt,256,18,520,142145
esp32,AES128GCM,sw,encrypt,256,18,521,143090
esp32,AES128GCM,sw,encrypt,256,18,522,142145
esp32,AES128GCM,sw,encrypt,256,18,523,143090
esp32,AES128GCM,sw,encrypt,256,18,524,142145
esp32,AES128GCM,sw,encrypt,256,18,525,143090
esp32,AES128GCM,sw,encrypt,256,18,526,142145
esp32,AES128GCM,sw,encrypt,256,18,527,143090
esp32,AES128GCM,sw,encrypt,256,18,528,142145
esp32,AES128GCM,sw,encrypt,256,18,529,143090
esp32,AES128GCM,sw,encrypt,256,18,530,142145
esp32,AES128GCM,sw,encrypt,256,18,531,143090
esp32,AES128GCM,sw,encrypt,256,18,532,142145
esp32,AES128GCM,sw,encrypt,256,18,533,143090
esp32,AES128GCM,sw,encrypt,256,18,534,142145
esp32,AES128GCM,sw,encrypt,256,18,535,143090
esp32,AES128GCM,sw,encrypt,256,18,536,142145
esp32,AES128GCM,sw,encrypt,256,18,537,143090
esp32,AES128GCM,sw,encrypt,256,18,538,142145
esp32,AES128GCM,sw,encrypt,256,18,539,143090
esp32,AES128GCM,sw,encrypt,256,18,540,142145
esp32,AES128GCM,sw,encrypt,256,18,541,143090
esp32,AES128GCM,sw,encrypt,256,18,542,142145
esp32,AES128GCM,sw,encrypt,256,18,543,143090
esp32,AES128GCM,sw,encrypt,256,18,544,142145
esp32,AES128GCM,sw,encrypt,256,18,545,143090
esp32,AES128GCM,sw,encrypt,256,18,546,142145
esp32,AES128GCM,sw,encrypt,256,18,547,143090
esp32,AES128GCM,sw,encrypt,256,18,548,142145
esp32,AES128GCM,sw,encrypt,256,18,549,143090
esp32,AES128GCM,sw,encrypt,256,18,550,142145
esp32,AES128GCM,sw,encrypt,256,18,551,143090
esp32,AES128GCM,sw,encrypt,256,18,552,142145
esp32,AES128GCM,sw,encrypt,256,18,553,143090
esp32,AES128GCM,sw,encrypt,256,18,554,142145
esp32,AES128GCM,sw,encrypt,256,18,555,143090
esp32,AES128GCM,sw,encrypt,256,18,556,142145
esp32,AES128GCM,sw,encrypt,256,18,557,143090
esp32,AES128GCM,sw,encrypt,256,18,558,142145
esp32,AES128GCM,sw,encrypt,256,18,559,143090
esp32,AES128GCM,sw,encrypt,256,18,560,142145
esp32,AES128GCM,sw,encrypt,256,18,561,143090
esp32,AES128GCM,sw,encrypt,256,18,562,142145
esp32,AES128GCM,sw,encrypt,256,18,563,143090
esp32,AES128GCM,sw,encrypt,256,18,564,142145
esp32,AES128GCM,sw,encrypt,256,18,565,143090
esp32,AES128GCM,sw,encrypt,256,18,566,142145
esp32,AES128GCM,sw,encrypt,256,18,567,143090
esp32,AES128GCM,sw,encrypt,256,18,568,142145
esp32,AES128GCM,sw,encrypt,256,18,569,143090
esp32,AES128GCM,sw,encrypt,256,18,570,142145
esp32,AES128GCM,sw,encrypt,256,18,571,143090
esp32,AES128GCM,sw,encrypt,256,18,572,142145
esp32,AES128GCM,sw,encrypt,256,18,573,143090
esp32,AES128GCM,sw,encrypt,256,18,574,142145
esp32,AES128GCM,sw,encrypt,256,18,575,143090
esp32,AES128GCM,sw,encrypt,256,18,576,142145
esp32,AES128GCM,sw,encrypt,256,18,577,143090
esp32,AES128GCM,sw,encrypt,256,18,578,142145
esp32,AES128GCM,sw,encrypt,256,18,579,143090
esp32,AES128GCM,sw,encrypt,256,18,580,142145
esp32,AES128GCM,sw,encrypt,256,18,581,143090
esp32,AES128GCM,sw,encrypt,256,18,582,142145
esp32,AES128GCM,sw,encrypt,256,18,583,143090
esp32,AES128GCM,sw,encrypt,256,18,584,142145
esp32,AES128GCM,sw,encrypt,256,18,585,143090
esp32,AES128GCM,sw,encrypt,256,18,586,142145
esp32,AES128GCM,sw,encrypt,256,18,587,143090
esp32,AES128GCM,sw,encrypt,256,18,588,142145
esp32,AES128GCM,sw,encrypt,256,18,589,143090
esp32,AES128GCM,sw,encrypt,256,18,590,142145
esp32,AES128GCM,sw,encrypt,256,18,591,143090
esp32,AES128GCM,sw,encrypt,256,18,592,142145
esp32,AES128GCM,sw,encrypt,256,18,593,143090
esp32,AES128GCM,sw,encrypt,256,18,594,142145
esp32,AES128GCM,sw,encrypt,256,18,595,143090
esp32,AES128GCM,sw,encrypt,256,18,596,142145
esp32,AES128GCM,sw,encrypt,256,18,597,143090
esp32,AES128GCM,sw,encrypt,256,18,598,142145
esp32,AES128GCM,sw,encrypt,256,18,599,143090
esp32,AES128GCM,sw,encrypt,256,18,600,142145
esp32,AES128GCM,sw,encrypt,256,18,601,143090
esp32,AES128GCM,sw,encrypt,256,18,602,142145
esp32,AES128GCM,sw,encrypt,256,18,603,143090
esp32,AES128GCM,sw,encrypt,256,18,604,142145
esp32,AES128GCM,sw,encrypt,256,18,605,143090
esp32,AES128GCM,sw,encrypt,256,18,606,142145
esp32,AES128GCM,sw,encrypt,256,18,607,143090
esp32,AES128GCM,sw,encrypt,256,18,608,142145
esp32,AES128GCM,sw,encrypt,256,18,609,143096
esp32,AES128GCM,sw,encrypt,256,18,610,142145
esp32,AES128GCM,sw,encrypt,256,18,611,143090
esp32,AES128GCM,sw,encrypt,256,18,612,142145
esp32,AES128GCM,sw,encrypt,256,18,613,143090
esp32,AES128GCM,sw,encrypt,256,18,614,142145
esp32,AES128GCM,sw,encrypt,256,18,615,143090
esp32,AES128GCM,sw,encrypt,256,18,616,142145
esp32,AES128GCM,sw,encrypt,256,18,617,143090
esp32,AES128GCM,sw,encrypt,256,18,618,142145
esp32,AES128GCM,sw,encrypt,256,18,619,143090
esp32,AES128GCM,sw,encrypt,256,18,620,142145
esp32,AES128GCM,sw,encrypt,256,18,621,143090
esp32,AES128GCM,sw,encrypt,256,18,622,142145
esp32,AES128GCM,sw,encrypt,256,18,623,143090
esp32,AES128GCM,sw,encrypt,256,18,624,142145
esp32,AES128GCM,sw,encrypt,256,18,625,143090
esp32,AES128GCM,sw,encrypt,256,18,626,142145
esp32,AES128GCM,sw,encrypt,256,18,627,143090
esp32,AES128GCM,sw,encrypt,256,18,628,142145
esp32,AES128GCM,sw,encrypt,256,18,629,143090
esp32,AES128GCM,sw,encrypt,256,18,630,142145
esp32,AES128GCM,sw,encrypt,256,18,631,143090
esp32,AES128GCM,sw,encrypt,256,18,632,142145
esp32,AES128GCM,sw,encrypt,256,18,633,143090
esp32,AES128GCM,sw,encrypt,256,18,634,142145
esp32,AES128GCM,sw,encrypt,256,18,635,143090
esp32,AES128GCM,sw,encrypt,256,18,636,142145
esp32,AES128GCM,sw,encrypt,256,18,637,143090
esp32,AES128GCM,sw,encrypt,256,18,638,142145
esp32,AES128GCM,sw,encrypt,256,18,639,143090
esp32,AES128GCM,sw,encrypt,256,18,640,142145
esp32,AES128GCM,sw,encrypt,256,18,641,143090
esp32,AES128GCM,sw,encrypt,256,18,642,142145
esp32,AES128GCM,sw,encrypt,256,18,643,143090
esp32,AES128GCM,sw,encrypt,256,18,644,142145
esp32,AES128GCM,sw,encrypt,256,18,645,143090
esp32,AES128GCM,sw,encrypt,256,18,646,142145
esp32,AES128GCM,sw,encrypt,256,18,647,143090
esp32,AES128GCM,sw,encrypt,256,18,648,142145
esp32,AES128GCM,sw,encrypt,256,18,649,143090
esp32,AES128GCM,sw,encrypt,256,18,650,142145
esp32,AES128GCM,sw,encrypt,256,18,651,143090
esp32,AES128GCM,sw,encrypt,256,18,652,142145
esp32,AES128GCM,sw,encrypt,256,18,653,143090
esp32,AES128GCM,sw,encrypt,256,18,654,142148
esp32,AES128GCM,sw,encrypt,256,18,655,143090
esp32,AES128GCM,sw,encrypt,256,18,656,142145
esp32,AES128GCM,sw,encrypt,256,18,657,143090
esp32,AES128GCM,sw,encrypt,256,18,658,142145
esp32,AES128GCM,sw,encrypt,256,18,659,143093
esp32,AES128GCM,sw,encrypt,256,18,660,142145
esp32,AES128GCM,sw,encrypt,256,18,661,143090
esp32,AES128GCM,sw,encrypt,256,18,662,142145
esp32,AES128GCM,sw,encrypt,256,18,663,143090
esp32,AES128GCM,sw,encrypt,256,18,664,142148
esp32,AES128GCM,sw,encrypt,256,18,665,143090
esp32,AES128GCM,sw,encrypt,256,18,666,142145
esp32,AES128GCM,sw,encrypt,256,18,667,143090
esp32,AES128GCM,sw,encrypt,256,18,668,142145
esp32,AES128GCM,sw,encrypt,256,18,669,143093
esp32,AES128GCM,sw,encrypt,256,18,670,142145
esp32,AES128GCM,sw,encrypt,256,18,671,143090
esp32,AES128GCM,sw,encrypt,256,18,672,142145
esp32,AES128GCM,sw,encrypt,256,18,673,143090
esp32,AES128GCM,sw,encrypt,256,18,674,142145
esp32,AES128GCM,sw,encrypt,256,18,675,143090
esp32,AES128GCM,sw,encrypt,256,18,676,142145
esp32,AES128GCM,sw,encrypt,256,18,677,143090
esp32,AES128GCM,sw,encrypt,256,18,678,142145
esp32,AES128GCM,sw,encrypt,256,18,679,143090
esp32,AES128GCM,sw,encrypt,256,18,680,142145
esp32,AES128GCM,sw,encrypt,256,18,681,143090
esp32,AES128GCM,sw,encrypt,256,18,682,142145
esp32,AES128GCM,sw,encrypt,256,18,683,143090
esp32,AES128GCM,sw,encrypt,256,18,684,142145
esp32,AES128GCM,sw,encrypt,256,18,685,143090
esp32,AES128GCM,sw,encrypt,256,18,686,142145
esp32,AES128GCM,sw,encrypt,256,18,687,143090
esp32,AES128GCM,sw,encrypt,256,18,688,142145
esp32,AES128GCM,sw,encrypt,256,18,689,143090
esp32,AES128GCM,sw,encrypt,256,18,690,142145
esp32,AES128GCM,sw,encrypt,256,18,691,143090
esp32,AES128GCM,sw,encrypt,256,18,692,142145
esp32,AES128GCM,sw,encrypt,256,18,693,143090
esp32,AES128GCM,sw,encrypt,256,18,694,142147
esp32,AES128GCM,sw,encrypt,256,18,695,143090
esp32,AES128GCM,sw,encrypt,256,18,696,142145
esp32,AES128GCM,sw,encrypt,256,18,697,143090
esp32,AES128GCM,sw,encrypt,256,18,698,142145
esp32,AES128GCM,sw,encrypt,256,18,699,143092
esp32,AES128GCM,sw,encrypt,256,18,700,142145
esp32,AES128GCM,sw,encrypt,256,18,701,143090
esp32,AES128GCM,sw,encrypt,256,18,702,142145
esp32,AES128GCM,sw,encrypt,256,18,703,143090
esp32,AES128GCM,sw,encrypt,256,18,704,142147
esp32,AES128GCM,sw,encrypt,256,18,705,143090
esp32,AES128GCM,sw,encrypt,256,18,706,142145
esp32,AES128GCM,sw,encrypt,256,18,707,143090
esp32,AES128GCM,sw,encrypt,256,18,708,142145
esp32,AES128GCM,sw,encrypt,256,18,709,144089
esp32,AES128GCM,sw,encrypt,256,18,710,142145
esp32,AES128GCM,sw,encrypt,256,18,711,143090
esp32,AES128GCM,sw,encrypt,256,18,712,142145
esp32,AES128GCM,sw,encrypt,256,18,713,143090
esp32,AES128GCM,sw,encrypt,256,18,714,143348
esp32,AES128GCM,sw,encrypt,256,18,715,143090
esp32,AES128GCM,sw,encrypt,256,18,716,142145
esp32,AES128GCM,sw,encrypt,256,18,717,143090
esp32,AES128GCM,sw,encrypt,256,18,718,142145
esp32,AES128GCM,sw,encrypt,256,18,719,144293
esp32,AES128GCM,sw,encrypt,256,18,720,142145
esp32,AES128GCM,sw,encrypt,256,18,721,143090
esp32,AES128GCM,sw,encrypt,256,18,722,142145
esp32,AES128GCM,sw,encrypt,256,18,723,143090
esp32,AES128GCM,sw,encrypt,256,18,724,142718
esp32,AES128GCM,sw,encrypt,256,18,725,143090
esp32,AES128GCM,sw,encrypt,256,18,726,142145
esp32,AES128GCM,sw,encrypt,256,18,727,143090
esp32,AES128GCM,sw,encrypt,256,18,728,142145
esp32,AES128GCM,sw,encrypt,256,18,729,143762
esp32,AES128GCM,sw,encrypt,256,18,730,142145
esp32,AES128GCM,sw,encrypt,256,18,731,143090
esp32,AES128GCM,sw,encrypt,256,18,732,142145
esp32,AES128GCM,sw,encrypt,256,18,733,143090
esp32,AES128GCM,sw,encrypt,256,18,734,143519
esp32,AES128GCM,sw,encrypt,256,18,735,143090
esp32,AES128GCM,sw,encrypt,256,18,736,142145
esp32,AES128GCM,sw,encrypt,256,18,737,143090
esp32,AES128GCM,sw,encrypt,256,18,738,142145
esp32,AES128GCM,sw,encrypt,256,18,739,144467
esp32,AES128GCM,sw,encrypt,256,18,740,142145
esp32,AES128GCM,sw,encrypt,256,18,741,143090
esp32,AES128GCM,sw,encrypt,256,18,742,142145
esp32,AES128GCM,sw,encrypt,256,18,743,143090
esp32,AES128GCM,sw,encrypt,256,18,744,143063
esp32,AES128GCM,sw,encrypt,256,18,745,143090
esp32,AES128GCM,sw,encrypt,256,18,746,142145
esp32,AES128GCM,sw,encrypt,256,18,747,143090
esp32,AES128GCM,sw,encrypt,256,18,748,142145
esp32,AES128GCM,sw,encrypt,256,18,749,144116
esp32,AES128GCM,sw,encrypt,256,18,750,142145
esp32,AES128GCM,sw,encrypt,256,18,751,143090
esp32,AES128GCM,sw,encrypt,256,18,752,142145
esp32,AES128GCM,sw,encrypt,256,18,753,143090
esp32,AES128GCM,sw,encrypt,256,18,754,143348
esp32,AES128GCM,sw,encrypt,256,18,755,143090
esp32,AES128GCM,sw,encrypt,256,18,756,142145
esp32,AES128GCM,sw,encrypt,256,18,757,143090
esp32,AES128GCM,sw,encrypt,256,18,758,142145
esp32,AES128GCM,sw,encrypt,256,18,759,144293
esp32,AES128GCM,sw,encrypt,256,18,760,142145
esp32,AES128GCM,sw,encrypt,256,18,761,143090
esp32,AES128GCM,sw,encrypt,256,18,762,142145
esp32,AES128GCM,sw,encrypt,256,18,763,143090
esp32,AES128GCM,sw,encrypt,256,18,764,143348
esp32,AES128GCM,sw,encrypt,256,18,765,143090
esp32,AES128GCM,sw,encrypt,256,18,766,142145
esp32,AES128GCM,sw,encrypt,256,18,767,143090
esp32,AES128GCM,sw,encrypt,256,18,768,142145
esp32,AES128GCM,sw,encrypt,256,18,769,144293
esp32,AES128GCM,sw,encrypt,256,18,770,142145
esp32,AES128GCM,sw,encrypt,256,18,771,143090
esp32,AES128GCM,sw,encrypt,256,18,772,142145
esp32,AES128GCM,sw,encrypt,256,18,773,143090
esp32,AES128GCM,sw,encrypt,256,18,774,143348
esp32,AES128GCM,sw,encrypt,256,18,775,143090
esp32,AES128GCM,sw,encrypt,256,18,776,142145
esp32,AES128GCM,sw,encrypt,256,18,777,143090
esp32,AES128GCM,sw,encrypt,256,18,778,142145
esp32,AES128GCM,sw,encrypt,256,18,779,144293
esp32,AES128GCM,sw,encrypt,256,18,780,142145
esp32,AES128GCM,sw,encrypt,256,18,781,143090
esp32,AES128GCM,sw,encrypt,256,18,782,142145
esp32,AES128GCM,sw,encrypt,256,18,783,143090
esp32,AES128GCM,sw,encrypt,256,18,784,143348
esp32,AES128GCM,sw,encrypt,256,18,785,143090
esp32,AES128GCM,sw,encrypt,256,18,786,142145
esp32,AES128GCM,sw,encrypt,256,18,787,143090
esp32,AES128GCM,sw,encrypt,256,18,788,142145
esp32,AES128GCM,sw,encrypt,256,18,789,144292
esp32,AES128GCM,sw,encrypt,256,18,790,142145
esp32,AES128GCM,sw,encrypt,256,18,791,143090
esp32,AES128GCM,sw,encrypt,256,18,792,142145
esp32,AES128GCM,sw,encrypt,256,18,793,143090
esp32,AES128GCM,sw,encrypt,256,18,794,142145
esp32,AES128GCM,sw,encrypt,256,18,795,143090
esp32,AES128GCM,sw,encrypt,256,18,796,142145
esp32,AES128GCM,sw,encrypt,256,18,797,143090
esp32,AES128GCM,sw,encrypt,256,18,798,142145
esp32,AES128GCM,sw,encrypt,256,18,799,143090
esp32,AES128GCM,sw,encrypt,256,18,800,142145
esp32,AES128GCM,sw,encrypt,256,18,801,143090
esp32,AES128GCM,sw,encrypt,256,18,802,142145
esp32,AES128GCM,sw,encrypt,256,18,803,143090
esp32,AES128GCM,sw,encrypt,256,18,804,142145
esp32,AES128GCM,sw,encrypt,256,18,805,143090
esp32,AES128GCM,sw,encrypt,256,18,806,142145
esp32,AES128GCM,sw,encrypt,256,18,807,143090
esp32,AES128GCM,sw,encrypt,256,18,808,142145
esp32,AES128GCM,sw,encrypt,256,18,809,143090
esp32,AES128GCM,sw,encrypt,256,18,810,142145
esp32,AES128GCM,sw,encrypt,256,18,811,143090
esp32,AES128GCM,sw,encrypt,256,18,812,142145
esp32,AES128GCM,sw,encrypt,256,18,813,143090
esp32,AES128GCM,sw,encrypt,256,18,814,142145
esp32,AES128GCM,sw,encrypt,256,18,815,143090
esp32,AES128GCM,sw,encrypt,256,18,816,142145
esp32,AES128GCM,sw,encrypt,256,18,817,143090
esp32,AES128GCM,sw,encrypt,256,18,818,142145
esp32,AES128GCM,sw,encrypt,256,18,819,143090
esp32,AES128GCM,sw,encrypt,256,18,820,142145
esp32,AES128GCM,sw,encrypt,256,18,821,143090
esp32,AES128GCM,sw,encrypt,256,18,822,142145
esp32,AES128GCM,sw,encrypt,256,18,823,143090
esp32,AES128GCM,sw,encrypt,256,18,824,142145
esp32,AES128GCM,sw,encrypt,256,18,825,143090
esp32,AES128GCM,sw,encrypt,256,18,826,142145
esp32,AES128GCM,sw,encrypt,256,18,827,143090
esp32,AES128GCM,sw,encrypt,256,18,828,142145
esp32,AES128GCM,sw,encrypt,256,18,829,143090
esp32,AES128GCM,sw,encrypt,256,18,830,142145
esp32,AES128GCM,sw,encrypt,256,18,831,143090
esp32,AES128GCM,sw,encrypt,256,18,832,142145
esp32,AES128GCM,sw,encrypt,256,18,833,143090
esp32,AES128GCM,sw,encrypt,256,18,834,142145
esp32,AES128GCM,sw,encrypt,256,18,835,143090
esp32,AES128GCM,sw,encrypt,256,18,836,142145
esp32,AES128GCM,sw,encrypt,256,18,837,143090
esp32,AES128GCM,sw,encrypt,256,18,838,142145
esp32,AES128GCM,sw,encrypt,256,18,839,143090
esp32,AES128GCM,sw,encrypt,256,18,840,142145
esp32,AES128GCM,sw,encrypt,256,18,841,143090
esp32,AES128GCM,sw,encrypt,256,18,842,142145
esp32,AES128GCM,sw,encrypt,256,18,843,143090
esp32,AES128GCM,sw,encrypt,256,18,844,142145
esp32,AES128GCM,sw,encrypt,256,18,845,143090
esp32,AES128GCM,sw,encrypt,256,18,846,142145
esp32,AES128GCM,sw,encrypt,256,18,847,143090
esp32,AES128GCM,sw,encrypt,256,18,848,142145
esp32,AES128GCM,sw,encrypt,256,18,849,143090
esp32,AES128GCM,sw,encrypt,256,18,850,142145
esp32,AES128GCM,sw,encrypt,256,18,851,143090
esp32,AES128GCM,sw,encrypt,256,18,852,142145
esp32,AES128GCM,sw,encrypt,256,18,853,143090
esp32,AES128GCM,sw,encrypt,256,18,854,142145
esp32,AES128GCM,sw,encrypt,256,18,855,143090
esp32,AES128GCM,sw,encrypt,256,18,856,142145
esp32,AES128GCM,sw,encrypt,256,18,857,143090
esp32,AES128GCM,sw,encrypt,256,18,858,142145
esp32,AES128GCM,sw,encrypt,256,18,859,143090
esp32,AES128GCM,sw,encrypt,256,18,860,142145
esp32,AES128GCM,sw,encrypt,256,18,861,143090
esp32,AES128GCM,sw,encrypt,256,18,862,142145
esp32,AES128GCM,sw,encrypt,256,18,863,143090
esp32,AES128GCM,sw,encrypt,256,18,864,142145
esp32,AES128GCM,sw,encrypt,256,18,865,143090
esp32,AES128GCM,sw,encrypt,256,18,866,142145
esp32,AES128GCM,sw,encrypt,256,18,867,143090
esp32,AES128GCM,sw,encrypt,256,18,868,142145
esp32,AES128GCM,sw,encrypt,256,18,869,143090
esp32,AES128GCM,sw,encrypt,256,18,870,142145
esp32,AES128GCM,sw,encrypt,256,18,871,143090
esp32,AES128GCM,sw,encrypt,256,18,872,142145
esp32,AES128GCM,sw,encrypt,256,18,873,143090
esp32,AES128GCM,sw,encrypt,256,18,874,142145
esp32,AES128GCM,sw,encrypt,256,18,875,143090
esp32,AES128GCM,sw,encrypt,256,18,876,142145
esp32,AES128GCM,sw,encrypt,256,18,877,143090
esp32,AES128GCM,sw,encrypt,256,18,878,142145
esp32,AES128GCM,sw,encrypt,256,18,879,143090
esp32,AES128GCM,sw,encrypt,256,18,880,142145
esp32,AES128GCM,sw,encrypt,256,18,881,143090
esp32,AES128GCM,sw,encrypt,256,18,882,142145
esp32,AES128GCM,sw,encrypt,256,18,883,143090
esp32,AES128GCM,sw,encrypt,256,18,884,142145
esp32,AES128GCM,sw,encrypt,256,18,885,143090
esp32,AES128GCM,sw,encrypt,256,18,886,142145
esp32,AES128GCM,sw,encrypt,256,18,887,143090
esp32,AES128GCM,sw,encrypt,256,18,888,142145
esp32,AES128GCM,sw,encrypt,256,18,889,143090
esp32,AES128GCM,sw,encrypt,256,18,890,142145
esp32,AES128GCM,sw,encrypt,256,18,891,143090
esp32,AES128GCM,sw,encrypt,256,18,892,142145
esp32,AES128GCM,sw,encrypt,256,18,893,143090
esp32,AES128GCM,sw,encrypt,256,18,894,142145
esp32,AES128GCM,sw,encrypt,256,18,895,143090
esp32,AES128GCM,sw,encrypt,256,18,896,142145
esp32,AES128GCM,sw,encrypt,256,18,897,143090
esp32,AES128GCM,sw,encrypt,256,18,898,142145
esp32,AES128GCM,sw,encrypt,256,18,899,143090
esp32,AES128GCM,sw,encrypt,256,18,900,142145
esp32,AES128GCM,sw,encrypt,256,18,901,143090
esp32,AES128GCM,sw,encrypt,256,18,902,142145
esp32,AES128GCM,sw,encrypt,256,18,903,143090
esp32,AES128GCM,sw,encrypt,256,18,904,142145
esp32,AES128GCM,sw,encrypt,256,18,905,143090
esp32,AES128GCM,sw,encrypt,256,18,906,142145
esp32,AES128GCM,sw,encrypt,256,18,907,143090
esp32,AES128GCM,sw,encrypt,256,18,908,142145
esp32,AES128GCM,sw,encrypt,256,18,909,143090
esp32,AES128GCM,sw,encrypt,256,18,910,142145
esp32,AES128GCM,sw,encrypt,256,18,911,143090
esp32,AES128GCM,sw,encrypt,256,18,912,142145
esp32,AES128GCM,sw,encrypt,256,18,913,143090
esp32,AES128GCM,sw,encrypt,256,18,914,142145
esp32,AES128GCM,sw,encrypt,256,18,915,143090
esp32,AES128GCM,sw,encrypt,256,18,916,142145
esp32,AES128GCM,sw,encrypt,256,18,917,143090
esp32,AES128GCM,sw,encrypt,256,18,918,142145
esp32,AES128GCM,sw,encrypt,256,18,919,143090
esp32,AES128GCM,sw,encrypt,256,18,920,142145
esp32,AES128GCM,sw,encrypt,256,18,921,143090
esp32,AES128GCM,sw,encrypt,256,18,922,142148
esp32,AES128GCM,sw,encrypt,256,18,923,143090
esp32,AES128GCM,sw,encrypt,256,18,924,142145
esp32,AES128GCM,sw,encrypt,256,18,925,143090
esp32,AES128GCM,sw,encrypt,256,18,926,142145
esp32,AES128GCM,sw,encrypt,256,18,927,143090
esp32,AES128GCM,sw,encrypt,256,18,928,142145
esp32,AES128GCM,sw,encrypt,256,18,929,143090
esp32,AES128GCM,sw,encrypt,256,18,930,142145
esp32,AES128GCM,sw,encrypt,256,18,931,143090
esp32,AES128GCM,sw,encrypt,256,18,932,142145
esp32,AES128GCM,sw,encrypt,256,18,933,143090
esp32,AES128GCM,sw,encrypt,256,18,934,142145
esp32,AES128GCM,sw,encrypt,256,18,935,143090
esp32,AES128GCM,sw,encrypt,256,18,936,142145
esp32,AES128GCM,sw,encrypt,256,18,937,143090
esp32,AES128GCM,sw,encrypt,256,18,938,142145
esp32,AES128GCM,sw,encrypt,256,18,939,143090
esp32,AES128GCM,sw,encrypt,256,18,940,142145
esp32,AES128GCM,sw,encrypt,256,18,941,143090
esp32,AES128GCM,sw,encrypt,256,18,942,142145
esp32,AES128GCM,sw,encrypt,256,18,943,143090
esp32,AES128GCM,sw,encrypt,256,18,944,142145
esp32,AES128GCM,sw,encrypt,256,18,945,143090
esp32,AES128GCM,sw,encrypt,256,18,946,142145
esp32,AES128GCM,sw,encrypt,256,18,947,143090
esp32,AES128GCM,sw,encrypt,256,18,948,142145
esp32,AES128GCM,sw,encrypt,256,18,949,143090
esp32,AES128GCM,sw,encrypt,256,18,950,142145
esp32,AES128GCM,sw,encrypt,256,18,951,143090
esp32,AES128GCM,sw,encrypt,256,18,952,142145
esp32,AES128GCM,sw,encrypt,256,18,953,143090
esp32,AES128GCM,sw,encrypt,256,18,954,142145
esp32,AES128GCM,sw,encrypt,256,18,955,143090
esp32,AES128GCM,sw,encrypt,256,18,956,142145
esp32,AES128GCM,sw,encrypt,256,18,957,143090
esp32,AES128GCM,sw,encrypt,256,18,958,142145
esp32,AES128GCM,sw,encrypt,256,18,959,143090
esp32,AES128GCM,sw,encrypt,256,18,960,142145
esp32,AES128GCM,sw,encrypt,256,18,961,143090
esp32,AES128GCM,sw,encrypt,256,18,962,142145
esp32,AES128GCM,sw,encrypt,256,18,963,143090
esp32,AES128GCM,sw,encrypt,256,18,964,142145
esp32,AES128GCM,sw,encrypt,256,18,965,143090
esp32,AES128GCM,sw,encrypt,256,18,966,142145
esp32,AES128GCM,sw,encrypt,256,18,967,143090
esp32,AES128GCM,sw,encrypt,256,18,968,142145
esp32,AES128GCM,sw,encrypt,256,18,969,143090
esp32,AES128GCM,sw,encrypt,256,18,970,142145
esp32,AES128GCM,sw,encrypt,256,18,971,143090
esp32,AES128GCM,sw,encrypt,256,18,972,142145
esp32,AES128GCM,sw,encrypt,256,18,973,143090
esp32,AES128GCM,sw,encrypt,256,18,974,142145
esp32,AES128GCM,sw,encrypt,256,18,975,143090
esp32,AES128GCM,sw,encrypt,256,18,976,142145
esp32,AES128GCM,sw,encrypt,256,18,977,143095
esp32,AES128GCM,sw,encrypt,256,18,978,142145
esp32,AES128GCM,sw,encrypt,256,18,979,143090
esp32,AES128GCM,sw,encrypt,256,18,980,142145
esp32,AES128GCM,sw,encrypt,256,18,981,143090
esp32,AES128GCM,sw,encrypt,256,18,982,142147
esp32,AES128GCM,sw,encrypt,256,18,983,143090
esp32,AES128GCM,sw,encrypt,256,18,984,142145
esp32,AES128GCM,sw,encrypt,256,18,985,143090
esp32,AES128GCM,sw,encrypt,256,18,986,142145
esp32,AES128GCM,sw,encrypt,256,18,987,143092
esp32,AES128GCM,sw,encrypt,256,18,988,142145
esp32,AES128GCM,sw,encrypt,256,18,989,143090
esp32,AES128GCM,sw,encrypt,256,18,990,142145
esp32,AES128GCM,sw,encrypt,256,18,991,143090
esp32,AES128GCM,sw,encrypt,256,18,992,142147
esp32,AES128GCM,sw,encrypt,256,18,993,143090
esp32,AES128GCM,sw,encrypt,256,18,994,142145
esp32,AES128GCM,sw,encrypt,256,18,995,143090
esp32,AES128GCM,sw,encrypt,256,18,996,142145
esp32,AES128GCM,sw,encrypt,256,18,997,144335
esp32,AES128GCM,sw,encrypt,256,18,998,142145
esp32,AES128GCM,sw,encrypt,256,18,999,143090
stack,esp32,AES128GCM,sw,encrypt,256,14084
esp32,AES128GCM,sw,decrypt,256,18,0,142191
esp32,AES128GCM,sw,decrypt,256,18,1,143145
esp32,AES128GCM,sw,decrypt,256,18,2,144096
esp32,AES128GCM,sw,decrypt,256,18,3,143145
esp32,AES128GCM,sw,decrypt,256,18,4,144095
esp32,AES128GCM,sw,decrypt,256,18,5,143145
esp32,AES128GCM,sw,decrypt,256,18,6,144096
esp32,AES128GCM,sw,decrypt,256,18,7,143145
esp32,AES128GCM,sw,decrypt,256,18,8,144096
esp32,AES128GCM,sw,decrypt,256,18,9,143145
esp32,AES128GCM,sw,decrypt,256,18,10,144096
esp32,AES128GCM,sw,decrypt,256,18,11,143145
esp32,AES128GCM,sw,decrypt,256,18,12,144096
esp32,AES128GCM,sw,decrypt,256,18,13,143145
esp32,AES128GCM,sw,decrypt,256,18,14,144096
esp32,AES128GCM,sw,decrypt,256,18,15,143145
esp32,AES128GCM,sw,decrypt,256,18,16,144096
esp32,AES128GCM,sw,decrypt,256,18,17,143148
esp32,AES128GCM,sw,decrypt,256,18,18,144096
esp32,AES128GCM,sw,decrypt,256,18,19,143145
esp32,AES128GCM,sw,decrypt,256,18,20,144096
esp32,AES128GCM,sw,decrypt,256,18,21,143145
esp32,AES128GCM,sw,decrypt,256,18,22,145452
esp32,AES128GCM,sw,decrypt,256,18,23,143145
esp32,AES128GCM,sw,decrypt,256,18,24,144096
esp32,AES128GCM,sw,decrypt,256,18,25,143145
esp32,AES128GCM,sw,decrypt,256,18,26,144096
esp32,AES128GCM,sw,decrypt,256,18,27,143145
esp32,AES128GCM,sw,decrypt,256,18,28,144096
esp32,AES128GCM,sw,decrypt,256,18,29,143145
esp32,AES128GCM,sw,decrypt,256,18,30,144096
esp32,AES128GCM,sw,decrypt,256,18,31,143145
esp32,AES128GCM,sw,decrypt,256,18,32,144096
esp32,AES128GCM,sw,decrypt,256,18,33,143145
esp32,AES128GCM,sw,decrypt,256,18,34,144096
esp32,AES128GCM,sw,decrypt,256,18,35,143145
esp32,AES128GCM,sw,decrypt,256,18,36,144096
esp32,AES128GCM,sw,decrypt,256,18,37,143145
esp32,AES128GCM,sw,decrypt,256,18,38,144096
esp32,AES128GCM,sw,decrypt,256,18,39,143145
esp32,AES128GCM,sw,decrypt,256,18,40,144096
esp32,AES128GCM,sw,decrypt,256,18,41,143145
esp32,AES128GCM,sw,decrypt,256,18,42,144096
esp32,AES128GCM,sw,decrypt,256,18,43,143145
esp32,AES128GCM,sw,decrypt,256,18,44,144096
esp32,AES128GCM,sw,decrypt,256,18,45,144051
esp32,AES128GCM,sw,decrypt,256,18,46,144096
esp32,AES128GCM,sw,decrypt,256,18,47,143145
esp32,AES128GCM,sw,decrypt,256,18,48,144096
esp32,AES128GCM,sw,decrypt,256,18,49,143145
esp32,AES128GCM,sw,decrypt,256,18,50,144096
esp32,AES128GCM,sw,decrypt,256,18,51,143145
esp32,AES128GCM,sw,decrypt,256,18,52,144096
esp32,AES128GCM,sw,decrypt,256,18,53,143145
esp32,AES128GCM,sw,decrypt,256,18,54,144096
esp32,AES128GCM,sw,decrypt,256,18,55,143145
esp32,AES128GCM,sw,decrypt,256,18,56,144096
esp32,AES128GCM,sw,decrypt,256,18,57,143145
esp32,AES128GCM,sw,decrypt,256,18,58,144096
esp32,AES128GCM,sw,decrypt,256,18,59,143145
esp32,AES128GCM,sw,decrypt,256,18,60,144096
esp32,AES128GCM,sw,decrypt,256,18,61,143145
esp32,AES128GCM,sw,decrypt,256,18,62,144096
esp32,AES128GCM,sw,decrypt,256,18,63,144519
esp32,AES128GCM,sw,decrypt,256,18,64,144096
esp32,AES128GCM,sw,decrypt,256,18,65,143145
esp32,AES128GCM,sw,decrypt,256,18,66,144096
esp32,AES128GCM,sw,decrypt,256,18,67,143145
esp32,AES128GCM,sw,decrypt,256,18,68,145470
esp32,AES128GCM,sw,decrypt,256,18,69,143145
esp32,AES128GCM,sw,decrypt,256,18,70,144096
esp32,AES128GCM,sw,decrypt,256,18,71,143145
esp32,AES128GCM,sw,decrypt,256,18,72,144096
esp32,AES128GCM,sw,decrypt,256,18,73,143145
esp32,AES128GCM,sw,decrypt,256,18,74,144096
esp32,AES128GCM,sw,decrypt,256,18,75,143145
esp32,AES128GCM,sw,decrypt,256,18,76,144096
esp32,AES128GCM,sw,decrypt,256,18,77,143145
esp32,AES128GCM,sw,decrypt,256,18,78,144096
esp32,AES128GCM,sw,decrypt,256,18,79,143145
esp32,AES128GCM,sw,decrypt,256,18,80,144096
esp32,AES128GCM,sw,decrypt,256,18,81,143145
esp32,AES128GCM,sw,decrypt,256,18,82,144096
esp32,AES128GCM,sw,decrypt,256,18,83,143145
esp32,AES128GCM,sw,decrypt,256,18,84,144096
esp32,AES128GCM,sw,decrypt,256,18,85,143145
esp32,AES128GCM,sw,decrypt,256,18,86,145299
esp32,AES128GCM,sw,decrypt,256,18,87,143145
esp32,AES128GCM,sw,decrypt,256,18,88,144096
esp32,AES128GCM,sw,decrypt,256,18,89,143145
esp32,AES128GCM,sw,decrypt,256,18,90,144096
esp32,AES128GCM,sw,decrypt,256,18,91,143145
esp32,AES128GCM,sw,decrypt,256,18,92,144096
esp32,AES128GCM,sw,decrypt,256,18,93,143145
esp32,AES128GCM,sw,decrypt,256,18,94,144096
esp32,AES128GCM,sw,decrypt,256,18,95,143145
esp32,AES128GCM,sw,decrypt,256,18,96,144096
esp32,AES128GCM,sw,decrypt,256,18,97,143145
esp32,AES128GCM,sw,decrypt,256,18,98,144096
esp32,AES128GCM,sw,decrypt,256,18,99,143145
esp32,AES128GCM,sw,decrypt,256,18,100,144096
esp32,AES128GCM,sw,decrypt,256,18,101,143145
esp32,AES128GCM,sw,decrypt,256,18,102,144096
esp32,AES128GCM,sw,decrypt,256,18,103,143145
esp32,AES128GCM,sw,decrypt,256,18,104,144096
esp32,AES128GCM,sw,decrypt,256,18,105,143145
esp32,AES128GCM,sw,decrypt,256,18,106,144096
esp32,AES128GCM,sw,decrypt,256,18,107,143145
esp32,AES128GCM,sw,decrypt,256,18,108,144096
esp32,AES128GCM,sw,decrypt,256,18,109,143145
esp32,AES128GCM,sw,decrypt,256,18,110,144096
esp32,AES128GCM,sw,decrypt,256,18,111,143145
esp32,AES128GCM,sw,decrypt,256,18,112,144096
esp32,AES128GCM,sw,decrypt,256,18,113,143145
esp32,AES128GCM,sw,decrypt,256,18,114,144096
esp32,AES128GCM,sw,decrypt,256,18,115,143145
esp32,AES128GCM,sw,decrypt,256,18,116,144096
esp32,AES128GCM,sw,decrypt,256,18,117,143145
esp32,AES128GCM,sw,decrypt,256,18,118,144096
esp32,AES128GCM,sw,decrypt,256,18,119,143145
esp32,AES128GCM,sw,decrypt,256,18,120,144096
esp32,AES128GCM,sw,decrypt,256,18,121,143145
esp32,AES128GCM,sw,decrypt,256,18,122,144096
esp32,AES128GCM,sw,decrypt,256,18,123,143145
esp32,AES128GCM,sw,decrypt,256,18,124,144096
esp32,AES128GCM,sw,decrypt,256,18,125,143145
esp32,AES128GCM,sw,decrypt,256,18,126,144096
esp32,AES128GCM,sw,decrypt,256,18,127,143145
esp32,AES128GCM,sw,decrypt,256,18,128,144096
esp32,AES128GCM,sw,decrypt,256,18,129,143145
esp32,AES128GCM,sw,decrypt,256,18,130,144096
esp32,AES128GCM,sw,decrypt,256,18,131,143145
esp32,AES128GCM,sw,decrypt,256,18,132,144096
esp32,AES128GCM,sw,decrypt,256,18,133,143145
esp32,AES128GCM,sw,decrypt,256,18,134,144096
esp32,AES128GCM,sw,decrypt,256,18,135,143145
esp32,AES128GCM,sw,decrypt,256,18,136,144096
esp32,AES128GCM,sw,decrypt,256,18,137,143145
esp32,AES128GCM,sw,decrypt,256,18,138,144096
esp32,AES128GCM,sw,decrypt,256,18,139,143145
esp32,AES128GCM,sw,decrypt,256,18,140,144096
esp32,AES128GCM,sw,decrypt,256,18,141,143145
esp32,AES128GCM,sw,decrypt,256,18,142,144096
esp32,AES128GCM,sw,decrypt,256,18,143,143145
esp32,AES128GCM,sw,decrypt,256,18,144,144096
esp32,AES128GCM,sw,decrypt,256,18,145,143145
esp32,AES128GCM,sw,decrypt,256,18,146,144096
esp32,AES128GCM,sw,decrypt,256,18,147,143145
esp32,AES128GCM,sw,decrypt,256,18,148,144096
esp32,AES128GCM,sw,decrypt,256,18,149,143148
esp32,AES128GCM,sw,decrypt,256,18,150,144096
esp32,AES128GCM,sw,decrypt,256,18,151,143145
esp32,AES128GCM,sw,decrypt,256,18,152,144096
esp32,AES128GCM,sw,decrypt,256,18,153,143145
esp32,AES128GCM,sw,decrypt,256,18,154,144099
esp32,AES128GCM,sw,decrypt,256,18,155,143145
esp32,AES128GCM,sw,decrypt,256,18,156,144096
esp32,AES128GCM,sw,decrypt,256,18,157,143145
esp32,AES128GCM,sw,decrypt,256,18,158,144096
esp32,AES128GCM,sw,decrypt,256,18,159,143145
esp32,AES128GCM,sw,decrypt,256,18,160,144096
esp32,AES128GCM,sw,decrypt,256,18,161,143145
esp32,AES128GCM,sw,decrypt,256,18,162,144096
esp32,AES128GCM,sw,decrypt,256,18,163,143145
esp32,AES128GCM,sw,decrypt,256,18,164,144095
esp32,AES128GCM,sw,decrypt,256,18,165,143145
esp32,AES128GCM,sw,decrypt,256,18,166,144096
esp32,AES128GCM,sw,decrypt,256,18,167,143145
esp32,AES128GCM,sw,decrypt,256,18,168,144096
esp32,AES128GCM,sw,decrypt,256,18,169,143144
esp32,AES128GCM,sw,decrypt,256,18,170,144096
esp32,AES128GCM,sw,decrypt,256,18,171,143145
esp32,AES128GCM,sw,decrypt,256,18,172,144096
esp32,AES128GCM,sw,decrypt,256,18,173,143145
esp32,AES128GCM,sw,decrypt,256,18,174,144097
esp32,AES128GCM,sw,decrypt,256,18,175,143145
esp32,AES128GCM,sw,decrypt,256,18,176,144096
esp32,AES128GCM,sw,decrypt,256,18,177,143145
esp32,AES128GCM,sw,decrypt,256,18,178,144096
esp32,AES128GCM,sw,decrypt,256,18,179,144390
esp32,AES128GCM,sw,decrypt,256,18,180,144096
esp32,AES128GCM,sw,decrypt,256,18,181,143145
esp32,AES128GCM,sw,decrypt,256,18,182,144096
esp32,AES128GCM,sw,decrypt,256,18,183,143145
esp32,AES128GCM,sw,decrypt,256,18,184,145509
esp32,AES128GCM,sw,decrypt,256,18,185,143145
esp32,AES128GCM,sw,decrypt,256,18,186,144096
esp32,AES128GCM,sw,decrypt,256,18,187,143145
esp32,AES128GCM,sw,decrypt,256,18,188,144096
esp32,AES128GCM,sw,decrypt,256,18,189,144348
esp32,AES128GCM,sw,decrypt,256,18,190,144096
esp32,AES128GCM,sw,decrypt,256,18,191,143145
esp32,AES128GCM,sw,decrypt,256,18,192,144096
esp32,AES128GCM,sw,decrypt,256,18,193,143145
esp32,AES128GCM,sw,decrypt,256,18,194,145299
esp32,AES128GCM,sw,decrypt,256,18,195,143145
esp32,AES128GCM,sw,decrypt,256,18,196,144096
esp32,AES128GCM,sw,decrypt,256,18,197,143145
esp32,AES128GCM,sw,decrypt,256,18,198,144096
esp32,AES128GCM,sw,decrypt,256,18,199,144345
esp32,AES128GCM,sw,decrypt,256,18,200,144096
esp32,AES128GCM,sw,decrypt,256,18,201,143145
esp32,AES128GCM,sw,decrypt,256,18,202,144096
esp32,AES128GCM,sw,decrypt,256,18,203,143145
esp32,AES128GCM,sw,decrypt,256,18,204,145299
esp32,AES128GCM,sw,decrypt,256,18,205,143145
esp32,AES128GCM,sw,decrypt,256,18,206,144096
esp32,AES128GCM,sw,decrypt,256,18,207,143145
esp32,AES128GCM,sw,decrypt,256,18,208,144096
esp32,AES128GCM,sw,decrypt,256,18,209,144345
esp32,AES128GCM,sw,decrypt,256,18,210,144096
esp32,AES128GCM,sw,decrypt,256,18,211,143145
esp32,AES128GCM,sw,decrypt,256,18,212,144096
esp32,AES128GCM,sw,decrypt,256,18,213,143145
esp32,AES128GCM,sw,decrypt,256,18,214,145299
esp32,AES128GCM,sw,decrypt,256,18,215,143145
esp32,AES128GCM,sw,decrypt,256,18,216,144096
esp32,AES128GCM,sw,decrypt,256,18,217,143145
esp32,AES128GCM,sw,decrypt,256,18,218,144096
esp32,AES128GCM,sw,decrypt,256,18,219,143505
esp32,AES128GCM,sw,decrypt,256,18,220,144096
esp32,AES128GCM,sw,decrypt,256,18,221,143145
esp32,AES128GCM,sw,decrypt,256,18,222,144096
esp32,AES128GCM,sw,decrypt,256,18,223,143145
esp32,AES128GCM,sw,decrypt,256,18,224,144633
esp32,AES128GCM,sw,decrypt,256,18,225,143145
esp32,AES128GCM,sw,decrypt,256,18,226,144096
esp32,AES128GCM,sw,decrypt,256,18,227,143145
esp32,AES128GCM,sw,decrypt,256,18,228,144096
esp32,AES128GCM,sw,decrypt,256,18,229,144522
esp32,AES128GCM,sw,decrypt,256,18,230,144096
esp32,AES128GCM,sw,decrypt,256,18,231,143145
esp32,AES128GCM,sw,decrypt,256,18,232,144096
esp32,AES128GCM,sw,decrypt,256,18,233,143145
esp32,AES128GCM,sw,decrypt,256,18,234,145473
esp32,AES128GCM,sw,decrypt,256,18,235,143145
esp32,AES128GCM,sw,decrypt,256,18,236,144096
esp32,AES128GCM,sw,decrypt,256,18,237,143145
esp32,AES128GCM,sw,decrypt,256,18,238,144096
esp32,AES128GCM,sw,decrypt,256,18,239,144120
esp32,AES128GCM,sw,decrypt,256,18,240,144096
esp32,AES128GCM,sw,decrypt,256,18,241,143145
esp32,AES128GCM,sw,decrypt,256,18,242,144096
esp32,AES128GCM,sw,decrypt,256,18,243,143145
esp32,AES128GCM,sw,decrypt,256,18,244,145257
esp32,AES128GCM,sw,decrypt,256,18,245,143145
esp32,AES128GCM,sw,decrypt,256,18,246,144096
esp32,AES128GCM,sw,decrypt,256,18,247,143145
esp32,AES128GCM,sw,decrypt,256,18,248,144096
esp32,AES128GCM,sw,decrypt,256,18,249,144348
esp32,AES128GCM,sw,decrypt,256,18,250,144096
esp32,AES128GCM,sw,decrypt,256,18,251,143145
esp32,AES128GCM,sw,decrypt,256,18,252,144096
esp32,AES128GCM,sw,decrypt,256,18,253,143145
esp32,AES128GCM,sw,decrypt,256,18,254,145299
esp32,AES128GCM,sw,decrypt,256,18,255,143145
esp32,AES128GCM,sw,decrypt,256,18,256,144096
esp32,AES128GCM,sw,decrypt,256,18,257,143145
esp32,AES128GCM,sw,decrypt,256,18,258,144096
esp32,AES128GCM,sw,decrypt,256,18,259,143610
esp32,AES128GCM,sw,decrypt,256,18,260,144096
esp32,AES128GCM,sw,decrypt,256,18,261,143145
esp32,AES128GCM,sw,decrypt,256,18,262,144096
esp32,AES128GCM,sw,decrypt,256,18,263,143145
esp32,AES128GCM,sw,decrypt,256,18,264,144096
esp32,AES128GCM,sw,decrypt,256,18,265,143145
esp32,AES128GCM,sw,decrypt,256,18,266,144096
esp32,AES128GCM,sw,decrypt,256,18,267,143145
esp32,AES128GCM,sw,decrypt,256,18,268,144096
esp32,AES128GCM,sw,decrypt,256,18,269,143145
esp32,AES128GCM,sw,decrypt,256,18,270,144096
esp32,AES128GCM,sw,decrypt,256,18,271,143145
esp32,AES128GCM,sw,decrypt,256,18,272,144096
esp32,AES128GCM,sw,decrypt,256,18,273,143145
esp32,AES128GCM,sw,decrypt,256,18,274,144096
esp32,AES128GCM,sw,decrypt,256,18,275,143145
esp32,AES128GCM,sw,decrypt,256,18,276,144096
esp32,AES128GCM,sw,decrypt,256,18,277,143145
esp32,AES128GCM,sw,decrypt,256,18,278,144096
esp32,AES128GCM,sw,decrypt,256,18,279,143145
esp32,AES128GCM,sw,decrypt,256,18,280,144096
esp32,AES128GCM,sw,decrypt,256,18,281,143145
esp32,AES128GCM,sw,decrypt,256,18,282,144096
esp32,AES128GCM,sw,decrypt,256,18,283,143145
esp32,AES128GCM,sw,decrypt,256,18,284,144096
esp32,AES128GCM,sw,decrypt,256,18,285,143145
esp32,AES128GCM,sw,decrypt,256,18,286,144096
esp32,AES128GCM,sw,decrypt,256,18,287,143145
esp32,AES128GCM,sw,decrypt,256,18,288,144096
esp32,AES128GCM,sw,decrypt,256,18,289,143145
esp32,AES128GCM,sw,decrypt,256,18,290,144096
esp32,AES128GCM,sw,decrypt,256,18,291,143145
esp32,AES128GCM,sw,decrypt,256,18,292,144096
esp32,AES128GCM,sw,decrypt,256,18,293,143145
esp32,AES128GCM,sw,decrypt,256,18,294,144096
esp32,AES128GCM,sw,decrypt,256,18,295,143145
esp32,AES128GCM,sw,decrypt,256,18,296,144096
esp32,AES128GCM,sw,decrypt,256,18,297,143145
esp32,AES128GCM,sw,decrypt,256,18,298,144096
esp32,AES128GCM,sw,decrypt,256,18,299,143145
esp32,AES128GCM,sw,decrypt,256,18,300,144096
esp32,AES128GCM,sw,decrypt,256,18,301,143145
esp32,AES128GCM,sw,decrypt,256,18,302,144096
esp32,AES128GCM,sw,decrypt,256,18,303,143145
esp32,AES128GCM,sw,decrypt,256,18,304,144096
esp32,AES128GCM,sw,decrypt,256,18,305,143145
esp32,AES128GCM,sw,decrypt,256,18,306,144096
esp32,AES128GCM,sw,decrypt,256,18,307,143145
esp32,AES128GCM,sw,decrypt,256,18,308,144096
esp32,AES128GCM,sw,decrypt,256,18,309,143145
esp32,AES128GCM,sw,decrypt,256,18,310,144096
esp32,AES128GCM,sw,decrypt,256,18,311,143145
esp32,AES128GCM,sw,decrypt,256,18,312,144096
esp32,AES128GCM,sw,decrypt,256,18,313,143145
esp32,AES128GCM,sw,decrypt,256,18,314,144096
esp32,AES128GCM,sw,decrypt,256,18,315,143145
esp32,AES128GCM,sw,decrypt,256,18,316,144096
esp32,AES128GCM,sw,decrypt,256,18,317,143145
esp32,AES128GCM,sw,decrypt,256,18,318,144096
esp32,AES128GCM,sw,decrypt,256,18,319,143145
esp32,AES128GCM,sw,decrypt,256,18,320,144096
esp32,AES128GCM,sw,decrypt,256,18,321,143145
esp32,AES128GCM,sw,decrypt,256,18,322,144096
esp32,AES128GCM,sw,decrypt,256,18,323,143145
esp32,AES128GCM,sw,decrypt,256,18,324,144096
esp32,AES128GCM,sw,decrypt,256,18,325,143145
esp32,AES128GCM,sw,decrypt,256,18,326,144096
esp32,AES128GCM,sw,decrypt,256,18,327,143145
esp32,AES128GCM,sw,decrypt,256,18,328,144096
esp32,AES128GCM,sw,decrypt,256,18,329,143145
esp32,AES128GCM,sw,decrypt,256,18,330,144096
esp32,AES128GCM,sw,decrypt,256,18,331,143145
esp32,AES128GCM,sw,decrypt,256,18,332,144096
esp32,AES128GCM,sw,decrypt,256,18,333,143145
esp32,AES128GCM,sw,decrypt,256,18,334,144096
esp32,AES128GCM,sw,decrypt,256,18,335,143145
esp32,AES128GCM,sw,decrypt,256,18,336,144096
esp32,AES128GCM,sw,decrypt,256,18,337,143145
esp32,AES128GCM,sw,decrypt,256,18,338,144096
esp32,AES128GCM,sw,decrypt,256,18,339,143145
esp32,AES128GCM,sw,decrypt,256,18,340,144096
esp32,AES128GCM,sw,decrypt,256,18,341,143145
esp32,AES128GCM,sw,decrypt,256,18,342,144096
esp32,AES128GCM,sw,decrypt,256,18,343,143145
esp32,AES128GCM,sw,decrypt,256,18,344,144096
esp32,AES128GCM,sw,decrypt,256,18,345,143145
esp32,AES128GCM,sw,decrypt,256,18,346,144096
esp32,AES128GCM,sw,decrypt,256,18,347,143145
esp32,AES128GCM,sw,decrypt,256,18,348,144096
esp32,AES128GCM,sw,decrypt,256,18,349,143145
esp32,AES128GCM,sw,decrypt,256,18,350,144096
esp32,AES128GCM,sw,decrypt,256,18,351,143145
esp32,AES128GCM,sw,decrypt,256,18,352,144096
esp32,AES128GCM,sw,decrypt,256,18,353,143145
esp32,AES128GCM,sw,decrypt,256,18,354,144096
esp32,AES128GCM,sw,decrypt,256,18,355,143145
esp32,AES128GCM,sw,decrypt,256,18,356,144096
esp32,AES128GCM,sw,decrypt,256,18,357,143145
esp32,AES128GCM,sw,decrypt,256,18,358,144096
esp32,AES128GCM,sw,decrypt,256,18,359,143145
esp32,AES128GCM,sw,decrypt,256,18,360,144096
esp32,AES128GCM,sw,decrypt,256,18,361,143145
esp32,AES128GCM,sw,decrypt,256,18,362,144102
esp32,AES128GCM,sw,decrypt,256,18,363,143145
esp32,AES128GCM,sw,decrypt,256,18,364,144096
esp32,AES128GCM,sw,decrypt,256,18,365,143145
esp32,AES128GCM,sw,decrypt,256,18,366,144096
esp32,AES128GCM,sw,decrypt,256,18,367,143145
esp32,AES128GCM,sw,decrypt,256,18,368,144096
esp32,AES128GCM,sw,decrypt,256,18,369,143145
esp32,AES128GCM,sw,decrypt,256,18,370,144096
esp32,AES128GCM,sw,decrypt,256,18,371,143145
esp32,AES128GCM,sw,decrypt,256,18,372,144096
esp32,AES128GCM,sw,decrypt,256,18,373,143145
esp32,AES128GCM,sw,decrypt,256,18,374,144096
esp32,AES128GCM,sw,decrypt,256,18,375,143145
esp32,AES128GCM,sw,decrypt,256,18,376,144096
esp32,AES128GCM,sw,decrypt,256,18,377,143145
esp32,AES128GCM,sw,decrypt,256,18,378,144096
esp32,AES128GCM,sw,decrypt,256,18,379,143145
esp32,AES128GCM,sw,decrypt,256,18,380,144096
esp32,AES128GCM,sw,decrypt,256,18,381,143145
esp32,AES128GCM,sw,decrypt,256,18,382,144096
esp32,AES128GCM,sw,decrypt,256,18,383,143145
esp32,AES128GCM,sw,decrypt,256,18,384,144096
esp32,AES128GCM,sw,decrypt,256,18,385,143145
esp32,AES128GCM,sw,decrypt,256,18,386,144096
esp32,AES128GCM,sw,decrypt,256,18,387,143145
esp32,AES128GCM,sw,decrypt,256,18,388,144096
esp32,AES128GCM,sw,decrypt,256,18,389,143145
esp32,AES128GCM,sw,decrypt,256,18,390,144096
esp32,AES128GCM,sw,decrypt,256,18,391,143145
esp32,AES128GCM,sw,decrypt,256,18,392,144096
esp32,AES128GCM,sw,decrypt,256,18,393,143145
esp32,AES128GCM,sw,decrypt,256,18,394,144096
esp32,AES128GCM,sw,decrypt,256,18,395,143145
esp32,AES128GCM,sw,decrypt,256,18,396,144096
esp32,AES128GCM,sw,decrypt,256,18,397,143145
esp32,AES128GCM,sw,decrypt,256,18,398,144096
esp32,AES128GCM,sw,decrypt,256,18,399,143145
esp32,AES128GCM,sw,decrypt,256,18,400,144096
esp32,AES128GCM,sw,decrypt,256,18,401,143145
esp32,AES128GCM,sw,decrypt,256,18,402,144096
esp32,AES128GCM,sw,decrypt,256,18,403,143145
esp32,AES128GCM,sw,decrypt,256,18,404,144096
esp32,AES128GCM,sw,decrypt,256,18,405,143145
esp32,AES128GCM,sw,decrypt,256,18,406,144096
esp32,AES128GCM,sw,decrypt,256,18,407,143145
esp32,AES128GCM,sw,decrypt,256,18,408,144096
esp32,AES128GCM,sw,decrypt,256,18,409,143145
esp32,AES128GCM,sw,decrypt,256,18,410,144096
esp32,AES128GCM,sw,decrypt,256,18,411,143145
esp32,AES128GCM,sw,decrypt,256,18,412,144096
esp32,AES128GCM,sw,decrypt,256,18,413,143145
esp32,AES128GCM,sw,decrypt,256,18,414,144096
esp32,AES128GCM,sw,decrypt,256,18,415,143145
esp32,AES128GCM,sw,decrypt,256,18,416,144096
esp32,AES128GCM,sw,decrypt,256,18,417,143145
esp32,AES128GCM,sw,decrypt,256,18,418,144096
esp32,AES128GCM,sw,decrypt,256,18,419,143145
esp32,AES128GCM,sw,decrypt,256,18,420,144096
esp32,AES128GCM,sw,decrypt,256,18,421,143145
esp32,AES128GCM,sw,decrypt,256,18,422,144096
esp32,AES128GCM,sw,decrypt,256,18,423,143145
esp32,AES128GCM,sw,decrypt,256,18,424,144096
esp32,AES128GCM,sw,decrypt,256,18,425,143145
esp32,AES128GCM,sw,decrypt,256,18,426,144096
esp32,AES128GCM,sw,decrypt,256,18,427,143145
esp32,AES128GCM,sw,decrypt,256,18,428,144096
esp32,AES128GCM,sw,decrypt,256,18,429,143145
esp32,AES128GCM,sw,decrypt,256,18,430,144096
esp32,AES128GCM,sw,decrypt,256,18,431,143145
esp32,AES128GCM,sw,decrypt,256,18,432,144096
esp32,AES128GCM,sw,decrypt,256,18,433,143145
esp32,AES128GCM,sw,decrypt,256,18,434,144096
esp32,AES128GCM,sw,decrypt,256,18,435,143145
esp32,AES128GCM,sw,decrypt,256,18,436,144096
esp32,AES128GCM,sw,decrypt,256,18,437,143145
esp32,AES128GCM,sw,decrypt,256,18,438,144096
esp32,AES128GCM,sw,decrypt,256,18,439,143145
esp32,AES128GCM,sw,decrypt,256,18,440,144096
esp32,AES128GCM,sw,decrypt,256,18,441,143145
esp32,AES128GCM,sw,decrypt,256,18,442,144096
esp32,AES128GCM,sw,decrypt,256,18,443,143145
esp32,AES128GCM,sw,decrypt,256,18,444,144096
esp32,AES128GCM,sw,decrypt,256,18,445,143145
esp32,AES128GCM,sw,decrypt,256,18,446,144096
esp32,AES128GCM,sw,decrypt,256,18,447,143157
esp32,AES128GCM,sw,decrypt,256,18,448,144096
esp32,AES128GCM,sw,decrypt,256,18,449,143145
esp32,AES128GCM,sw,decrypt,256,18,450,144096
esp32,AES128GCM,sw,decrypt,256,18,451,143145
esp32,AES128GCM,sw,decrypt,256,18,452,144095
esp32,AES128GCM,sw,decrypt,256,18,453,143145
esp32,AES128GCM,sw,decrypt,256,18,454,144096
esp32,AES128GCM,sw,decrypt,256,18,455,143145
esp32,AES128GCM,sw,decrypt,256,18,456,144096
esp32,AES128GCM,sw,decrypt,256,18,457,143144
esp32,AES128GCM,sw,decrypt,256,18,458,144096
esp32,AES128GCM,sw,decrypt,256,18,459,143145
esp32,AES128GCM,sw,decrypt,256,18,460,144096
esp32,AES128GCM,sw,decrypt,256,18,461,143145
esp32,AES128GCM,sw,decrypt,256,18,462,145470
esp32,AES128GCM,sw,decrypt,256,18,463,143145
esp32,AES128GCM,sw,decrypt,256,18,464,144096
esp32,AES128GCM,sw,decrypt,256,18,465,143145
esp32,AES128GCM,sw,decrypt,256,18,466,144096
esp32,AES128GCM,sw,decrypt,256,18,467,144348
esp32,AES128GCM,sw,decrypt,256,18,468,144096
esp32,AES128GCM,sw,decrypt,256,18,469,143145
esp32,AES128GCM,sw,decrypt,256,18,470,144096
esp32,AES128GCM,sw,decrypt,256,18,471,143145
esp32,AES128GCM,sw,decrypt,256,18,472,145299
esp32,AES128GCM,sw,decrypt,256,18,473,143145
esp32,AES128GCM,sw,decrypt,256,18,474,144096
esp32,AES128GCM,sw,decrypt,256,18,475,143145
esp32,AES128GCM,sw,decrypt,256,18,476,144096
esp32,AES128GCM,sw,decrypt,256,18,477,144348
esp32,AES128GCM,sw,decrypt,256,18,478,144096
esp32,AES128GCM,sw,decrypt,256,18,479,143145
esp32,AES128GCM,sw,decrypt,256,18,480,144096
esp32,AES128GCM,sw,decrypt,256,18,481,143145
esp32,AES128GCM,sw,decrypt,256,18,482,145299
esp32,AES128GCM,sw,decrypt,256,18,483,143145
esp32,AES128GCM,sw,decrypt,256,18,484,144096
esp32,AES128GCM,sw,decrypt,256,18,485,143145
esp32,AES128GCM,sw,decrypt,256,18,486,144096
esp32,AES128GCM,sw,decrypt,256,18,487,143667
esp32,AES128GCM,sw,decrypt,256,18,488,144096
esp32,AES128GCM,sw,decrypt,256,18,489,143145
esp32,AES128GCM,sw,decrypt,256,18,490,144096
esp32,AES128GCM,sw,decrypt,256,18,491,143145
esp32,AES128GCM,sw,decrypt,256,18,492,144798
esp32,AES128GCM,sw,decrypt,256,18,493,143145
esp32,AES128GCM,sw,decrypt,256,18,494,144096
esp32,AES128GCM,sw,decrypt,256,18,495,143145
esp32,AES128GCM,sw,decrypt,256,18,496,144096
esp32,AES128GCM,sw,decrypt,256,18,497,144519
esp32,AES128GCM,sw,decrypt,256,18,498,144096
esp32,AES128GCM,sw,decrypt,256,18,499,143145
esp32,AES128GCM,sw,decrypt,256,18,500,144096
esp32,AES128GCM,sw,decrypt,256,18,501,143145
esp32,AES128GCM,sw,decrypt,256,18,502,145470
esp32,AES128GCM,sw,decrypt,256,18,503,143145
esp32,AES128GCM,sw,decrypt,256,18,504,144096
esp32,AES128GCM,sw,decrypt,256,18,505,143145
esp32,AES128GCM,sw,decrypt,256,18,506,144096
esp32,AES128GCM,sw,decrypt,256,18,507,144297
esp32,AES128GCM,sw,decrypt,256,18,508,144096
esp32,AES128GCM,sw,decrypt,256,18,509,143145
esp32,AES128GCM,sw,decrypt,256,18,510,144096
esp32,AES128GCM,sw,decrypt,256,18,511,143145
esp32,AES128GCM,sw,decrypt,256,18,512,145413
esp32,AES128GCM,sw,decrypt,256,18,513,143145
esp32,AES128GCM,sw,decrypt,256,18,514,144096
esp32,AES128GCM,sw,decrypt,256,18,515,143145
esp32,AES128GCM,sw,decrypt,256,18,516,144096
esp32,AES128GCM,sw,decrypt,256,18,517,144348
esp32,AES128GCM,sw,decrypt,256,18,518,144096
esp32,AES128GCM,sw,decrypt,256,18,519,143145
esp32,AES128GCM,sw,decrypt,256,18,520,144096
esp32,AES128GCM,sw,decrypt,256,18,521,143145
esp32,AES128GCM,sw,decrypt,256,18,522,145299
esp32,AES128GCM,sw,decrypt,256,18,523,143145
esp32,AES128GCM,sw,decrypt,256,18,524,144096
esp32,AES128GCM,sw,decrypt,256,18,525,143145
esp32,AES128GCM,sw,decrypt,256,18,526,144096
esp32,AES128GCM,sw,decrypt,256,18,527,144345
esp32,AES128GCM,sw,decrypt,256,18,528,144096
esp32,AES128GCM,sw,decrypt,256,18,529,143145
esp32,AES128GCM,sw,decrypt,256,18,530,144096
esp32,AES128GCM,sw,decrypt,256,18,531,143145
esp32,AES128GCM,sw,decrypt,256,18,532,145299
esp32,AES128GCM,sw,decrypt,256,18,533,143145
esp32,AES128GCM,sw,decrypt,256,18,534,144096
esp32,AES128GCM,sw,decrypt,256,18,535,143145
esp32,AES128GCM,sw,decrypt,256,18,536,144096
esp32,AES128GCM,sw,decrypt,256,18,537,144348
esp32,AES128GCM,sw,decrypt,256,18,538,144096
esp32,AES128GCM,sw,decrypt,256,18,539,143145
esp32,AES128GCM,sw,decrypt,256,18,540,144096
esp32,AES128GCM,sw,decrypt,256,18,541,143145
esp32,AES128GCM,sw,decrypt,256,18,542,145299
esp32,AES128GCM,sw,decrypt,256,18,543,143145
esp32,AES128GCM,sw,decrypt,256,18,544,144096
esp32,AES128GCM,sw,decrypt,256,18,545,143145
esp32,AES128GCM,sw,decrypt,256,18,546,144096
esp32,AES128GCM,sw,decrypt,256,18,547,143145
esp32,AES128GCM,sw,decrypt,256,18,548,144096
esp32,AES128GCM,sw,decrypt,256,18,549,143145
esp32,AES128GCM,sw,decrypt,256,18,550,144096
esp32,AES128GCM,sw,decrypt,256,18,551,143145
esp32,AES128GCM,sw,decrypt,256,18,552,144096
esp32,AES128GCM,sw,decrypt,256,18,553,143145
esp32,AES128GCM,sw,decrypt,256,18,554,144096
esp32,AES128GCM,sw,decrypt,256,18,555,143145
esp32,AES128GCM,sw,decrypt,256,18,556,144096
esp32,AES128GCM,sw,decrypt,256,18,557,143145
esp32,AES128GCM,sw,decrypt,256,18,558,144096
esp32,AES128GCM,sw,decrypt,256,18,559,143145
esp32,AES128GCM,sw,decrypt,256,18,560,144096
esp32,AES128GCM,sw,decrypt,256,18,561,143145
esp32,AES128GCM,sw,decrypt,256,18,562,144096
esp32,AES128GCM,sw,decrypt,256,18,563,143145
esp32,AES128GCM,sw,decrypt,256,18,564,144096
esp32,AES128GCM,sw,decrypt,256,18,565,143145
esp32,AES128GCM,sw,decrypt,256,18,566,144096
esp32,AES128GCM,sw,decrypt,256,18,567,143145
esp32,AES128GCM,sw,decrypt,256,18,568,144096
esp32,AES128GCM,sw,decrypt,256,18,569,143145
esp32,AES128GCM,sw,decrypt,256,18,570,144096
esp32,AES128GCM,sw,decrypt,256,18,571,143145
esp32,AES128GCM,sw,decrypt,256,18,572,144096
esp32,AES128GCM,sw,decrypt,256,18,573,143145
esp32,AES128GCM,sw,decrypt,256,18,574,144096
esp32,AES128GCM,sw,decrypt,256,18,575,143145
esp32,AES128GCM,sw,decrypt,256,18,576,144096
esp32,AES128GCM,sw,decrypt,256,18,577,143145
esp32,AES128GCM,sw,decrypt,256,18,578,144096
esp32,AES128GCM,sw,decrypt,256,18,579,143145
esp32,AES128GCM,sw,decrypt,256,18,580,144096
esp32,AES128GCM,sw,decrypt,256,18,581,143145
esp32,AES128GCM,sw,decrypt,256,18,582,144096
esp32,AES128GCM,sw,decrypt,256,18,583,143145
esp32,AES128GCM,sw,decrypt,256,18,584,144096
esp32,AES128GCM,sw,decrypt,256,18,585,143145
esp32,AES128GCM,sw,decrypt,256,18,586,144096
esp32,AES128GCM,sw,decrypt,256,18,587,143145
esp32,AES128GCM,sw,decrypt,256,18,588,144096
esp32,AES128GCM,sw,decrypt,256,18,589,143145
esp32,AES128GCM,sw,decrypt,256,18,590,144096
esp32,AES128GCM,sw,decrypt,256,18,591,143145
esp32,AES128GCM,sw,decrypt,256,18,592,144096
esp32,AES128GCM,sw,decrypt,256,18,593,143145
esp32,AES128GCM,sw,decrypt,256,18,594,144096
esp32,AES128GCM,sw,decrypt,256,18,595,143145
esp32,AES128GCM,sw,decrypt,256,18,596,144096
esp32,AES128GCM,sw,decrypt,256,18,597,143145
esp32,AES128GCM,sw,decrypt,256,18,598,144096
esp32,AES128GCM,sw,decrypt,256,18,599,143145
esp32,AES128GCM,sw,decrypt,256,18,600,144096
esp32,AES128GCM,sw,decrypt,256,18,601,143145
esp32,AES128GCM,sw,decrypt,256,18,602,144096
esp32,AES128GCM,sw,decrypt,256,18,603,143145
esp32,AES128GCM,sw,decrypt,256,18,604,144096
esp32,AES128GCM,sw,decrypt,256,18,605,143145
esp32,AES128GCM,sw,decrypt,256,18,606,144096
esp32,AES128GCM,sw,decrypt,256,18,607,143145
esp32,AES128GCM,sw,decrypt,256,18,608,144096
esp32,AES128GCM,sw,decrypt,256,18,609,143145
esp32,AES128GCM,sw,decrypt,256,18,610,144096
esp32,AES128GCM,sw,decrypt,256,18,611,143145
esp32,AES128GCM,sw,decrypt,256,18,612,144096
esp32,AES128GCM,sw,decrypt,256,18,613,143145
esp32,AES128GCM,sw,decrypt,256,18,614,144096
esp32,AES128GCM,sw,decrypt,256,18,615,143145
esp32,AES128GCM,sw,decrypt,256,18,616,144096
esp32,AES128GCM,sw,decrypt,256,18,617,143145
esp32,AES128GCM,sw,decrypt,256,18,618,144096
esp32,AES128GCM,sw,decrypt,256,18,619,143145
esp32,AES128GCM,sw,decrypt,256,18,620,144096
esp32,AES128GCM,sw,decrypt,256,18,621,143145
esp32,AES128GCM,sw,decrypt,256,18,622,144096
esp32,AES128GCM,sw,decrypt,256,18,623,143145
esp32,AES128GCM,sw,decrypt,256,18,624,144096
esp32,AES128GCM,sw,decrypt,256,18,625,143145
esp32,AES128GCM,sw,decrypt,256,18,626,144096
esp32,AES128GCM,sw,decrypt,256,18,627,143145
esp32,AES128GCM,sw,decrypt,256,18,628,144096
esp32,AES128GCM,sw,decrypt,256,18,629,143145
esp32,AES128GCM,sw,decrypt,256,18,630,144096
esp32,AES128GCM,sw,decrypt,256,18,631,143145
esp32,AES128GCM,sw,decrypt,256,18,632,144096
esp32,AES128GCM,sw,decrypt,256,18,633,143145
esp32,AES128GCM,sw,decrypt,256,18,634,144096
esp32,AES128GCM,sw,decrypt,256,18,635,143145
esp32,AES128GCM,sw,decrypt,256,18,636,144096
esp32,AES128GCM,sw,decrypt,256,18,637,143145
esp32,AES128GCM,sw,decrypt,256,18,638,144096
esp32,AES128GCM,sw,decrypt,256,18,639,143145
esp32,AES128GCM,sw,decrypt,256,18,640,144096
esp32,AES128GCM,sw,decrypt,256,18,641,143145
esp32,AES128GCM,sw,decrypt,256,18,642,144096
esp32,AES128GCM,sw,decrypt,256,18,643,143145
esp32,AES128GCM,sw,decrypt,256,18,644,144096
esp32,AES128GCM,sw,decrypt,256,18,645,143145
esp32,AES128GCM,sw,decrypt,256,18,646,144096
esp32,AES128GCM,sw,decrypt,256,18,647,143145
esp32,AES128GCM,sw,decrypt,256,18,648,144096
esp32,AES128GCM,sw,decrypt,256,18,649,143145
esp32,AES128GCM,sw,decrypt,256,18,650,144102
esp32,AES128GCM,sw,decrypt,256,18,651,143145
esp32,AES128GCM,sw,decrypt,256,18,652,144096
esp32,AES128GCM,sw,decrypt,256,18,653,143145
esp32,AES128GCM,sw,decrypt,256,18,654,144096
esp32,AES128GCM,sw,decrypt,256,18,655,143145
esp32,AES128GCM,sw,decrypt,256,18,656,144096
esp32,AES128GCM,sw,decrypt,256,18,657,143145
esp32,AES128GCM,sw,decrypt,256,18,658,144096
esp32,AES128GCM,sw,decrypt,256,18,659,143145
esp32,AES128GCM,sw,decrypt,256,18,660,144096
esp32,AES128GCM,sw,decrypt,256,18,661,143145
esp32,AES128GCM,sw,decrypt,256,18,662,144096
esp32,AES128GCM,sw,decrypt,256,18,663,143145
esp32,AES128GCM,sw,decrypt,256,18,664,144096
esp32,AES128GCM,sw,decrypt,256,18,665,143145
esp32,AES128GCM,sw,decrypt,256,18,666,144096
esp32,AES128GCM,sw,decrypt,256,18,667,143145
esp32,AES128GCM,sw,decrypt,256,18,668,144096
esp32,AES128GCM,sw,decrypt,256,18,669,143145
esp32,AES128GCM,sw,decrypt,256,18,670,144096
esp32,AES128GCM,sw,decrypt,256,18,671,143145
esp32,AES128GCM,sw,decrypt,256,18,672,144096
esp32,AES128GCM,sw,decrypt,256,18,673,143145
esp32,AES128GCM,sw,decrypt,256,18,674,144096
esp32,AES128GCM,sw,decrypt,256,18,675,143145
esp32,AES128GCM,sw,decrypt,256,18,676,144096
esp32,AES128GCM,sw,decrypt,256,18,677,143145
esp32,AES128GCM,sw,decrypt,256,18,678,144096
esp32,AES128GCM,sw,decrypt,256,18,679,143145
esp32,AES128GCM,sw,decrypt,256,18,680,144096
esp32,AES128GCM,sw,decrypt,256,18,681,143145
esp32,AES128GCM,sw,decrypt,256,18,682,144096
esp32,AES128GCM,sw,decrypt,256,18,683,143145
esp32,AES128GCM,sw,decrypt,256,18,684,144096
esp32,AES128GCM,sw,decrypt,256,18,685,143148
esp32,AES128GCM,sw,decrypt,256,18,686,144096
esp32,AES128GCM,sw,decrypt,256,18,687,143145
esp32,AES128GCM,sw,decrypt,256,18,688,144096
esp32,AES128GCM,sw,decrypt,256,18,689,143145
esp32,AES128GCM,sw,decrypt,256,18,690,144096
esp32,AES128GCM,sw,decrypt,256,18,691,143145
esp32,AES128GCM,sw,decrypt,256,18,692,144096
esp32,AES128GCM,sw,decrypt,256,18,693,143145
esp32,AES128GCM,sw,decrypt,256,18,694,144096
esp32,AES128GCM,sw,decrypt,256,18,695,143145
esp32,AES128GCM,sw,decrypt,256,18,696,144096
esp32,AES128GCM,sw,decrypt,256,18,697,143145
esp32,AES128GCM,sw,decrypt,256,18,698,144096
esp32,AES128GCM,sw,decrypt,256,18,699,143145
esp32,AES128GCM,sw,decrypt,256,18,700,144096
esp32,AES128GCM,sw,decrypt,256,18,701,143145
esp32,AES128GCM,sw,decrypt,256,18,702,144096
esp32,AES128GCM,sw,decrypt,256,18,703,143145
esp32,AES128GCM,sw,decrypt,256,18,704,144096
esp32,AES128GCM,sw,decrypt,256,18,705,143145
esp32,AES128GCM,sw,decrypt,256,18,706,144096
esp32,AES128GCM,sw,decrypt,256,18,707,143145
esp32,AES128GCM,sw,decrypt,256,18,708,144096
esp32,AES128GCM,sw,decrypt,256,18,709,143145
esp32,AES128GCM,sw,decrypt,256,18,710,144096
esp32,AES128GCM,sw,decrypt,256,18,711,143145
esp32,AES128GCM,sw,decrypt,256,18,712,144096
esp32,AES128GCM,sw,decrypt,256,18,713,143145
esp32,AES128GCM,sw,decrypt,256,18,714,144096
esp32,AES128GCM,sw,decrypt,256,18,715,143145
esp32,AES128GCM,sw,decrypt,256,18,716,144096
esp32,AES128GCM,sw,decrypt,256,18,717,143145
esp32,AES128GCM,sw,decrypt,256,18,718,144096
esp32,AES128GCM,sw,decrypt,256,18,719,143145
esp32,AES128GCM,sw,decrypt,256,18,720,144096
esp32,AES128GCM,sw,decrypt,256,18,721,143145
esp32,AES128GCM,sw,decrypt,256,18,722,144096
esp32,AES128GCM,sw,decrypt,256,18,723,143145
esp32,AES128GCM,sw,decrypt,256,18,724,144096
esp32,AES128GCM,sw,decrypt,256,18,725,143145
esp32,AES128GCM,sw,decrypt,256,18,726,144096
esp32,AES128GCM,sw,decrypt,256,18,727,143145
esp32,AES128GCM,sw,decrypt,256,18,728,144096
esp32,AES128GCM,sw,decrypt,256,18,729,143145
esp32,AES128GCM,sw,decrypt,256,18,730,144099
esp32,AES128GCM,sw,decrypt,256,18,731,143145
esp32,AES128GCM,sw,decrypt,256,18,732,144096
esp32,AES128GCM,sw,decrypt,256,18,733,143145
esp32,AES128GCM,sw,decrypt,256,18,734,144096
esp32,AES128GCM,sw,decrypt,256,18,735,143144
esp32,AES128GCM,sw,decrypt,256,18,736,144096
esp32,AES128GCM,sw,decrypt,256,18,737,143145
esp32,AES128GCM,sw,decrypt,256,18,738,144096
esp32,AES128GCM,sw,decrypt,256,18,739,143145
esp32,AES128GCM,sw,decrypt,256,18,740,144095
esp32,AES128GCM,sw,decrypt,256,18,741,143145
esp32,AES128GCM,sw,decrypt,256,18,742,144096
esp32,AES128GCM,sw,decrypt,256,18,743,143145
esp32,AES128GCM,sw,decrypt,256,18,744,144096
esp32,AES128GCM,sw,decrypt,256,18,745,143144
esp32,AES128GCM,sw,decrypt,256,18,746,144096
esp32,AES128GCM,sw,decrypt,256,18,747,143145
esp32,AES128GCM,sw,decrypt,256,18,748,144096
esp32,AES128GCM,sw,decrypt,256,18,749,143145
esp32,AES128GCM,sw,decrypt,256,18,750,145341
esp32,AES128GCM,sw,decrypt,256,18,751,143145
esp32,AES128GCM,sw,decrypt,256,18,752,144096
esp32,AES128GCM,sw,decrypt,256,18,753,143145
esp32,AES128GCM,sw,decrypt,256,18,754,144096
esp32,AES128GCM,sw,decrypt,256,18,755,143844
esp32,AES128GCM,sw,decrypt,256,18,756,144096
esp32,AES128GCM,sw,decrypt,256,18,757,143145
esp32,AES128GCM,sw,decrypt,256,18,758,144096
esp32,AES128GCM,sw,decrypt,256,18,759,143145
esp32,AES128GCM,sw,decrypt,256,18,760,144948
esp32,AES128GCM,sw,decrypt,256,18,761,143145
esp32,AES128GCM,sw,decrypt,256,18,762,144096
esp32,AES128GCM,sw,decrypt,256,18,763,143145
esp32,AES128GCM,sw,decrypt,256,18,764,144096
esp32,AES128GCM,sw,decrypt,256,18,765,144522
esp32,AES128GCM,sw,decrypt,256,18,766,144096
esp32,AES128GCM,sw,decrypt,256,18,767,143145
esp32,AES128GCM,sw,decrypt,256,18,768,144096
esp32,AES128GCM,sw,decrypt,256,18,769,143145
esp32,AES128GCM,sw,decrypt,256,18,770,145470
esp32,AES128GCM,sw,decrypt,256,18,771,143145
esp32,AES128GCM,sw,decrypt,256,18,772,144096
esp32,AES128GCM,sw,decrypt,256,18,773,143145
esp32,AES128GCM,sw,decrypt,256,18,774,144096
esp32,AES128GCM,sw,decrypt,256,18,775,144462
esp32,AES128GCM,sw,decrypt,256,18,776,144096
esp32,AES128GCM,sw,decrypt,256,18,777,143145
esp32,AES128GCM,sw,decrypt,256,18,778,144096
esp32,AES128GCM,sw,decrypt,256,18,779,143145
esp32,AES128GCM,sw,decrypt,256,18,780,145470
esp32,AES128GCM,sw,decrypt,256,18,781,143145
esp32,AES128GCM,sw,decrypt,256,18,782,144096
esp32,AES128GCM,sw,decrypt,256,18,783,143145
esp32,AES128GCM,sw,decrypt,256,18,784,144096
esp32,AES128GCM,sw,decrypt,256,18,785,144348
esp32,AES128GCM,sw,decrypt,256,18,786,144096
esp32,AES128GCM,sw,decrypt,256,18,787,143145
esp32,AES128GCM,sw,decrypt,256,18,788,144096
esp32,AES128GCM,sw,decrypt,256,18,789,143145
esp32,AES128GCM,sw,decrypt,256,18,790,145299
esp32,AES128GCM,sw,decrypt,256,18,791,143145
esp32,AES128GCM,sw,decrypt,256,18,792,144096
esp32,AES128GCM,sw,decrypt,256,18,793,143145
esp32,AES128GCM,sw,decrypt,256,18,794,144096
esp32,AES128GCM,sw,decrypt,256,18,795,144348
esp32,AES128GCM,sw,decrypt,256,18,796,144096
esp32,AES128GCM,sw,decrypt,256,18,797,143145
esp32,AES128GCM,sw,decrypt,256,18,798,144096
esp32,AES128GCM,sw,decrypt,256,18,799,143145
esp32,AES128GCM,sw,decrypt,256,18,800,145296
esp32,AES128GCM,sw,decrypt,256,18,801,143145
esp32,AES128GCM,sw,decrypt,256,18,802,144096
esp32,AES128GCM,sw,decrypt,256,18,803,143145
esp32,AES128GCM,sw,decrypt,256,18,804,144096
esp32,AES128GCM,sw,decrypt,256,18,805,144348
esp32,AES128GCM,sw,decrypt,256,18,806,144096
esp32,AES128GCM,sw,decrypt,256,18,807,143145
esp32,AES128GCM,sw,decrypt,256,18,808,144096
esp32,AES128GCM,sw,decrypt,256,18,809,143145
esp32,AES128GCM,sw,decrypt,256,18,810,145296
esp32,AES128GCM,sw,decrypt,256,18,811,143145
esp32,AES128GCM,sw,decrypt,256,18,812,144096
esp32,AES128GCM,sw,decrypt,256,18,813,143145
esp32,AES128GCM,sw,decrypt,256,18,814,144096
esp32,AES128GCM,sw,decrypt,256,18,815,144303
esp32,AES128GCM,sw,decrypt,256,18,816,144096
esp32,AES128GCM,sw,decrypt,256,18,817,143145
esp32,AES128GCM,sw,decrypt,256,18,818,144096
esp32,AES128GCM,sw,decrypt,256,18,819,143145
esp32,AES128GCM,sw,decrypt,256,18,820,145470
esp32,AES128GCM,sw,decrypt,256,18,821,143145
esp32,AES128GCM,sw,decrypt,256,18,822,144096
esp32,AES128GCM,sw,decrypt,256,18,823,143145
esp32,AES128GCM,sw,decrypt,256,18,824,144096
esp32,AES128GCM,sw,decrypt,256,18,825,144522
esp32,AES128GCM,sw,decrypt,256,18,826,144096
esp32,AES128GCM,sw,decrypt,256,18,827,143145
esp32,AES128GCM,sw,decrypt,256,18,828,144096
esp32,AES128GCM,sw,decrypt,256,18,829,143145
esp32,AES128GCM,sw,decrypt,256,18,830,145344
esp32,AES128GCM,sw,decrypt,256,18,831,143145
esp32,AES128GCM,sw,decrypt,256,18,832,144096
esp32,AES128GCM,sw,decrypt,256,18,833,143145
esp32,AES128GCM,sw,decrypt,256,18,834,144096
esp32,AES128GCM,sw,decrypt,256,18,835,143145
esp32,AES128GCM,sw,decrypt,256,18,836,144096
esp32,AES128GCM,sw,decrypt,256,18,837,143145
esp32,AES128GCM,sw,decrypt,256,18,838,144096
esp32,AES128GCM,sw,decrypt,256,18,839,143145
esp32,AES128GCM,sw,decrypt,256,18,840,144096
esp32,AES128GCM,sw,decrypt,256,18,841,143145
esp32,AES128GCM,sw,decrypt,256,18,842,144096
esp32,AES128GCM,sw,decrypt,256,18,843,143145
esp32,AES128GCM,sw,decrypt,256,18,844,144096
esp32,AES128GCM,sw,decrypt,256,18,845,143145
esp32,AES128GCM,sw,decrypt,256,18,846,144096
esp32,AES128GCM,sw,decrypt,256,18,847,143145
esp32,AES128GCM,sw,decrypt,256,18,848,144096
esp32,AES128GCM,sw,decrypt,256,18,849,143145
esp32,AES128GCM,sw,decrypt,256,18,850,144096
esp32,AES128GCM,sw,decrypt,256,18,851,143145
esp32,AES128GCM,sw,decrypt,256,18,852,144096
esp32,AES128GCM,sw,decrypt,256,18,853,143145
esp32,AES128GCM,sw,decrypt,256,18,854,144096
esp32,AES128GCM,sw,decrypt,256,18,855,143145
esp32,AES128GCM,sw,decrypt,256,18,856,144096
esp32,AES128GCM,sw,decrypt,256,18,857,143145
esp32,AES128GCM,sw,decrypt,256,18,858,144096
esp32,AES128GCM,sw,decrypt,256,18,859,143145
esp32,AES128GCM,sw,decrypt,256,18,860,144096
esp32,AES128GCM,sw,decrypt,256,18,861,143145
esp32,AES128GCM,sw,decrypt,256,18,862,144096
esp32,AES128GCM,sw,decrypt,256,18,863,143145
esp32,AES128GCM,sw,decrypt,256,18,864,144096
esp32,AES128GCM,sw,decrypt,256,18,865,143145
esp32,AES128GCM,sw,decrypt,256,18,866,144096
esp32,AES128GCM,sw,decrypt,256,18,867,143145
esp32,AES128GCM,sw,decrypt,256,18,868,144096
esp32,AES128GCM,sw,decrypt,256,18,869,143145
esp32,AES128GCM,sw,decrypt,256,18,870,144096
esp32,AES128GCM,sw,decrypt,256,18,871,143145
esp32,AES128GCM,sw,decrypt,256,18,872,144096
esp32,AES128GCM,sw,decrypt,256,18,873,143145
esp32,AES128GCM,sw,decrypt,256,18,874,144096
esp32,AES128GCM,sw,decrypt,256,18,875,143145
esp32,AES128GCM,sw,decrypt,256,18,876,144096
esp32,AES128GCM,sw,decrypt,256,18,877,143145
esp32,AES128GCM,sw,decrypt,256,18,878,144096
esp32,AES128GCM,sw,decrypt,256,18,879,143145
esp32,AES128GCM,sw,decrypt,256,18,880,144096
esp32,AES128GCM,sw,decrypt,256,18,881,143145
esp32,AES128GCM,sw,decrypt,256,18,882,144096
esp32,AES128GCM,sw,decrypt,256,18,883,143145
esp32,AES128GCM,sw,decrypt,256,18,884,144096
esp32,AES128GCM,sw,decrypt,256,18,885,143145
esp32,AES128GCM,sw,decrypt,256,18,886,144096
esp32,AES128GCM,sw,decrypt,256,18,887,143145
esp32,AES128GCM,sw,decrypt,256,18,888,144096
esp32,AES128GCM,sw,decrypt,256,18,889,143145
esp32,AES128GCM,sw,decrypt,256,18,890,144096
esp32,AES128GCM,sw,decrypt,256,18,891,143145
esp32,AES128GCM,sw,decrypt,256,18,892,144096
esp32,AES128GCM,sw,decrypt,256,18,893,143145
esp32,AES128GCM,sw,decrypt,256,18,894,144096
esp32,AES128GCM,sw,decrypt,256,18,895,143145
esp32,AES128GCM,sw,decrypt,256,18,896,144096
esp32,AES128GCM,sw,decrypt,256,18,897,143145
esp32,AES128GCM,sw,decrypt,256,18,898,144096
esp32,AES128GCM,sw,decrypt,256,18,899,143145
esp32,AES128GCM,sw,decrypt,256,18,900,144096
esp32,AES128GCM,sw,decrypt,256,18,901,143145
esp32,AES128GCM,sw,decrypt,256,18,902,144096
esp32,AES128GCM,sw,decrypt,256,18,903,143145
esp32,AES128GCM,sw,decrypt,256,18,904,144096
esp32,AES128GCM,sw,decrypt,256,18,905,143145
esp32,AES128GCM,sw,decrypt,256,18,906,144096
esp32,AES128GCM,sw,decrypt,256,18,907,143145
esp32,AES128GCM,sw,decrypt,256,18,908,144096
esp32,AES128GCM,sw,decrypt,256,18,909,143145
esp32,AES128GCM,sw,decrypt,256,18,910,144096
esp32,AES128GCM,sw,decrypt,256,18,911,143145
esp32,AES128GCM,sw,decrypt,256,18,912,144096
esp32,AES128GCM,sw,decrypt,256,18,913,143145
esp32,AES128GCM,sw,decrypt,256,18,914,144096
esp32,AES128GCM,sw,decrypt,256,18,915,143145
esp32,AES128GCM,sw,decrypt,256,18,916,144096
esp32,AES128GCM,sw,decrypt,256,18,917,143145
esp32,AES128GCM,sw,decrypt,256,18,918,144096
esp32,AES128GCM,sw,decrypt,256,18,919,143145
esp32,AES128GCM,sw,decrypt,256,18,920,144096
esp32,AES128GCM,sw,decrypt,256,18,921,143145
esp32,AES128GCM,sw,decrypt,256,18,922,144096
esp32,AES128GCM,sw,decrypt,256,18,923,143145
esp32,AES128GCM,sw,decrypt,256,18,924,144096
esp32,AES128GCM,sw,decrypt,256,18,925,143145
esp32,AES128GCM,sw,decrypt,256,18,926,144096
esp32,AES128GCM,sw,decrypt,256,18,927,143145
esp32,AES128GCM,sw,decrypt,256,18,928,144096
esp32,AES128GCM,sw,decrypt,256,18,929,143145
esp32,AES128GCM,sw,decrypt,256,18,930,144096
esp32,AES128GCM,sw,decrypt,256,18,931,143145
esp32,AES128GCM,sw,decrypt,256,18,932,144096
esp32,AES128GCM,sw,decrypt,256,18,933,143145
esp32,AES128GCM,sw,decrypt,256,18,934,144096
esp32,AES128GCM,sw,decrypt,256,18,935,143145
esp32,AES128GCM,sw,decrypt,256,18,936,144096
esp32,AES128GCM,sw,decrypt,256,18,937,143145
esp32,AES128GCM,sw,decrypt,256,18,938,144096
esp32,AES128GCM,sw,decrypt,256,18,939,143145
esp32,AES128GCM,sw,decrypt,256,18,940,144096
esp32,AES128GCM,sw,decrypt,256,18,941,143145
esp32,AES128GCM,sw,decrypt,256,18,942,144096
esp32,AES128GCM,sw,decrypt,256,18,943,143145
esp32,AES128GCM,sw,decrypt,256,18,944,144096
esp32,AES128GCM,sw,decrypt,256,18,945,143145
esp32,AES128GCM,sw,decrypt,256,18,946,144096
esp32,AES128GCM,sw,decrypt,256,18,947,143145
esp32,AES128GCM,sw,decrypt,256,18,948,144096
esp32,AES128GCM,sw,decrypt,256,18,949,143145
esp32,AES128GCM,sw,decrypt,256,18,950,144096
esp32,AES128GCM,sw,decrypt,256,18,951,143145
esp32,AES128GCM,sw,decrypt,256,18,952,144096
esp32,AES128GCM,sw,decrypt,256,18,953,143148
esp32,AES128GCM,sw,decrypt,256,18,954,144096
esp32,AES128GCM,sw,decrypt,256,18,955,143145
esp32,AES128GCM,sw,decrypt,256,18,956,144096
esp32,AES128GCM,sw,decrypt,256,18,957,143145
esp32,AES128GCM,sw,decrypt,256,18,958,144105
esp32,AES128GCM,sw,decrypt,256,18,959,143145
esp32,AES128GCM,sw,decrypt,256,18,960,144096
esp32,AES128GCM,sw,decrypt,256,18,961,143145
esp32,AES128GCM,sw,decrypt,256,18,962,144096
esp32,AES128GCM,sw,decrypt,256,18,963,143145
esp32,AES128GCM,sw,decrypt,256,18,964,144096
esp32,AES128GCM,sw,decrypt,256,18,965,143145
esp32,AES128GCM,sw,decrypt,256,18,966,144096
esp32,AES128GCM,sw,decrypt,256,18,967,143145
esp32,AES128GCM,sw,decrypt,256,18,968,144096
esp32,AES128GCM,sw,decrypt,256,18,969,143145
esp32,AES128GCM,sw,decrypt,256,18,970,144096
esp32,AES128GCM,sw,decrypt,256,18,971,143145
esp32,AES128GCM,sw,decrypt,256,18,972,144096
esp32,AES128GCM,sw,decrypt,256,18,973,143145
esp32,AES128GCM,sw,decrypt,256,18,974,144096
esp32,AES128GCM,sw,decrypt,256,18,975,143145
esp32,AES128GCM,sw,decrypt,256,18,976,144096
esp32,AES128GCM,sw,decrypt,256,18,977,143145
esp32,AES128GCM,sw,decrypt,256,18,978,144096
esp32,AES128GCM,sw,decrypt,256,18,979,143145
esp32,AES128GCM,sw,decrypt,256,18,980,144096
esp32,AES128GCM,sw,decrypt,256,18,981,143145
esp32,AES128GCM,sw,decrypt,256,18,982,144096
esp32,AES128GCM,sw,decrypt,256,18,983,143145
esp32,AES128GCM,sw,decrypt,256,18,984,144096
esp32,AES128GCM,sw,decrypt,256,18,985,143145
esp32,AES128GCM,sw,decrypt,256,18,986,144096
esp32,AES128GCM,sw,decrypt,256,18,987,143145
esp32,AES128GCM,sw,decrypt,256,18,988,144096
esp32,AES128GCM,sw,decrypt,256,18,989,143145
esp32,AES128GCM,sw,decrypt,256,18,990,144096
esp32,AES128GCM,sw,decrypt,256,18,991,143145
esp32,AES128GCM,sw,decrypt,256,18,992,144096
esp32,AES128GCM,sw,decrypt,256,18,993,143145
esp32,AES128GCM,sw,decrypt,256,18,994,144096
esp32,AES128GCM,sw,decrypt,256,18,995,143145
esp32,AES128GCM,sw,decrypt,256,18,996,144096
esp32,AES128GCM,sw,decrypt,256,18,997,143145
esp32,AES128GCM,sw,decrypt,256,18,998,144096
esp32,AES128GCM,sw,decrypt,256,18,999,143145
stack,esp32,AES128GCM,sw,decrypt,256,14084
esp32,AES128GCM,sw,encrypt,1024,18,0,517700
esp32,AES128GCM,sw,encrypt,1024,18,1,516761
esp32,AES128GCM,sw,encrypt,1024,18,2,517706
esp32,AES128GCM,sw,encrypt,1024,18,3,516761
esp32,AES128GCM,sw,encrypt,1024,18,4,518954
esp32,AES128GCM,sw,encrypt,1024,18,5,516761
esp32,AES128GCM,sw,encrypt,1024,18,6,517706
esp32,AES128GCM,sw,encrypt,1024,18,7,517964
esp32,AES128GCM,sw,encrypt,1024,18,8,517706
esp32,AES128GCM,sw,encrypt,1024,18,9,516761
esp32,AES128GCM,sw,encrypt,1024,18,10,517706
esp32,AES128GCM,sw,encrypt,1024,18,11,516761
esp32,AES128GCM,sw,encrypt,1024,18,12,518909
esp32,AES128GCM,sw,encrypt,1024,18,13,516761
esp32,AES128GCM,sw,encrypt,1024,18,14,517706
esp32,AES128GCM,sw,encrypt,1024,18,15,516761
esp32,AES128GCM,sw,encrypt,1024,18,16,517706
esp32,AES128GCM,sw,encrypt,1024,18,17,517070
esp32,AES128GCM,sw,encrypt,1024,18,18,517706
esp32,AES128GCM,sw,encrypt,1024,18,19,516761
esp32,AES128GCM,sw,encrypt,1024,18,20,517706
esp32,AES128GCM,sw,encrypt,1024,18,21,516761
esp32,AES128GCM,sw,encrypt,1024,18,22,518114
esp32,AES128GCM,sw,encrypt,1024,18,23,516761
esp32,AES128GCM,sw,encrypt,1024,18,24,517706
esp32,AES128GCM,sw,encrypt,1024,18,25,516761
esp32,AES128GCM,sw,encrypt,1024,18,26,517706
esp32,AES128GCM,sw,encrypt,1024,18,27,518135
esp32,AES128GCM,sw,encrypt,1024,18,28,517706
esp32,AES128GCM,sw,encrypt,1024,18,29,516761
esp32,AES128GCM,sw,encrypt,1024,18,30,517706
esp32,AES128GCM,sw,encrypt,1024,18,31,516761
esp32,AES128GCM,sw,encrypt,1024,18,32,519083
esp32,AES128GCM,sw,encrypt,1024,18,33,516761
esp32,AES128GCM,sw,encrypt,1024,18,34,517706
esp32,AES128GCM,sw,encrypt,1024,18,35,516761
esp32,AES128GCM,sw,encrypt,1024,18,36,517706
esp32,AES128GCM,sw,encrypt,1024,18,37,517415
esp32,AES128GCM,sw,encrypt,1024,18,38,517706
esp32,AES128GCM,sw,encrypt,1024,18,39,516761
esp32,AES128GCM,sw,encrypt,1024,18,40,517706
esp32,AES128GCM,sw,encrypt,1024,18,41,516761
esp32,AES128GCM,sw,encrypt,1024,18,42,518459
esp32,AES128GCM,sw,encrypt,1024,18,43,516761
esp32,AES128GCM,sw,encrypt,1024,18,44,517706
esp32,AES128GCM,sw,encrypt,1024,18,45,516761
esp32,AES128GCM,sw,encrypt,1024,18,46,517706
esp32,AES128GCM,sw,encrypt,1024,18,47,517964
esp32,AES128GCM,sw,encrypt,1024,18,48,517706
esp32,AES128GCM,sw,encrypt,1024,18,49,516761
esp32,AES128GCM,sw,encrypt,1024,18,50,517706
esp32,AES128GCM,sw,encrypt,1024,18,51,516761
esp32,AES128GCM,sw,encrypt,1024,18,52,518909
esp32,AES128GCM,sw,encrypt,1024,18,53,516761
esp32,AES128GCM,sw,encrypt,1024,18,54,517706
esp32,AES128GCM,sw,encrypt,1024,18,55,516761
esp32,AES128GCM,sw,encrypt,1024,18,56,517706
esp32,AES128GCM,sw,encrypt,1024,18,57,517964
esp32,AES128GCM,sw,encrypt,1024,18,58,517706
esp32,AES128GCM,sw,encrypt,1024,18,59,516761
esp32,AES128GCM,sw,encrypt,1024,18,60,517706
esp32,AES128GCM,sw,encrypt,1024,18,61,516761
esp32,AES128GCM,sw,encrypt,1024,18,62,518909
esp32,AES128GCM,sw,encrypt,1024,18,63,516761
esp32,AES128GCM,sw,encrypt,1024,18,64,517706
esp32,AES128GCM,sw,encrypt,1024,18,65,516761
esp32,AES128GCM,sw,encrypt,1024,18,66,517706
esp32,AES128GCM,sw,encrypt,1024,18,67,517964
esp32,AES128GCM,sw,encrypt,1024,18,68,517706
esp32,AES128GCM,sw,encrypt,1024,18,69,516761
esp32,AES128GCM,sw,encrypt,1024,18,70,517706
esp32,AES128GCM,sw,encrypt,1024,18,71,516761
esp32,AES128GCM,sw,encrypt,1024,18,72,518909
esp32,AES128GCM,sw,encrypt,1024,18,73,516761
esp32,AES128GCM,sw,encrypt,1024,18,74,517706
esp32,AES128GCM,sw,encrypt,1024,18,75,516761
esp32,AES128GCM,sw,encrypt,1024,18,76,517706
esp32,AES128GCM,sw,encrypt,1024,18,77,517964
esp32,AES128GCM,sw,encrypt,1024,18,78,517706
esp32,AES128GCM,sw,encrypt,1024,18,79,516761
esp32,AES128GCM,sw,encrypt,1024,18,80,517706
esp32,AES128GCM,sw,encrypt,1024,18,81,516761
esp32,AES128GCM,sw,encrypt,1024,18,82,518909
esp32,AES128GCM,sw,encrypt,1024,18,83,516761
esp32,AES128GCM,sw,encrypt,1024,18,84,517706
esp32,AES128GCM,sw,encrypt,1024,18,85,516768
esp32,AES128GCM,sw,encrypt,1024,18,86,517706
esp32,AES128GCM,sw,encrypt,1024,18,87,517964
esp32,AES128GCM,sw,encrypt,1024,18,88,517706
esp32,AES128GCM,sw,encrypt,1024,18,89,516761
esp32,AES128GCM,sw,encrypt,1024,18,90,517706
esp32,AES128GCM,sw,encrypt,1024,18,91,516761
esp32,AES128GCM,sw,encrypt,1024,18,92,518909
esp32,AES128GCM,sw,encrypt,1024,18,93,516761
esp32,AES128GCM,sw,encrypt,1024,18,94,517706
esp32,AES128GCM,sw,encrypt,1024,18,95,516761
esp32,AES128GCM,sw,encrypt,1024,18,96,517706
esp32,AES128GCM,sw,encrypt,1024,18,97,517928
esp32,AES128GCM,sw,encrypt,1024,18,98,517706
esp32,AES128GCM,sw,encrypt,1024,18,99,516761
esp32,AES128GCM,sw,encrypt,1024,18,100,517706
esp32,AES128GCM,sw,encrypt,1024,18,101,516761
esp32,AES128GCM,sw,encrypt,1024,18,102,518909
esp32,AES128GCM,sw,encrypt,1024,18,103,516761
esp32,AES128GCM,sw,encrypt,1024,18,104,517706
esp32,AES128GCM,sw,encrypt,1024,18,105,516761
esp32,AES128GCM,sw,encrypt,1024,18,106,517706
esp32,AES128GCM,sw,encrypt,1024,18,107,517964
esp32,AES128GCM,sw,encrypt,1024,18,108,517706
esp32,AES128GCM,sw,encrypt,1024,18,109,516761
esp32,AES128GCM,sw,encrypt,1024,18,110,517706
esp32,AES128GCM,sw,encrypt,1024,18,111,516761
esp32,AES128GCM,sw,encrypt,1024,18,112,519083
esp32,AES128GCM,sw,encrypt,1024,18,113,516761
esp32,AES128GCM,sw,encrypt,1024,18,114,517706
esp32,AES128GCM,sw,encrypt,1024,18,115,516761
esp32,AES128GCM,sw,encrypt,1024,18,116,517706
esp32,AES128GCM,sw,encrypt,1024,18,117,517847
esp32,AES128GCM,sw,encrypt,1024,18,118,517706
esp32,AES128GCM,sw,encrypt,1024,18,119,517964
esp32,AES128GCM,sw,encrypt,1024,18,120,517706
esp32,AES128GCM,sw,encrypt,1024,18,121,516761
esp32,AES128GCM,sw,encrypt,1024,18,122,517706
esp32,AES128GCM,sw,encrypt,1024,18,123,516761
esp32,AES128GCM,sw,encrypt,1024,18,124,518909
esp32,AES128GCM,sw,encrypt,1024,18,125,516761
esp32,AES128GCM,sw,encrypt,1024,18,126,517706
esp32,AES128GCM,sw,encrypt,1024,18,127,516761
esp32,AES128GCM,sw,encrypt,1024,18,128,517706
esp32,AES128GCM,sw,encrypt,1024,18,129,518138
esp32,AES128GCM,sw,encrypt,1024,18,130,517706
esp32,AES128GCM,sw,encrypt,1024,18,131,516761
esp32,AES128GCM,sw,encrypt,1024,18,132,517706
esp32,AES128GCM,sw,encrypt,1024,18,133,516761
esp32,AES128GCM,sw,encrypt,1024,18,134,518909
esp32,AES128GCM,sw,encrypt,1024,18,135,516761
esp32,AES128GCM,sw,encrypt,1024,18,136,517706
esp32,AES128GCM,sw,encrypt,1024,18,137,516761
esp32,AES128GCM,sw,encrypt,1024,18,138,517706
esp32,AES128GCM,sw,encrypt,1024,18,139,517964
esp32,AES128GCM,sw,encrypt,1024,18,140,517706
esp32,AES128GCM,sw,encrypt,1024,18,141,518006
esp32,AES128GCM,sw,encrypt,1024,18,142,517706
esp32,AES128GCM,sw,encrypt,1024,18,143,516761
esp32,AES128GCM,sw,encrypt,1024,18,144,517706
esp32,AES128GCM,sw,encrypt,1024,18,145,516761
esp32,AES128GCM,sw,encrypt,1024,18,146,518909
esp32,AES128GCM,sw,encrypt,1024,18,147,516761
esp32,AES128GCM,sw,encrypt,1024,18,148,517706
esp32,AES128GCM,sw,encrypt,1024,18,149,516764
esp32,AES128GCM,sw,encrypt,1024,18,150,517706
esp32,AES128GCM,sw,encrypt,1024,18,151,517961
esp32,AES128GCM,sw,encrypt,1024,18,152,517706
esp32,AES128GCM,sw,encrypt,1024,18,153,516761
esp32,AES128GCM,sw,encrypt,1024,18,154,517706
esp32,AES128GCM,sw,encrypt,1024,18,155,516761
esp32,AES128GCM,sw,encrypt,1024,18,156,518504
esp32,AES128GCM,sw,encrypt,1024,18,157,516761
esp32,AES128GCM,sw,encrypt,1024,18,158,517706
esp32,AES128GCM,sw,encrypt,1024,18,159,516761
esp32,AES128GCM,sw,encrypt,1024,18,160,517706
esp32,AES128GCM,sw,encrypt,1024,18,161,517298
esp32,AES128GCM,sw,encrypt,1024,18,162,517706
esp32,AES128GCM,sw,encrypt,1024,18,163,516761
esp32,AES128GCM,sw,encrypt,1024,18,164,517706
esp32,AES128GCM,sw,encrypt,1024,18,165,516761
esp32,AES128GCM,sw,encrypt,1024,18,166,518909
esp32,AES128GCM,sw,encrypt,1024,18,167,516761
esp32,AES128GCM,sw,encrypt,1024,18,168,518873
esp32,AES128GCM,sw,encrypt,1024,18,169,516761
esp32,AES128GCM,sw,encrypt,1024,18,170,517706
esp32,AES128GCM,sw,encrypt,1024,18,171,516761
esp32,AES128GCM,sw,encrypt,1024,18,172,517706
esp32,AES128GCM,sw,encrypt,1024,18,173,517673
esp32,AES128GCM,sw,encrypt,1024,18,174,517706
esp32,AES128GCM,sw,encrypt,1024,18,175,516761
esp32,AES128GCM,sw,encrypt,1024,18,176,517706
esp32,AES128GCM,sw,encrypt,1024,18,177,516761
esp32,AES128GCM,sw,encrypt,1024,18,178,518909
esp32,AES128GCM,sw,encrypt,1024,18,179,516761
esp32,AES128GCM,sw,encrypt,1024,18,180,517706
esp32,AES128GCM,sw,encrypt,1024,18,181,516761
esp32,AES128GCM,sw,encrypt,1024,18,182,517706
esp32,AES128GCM,sw,encrypt,1024,18,183,517964
esp32,AES128GCM,sw,encrypt,1024,18,184,517706
esp32,AES128GCM,sw,encrypt,1024,18,185,516761
esp32,AES128GCM,sw,encrypt,1024,18,186,517706
esp32,AES128GCM,sw,encrypt,1024,18,187,516761
esp32,AES128GCM,sw,encrypt,1024,18,188,519083
esp32,AES128GCM,sw,encrypt,1024,18,189,516761
esp32,AES128GCM,sw,encrypt,1024,18,190,517706
esp32,AES128GCM,sw,encrypt,1024,18,191,516761
esp32,AES128GCM,sw,encrypt,1024,18,192,517706
esp32,AES128GCM,sw,encrypt,1024,18,193,516766
esp32,AES128GCM,sw,encrypt,1024,18,194,517706
esp32,AES128GCM,sw,encrypt,1024,18,195,517964
esp32,AES128GCM,sw,encrypt,1024,18,196,517706
esp32,AES128GCM,sw,encrypt,1024,18,197,516761
esp32,AES128GCM,sw,encrypt,1024,18,198,517706
esp32,AES128GCM,sw,encrypt,1024,18,199,516761
esp32,AES128GCM,sw,encrypt,1024,18,200,519080
esp32,AES128GCM,sw,encrypt,1024,18,201,516761
esp32,AES128GCM,sw,encrypt,1024,18,202,517706
esp32,AES128GCM,sw,encrypt,1024,18,203,516761
esp32,AES128GCM,sw,encrypt,1024,18,204,517706
esp32,AES128GCM,sw,encrypt,1024,18,205,517886
esp32,AES128GCM,sw,encrypt,1024,18,206,517706
esp32,AES128GCM,sw,encrypt,1024,18,207,516761
esp32,AES128GCM,sw,encrypt,1024,18,208,517706
esp32,AES128GCM,sw,encrypt,1024,18,209,516761
esp32,AES128GCM,sw,encrypt,1024,18,210,518909
esp32,AES128GCM,sw,encrypt,1024,18,211,516761
esp32,AES128GCM,sw,encrypt,1024,18,212,517706
esp32,AES128GCM,sw,encrypt,1024,18,213,516761
esp32,AES128GCM,sw,encrypt,1024,18,214,517706
esp32,AES128GCM,sw,encrypt,1024,18,215,517964
esp32,AES128GCM,sw,encrypt,1024,18,216,517706
esp32,AES128GCM,sw,encrypt,1024,18,217,518135
esp32,AES128GCM,sw,encrypt,1024,18,218,517706
esp32,AES128GCM,sw,encrypt,1024,18,219,516761
esp32,AES128GCM,sw,encrypt,1024,18,220,517706
esp32,AES128GCM,sw,encrypt,1024,18,221,516761
esp32,AES128GCM,sw,encrypt,1024,18,222,518909
esp32,AES128GCM,sw,encrypt,1024,18,223,516761
esp32,AES128GCM,sw,encrypt,1024,18,224,517706
esp32,AES128GCM,sw,encrypt,1024,18,225,516761
esp32,AES128GCM,sw,encrypt,1024,18,226,517706
esp32,AES128GCM,sw,encrypt,1024,18,227,517964
esp32,AES128GCM,sw,encrypt,1024,18,228,517706
esp32,AES128GCM,sw,encrypt,1024,18,229,516761
esp32,AES128GCM,sw,encrypt,1024,18,230,517706
esp32,AES128GCM,sw,encrypt,1024,18,231,516761
esp32,AES128GCM,sw,encrypt,1024,18,232,518195
esp32,AES128GCM,sw,encrypt,1024,18,233,516761
esp32,AES128GCM,sw,encrypt,1024,18,234,517706
esp32,AES128GCM,sw,encrypt,1024,18,235,516761
esp32,AES128GCM,sw,encrypt,1024,18,236,517706
esp32,AES128GCM,sw,encrypt,1024,18,237,518006
esp32,AES128GCM,sw,encrypt,1024,18,238,517706
esp32,AES128GCM,sw,encrypt,1024,18,239,516761
esp32,AES128GCM,sw,encrypt,1024,18,240,517706
esp32,AES128GCM,sw,encrypt,1024,18,241,516761
esp32,AES128GCM,sw,encrypt,1024,18,242,518909
esp32,AES128GCM,sw,encrypt,1024,18,243,516761
esp32,AES128GCM,sw,encrypt,1024,18,244,518570
esp32,AES128GCM,sw,encrypt,1024,18,245,516761
esp32,AES128GCM,sw,encrypt,1024,18,246,517706
esp32,AES128GCM,sw,encrypt,1024,18,247,516761
esp32,AES128GCM,sw,encrypt,1024,18,248,517706
esp32,AES128GCM,sw,encrypt,1024,18,249,517376
esp32,AES128GCM,sw,encrypt,1024,18,250,517706
esp32,AES128GCM,sw,encrypt,1024,18,251,516761
esp32,AES128GCM,sw,encrypt,1024,18,252,517706
esp32,AES128GCM,sw,encrypt,1024,18,253,516761
esp32,AES128GCM,sw,encrypt,1024,18,254,518909
esp32,AES128GCM,sw,encrypt,1024,18,255,516761
esp32,AES128GCM,sw,encrypt,1024,18,256,517706
esp32,AES128GCM,sw,encrypt,1024,18,257,516761
esp32,AES128GCM,sw,encrypt,1024,18,258,517706
esp32,AES128GCM,sw,encrypt,1024,18,259,517964
esp32,AES128GCM,sw,encrypt,1024,18,260,517706
esp32,AES128GCM,sw,encrypt,1024,18,261,516761
esp32,AES128GCM,sw,encrypt,1024,18,262,517706
esp32,AES128GCM,sw,encrypt,1024,18,263,516761
esp32,AES128GCM,sw,encrypt,1024,18,264,519083
esp32,AES128GCM,sw,encrypt,1024,18,265,516761
esp32,AES128GCM,sw,encrypt,1024,18,266,517706
esp32,AES128GCM,sw,encrypt,1024,18,267,516761
esp32,AES128GCM,sw,encrypt,1024,18,268,517706
esp32,AES128GCM,sw,encrypt,1024,18,269,516766
esp32,AES128GCM,sw,encrypt,1024,18,270,517706
esp32,AES128GCM,sw,encrypt,1024,18,271,517964
esp32,AES128GCM,sw,encrypt,1024,18,272,517706
esp32,AES128GCM,sw,encrypt,1024,18,273,516761
esp32,AES128GCM,sw,encrypt,1024,18,274,517706
esp32,AES128GCM,sw,encrypt,1024,18,275,516761
esp32,AES128GCM,sw,encrypt,1024,18,276,519080
esp32,AES128GCM,sw,encrypt,1024,18,277,516761
esp32,AES128GCM,sw,encrypt,1024,18,278,517706
esp32,AES128GCM,sw,encrypt,1024,18,279,516761
esp32,AES128GCM,sw,encrypt,1024,18,280,517706
esp32,AES128GCM,sw,encrypt,1024,18,281,517586
esp32,AES128GCM,sw,encrypt,1024,18,282,517706
esp32,AES128GCM,sw,encrypt,1024,18,283,516761
esp32,AES128GCM,sw,encrypt,1024,18,284,517706
esp32,AES128GCM,sw,encrypt,1024,18,285,516761
esp32,AES128GCM,sw,encrypt,1024,18,286,518909
esp32,AES128GCM,sw,encrypt,1024,18,287,516761
esp32,AES128GCM,sw,encrypt,1024,18,288,517706
esp32,AES128GCM,sw,encrypt,1024,18,289,516761
esp32,AES128GCM,sw,encrypt,1024,18,290,517706
esp32,AES128GCM,sw,encrypt,1024,18,291,517964
esp32,AES128GCM,sw,encrypt,1024,18,292,517706
esp32,AES128GCM,sw,encrypt,1024,18,293,517967
esp32,AES128GCM,sw,encrypt,1024,18,294,517706
esp32,AES128GCM,sw,encrypt,1024,18,295,516761
esp32,AES128GCM,sw,encrypt,1024,18,296,517706
esp32,AES128GCM,sw,encrypt,1024,18,297,516761
esp32,AES128GCM,sw,encrypt,1024,18,298,518909
esp32,AES128GCM,sw,encrypt,1024,18,299,516761
esp32,AES128GCM,sw,encrypt,1024,18,300,517706
esp32,AES128GCM,sw,encrypt,1024,18,301,516764
esp32,AES128GCM,sw,encrypt,1024,18,302,517706
esp32,AES128GCM,sw,encrypt,1024,18,303,517964
esp32,AES128GCM,sw,encrypt,1024,18,304,517706
esp32,AES128GCM,sw,encrypt,1024,18,305,516761
esp32,AES128GCM,sw,encrypt,1024,18,306,517706
esp32,AES128GCM,sw,encrypt,1024,18,307,516761
esp32,AES128GCM,sw,encrypt,1024,18,308,519092
esp32,AES128GCM,sw,encrypt,1024,18,309,516761
esp32,AES128GCM,sw,encrypt,1024,18,310,517706
esp32,AES128GCM,sw,encrypt,1024,18,311,516761
esp32,AES128GCM,sw,encrypt,1024,18,312,517706
esp32,AES128GCM,sw,encrypt,1024,18,313,517964
esp32,AES128GCM,sw,encrypt,1024,18,314,517706
esp32,AES128GCM,sw,encrypt,1024,18,315,516761
esp32,AES128GCM,sw,encrypt,1024,18,316,517706
esp32,AES128GCM,sw,encrypt,1024,18,317,516761
esp32,AES128GCM,sw,encrypt,1024,18,318,518219
esp32,AES128GCM,sw,encrypt,1024,18,319,516761
esp32,AES128GCM,sw,encrypt,1024,18,320,518237
esp32,AES128GCM,sw,encrypt,1024,18,321,516761
esp32,AES128GCM,sw,encrypt,1024,18,322,517706
esp32,AES128GCM,sw,encrypt,1024,18,323,516761
esp32,AES128GCM,sw,encrypt,1024,18,324,517706
esp32,AES128GCM,sw,encrypt,1024,18,325,518135
esp32,AES128GCM,sw,encrypt,1024,18,326,517706
esp32,AES128GCM,sw,encrypt,1024,18,327,516761
esp32,AES128GCM,sw,encrypt,1024,18,328,517706
esp32,AES128GCM,sw,encrypt,1024,18,329,516761
esp32,AES128GCM,sw,encrypt,1024,18,330,518909
esp32,AES128GCM,sw,encrypt,1024,18,331,516761
esp32,AES128GCM,sw,encrypt,1024,18,332,517706
esp32,AES128GCM,sw,encrypt,1024,18,333,516761
esp32,AES128GCM,sw,encrypt,1024,18,334,517706
esp32,AES128GCM,sw,encrypt,1024,18,335,517961
esp32,AES128GCM,sw,encrypt,1024,18,336,517706
esp32,AES128GCM,sw,encrypt,1024,18,337,516761
esp32,AES128GCM,sw,encrypt,1024,18,338,517706
esp32,AES128GCM,sw,encrypt,1024,18,339,516761
esp32,AES128GCM,sw,encrypt,1024,18,340,518930
esp32,AES128GCM,sw,encrypt,1024,18,341,516761
esp32,AES128GCM,sw,encrypt,1024,18,342,518909
esp32,AES128GCM,sw,encrypt,1024,18,343,516761
esp32,AES128GCM,sw,encrypt,1024,18,344,517706
esp32,AES128GCM,sw,encrypt,1024,18,345,516761
esp32,AES128GCM,sw,encrypt,1024,18,346,517706
esp32,AES128GCM,sw,encrypt,1024,18,347,517964
esp32,AES128GCM,sw,encrypt,1024,18,348,517706
esp32,AES128GCM,sw,encrypt,1024,18,349,516761
esp32,AES128GCM,sw,encrypt,1024,18,350,517706
esp32,AES128GCM,sw,encrypt,1024,18,351,516761
esp32,AES128GCM,sw,encrypt,1024,18,352,519083
esp32,AES128GCM,sw,encrypt,1024,18,353,516761
esp32,AES128GCM,sw,encrypt,1024,18,354,517706
esp32,AES128GCM,sw,encrypt,1024,18,355,516761
esp32,AES128GCM,sw,encrypt,1024,18,356,517706
esp32,AES128GCM,sw,encrypt,1024,18,357,517271
esp32,AES128GCM,sw,encrypt,1024,18,358,517706
esp32,AES128GCM,sw,encrypt,1024,18,359,516761
esp32,AES128GCM,sw,encrypt,1024,18,360,517706
esp32,AES128GCM,sw,encrypt,1024,18,361,516761
esp32,AES128GCM,sw,encrypt,1024,18,362,518909
esp32,AES128GCM,sw,encrypt,1024,18,363,516761
esp32,AES128GCM,sw,encrypt,1024,18,364,517706
esp32,AES128GCM,sw,encrypt,1024,18,365,516761
esp32,AES128GCM,sw,encrypt,1024,18,366,517706
esp32,AES128GCM,sw,encrypt,1024,18,367,517964
esp32,AES128GCM,sw,encrypt,1024,18,368,517706
esp32,AES128GCM,sw,encrypt,1024,18,369,517640
esp32,AES128GCM,sw,encrypt,1024,18,370,517706
esp32,AES128GCM,sw,encrypt,1024,18,371,516761
esp32,AES128GCM,sw,encrypt,1024,18,372,517709
esp32,AES128GCM,sw,encrypt,1024,18,373,516761
esp32,AES128GCM,sw,encrypt,1024,18,374,518909
esp32,AES128GCM,sw,encrypt,1024,18,375,516761
esp32,AES128GCM,sw,encrypt,1024,18,376,517706
esp32,AES128GCM,sw,encrypt,1024,18,377,516761
esp32,AES128GCM,sw,encrypt,1024,18,378,517706
esp32,AES128GCM,sw,encrypt,1024,18,379,517964
esp32,AES128GCM,sw,encrypt,1024,18,380,517706
esp32,AES128GCM,sw,encrypt,1024,18,381,516761
esp32,AES128GCM,sw,encrypt,1024,18,382,517706
esp32,AES128GCM,sw,encrypt,1024,18,383,516761
esp32,AES128GCM,sw,encrypt,1024,18,384,519083
esp32,AES128GCM,sw,encrypt,1024,18,385,516761
esp32,AES128GCM,sw,encrypt,1024,18,386,517706
esp32,AES128GCM,sw,encrypt,1024,18,387,516761
esp32,AES128GCM,sw,encrypt,1024,18,388,517706
esp32,AES128GCM,sw,encrypt,1024,18,389,517964
esp32,AES128GCM,sw,encrypt,1024,18,390,517706
esp32,AES128GCM,sw,encrypt,1024,18,391,516761
esp32,AES128GCM,sw,encrypt,1024,18,392,517706
esp32,AES128GCM,sw,encrypt,1024,18,393,516761
esp32,AES128GCM,sw,encrypt,1024,18,394,517708
esp32,AES128GCM,sw,encrypt,1024,18,395,516761
esp32,AES128GCM,sw,encrypt,1024,18,396,519080
esp32,AES128GCM,sw,encrypt,1024,18,397,516761
esp32,AES128GCM,sw,encrypt,1024,18,398,517706
esp32,AES128GCM,sw,encrypt,1024,18,399,516761
esp32,AES128GCM,sw,encrypt,1024,18,400,517706
esp32,AES128GCM,sw,encrypt,1024,18,401,517964
esp32,AES128GCM,sw,encrypt,1024,18,402,517706
esp32,AES128GCM,sw,encrypt,1024,18,403,516761
esp32,AES128GCM,sw,encrypt,1024,18,404,517706
esp32,AES128GCM,sw,encrypt,1024,18,405,516761
esp32,AES128GCM,sw,encrypt,1024,18,406,518909
esp32,AES128GCM,sw,encrypt,1024,18,407,516761
esp32,AES128GCM,sw,encrypt,1024,18,408,517706
esp32,AES128GCM,sw,encrypt,1024,18,409,516761
esp32,AES128GCM,sw,encrypt,1024,18,410,517706
esp32,AES128GCM,sw,encrypt,1024,18,411,517964
esp32,AES128GCM,sw,encrypt,1024,18,412,517706
esp32,AES128GCM,sw,encrypt,1024,18,413,516761
esp32,AES128GCM,sw,encrypt,1024,18,414,517706
esp32,AES128GCM,sw,encrypt,1024,18,415,516761
esp32,AES128GCM,sw,encrypt,1024,18,416,518621
esp32,AES128GCM,sw,encrypt,1024,18,417,516761
esp32,AES128GCM,sw,encrypt,1024,18,418,518909
esp32,AES128GCM,sw,encrypt,1024,18,419,516761
esp32,AES128GCM,sw,encrypt,1024,18,420,517706
esp32,AES128GCM,sw,encrypt,1024,18,421,516761
esp32,AES128GCM,sw,encrypt,1024,18,422,517706
esp32,AES128GCM,sw,encrypt,1024,18,423,517964
esp32,AES128GCM,sw,encrypt,1024,18,424,517706
esp32,AES128GCM,sw,encrypt,1024,18,425,516761
esp32,AES128GCM,sw,encrypt,1024,18,426,517706
esp32,AES128GCM,sw,encrypt,1024,18,427,516761
esp32,AES128GCM,sw,encrypt,1024,18,428,518987
esp32,AES128GCM,sw,encrypt,1024,18,429,516761
esp32,AES128GCM,sw,encrypt,1024,18,430,517706
esp32,AES128GCM,sw,encrypt,1024,18,431,516761
esp32,AES128GCM,sw,encrypt,1024,18,432,517706
esp32,AES128GCM,sw,encrypt,1024,18,433,517964
esp32,AES128GCM,sw,encrypt,1024,18,434,517706
esp32,AES128GCM,sw,encrypt,1024,18,435,516761
esp32,AES128GCM,sw,encrypt,1024,18,436,517706
esp32,AES128GCM,sw,encrypt,1024,18,437,516761
esp32,AES128GCM,sw,encrypt,1024,18,438,518909
esp32,AES128GCM,sw,encrypt,1024,18,439,516761
esp32,AES128GCM,sw,encrypt,1024,18,440,517706
esp32,AES128GCM,sw,encrypt,1024,18,441,516761
esp32,AES128GCM,sw,encrypt,1024,18,442,517706
esp32,AES128GCM,sw,encrypt,1024,18,443,517961
esp32,AES128GCM,sw,encrypt,1024,18,444,517706
esp32,AES128GCM,sw,encrypt,1024,18,445,517340
esp32,AES128GCM,sw,encrypt,1024,18,446,517706
esp32,AES128GCM,sw,encrypt,1024,18,447,516761
esp32,AES128GCM,sw,encrypt,1024,18,448,517706
esp32,AES128GCM,sw,encrypt,1024,18,449,516761
esp32,AES128GCM,sw,encrypt,1024,18,450,518909
esp32,AES128GCM,sw,encrypt,1024,18,451,516761
esp32,AES128GCM,sw,encrypt,1024,18,452,517706
esp32,AES128GCM,sw,encrypt,1024,18,453,516761
esp32,AES128GCM,sw,encrypt,1024,18,454,517706
esp32,AES128GCM,sw,encrypt,1024,18,455,517964
esp32,AES128GCM,sw,encrypt,1024,18,456,517706
esp32,AES128GCM,sw,encrypt,1024,18,457,516761
esp32,AES128GCM,sw,encrypt,1024,18,458,517706
esp32,AES128GCM,sw,encrypt,1024,18,459,516761
esp32,AES128GCM,sw,encrypt,1024,18,460,519083
esp32,AES128GCM,sw,encrypt,1024,18,461,516761
esp32,AES128GCM,sw,encrypt,1024,18,462,517706
esp32,AES128GCM,sw,encrypt,1024,18,463,516761
esp32,AES128GCM,sw,encrypt,1024,18,464,517706
esp32,AES128GCM,sw,encrypt,1024,18,465,517964
esp32,AES128GCM,sw,encrypt,1024,18,466,517706
esp32,AES128GCM,sw,encrypt,1024,18,467,517963
esp32,AES128GCM,sw,encrypt,1024,18,468,517706
esp32,AES128GCM,sw,encrypt,1024,18,469,516761
esp32,AES128GCM,sw,encrypt,1024,18,470,517706
esp32,AES128GCM,sw,encrypt,1024,18,471,516761
esp32,AES128GCM,sw,encrypt,1024,18,472,519080
esp32,AES128GCM,sw,encrypt,1024,18,473,516761
esp32,AES128GCM,sw,encrypt,1024,18,474,517706
esp32,AES128GCM,sw,encrypt,1024,18,475,516761
esp32,AES128GCM,sw,encrypt,1024,18,476,517706
esp32,AES128GCM,sw,encrypt,1024,18,477,517964
esp32,AES128GCM,sw,encrypt,1024,18,478,517706
esp32,AES128GCM,sw,encrypt,1024,18,479,516761
esp32,AES128GCM,sw,encrypt,1024,18,480,517706
esp32,AES128GCM,sw,encrypt,1024,18,481,516761
esp32,AES128GCM,sw,encrypt,1024,18,482,518909
esp32,AES128GCM,sw,encrypt,1024,18,483,516761
esp32,AES128GCM,sw,encrypt,1024,18,484,517706
esp32,AES128GCM,sw,encrypt,1024,18,485,516761
esp32,AES128GCM,sw,encrypt,1024,18,486,517706
esp32,AES128GCM,sw,encrypt,1024,18,487,517964
esp32,AES128GCM,sw,encrypt,1024,18,488,517706
esp32,AES128GCM,sw,encrypt,1024,18,489,516761
esp32,AES128GCM,sw,encrypt,1024,18,490,517706
esp32,AES128GCM,sw,encrypt,1024,18,491,516761
esp32,AES128GCM,sw,encrypt,1024,18,492,518306
esp32,AES128GCM,sw,encrypt,1024,18,493,516761
esp32,AES128GCM,sw,encrypt,1024,18,494,518909
esp32,AES128GCM,sw,encrypt,1024,18,495,516761
esp32,AES128GCM,sw,encrypt,1024,18,496,517706
esp32,AES128GCM,sw,encrypt,1024,18,497,516764
esp32,AES128GCM,sw,encrypt,1024,18,498,517706
esp32,AES128GCM,sw,encrypt,1024,18,499,517964
esp32,AES128GCM,sw,encrypt,1024,18,500,517706
esp32,AES128GCM,sw,encrypt,1024,18,501,516761
esp32,AES128GCM,sw,encrypt,1024,18,502,517715
esp32,AES128GCM,sw,encrypt,1024,18,503,516761
esp32,AES128GCM,sw,encrypt,1024,18,504,518678
esp32,AES128GCM,sw,encrypt,1024,18,505,516761
esp32,AES128GCM,sw,encrypt,1024,18,506,517706
esp32,AES128GCM,sw,encrypt,1024,18,507,516761
esp32,AES128GCM,sw,encrypt,1024,18,508,517706
esp32,AES128GCM,sw,encrypt,1024,18,509,517964
esp32,AES128GCM,sw,encrypt,1024,18,510,517706
esp32,AES128GCM,sw,encrypt,1024,18,511,516761
esp32,AES128GCM,sw,encrypt,1024,18,512,517706
esp32,AES128GCM,sw,encrypt,1024,18,513,516761
esp32,AES128GCM,sw,encrypt,1024,18,514,518909
esp32,AES128GCM,sw,encrypt,1024,18,515,516761
esp32,AES128GCM,sw,encrypt,1024,18,516,517706
esp32,AES128GCM,sw,encrypt,1024,18,517,516761
esp32,AES128GCM,sw,encrypt,1024,18,518,517706
esp32,AES128GCM,sw,encrypt,1024,18,519,516763
esp32,AES128GCM,sw,encrypt,1024,18,520,517706
esp32,AES128GCM,sw,encrypt,1024,18,521,517922
esp32,AES128GCM,sw,encrypt,1024,18,522,517706
esp32,AES128GCM,sw,encrypt,1024,18,523,516761
esp32,AES128GCM,sw,encrypt,1024,18,524,517709
esp32,AES128GCM,sw,encrypt,1024,18,525,516761
esp32,AES128GCM,sw,encrypt,1024,18,526,518909
esp32,AES128GCM,sw,encrypt,1024,18,527,516761
esp32,AES128GCM,sw,encrypt,1024,18,528,517706
esp32,AES128GCM,sw,encrypt,1024,18,529,516761
esp32,AES128GCM,sw,encrypt,1024,18,530,517706
esp32,AES128GCM,sw,encrypt,1024,18,531,517964
esp32,AES128GCM,sw,encrypt,1024,18,532,517706
esp32,AES128GCM,sw,encrypt,1024,18,533,516761
esp32,AES128GCM,sw,encrypt,1024,18,534,517706
esp32,AES128GCM,sw,encrypt,1024,18,535,516761
esp32,AES128GCM,sw,encrypt,1024,18,536,518888
esp32,AES128GCM,sw,encrypt,1024,18,537,516761
esp32,AES128GCM,sw,encrypt,1024,18,538,517706
esp32,AES128GCM,sw,encrypt,1024,18,539,516761
esp32,AES128GCM,sw,encrypt,1024,18,540,517706
esp32,AES128GCM,sw,encrypt,1024,18,541,517964
esp32,AES128GCM,sw,encrypt,1024,18,542,517706
esp32,AES128GCM,sw,encrypt,1024,18,543,517964
esp32,AES128GCM,sw,encrypt,1024,18,544,517706
esp32,AES128GCM,sw,encrypt,1024,18,545,516761
esp32,AES128GCM,sw,encrypt,1024,18,546,517706
esp32,AES128GCM,sw,encrypt,1024,18,547,516761
esp32,AES128GCM,sw,encrypt,1024,18,548,519080
esp32,AES128GCM,sw,encrypt,1024,18,549,516761
esp32,AES128GCM,sw,encrypt,1024,18,550,517706
esp32,AES128GCM,sw,encrypt,1024,18,551,516761
esp32,AES128GCM,sw,encrypt,1024,18,552,517706
esp32,AES128GCM,sw,encrypt,1024,18,553,517964
esp32,AES128GCM,sw,encrypt,1024,18,554,517706
esp32,AES128GCM,sw,encrypt,1024,18,555,516761
esp32,AES128GCM,sw,encrypt,1024,18,556,517706
esp32,AES128GCM,sw,encrypt,1024,18,557,516761
esp32,AES128GCM,sw,encrypt,1024,18,558,518909
esp32,AES128GCM,sw,encrypt,1024,18,559,516761
esp32,AES128GCM,sw,encrypt,1024,18,560,517706
esp32,AES128GCM,sw,encrypt,1024,18,561,516761
esp32,AES128GCM,sw,encrypt,1024,18,562,517706
esp32,AES128GCM,sw,encrypt,1024,18,563,518135
esp32,AES128GCM,sw,encrypt,1024,18,564,517706
esp32,AES128GCM,sw,encrypt,1024,18,565,516761
esp32,AES128GCM,sw,encrypt,1024,18,566,517706
esp32,AES128GCM,sw,encrypt,1024,18,567,516761
esp32,AES128GCM,sw,encrypt,1024,18,568,519080
esp32,AES128GCM,sw,encrypt,1024,18,569,516761
esp32,AES128GCM,sw,encrypt,1024,18,570,518909
esp32,AES128GCM,sw,encrypt,1024,18,571,516761
esp32,AES128GCM,sw,encrypt,1024,18,572,517706
esp32,AES128GCM,sw,encrypt,1024,18,573,516761
esp32,AES128GCM,sw,encrypt,1024,18,574,517706
esp32,AES128GCM,sw,encrypt,1024,18,575,517964
esp32,AES128GCM,sw,encrypt,1024,18,576,517706
esp32,AES128GCM,sw,encrypt,1024,18,577,516761
esp32,AES128GCM,sw,encrypt,1024,18,578,517706
esp32,AES128GCM,sw,encrypt,1024,18,579,516761
esp32,AES128GCM,sw,encrypt,1024,18,580,518366
esp32,AES128GCM,sw,encrypt,1024,18,581,516761
esp32,AES128GCM,sw,encrypt,1024,18,582,517706
esp32,AES128GCM,sw,encrypt,1024,18,583,516761
esp32,AES128GCM,sw,encrypt,1024,18,584,517706
esp32,AES128GCM,sw,encrypt,1024,18,585,517964
esp32,AES128GCM,sw,encrypt,1024,18,586,517706
esp32,AES128GCM,sw,encrypt,1024,18,587,516761
esp32,AES128GCM,sw,encrypt,1024,18,588,517706
esp32,AES128GCM,sw,encrypt,1024,18,589,516761
esp32,AES128GCM,sw,encrypt,1024,18,590,518909
esp32,AES128GCM,sw,encrypt,1024,18,591,516761
esp32,AES128GCM,sw,encrypt,1024,18,592,518951
esp32,AES128GCM,sw,encrypt,1024,18,593,516761
esp32,AES128GCM,sw,encrypt,1024,18,594,517706
esp32,AES128GCM,sw,encrypt,1024,18,595,516761
esp32,AES128GCM,sw,encrypt,1024,18,596,517706
esp32,AES128GCM,sw,encrypt,1024,18,597,517964
esp32,AES128GCM,sw,encrypt,1024,18,598,517706
esp32,AES128GCM,sw,encrypt,1024,18,599,516761
esp32,AES128GCM,sw,encrypt,1024,18,600,517709
esp32,AES128GCM,sw,encrypt,1024,18,601,516761
esp32,AES128GCM,sw,encrypt,1024,18,602,518909
esp32,AES128GCM,sw,encrypt,1024,18,603,516761
esp32,AES128GCM,sw,encrypt,1024,18,604,517706
esp32,AES128GCM,sw,encrypt,1024,18,605,516761
esp32,AES128GCM,sw,encrypt,1024,18,606,517706
esp32,AES128GCM,sw,encrypt,1024,18,607,517964
esp32,AES128GCM,sw,encrypt,1024,18,608,517706
esp32,AES128GCM,sw,encrypt,1024,18,609,516761
esp32,AES128GCM,sw,encrypt,1024,18,610,517706
esp32,AES128GCM,sw,encrypt,1024,18,611,516761
esp32,AES128GCM,sw,encrypt,1024,18,612,518600
esp32,AES128GCM,sw,encrypt,1024,18,613,516761
esp32,AES128GCM,sw,encrypt,1024,18,614,517706
esp32,AES128GCM,sw,encrypt,1024,18,615,516761
esp32,AES128GCM,sw,encrypt,1024,18,616,517706
esp32,AES128GCM,sw,encrypt,1024,18,617,517964
esp32,AES128GCM,sw,encrypt,1024,18,618,517706
esp32,AES128GCM,sw,encrypt,1024,18,619,517964
esp32,AES128GCM,sw,encrypt,1024,18,620,517706
esp32,AES128GCM,sw,encrypt,1024,18,621,516761
esp32,AES128GCM,sw,encrypt,1024,18,622,517706
esp32,AES128GCM,sw,encrypt,1024,18,623,516761
esp32,AES128GCM,sw,encrypt,1024,18,624,518954
esp32,AES128GCM,sw,encrypt,1024,18,625,516761
esp32,AES128GCM,sw,encrypt,1024,18,626,517706
esp32,AES128GCM,sw,encrypt,1024,18,627,516761
esp32,AES128GCM,sw,encrypt,1024,18,628,517706
esp32,AES128GCM,sw,encrypt,1024,18,629,517964
esp32,AES128GCM,sw,encrypt,1024,18,630,517706
esp32,AES128GCM,sw,encrypt,1024,18,631,516761
esp32,AES128GCM,sw,encrypt,1024,18,632,517706
esp32,AES128GCM,sw,encrypt,1024,18,633,516761
esp32,AES128GCM,sw,encrypt,1024,18,634,518906
esp32,AES128GCM,sw,encrypt,1024,18,635,516761
esp32,AES128GCM,sw,encrypt,1024,18,636,517706
esp32,AES128GCM,sw,encrypt,1024,18,637,516761
esp32,AES128GCM,sw,encrypt,1024,18,638,517706
esp32,AES128GCM,sw,encrypt,1024,18,639,517937
esp32,AES128GCM,sw,encrypt,1024,18,640,517706
esp32,AES128GCM,sw,encrypt,1024,18,641,516761
esp32,AES128GCM,sw,encrypt,1024,18,642,517706
esp32,AES128GCM,sw,encrypt,1024,18,643,516761
esp32,AES128GCM,sw,encrypt,1024,18,644,517708
esp32,AES128GCM,sw,encrypt,1024,18,645,516761
esp32,AES128GCM,sw,encrypt,1024,18,646,518909
esp32,AES128GCM,sw,encrypt,1024,18,647,516761
esp32,AES128GCM,sw,encrypt,1024,18,648,517706
esp32,AES128GCM,sw,encrypt,1024,18,649,516761
esp32,AES128GCM,sw,encrypt,1024,18,650,517706
esp32,AES128GCM,sw,encrypt,1024,18,651,518222
esp32,AES128GCM,sw,encrypt,1024,18,652,517706
esp32,AES128GCM,sw,encrypt,1024,18,653,516761
esp32,AES128GCM,sw,encrypt,1024,18,654,517706
esp32,AES128GCM,sw,encrypt,1024,18,655,516761
esp32,AES128GCM,sw,encrypt,1024,18,656,519083
esp32,AES128GCM,sw,encrypt,1024,18,657,516761
esp32,AES128GCM,sw,encrypt,1024,18,658,517706
esp32,AES128GCM,sw,encrypt,1024,18,659,516761
esp32,AES128GCM,sw,encrypt,1024,18,660,517706
esp32,AES128GCM,sw,encrypt,1024,18,661,517964
esp32,AES128GCM,sw,encrypt,1024,18,662,517706
esp32,AES128GCM,sw,encrypt,1024,18,663,516761
esp32,AES128GCM,sw,encrypt,1024,18,664,517706
esp32,AES128GCM,sw,encrypt,1024,18,665,516761
esp32,AES128GCM,sw,encrypt,1024,18,666,518909
esp32,AES128GCM,sw,encrypt,1024,18,667,516761
esp32,AES128GCM,sw,encrypt,1024,18,668,518435
esp32,AES128GCM,sw,encrypt,1024,18,669,516761
esp32,AES128GCM,sw,encrypt,1024,18,670,517706
esp32,AES128GCM,sw,encrypt,1024,18,671,516761
esp32,AES128GCM,sw,encrypt,1024,18,672,517706
esp32,AES128GCM,sw,encrypt,1024,18,673,517964
esp32,AES128GCM,sw,encrypt,1024,18,674,517706
esp32,AES128GCM,sw,encrypt,1024,18,675,516761
esp32,AES128GCM,sw,encrypt,1024,18,676,517709
esp32,AES128GCM,sw,encrypt,1024,18,677,516761
esp32,AES128GCM,sw,encrypt,1024,18,678,518909
esp32,AES128GCM,sw,encrypt,1024,18,679,516761
esp32,AES128GCM,sw,encrypt,1024,18,680,517706
esp32,AES128GCM,sw,encrypt,1024,18,681,516761
esp32,AES128GCM,sw,encrypt,1024,18,682,517706
esp32,AES128GCM,sw,encrypt,1024,18,683,517964
esp32,AES128GCM,sw,encrypt,1024,18,684,517706
esp32,AES128GCM,sw,encrypt,1024,18,685,516761
esp32,AES128GCM,sw,encrypt,1024,18,686,517706
esp32,AES128GCM,sw,encrypt,1024,18,687,516761
esp32,AES128GCM,sw,encrypt,1024,18,688,518282
esp32,AES128GCM,sw,encrypt,1024,18,689,516761
esp32,AES128GCM,sw,encrypt,1024,18,690,517706
esp32,AES128GCM,sw,encrypt,1024,18,691,516761
esp32,AES128GCM,sw,encrypt,1024,18,692,517706
esp32,AES128GCM,sw,encrypt,1024,18,693,517964
esp32,AES128GCM,sw,encrypt,1024,18,694,517706
esp32,AES128GCM,sw,encrypt,1024,18,695,517964
esp32,AES128GCM,sw,encrypt,1024,18,696,517706
esp32,AES128GCM,sw,encrypt,1024,18,697,516761
esp32,AES128GCM,sw,encrypt,1024,18,698,517706
esp32,AES128GCM,sw,encrypt,1024,18,699,516761
esp32,AES128GCM,sw,encrypt,1024,18,700,518660
esp32,AES128GCM,sw,encrypt,1024,18,701,516761
esp32,AES128GCM,sw,encrypt,1024,18,702,517706
esp32,AES128GCM,sw,encrypt,1024,18,703,516761
esp32,AES128GCM,sw,encrypt,1024,18,704,517706
esp32,AES128GCM,sw,encrypt,1024,18,705,517964
esp32,AES128GCM,sw,encrypt,1024,18,706,517706
esp32,AES128GCM,sw,encrypt,1024,18,707,516761
esp32,AES128GCM,sw,encrypt,1024,18,708,517706
esp32,AES128GCM,sw,encrypt,1024,18,709,516761
esp32,AES128GCM,sw,encrypt,1024,18,710,518909
esp32,AES128GCM,sw,encrypt,1024,18,711,516761
esp32,AES128GCM,sw,encrypt,1024,18,712,517706
esp32,AES128GCM,sw,encrypt,1024,18,713,516761
esp32,AES128GCM,sw,encrypt,1024,18,714,517706
esp32,AES128GCM,sw,encrypt,1024,18,715,517631
esp32,AES128GCM,sw,encrypt,1024,18,716,517706
esp32,AES128GCM,sw,encrypt,1024,18,717,516761
esp32,AES128GCM,sw,encrypt,1024,18,718,517706
esp32,AES128GCM,sw,encrypt,1024,18,719,516761
esp32,AES128GCM,sw,encrypt,1024,18,720,517711
esp32,AES128GCM,sw,encrypt,1024,18,721,516761
esp32,AES128GCM,sw,encrypt,1024,18,722,518909
esp32,AES128GCM,sw,encrypt,1024,18,723,516761
esp32,AES128GCM,sw,encrypt,1024,18,724,517706
esp32,AES128GCM,sw,encrypt,1024,18,725,516761
esp32,AES128GCM,sw,encrypt,1024,18,726,517706
esp32,AES128GCM,sw,encrypt,1024,18,727,517991
esp32,AES128GCM,sw,encrypt,1024,18,728,517706
esp32,AES128GCM,sw,encrypt,1024,18,729,516761
esp32,AES128GCM,sw,encrypt,1024,18,730,517706
esp32,AES128GCM,sw,encrypt,1024,18,731,516761
esp32,AES128GCM,sw,encrypt,1024,18,732,518909
esp32,AES128GCM,sw,encrypt,1024,18,733,516761
esp32,AES128GCM,sw,encrypt,1024,18,734,517706
esp32,AES128GCM,sw,encrypt,1024,18,735,516761
esp32,AES128GCM,sw,encrypt,1024,18,736,517706
esp32,AES128GCM,sw,encrypt,1024,18,737,517964
esp32,AES128GCM,sw,encrypt,1024,18,738,517706
esp32,AES128GCM,sw,encrypt,1024,18,739,516761
esp32,AES128GCM,sw,encrypt,1024,18,740,517706
esp32,AES128GCM,sw,encrypt,1024,18,741,516761
esp32,AES128GCM,sw,encrypt,1024,18,742,518909
esp32,AES128GCM,sw,encrypt,1024,18,743,516761
esp32,AES128GCM,sw,encrypt,1024,18,744,519083
esp32,AES128GCM,sw,encrypt,1024,18,745,516761
esp32,AES128GCM,sw,encrypt,1024,18,746,517706
esp32,AES128GCM,sw,encrypt,1024,18,747,516761
esp32,AES128GCM,sw,encrypt,1024,18,748,517706
esp32,AES128GCM,sw,encrypt,1024,18,749,517961
esp32,AES128GCM,sw,encrypt,1024,18,750,517706
esp32,AES128GCM,sw,encrypt,1024,18,751,516761
esp32,AES128GCM,sw,encrypt,1024,18,752,517712
esp32,AES128GCM,sw,encrypt,1024,18,753,516761
esp32,AES128GCM,sw,encrypt,1024,18,754,518909
esp32,AES128GCM,sw,encrypt,1024,18,755,516761
esp32,AES128GCM,sw,encrypt,1024,18,756,517706
esp32,AES128GCM,sw,encrypt,1024,18,757,516761
esp32,AES128GCM,sw,encrypt,1024,18,758,517706
esp32,AES128GCM,sw,encrypt,1024,18,759,518138
esp32,AES128GCM,sw,encrypt,1024,18,760,517706
esp32,AES128GCM,sw,encrypt,1024,18,761,516761
esp32,AES128GCM,sw,encrypt,1024,18,762,517706
esp32,AES128GCM,sw,encrypt,1024,18,763,516761
esp32,AES128GCM,sw,encrypt,1024,18,764,518864
esp32,AES128GCM,sw,encrypt,1024,18,765,516761
esp32,AES128GCM,sw,encrypt,1024,18,766,517706
esp32,AES128GCM,sw,encrypt,1024,18,767,516761
esp32,AES128GCM,sw,encrypt,1024,18,768,517706
esp32,AES128GCM,sw,encrypt,1024,18,769,517961
esp32,AES128GCM,sw,encrypt,1024,18,770,517706
esp32,AES128GCM,sw,encrypt,1024,18,771,517967
esp32,AES128GCM,sw,encrypt,1024,18,772,517706
esp32,AES128GCM,sw,encrypt,1024,18,773,516761
esp32,AES128GCM,sw,encrypt,1024,18,774,517706
esp32,AES128GCM,sw,encrypt,1024,18,775,516761
esp32,AES128GCM,sw,encrypt,1024,18,776,518345
esp32,AES128GCM,sw,encrypt,1024,18,777,516761
esp32,AES128GCM,sw,encrypt,1024,18,778,517706
esp32,AES128GCM,sw,encrypt,1024,18,779,516761
esp32,AES128GCM,sw,encrypt,1024,18,780,517706
esp32,AES128GCM,sw,encrypt,1024,18,781,517964
esp32,AES128GCM,sw,encrypt,1024,18,782,517706
esp32,AES128GCM,sw,encrypt,1024,18,783,516761
esp32,AES128GCM,sw,encrypt,1024,18,784,517706
esp32,AES128GCM,sw,encrypt,1024,18,785,516761
esp32,AES128GCM,sw,encrypt,1024,18,786,518909
esp32,AES128GCM,sw,encrypt,1024,18,787,516761
esp32,AES128GCM,sw,encrypt,1024,18,788,517706
esp32,AES128GCM,sw,encrypt,1024,18,789,516761
esp32,AES128GCM,sw,encrypt,1024,18,790,517706
esp32,AES128GCM,sw,encrypt,1024,18,791,517310
esp32,AES128GCM,sw,encrypt,1024,18,792,517706
esp32,AES128GCM,sw,encrypt,1024,18,793,517964
esp32,AES128GCM,sw,encrypt,1024,18,794,517706
esp32,AES128GCM,sw,encrypt,1024,18,795,516761
esp32,AES128GCM,sw,encrypt,1024,18,796,517706
esp32,AES128GCM,sw,encrypt,1024,18,797,516761
esp32,AES128GCM,sw,encrypt,1024,18,798,518909
esp32,AES128GCM,sw,encrypt,1024,18,799,516761
esp32,AES128GCM,sw,encrypt,1024,18,800,517706
esp32,AES128GCM,sw,encrypt,1024,18,801,516761
esp32,AES128GCM,sw,encrypt,1024,18,802,517706
esp32,AES128GCM,sw,encrypt,1024,18,803,517682
esp32,AES128GCM,sw,encrypt,1024,18,804,517706
esp32,AES128GCM,sw,encrypt,1024,18,805,516761
esp32,AES128GCM,sw,encrypt,1024,18,806,517706
esp32,AES128GCM,sw,encrypt,1024,18,807,516761
esp32,AES128GCM,sw,encrypt,1024,18,808,518909
esp32,AES128GCM,sw,encrypt,1024,18,809,516761
esp32,AES128GCM,sw,encrypt,1024,18,810,517706
esp32,AES128GCM,sw,encrypt,1024,18,811,516761
esp32,AES128GCM,sw,encrypt,1024,18,812,517706
esp32,AES128GCM,sw,encrypt,1024,18,813,517964
esp32,AES128GCM,sw,encrypt,1024,18,814,517706
esp32,AES128GCM,sw,encrypt,1024,18,815,516761
esp32,AES128GCM,sw,encrypt,1024,18,816,517706
esp32,AES128GCM,sw,encrypt,1024,18,817,516761
esp32,AES128GCM,sw,encrypt,1024,18,818,518909
esp32,AES128GCM,sw,encrypt,1024,18,819,516761
esp32,AES128GCM,sw,encrypt,1024,18,820,518909
esp32,AES128GCM,sw,encrypt,1024,18,821,516761
esp32,AES128GCM,sw,encrypt,1024,18,822,517706
esp32,AES128GCM,sw,encrypt,1024,18,823,516761
esp32,AES128GCM,sw,encrypt,1024,18,824,517706
esp32,AES128GCM,sw,encrypt,1024,18,825,517964
esp32,AES128GCM,sw,encrypt,1024,18,826,517706
esp32,AES128GCM,sw,encrypt,1024,18,827,516761
esp32,AES128GCM,sw,encrypt,1024,18,828,517707
esp32,AES128GCM,sw,encrypt,1024,18,829,516761
esp32,AES128GCM,sw,encrypt,1024,18,830,518909
esp32,AES128GCM,sw,encrypt,1024,18,831,516761
esp32,AES128GCM,sw,encrypt,1024,18,832,517706
esp32,AES128GCM,sw,encrypt,1024,18,833,516761
esp32,AES128GCM,sw,encrypt,1024,18,834,517706
esp32,AES128GCM,sw,encrypt,1024,18,835,518141
esp32,AES128GCM,sw,encrypt,1024,18,836,517706
esp32,AES128GCM,sw,encrypt,1024,18,837,516761
esp32,AES128GCM,sw,encrypt,1024,18,838,517706
esp32,AES128GCM,sw,encrypt,1024,18,839,516761
esp32,AES128GCM,sw,encrypt,1024,18,840,518909
esp32,AES128GCM,sw,encrypt,1024,18,841,516761
esp32,AES128GCM,sw,encrypt,1024,18,842,517706
esp32,AES128GCM,sw,encrypt,1024,18,843,516761
esp32,AES128GCM,sw,encrypt,1024,18,844,517706
esp32,AES128GCM,sw,encrypt,1024,18,845,516763
esp32,AES128GCM,sw,encrypt,1024,18,846,517706
esp32,AES128GCM,sw,encrypt,1024,18,847,518135
esp32,AES128GCM,sw,encrypt,1024,18,848,517706
esp32,AES128GCM,sw,encrypt,1024,18,849,516761
esp32,AES128GCM,sw,encrypt,1024,18,850,517706
esp32,AES128GCM,sw,encrypt,1024,18,851,516761
esp32,AES128GCM,sw,encrypt,1024,18,852,518030
esp32,AES128GCM,sw,encrypt,1024,18,853,516761
esp32,AES128GCM,sw,encrypt,1024,18,854,517706
esp32,AES128GCM,sw,encrypt,1024,18,855,516761
esp32,AES128GCM,sw,encrypt,1024,18,856,517706
esp32,AES128GCM,sw,encrypt,1024,18,857,517961
esp32,AES128GCM,sw,encrypt,1024,18,858,517706
esp32,AES128GCM,sw,encrypt,1024,18,859,516761
esp32,AES128GCM,sw,encrypt,1024,18,860,517706
esp32,AES128GCM,sw,encrypt,1024,18,861,516761
esp32,AES128GCM,sw,encrypt,1024,18,862,518909
esp32,AES128GCM,sw,encrypt,1024,18,863,516761
esp32,AES128GCM,sw,encrypt,1024,18,864,517706
esp32,AES128GCM,sw,encrypt,1024,18,865,516761
esp32,AES128GCM,sw,encrypt,1024,18,866,517706
esp32,AES128GCM,sw,encrypt,1024,18,867,518138
esp32,AES128GCM,sw,encrypt,1024,18,868,517706
esp32,AES128GCM,sw,encrypt,1024,18,869,517964
esp32,AES128GCM,sw,encrypt,1024,18,870,517706
esp32,AES128GCM,sw,encrypt,1024,18,871,516761
esp32,AES128GCM,sw,encrypt,1024,18,872,517706
esp32,AES128GCM,sw,encrypt,1024,18,873,516761
esp32,AES128GCM,sw,encrypt,1024,18,874,518909
esp32,AES128GCM,sw,encrypt,1024,18,875,516761
esp32,AES128GCM,sw,encrypt,1024,18,876,517706
esp32,AES128GCM,sw,encrypt,1024,18,877,516761
esp32,AES128GCM,sw,encrypt,1024,18,878,517706
esp32,AES128GCM,sw,encrypt,1024,18,879,517376
esp32,AES128GCM,sw,encrypt,1024,18,880,517706
esp32,AES128GCM,sw,encrypt,1024,18,881,516761
esp32,AES128GCM,sw,encrypt,1024,18,882,517706
esp32,AES128GCM,sw,encrypt,1024,18,883,516761
esp32,AES128GCM,sw,encrypt,1024,18,884,518909
esp32,AES128GCM,sw,encrypt,1024,18,885,516761
esp32,AES128GCM,sw,encrypt,1024,18,886,517706
esp32,AES128GCM,sw,encrypt,1024,18,887,516761
esp32,AES128GCM,sw,encrypt,1024,18,888,517706
esp32,AES128GCM,sw,encrypt,1024,18,889,517964
esp32,AES128GCM,sw,encrypt,1024,18,890,517706
esp32,AES128GCM,sw,encrypt,1024,18,891,516761
esp32,AES128GCM,sw,encrypt,1024,18,892,517706
esp32,AES128GCM,sw,encrypt,1024,18,893,516761
esp32,AES128GCM,sw,encrypt,1024,18,894,518951
esp32,AES128GCM,sw,encrypt,1024,18,895,516761
esp32,AES128GCM,sw,encrypt,1024,18,896,518909
esp32,AES128GCM,sw,encrypt,1024,18,897,516761
esp32,AES128GCM,sw,encrypt,1024,18,898,517706
esp32,AES128GCM,sw,encrypt,1024,18,899,516767
esp32,AES128GCM,sw,encrypt,1024,18,900,517706
esp32,AES128GCM,sw,encrypt,1024,18,901,517964
esp32,AES128GCM,sw,encrypt,1024,18,902,517706
esp32,AES128GCM,sw,encrypt,1024,18,903,516761
esp32,AES128GCM,sw,encrypt,1024,18,904,517706
esp32,AES128GCM,sw,encrypt,1024,18,905,516761
esp32,AES128GCM,sw,encrypt,1024,18,906,518909
esp32,AES128GCM,sw,encrypt,1024,18,907,516761
esp32,AES128GCM,sw,encrypt,1024,18,908,517706
esp32,AES128GCM,sw,encrypt,1024,18,909,516761
esp32,AES128GCM,sw,encrypt,1024,18,910,517706
esp32,AES128GCM,sw,encrypt,1024,18,911,518138
esp32,AES128GCM,sw,encrypt,1024,18,912,517706
esp32,AES128GCM,sw,encrypt,1024,18,913,516761
esp32,AES128GCM,sw,encrypt,1024,18,914,517706
esp32,AES128GCM,sw,encrypt,1024,18,915,516761
esp32,AES128GCM,sw,encrypt,1024,18,916,518909
esp32,AES128GCM,sw,encrypt,1024,18,917,516761
esp32,AES128GCM,sw,encrypt,1024,18,918,518908
esp32,AES128GCM,sw,encrypt,1024,18,919,516761
esp32,AES128GCM,sw,encrypt,1024,18,920,517706
esp32,AES128GCM,sw,encrypt,1024,18,921,516761
esp32,AES128GCM,sw,encrypt,1024,18,922,517706
esp32,AES128GCM,sw,encrypt,1024,18,923,518135
esp32,AES128GCM,sw,encrypt,1024,18,924,517706
esp32,AES128GCM,sw,encrypt,1024,18,925,516761
esp32,AES128GCM,sw,encrypt,1024,18,926,517706
esp32,AES128GCM,sw,encrypt,1024,18,927,516761
esp32,AES128GCM,sw,encrypt,1024,18,928,518909
esp32,AES128GCM,sw,encrypt,1024,18,929,516761
esp32,AES128GCM,sw,encrypt,1024,18,930,517706
esp32,AES128GCM,sw,encrypt,1024,18,931,516761
esp32,AES128GCM,sw,encrypt,1024,18,932,517706
esp32,AES128GCM,sw,encrypt,1024,18,933,517964
esp32,AES128GCM,sw,encrypt,1024,18,934,517706
esp32,AES128GCM,sw,encrypt,1024,18,935,516761
esp32,AES128GCM,sw,encrypt,1024,18,936,517706
esp32,AES128GCM,sw,encrypt,1024,18,937,516761
esp32,AES128GCM,sw,encrypt,1024,18,938,518909
esp32,AES128GCM,sw,encrypt,1024,18,939,516761
esp32,AES128GCM,sw,encrypt,1024,18,940,517706
esp32,AES128GCM,sw,encrypt,1024,18,941,516761
esp32,AES128GCM,sw,encrypt,1024,18,942,517706
esp32,AES128GCM,sw,encrypt,1024,18,943,518135
esp32,AES128GCM,sw,encrypt,1024,18,944,517706
esp32,AES128GCM,sw,encrypt,1024,18,945,517964
esp32,AES128GCM,sw,encrypt,1024,18,946,517706
esp32,AES128GCM,sw,encrypt,1024,18,947,516761
esp32,AES128GCM,sw,encrypt,1024,18,948,517706
esp32,AES128GCM,sw,encrypt,1024,18,949,516761
esp32,AES128GCM,sw,encrypt,1024,18,950,518906
esp32,AES128GCM,sw,encrypt,1024,18,951,516761
esp32,AES128GCM,sw,encrypt,1024,18,952,517706
esp32,AES128GCM,sw,encrypt,1024,18,953,516761
esp32,AES128GCM,sw,encrypt,1024,18,954,517706
esp32,AES128GCM,sw,encrypt,1024,18,955,518138
esp32,AES128GCM,sw,encrypt,1024,18,956,517706
esp32,AES128GCM,sw,encrypt,1024,18,957,516761
esp32,AES128GCM,sw,encrypt,1024,18,958,517706
esp32,AES128GCM,sw,encrypt,1024,18,959,516761
esp32,AES128GCM,sw,encrypt,1024,18,960,518909
esp32,AES128GCM,sw,encrypt,1024,18,961,516761
esp32,AES128GCM,sw,encrypt,1024,18,962,517706
esp32,AES128GCM,sw,encrypt,1024,18,963,516761
esp32,AES128GCM,sw,encrypt,1024,18,964,517706
esp32,AES128GCM,sw,encrypt,1024,18,965,517964
esp32,AES128GCM,sw,encrypt,1024,18,966,517706
esp32,AES128GCM,sw,encrypt,1024,18,967,516761
esp32,AES128GCM,sw,encrypt,1024,18,968,517706
esp32,AES128GCM,sw,encrypt,1024,18,969,516761
esp32,AES128GCM,sw,encrypt,1024,18,970,517708
esp32,AES128GCM,sw,encrypt,1024,18,971,516761
esp32,AES128GCM,sw,encrypt,1024,18,972,518909
esp32,AES128GCM,sw,encrypt,1024,18,973,516761
esp32,AES128GCM,sw,encrypt,1024,18,974,517706
esp32,AES128GCM,sw,encrypt,1024,18,975,516764
esp32,AES128GCM,sw,encrypt,1024,18,976,517706
esp32,AES128GCM,sw,encrypt,1024,18,977,517964
esp32,AES128GCM,sw,encrypt,1024,18,978,517706
esp32,AES128GCM,sw,encrypt,1024,18,979,516761
esp32,AES128GCM,sw,encrypt,1024,18,980,517706
esp32,AES128GCM,sw,encrypt,1024,18,981,516761
esp32,AES128GCM,sw,encrypt,1024,18,982,518951
esp32,AES128GCM,sw,encrypt,1024,18,983,516761
esp32,AES128GCM,sw,encrypt,1024,18,984,517706
esp32,AES128GCM,sw,encrypt,1024,18,985,516761
esp32,AES128GCM,sw,encrypt,1024,18,986,517706
esp32,AES128GCM,sw,encrypt,1024,18,987,518108
esp32,AES128GCM,sw,encrypt,1024,18,988,517706
esp32,AES128GCM,sw,encrypt,1024,18,989,516761
esp32,AES128GCM,sw,encrypt,1024,18,990,517706
esp32,AES128GCM,sw,encrypt,1024,18,991,516761
esp32,AES128GCM,sw,encrypt,1024,18,992,518909
esp32,AES128GCM,sw,encrypt,1024,18,993,516761
esp32,AES128GCM,sw,encrypt,1024,18,994,518864
esp32,AES128GCM,sw,encrypt,1024,18,995,516761
esp32,AES128GCM,sw,encrypt,1024,18,996,517706
esp32,AES128GCM,sw,encrypt,1024,18,997,516761
esp32,AES128GCM,sw,encrypt,1024,18,998,517706
esp32,AES128GCM,sw,encrypt,1024,18,999,518135
stack,esp32,AES128GCM,sw,encrypt,1024,14084
esp32,AES128GCM,sw,decrypt,1024,18,0,512406
esp32,AES128GCM,sw,decrypt,1024,18,1,516459
esp32,AES128GCM,sw,decrypt,1024,18,2,514305
esp32,AES128GCM,sw,decrypt,1024,18,3,515256
esp32,AES128GCM,sw,decrypt,1024,18,4,514305
esp32,AES128GCM,sw,decrypt,1024,18,5,515892
esp32,AES128GCM,sw,decrypt,1024,18,6,514305
esp32,AES128GCM,sw,decrypt,1024,18,7,515256
esp32,AES128GCM,sw,decrypt,1024,18,8,515430
esp32,AES128GCM,sw,decrypt,1024,18,9,515256
esp32,AES128GCM,sw,decrypt,1024,18,10,514305
esp32,AES128GCM,sw,decrypt,1024,18,11,515256
esp32,AES128GCM,sw,decrypt,1024,18,12,514305
esp32,AES128GCM,sw,decrypt,1024,18,13,516459
esp32,AES128GCM,sw,decrypt,1024,18,14,514305
esp32,AES128GCM,sw,decrypt,1024,18,15,515256
esp32,AES128GCM,sw,decrypt,1024,18,16,514305
esp32,AES128GCM,sw,decrypt,1024,18,17,515256
esp32,AES128GCM,sw,decrypt,1024,18,18,515508
esp32,AES128GCM,sw,decrypt,1024,18,19,515256
esp32,AES128GCM,sw,decrypt,1024,18,20,514305
esp32,AES128GCM,sw,decrypt,1024,18,21,515256
esp32,AES128GCM,sw,decrypt,1024,18,22,514305
esp32,AES128GCM,sw,decrypt,1024,18,23,516459
esp32,AES128GCM,sw,decrypt,1024,18,24,514305
esp32,AES128GCM,sw,decrypt,1024,18,25,515256
esp32,AES128GCM,sw,decrypt,1024,18,26,514305
esp32,AES128GCM,sw,decrypt,1024,18,27,515256
esp32,AES128GCM,sw,decrypt,1024,18,28,515508
esp32,AES128GCM,sw,decrypt,1024,18,29,515256
esp32,AES128GCM,sw,decrypt,1024,18,30,514305
esp32,AES128GCM,sw,decrypt,1024,18,31,515256
esp32,AES128GCM,sw,decrypt,1024,18,32,514305
esp32,AES128GCM,sw,decrypt,1024,18,33,516459
esp32,AES128GCM,sw,decrypt,1024,18,34,514305
esp32,AES128GCM,sw,decrypt,1024,18,35,515256
esp32,AES128GCM,sw,decrypt,1024,18,36,514305
esp32,AES128GCM,sw,decrypt,1024,18,37,515256
esp32,AES128GCM,sw,decrypt,1024,18,38,515679
esp32,AES128GCM,sw,decrypt,1024,18,39,515256
esp32,AES128GCM,sw,decrypt,1024,18,40,514305
esp32,AES128GCM,sw,decrypt,1024,18,41,515256
esp32,AES128GCM,sw,decrypt,1024,18,42,514305
esp32,AES128GCM,sw,decrypt,1024,18,43,515718
esp32,AES128GCM,sw,decrypt,1024,18,44,514305
esp32,AES128GCM,sw,decrypt,1024,18,45,515256
esp32,AES128GCM,sw,decrypt,1024,18,46,514305
esp32,AES128GCM,sw,decrypt,1024,18,47,515256
esp32,AES128GCM,sw,decrypt,1024,18,48,515679
esp32,AES128GCM,sw,decrypt,1024,18,49,515256
esp32,AES128GCM,sw,decrypt,1024,18,50,514305
esp32,AES128GCM,sw,decrypt,1024,18,51,515256
esp32,AES128GCM,sw,decrypt,1024,18,52,514305
esp32,AES128GCM,sw,decrypt,1024,18,53,516630
esp32,AES128GCM,sw,decrypt,1024,18,54,514305
esp32,AES128GCM,sw,decrypt,1024,18,55,515256
esp32,AES128GCM,sw,decrypt,1024,18,56,514310
esp32,AES128GCM,sw,decrypt,1024,18,57,515256
esp32,AES128GCM,sw,decrypt,1024,18,58,515505
esp32,AES128GCM,sw,decrypt,1024,18,59,515256
esp32,AES128GCM,sw,decrypt,1024,18,60,514305
esp32,AES128GCM,sw,decrypt,1024,18,61,515256
esp32,AES128GCM,sw,decrypt,1024,18,62,514305
esp32,AES128GCM,sw,decrypt,1024,18,63,516456
esp32,AES128GCM,sw,decrypt,1024,18,64,514305
esp32,AES128GCM,sw,decrypt,1024,18,65,515256
esp32,AES128GCM,sw,decrypt,1024,18,66,514305
esp32,AES128GCM,sw,decrypt,1024,18,67,515256
esp32,AES128GCM,sw,decrypt,1024,18,68,515505
esp32,AES128GCM,sw,decrypt,1024,18,69,515256
esp32,AES128GCM,sw,decrypt,1024,18,70,514305
esp32,AES128GCM,sw,decrypt,1024,18,71,515256
esp32,AES128GCM,sw,decrypt,1024,18,72,514305
esp32,AES128GCM,sw,decrypt,1024,18,73,516465
esp32,AES128GCM,sw,decrypt,1024,18,74,514305
esp32,AES128GCM,sw,decrypt,1024,18,75,515256
esp32,AES128GCM,sw,decrypt,1024,18,76,514305
esp32,AES128GCM,sw,decrypt,1024,18,77,515256
esp32,AES128GCM,sw,decrypt,1024,18,78,515508
esp32,AES128GCM,sw,decrypt,1024,18,79,515256
esp32,AES128GCM,sw,decrypt,1024,18,80,514305
esp32,AES128GCM,sw,decrypt,1024,18,81,515256
esp32,AES128GCM,sw,decrypt,1024,18,82,514305
esp32,AES128GCM,sw,decrypt,1024,18,83,516456
esp32,AES128GCM,sw,decrypt,1024,18,84,514305
esp32,AES128GCM,sw,decrypt,1024,18,85,515256
esp32,AES128GCM,sw,decrypt,1024,18,86,514305
esp32,AES128GCM,sw,decrypt,1024,18,87,515256
esp32,AES128GCM,sw,decrypt,1024,18,88,515505
esp32,AES128GCM,sw,decrypt,1024,18,89,515256
esp32,AES128GCM,sw,decrypt,1024,18,90,514305
esp32,AES128GCM,sw,decrypt,1024,18,91,515256
esp32,AES128GCM,sw,decrypt,1024,18,92,514305
esp32,AES128GCM,sw,decrypt,1024,18,93,516456
esp32,AES128GCM,sw,decrypt,1024,18,94,514305
esp32,AES128GCM,sw,decrypt,1024,18,95,515256
esp32,AES128GCM,sw,decrypt,1024,18,96,514305
esp32,AES128GCM,sw,decrypt,1024,18,97,515256
esp32,AES128GCM,sw,decrypt,1024,18,98,515190
esp32,AES128GCM,sw,decrypt,1024,18,99,515256
esp32,AES128GCM,sw,decrypt,1024,18,100,514305
esp32,AES128GCM,sw,decrypt,1024,18,101,515259
esp32,AES128GCM,sw,decrypt,1024,18,102,514305
esp32,AES128GCM,sw,decrypt,1024,18,103,515682
esp32,AES128GCM,sw,decrypt,1024,18,104,514305
esp32,AES128GCM,sw,decrypt,1024,18,105,515256
esp32,AES128GCM,sw,decrypt,1024,18,106,514305
esp32,AES128GCM,sw,decrypt,1024,18,107,515256
esp32,AES128GCM,sw,decrypt,1024,18,108,515508
esp32,AES128GCM,sw,decrypt,1024,18,109,515256
esp32,AES128GCM,sw,decrypt,1024,18,110,514305
esp32,AES128GCM,sw,decrypt,1024,18,111,515256
esp32,AES128GCM,sw,decrypt,1024,18,112,514305
esp32,AES128GCM,sw,decrypt,1024,18,113,516630
esp32,AES128GCM,sw,decrypt,1024,18,114,514305
esp32,AES128GCM,sw,decrypt,1024,18,115,515256
esp32,AES128GCM,sw,decrypt,1024,18,116,514305
esp32,AES128GCM,sw,decrypt,1024,18,117,515256
esp32,AES128GCM,sw,decrypt,1024,18,118,515508
esp32,AES128GCM,sw,decrypt,1024,18,119,515256
esp32,AES128GCM,sw,decrypt,1024,18,120,515508
esp32,AES128GCM,sw,decrypt,1024,18,121,515256
esp32,AES128GCM,sw,decrypt,1024,18,122,514305
esp32,AES128GCM,sw,decrypt,1024,18,123,515256
esp32,AES128GCM,sw,decrypt,1024,18,124,514305
esp32,AES128GCM,sw,decrypt,1024,18,125,516456
esp32,AES128GCM,sw,decrypt,1024,18,126,514305
esp32,AES128GCM,sw,decrypt,1024,18,127,515256
esp32,AES128GCM,sw,decrypt,1024,18,128,514305
esp32,AES128GCM,sw,decrypt,1024,18,129,515256
esp32,AES128GCM,sw,decrypt,1024,18,130,515682
esp32,AES128GCM,sw,decrypt,1024,18,131,515256
esp32,AES128GCM,sw,decrypt,1024,18,132,514305
esp32,AES128GCM,sw,decrypt,1024,18,133,515256
esp32,AES128GCM,sw,decrypt,1024,18,134,514305
esp32,AES128GCM,sw,decrypt,1024,18,135,516456
esp32,AES128GCM,sw,decrypt,1024,18,136,514305
esp32,AES128GCM,sw,decrypt,1024,18,137,515256
esp32,AES128GCM,sw,decrypt,1024,18,138,514305
esp32,AES128GCM,sw,decrypt,1024,18,139,515256
esp32,AES128GCM,sw,decrypt,1024,18,140,515505
esp32,AES128GCM,sw,decrypt,1024,18,141,515256
esp32,AES128GCM,sw,decrypt,1024,18,142,514305
esp32,AES128GCM,sw,decrypt,1024,18,143,515256
esp32,AES128GCM,sw,decrypt,1024,18,144,514305
esp32,AES128GCM,sw,decrypt,1024,18,145,516504
esp32,AES128GCM,sw,decrypt,1024,18,146,514305
esp32,AES128GCM,sw,decrypt,1024,18,147,516231
esp32,AES128GCM,sw,decrypt,1024,18,148,514305
esp32,AES128GCM,sw,decrypt,1024,18,149,515256
esp32,AES128GCM,sw,decrypt,1024,18,150,514305
esp32,AES128GCM,sw,decrypt,1024,18,151,515256
esp32,AES128GCM,sw,decrypt,1024,18,152,515505
esp32,AES128GCM,sw,decrypt,1024,18,153,515256
esp32,AES128GCM,sw,decrypt,1024,18,154,514305
esp32,AES128GCM,sw,decrypt,1024,18,155,515256
esp32,AES128GCM,sw,decrypt,1024,18,156,514305
esp32,AES128GCM,sw,decrypt,1024,18,157,516573
esp32,AES128GCM,sw,decrypt,1024,18,158,514305
esp32,AES128GCM,sw,decrypt,1024,18,159,515256
esp32,AES128GCM,sw,decrypt,1024,18,160,514305
esp32,AES128GCM,sw,decrypt,1024,18,161,515256
esp32,AES128GCM,sw,decrypt,1024,18,162,515556
esp32,AES128GCM,sw,decrypt,1024,18,163,515256
esp32,AES128GCM,sw,decrypt,1024,18,164,514305
esp32,AES128GCM,sw,decrypt,1024,18,165,515256
esp32,AES128GCM,sw,decrypt,1024,18,166,514305
esp32,AES128GCM,sw,decrypt,1024,18,167,516456
esp32,AES128GCM,sw,decrypt,1024,18,168,514305
esp32,AES128GCM,sw,decrypt,1024,18,169,516459
esp32,AES128GCM,sw,decrypt,1024,18,170,514305
esp32,AES128GCM,sw,decrypt,1024,18,171,515256
esp32,AES128GCM,sw,decrypt,1024,18,172,514305
esp32,AES128GCM,sw,decrypt,1024,18,173,515256
esp32,AES128GCM,sw,decrypt,1024,18,174,515508
esp32,AES128GCM,sw,decrypt,1024,18,175,515256
esp32,AES128GCM,sw,decrypt,1024,18,176,514305
esp32,AES128GCM,sw,decrypt,1024,18,177,515259
esp32,AES128GCM,sw,decrypt,1024,18,178,514305
esp32,AES128GCM,sw,decrypt,1024,18,179,516456
esp32,AES128GCM,sw,decrypt,1024,18,180,514305
esp32,AES128GCM,sw,decrypt,1024,18,181,515256
esp32,AES128GCM,sw,decrypt,1024,18,182,514305
esp32,AES128GCM,sw,decrypt,1024,18,183,515256
esp32,AES128GCM,sw,decrypt,1024,18,184,515505
esp32,AES128GCM,sw,decrypt,1024,18,185,515256
esp32,AES128GCM,sw,decrypt,1024,18,186,514305
esp32,AES128GCM,sw,decrypt,1024,18,187,515256
esp32,AES128GCM,sw,decrypt,1024,18,188,514305
esp32,AES128GCM,sw,decrypt,1024,18,189,516411
esp32,AES128GCM,sw,decrypt,1024,18,190,514305
esp32,AES128GCM,sw,decrypt,1024,18,191,515256
esp32,AES128GCM,sw,decrypt,1024,18,192,514305
esp32,AES128GCM,sw,decrypt,1024,18,193,515256
esp32,AES128GCM,sw,decrypt,1024,18,194,515511
esp32,AES128GCM,sw,decrypt,1024,18,195,515256
esp32,AES128GCM,sw,decrypt,1024,18,196,515508
esp32,AES128GCM,sw,decrypt,1024,18,197,515256
esp32,AES128GCM,sw,decrypt,1024,18,198,514305
esp32,AES128GCM,sw,decrypt,1024,18,199,515256
esp32,AES128GCM,sw,decrypt,1024,18,200,514305
esp32,AES128GCM,sw,decrypt,1024,18,201,516459
esp32,AES128GCM,sw,decrypt,1024,18,202,514305
esp32,AES128GCM,sw,decrypt,1024,18,203,515256
esp32,AES128GCM,sw,decrypt,1024,18,204,514305
esp32,AES128GCM,sw,decrypt,1024,18,205,515256
esp32,AES128GCM,sw,decrypt,1024,18,206,515679
esp32,AES128GCM,sw,decrypt,1024,18,207,515256
esp32,AES128GCM,sw,decrypt,1024,18,208,514305
esp32,AES128GCM,sw,decrypt,1024,18,209,515256
esp32,AES128GCM,sw,decrypt,1024,18,210,514305
esp32,AES128GCM,sw,decrypt,1024,18,211,516456
esp32,AES128GCM,sw,decrypt,1024,18,212,514305
esp32,AES128GCM,sw,decrypt,1024,18,213,515256
esp32,AES128GCM,sw,decrypt,1024,18,214,514305
esp32,AES128GCM,sw,decrypt,1024,18,215,515256
esp32,AES128GCM,sw,decrypt,1024,18,216,515505
esp32,AES128GCM,sw,decrypt,1024,18,217,515256
esp32,AES128GCM,sw,decrypt,1024,18,218,514305
esp32,AES128GCM,sw,decrypt,1024,18,219,515256
esp32,AES128GCM,sw,decrypt,1024,18,220,514305
esp32,AES128GCM,sw,decrypt,1024,18,221,515255
esp32,AES128GCM,sw,decrypt,1024,18,222,514305
esp32,AES128GCM,sw,decrypt,1024,18,223,515784
esp32,AES128GCM,sw,decrypt,1024,18,224,514305
esp32,AES128GCM,sw,decrypt,1024,18,225,515256
esp32,AES128GCM,sw,decrypt,1024,18,226,514305
esp32,AES128GCM,sw,decrypt,1024,18,227,515256
esp32,AES128GCM,sw,decrypt,1024,18,228,515508
esp32,AES128GCM,sw,decrypt,1024,18,229,515256
esp32,AES128GCM,sw,decrypt,1024,18,230,514305
esp32,AES128GCM,sw,decrypt,1024,18,231,515256
esp32,AES128GCM,sw,decrypt,1024,18,232,514305
esp32,AES128GCM,sw,decrypt,1024,18,233,516114
esp32,AES128GCM,sw,decrypt,1024,18,234,514305
esp32,AES128GCM,sw,decrypt,1024,18,235,515256
esp32,AES128GCM,sw,decrypt,1024,18,236,514305
esp32,AES128GCM,sw,decrypt,1024,18,237,515256
esp32,AES128GCM,sw,decrypt,1024,18,238,515511
esp32,AES128GCM,sw,decrypt,1024,18,239,515256
esp32,AES128GCM,sw,decrypt,1024,18,240,514305
esp32,AES128GCM,sw,decrypt,1024,18,241,515256
esp32,AES128GCM,sw,decrypt,1024,18,242,514305
esp32,AES128GCM,sw,decrypt,1024,18,243,516459
esp32,AES128GCM,sw,decrypt,1024,18,244,514305
esp32,AES128GCM,sw,decrypt,1024,18,245,516459
esp32,AES128GCM,sw,decrypt,1024,18,246,514305
esp32,AES128GCM,sw,decrypt,1024,18,247,515256
esp32,AES128GCM,sw,decrypt,1024,18,248,514305
esp32,AES128GCM,sw,decrypt,1024,18,249,515256
esp32,AES128GCM,sw,decrypt,1024,18,250,515679
esp32,AES128GCM,sw,decrypt,1024,18,251,515256
esp32,AES128GCM,sw,decrypt,1024,18,252,514305
esp32,AES128GCM,sw,decrypt,1024,18,253,515256
esp32,AES128GCM,sw,decrypt,1024,18,254,514305
esp32,AES128GCM,sw,decrypt,1024,18,255,516462
esp32,AES128GCM,sw,decrypt,1024,18,256,514305
esp32,AES128GCM,sw,decrypt,1024,18,257,515256
esp32,AES128GCM,sw,decrypt,1024,18,258,514305
esp32,AES128GCM,sw,decrypt,1024,18,259,515256
esp32,AES128GCM,sw,decrypt,1024,18,260,515505
esp32,AES128GCM,sw,decrypt,1024,18,261,515256
esp32,AES128GCM,sw,decrypt,1024,18,262,514305
esp32,AES128GCM,sw,decrypt,1024,18,263,515256
esp32,AES128GCM,sw,decrypt,1024,18,264,514305
esp32,AES128GCM,sw,decrypt,1024,18,265,515940
esp32,AES128GCM,sw,decrypt,1024,18,266,514305
esp32,AES128GCM,sw,decrypt,1024,18,267,515256
esp32,AES128GCM,sw,decrypt,1024,18,268,514305
esp32,AES128GCM,sw,decrypt,1024,18,269,515256
esp32,AES128GCM,sw,decrypt,1024,18,270,515505
esp32,AES128GCM,sw,decrypt,1024,18,271,515256
esp32,AES128GCM,sw,decrypt,1024,18,272,515508
esp32,AES128GCM,sw,decrypt,1024,18,273,515256
esp32,AES128GCM,sw,decrypt,1024,18,274,514305
esp32,AES128GCM,sw,decrypt,1024,18,275,515256
esp32,AES128GCM,sw,decrypt,1024,18,276,514305
esp32,AES128GCM,sw,decrypt,1024,18,277,516456
esp32,AES128GCM,sw,decrypt,1024,18,278,514305
esp32,AES128GCM,sw,decrypt,1024,18,279,515256
esp32,AES128GCM,sw,decrypt,1024,18,280,514305
esp32,AES128GCM,sw,decrypt,1024,18,281,515256
esp32,AES128GCM,sw,decrypt,1024,18,282,515682
esp32,AES128GCM,sw,decrypt,1024,18,283,515256
esp32,AES128GCM,sw,decrypt,1024,18,284,514305
esp32,AES128GCM,sw,decrypt,1024,18,285,515256
esp32,AES128GCM,sw,decrypt,1024,18,286,514305
esp32,AES128GCM,sw,decrypt,1024,18,287,516456
esp32,AES128GCM,sw,decrypt,1024,18,288,514305
esp32,AES128GCM,sw,decrypt,1024,18,289,515256
esp32,AES128GCM,sw,decrypt,1024,18,290,514305
esp32,AES128GCM,sw,decrypt,1024,18,291,515256
esp32,AES128GCM,sw,decrypt,1024,18,292,515508
esp32,AES128GCM,sw,decrypt,1024,18,293,515256
esp32,AES128GCM,sw,decrypt,1024,18,294,515553
esp32,AES128GCM,sw,decrypt,1024,18,295,515256
esp32,AES128GCM,sw,decrypt,1024,18,296,514305
esp32,AES128GCM,sw,decrypt,1024,18,297,515259
esp32,AES128GCM,sw,decrypt,1024,18,298,514305
esp32,AES128GCM,sw,decrypt,1024,18,299,516459
esp32,AES128GCM,sw,decrypt,1024,18,300,514305
esp32,AES128GCM,sw,decrypt,1024,18,301,515256
esp32,AES128GCM,sw,decrypt,1024,18,302,514305
esp32,AES128GCM,sw,decrypt,1024,18,303,515256
esp32,AES128GCM,sw,decrypt,1024,18,304,515508
esp32,AES128GCM,sw,decrypt,1024,18,305,515256
esp32,AES128GCM,sw,decrypt,1024,18,306,514305
esp32,AES128GCM,sw,decrypt,1024,18,307,515256
esp32,AES128GCM,sw,decrypt,1024,18,308,514305
esp32,AES128GCM,sw,decrypt,1024,18,309,516633
esp32,AES128GCM,sw,decrypt,1024,18,310,514305
esp32,AES128GCM,sw,decrypt,1024,18,311,515256
esp32,AES128GCM,sw,decrypt,1024,18,312,514305
esp32,AES128GCM,sw,decrypt,1024,18,313,515256
esp32,AES128GCM,sw,decrypt,1024,18,314,515508
esp32,AES128GCM,sw,decrypt,1024,18,315,515256
esp32,AES128GCM,sw,decrypt,1024,18,316,514305
esp32,AES128GCM,sw,decrypt,1024,18,317,515256
esp32,AES128GCM,sw,decrypt,1024,18,318,514305
esp32,AES128GCM,sw,decrypt,1024,18,319,516459
esp32,AES128GCM,sw,decrypt,1024,18,320,514305
esp32,AES128GCM,sw,decrypt,1024,18,321,516459
esp32,AES128GCM,sw,decrypt,1024,18,322,514305
esp32,AES128GCM,sw,decrypt,1024,18,323,515256
esp32,AES128GCM,sw,decrypt,1024,18,324,514305
esp32,AES128GCM,sw,decrypt,1024,18,325,515256
esp32,AES128GCM,sw,decrypt,1024,18,326,515679
esp32,AES128GCM,sw,decrypt,1024,18,327,515256
esp32,AES128GCM,sw,decrypt,1024,18,328,514305
esp32,AES128GCM,sw,decrypt,1024,18,329,515256
esp32,AES128GCM,sw,decrypt,1024,18,330,514305
esp32,AES128GCM,sw,decrypt,1024,18,331,516459
esp32,AES128GCM,sw,decrypt,1024,18,332,514305
esp32,AES128GCM,sw,decrypt,1024,18,333,515256
esp32,AES128GCM,sw,decrypt,1024,18,334,514305
esp32,AES128GCM,sw,decrypt,1024,18,335,515256
esp32,AES128GCM,sw,decrypt,1024,18,336,515505
esp32,AES128GCM,sw,decrypt,1024,18,337,515256
esp32,AES128GCM,sw,decrypt,1024,18,338,514305
esp32,AES128GCM,sw,decrypt,1024,18,339,515256
esp32,AES128GCM,sw,decrypt,1024,18,340,514305
esp32,AES128GCM,sw,decrypt,1024,18,341,516504
esp32,AES128GCM,sw,decrypt,1024,18,342,514305
esp32,AES128GCM,sw,decrypt,1024,18,343,515256
esp32,AES128GCM,sw,decrypt,1024,18,344,514305
esp32,AES128GCM,sw,decrypt,1024,18,345,515256
esp32,AES128GCM,sw,decrypt,1024,18,346,514304
esp32,AES128GCM,sw,decrypt,1024,18,347,515256
esp32,AES128GCM,sw,decrypt,1024,18,348,515505
esp32,AES128GCM,sw,decrypt,1024,18,349,515256
esp32,AES128GCM,sw,decrypt,1024,18,350,514305
esp32,AES128GCM,sw,decrypt,1024,18,351,515256
esp32,AES128GCM,sw,decrypt,1024,18,352,514305
esp32,AES128GCM,sw,decrypt,1024,18,353,516459
esp32,AES128GCM,sw,decrypt,1024,18,354,514305
esp32,AES128GCM,sw,decrypt,1024,18,355,515256
esp32,AES128GCM,sw,decrypt,1024,18,356,514305
esp32,AES128GCM,sw,decrypt,1024,18,357,515256
esp32,AES128GCM,sw,decrypt,1024,18,358,515271
esp32,AES128GCM,sw,decrypt,1024,18,359,515256
esp32,AES128GCM,sw,decrypt,1024,18,360,514305
esp32,AES128GCM,sw,decrypt,1024,18,361,515256
esp32,AES128GCM,sw,decrypt,1024,18,362,514305
esp32,AES128GCM,sw,decrypt,1024,18,363,516456
esp32,AES128GCM,sw,decrypt,1024,18,364,514305
esp32,AES128GCM,sw,decrypt,1024,18,365,515256
esp32,AES128GCM,sw,decrypt,1024,18,366,514305
esp32,AES128GCM,sw,decrypt,1024,18,367,515256
esp32,AES128GCM,sw,decrypt,1024,18,368,515679
esp32,AES128GCM,sw,decrypt,1024,18,369,515256
esp32,AES128GCM,sw,decrypt,1024,18,370,515508
esp32,AES128GCM,sw,decrypt,1024,18,371,515256
esp32,AES128GCM,sw,decrypt,1024,18,372,514305
esp32,AES128GCM,sw,decrypt,1024,18,373,515262
esp32,AES128GCM,sw,decrypt,1024,18,374,514305
esp32,AES128GCM,sw,decrypt,1024,18,375,516459
esp32,AES128GCM,sw,decrypt,1024,18,376,514305
esp32,AES128GCM,sw,decrypt,1024,18,377,515256
esp32,AES128GCM,sw,decrypt,1024,18,378,514305
esp32,AES128GCM,sw,decrypt,1024,18,379,515256
esp32,AES128GCM,sw,decrypt,1024,18,380,515508
esp32,AES128GCM,sw,decrypt,1024,18,381,515256
esp32,AES128GCM,sw,decrypt,1024,18,382,514305
esp32,AES128GCM,sw,decrypt,1024,18,383,515256
esp32,AES128GCM,sw,decrypt,1024,18,384,514305
esp32,AES128GCM,sw,decrypt,1024,18,385,516630
esp32,AES128GCM,sw,decrypt,1024,18,386,514305
esp32,AES128GCM,sw,decrypt,1024,18,387,515256
esp32,AES128GCM,sw,decrypt,1024,18,388,514305
esp32,AES128GCM,sw,decrypt,1024,18,389,515256
esp32,AES128GCM,sw,decrypt,1024,18,390,515508
esp32,AES128GCM,sw,decrypt,1024,18,391,515256
esp32,AES128GCM,sw,decrypt,1024,18,392,514305
esp32,AES128GCM,sw,decrypt,1024,18,393,515256
esp32,AES128GCM,sw,decrypt,1024,18,394,514305
esp32,AES128GCM,sw,decrypt,1024,18,395,516459
esp32,AES128GCM,sw,decrypt,1024,18,396,514305
esp32,AES128GCM,sw,decrypt,1024,18,397,516459
esp32,AES128GCM,sw,decrypt,1024,18,398,514305
esp32,AES128GCM,sw,decrypt,1024,18,399,515256
esp32,AES128GCM,sw,decrypt,1024,18,400,514305
esp32,AES128GCM,sw,decrypt,1024,18,401,515256
esp32,AES128GCM,sw,decrypt,1024,18,402,515679
esp32,AES128GCM,sw,decrypt,1024,18,403,515256
esp32,AES128GCM,sw,decrypt,1024,18,404,514305
esp32,AES128GCM,sw,decrypt,1024,18,405,515256
esp32,AES128GCM,sw,decrypt,1024,18,406,514305
esp32,AES128GCM,sw,decrypt,1024,18,407,516456
esp32,AES128GCM,sw,decrypt,1024,18,408,514305
esp32,AES128GCM,sw,decrypt,1024,18,409,515256
esp32,AES128GCM,sw,decrypt,1024,18,410,514305
esp32,AES128GCM,sw,decrypt,1024,18,411,515256
esp32,AES128GCM,sw,decrypt,1024,18,412,515508
esp32,AES128GCM,sw,decrypt,1024,18,413,515256
esp32,AES128GCM,sw,decrypt,1024,18,414,514305
esp32,AES128GCM,sw,decrypt,1024,18,415,515256
esp32,AES128GCM,sw,decrypt,1024,18,416,514305
esp32,AES128GCM,sw,decrypt,1024,18,417,516459
esp32,AES128GCM,sw,decrypt,1024,18,418,514305
esp32,AES128GCM,sw,decrypt,1024,18,419,515256
esp32,AES128GCM,sw,decrypt,1024,18,420,514305
esp32,AES128GCM,sw,decrypt,1024,18,421,515256
esp32,AES128GCM,sw,decrypt,1024,18,422,514304
esp32,AES128GCM,sw,decrypt,1024,18,423,515256
esp32,AES128GCM,sw,decrypt,1024,18,424,515508
esp32,AES128GCM,sw,decrypt,1024,18,425,515256
esp32,AES128GCM,sw,decrypt,1024,18,426,514305
esp32,AES128GCM,sw,decrypt,1024,18,427,515256
esp32,AES128GCM,sw,decrypt,1024,18,428,514305
esp32,AES128GCM,sw,decrypt,1024,18,429,516627
esp32,AES128GCM,sw,decrypt,1024,18,430,514305
esp32,AES128GCM,sw,decrypt,1024,18,431,515256
esp32,AES128GCM,sw,decrypt,1024,18,432,514305
esp32,AES128GCM,sw,decrypt,1024,18,433,515256
esp32,AES128GCM,sw,decrypt,1024,18,434,514818
esp32,AES128GCM,sw,decrypt,1024,18,435,515256
esp32,AES128GCM,sw,decrypt,1024,18,436,514305
esp32,AES128GCM,sw,decrypt,1024,18,437,515256
esp32,AES128GCM,sw,decrypt,1024,18,438,514305
esp32,AES128GCM,sw,decrypt,1024,18,439,516456
esp32,AES128GCM,sw,decrypt,1024,18,440,514305
esp32,AES128GCM,sw,decrypt,1024,18,441,515256
esp32,AES128GCM,sw,decrypt,1024,18,442,514305
esp32,AES128GCM,sw,decrypt,1024,18,443,515256
esp32,AES128GCM,sw,decrypt,1024,18,444,515679
esp32,AES128GCM,sw,decrypt,1024,18,445,515256
esp32,AES128GCM,sw,decrypt,1024,18,446,515523
esp32,AES128GCM,sw,decrypt,1024,18,447,515256
esp32,AES128GCM,sw,decrypt,1024,18,448,514305
esp32,AES128GCM,sw,decrypt,1024,18,449,515259
esp32,AES128GCM,sw,decrypt,1024,18,450,514305
esp32,AES128GCM,sw,decrypt,1024,18,451,516459
esp32,AES128GCM,sw,decrypt,1024,18,452,514305
esp32,AES128GCM,sw,decrypt,1024,18,453,515256
esp32,AES128GCM,sw,decrypt,1024,18,454,514305
esp32,AES128GCM,sw,decrypt,1024,18,455,515256
esp32,AES128GCM,sw,decrypt,1024,18,456,515505
esp32,AES128GCM,sw,decrypt,1024,18,457,515256
esp32,AES128GCM,sw,decrypt,1024,18,458,514305
esp32,AES128GCM,sw,decrypt,1024,18,459,515256
esp32,AES128GCM,sw,decrypt,1024,18,460,514305
esp32,AES128GCM,sw,decrypt,1024,18,461,516633
esp32,AES128GCM,sw,decrypt,1024,18,462,514305
esp32,AES128GCM,sw,decrypt,1024,18,463,515256
esp32,AES128GCM,sw,decrypt,1024,18,464,514305
esp32,AES128GCM,sw,decrypt,1024,18,465,515256
esp32,AES128GCM,sw,decrypt,1024,18,466,515505
esp32,AES128GCM,sw,decrypt,1024,18,467,515256
esp32,AES128GCM,sw,decrypt,1024,18,468,514305
esp32,AES128GCM,sw,decrypt,1024,18,469,515256
esp32,AES128GCM,sw,decrypt,1024,18,470,514305
esp32,AES128GCM,sw,decrypt,1024,18,471,516327
esp32,AES128GCM,sw,decrypt,1024,18,472,514305
esp32,AES128GCM,sw,decrypt,1024,18,473,516456
esp32,AES128GCM,sw,decrypt,1024,18,474,514305
esp32,AES128GCM,sw,decrypt,1024,18,475,515256
esp32,AES128GCM,sw,decrypt,1024,18,476,514305
esp32,AES128GCM,sw,decrypt,1024,18,477,515256
esp32,AES128GCM,sw,decrypt,1024,18,478,515346
esp32,AES128GCM,sw,decrypt,1024,18,479,515256
esp32,AES128GCM,sw,decrypt,1024,18,480,514305
esp32,AES128GCM,sw,decrypt,1024,18,481,515256
esp32,AES128GCM,sw,decrypt,1024,18,482,514305
esp32,AES128GCM,sw,decrypt,1024,18,483,516459
esp32,AES128GCM,sw,decrypt,1024,18,484,514305
esp32,AES128GCM,sw,decrypt,1024,18,485,515256
esp32,AES128GCM,sw,decrypt,1024,18,486,514305
esp32,AES128GCM,sw,decrypt,1024,18,487,515256
esp32,AES128GCM,sw,decrypt,1024,18,488,515679
esp32,AES128GCM,sw,decrypt,1024,18,489,515256
esp32,AES128GCM,sw,decrypt,1024,18,490,514305
esp32,AES128GCM,sw,decrypt,1024,18,491,515256
esp32,AES128GCM,sw,decrypt,1024,18,492,514305
esp32,AES128GCM,sw,decrypt,1024,18,493,516456
esp32,AES128GCM,sw,decrypt,1024,18,494,514305
esp32,AES128GCM,sw,decrypt,1024,18,495,516060
esp32,AES128GCM,sw,decrypt,1024,18,496,514305
esp32,AES128GCM,sw,decrypt,1024,18,497,515256
esp32,AES128GCM,sw,decrypt,1024,18,498,514305
esp32,AES128GCM,sw,decrypt,1024,18,499,515256
esp32,AES128GCM,sw,decrypt,1024,18,500,515508
esp32,AES128GCM,sw,decrypt,1024,18,501,515256
esp32,AES128GCM,sw,decrypt,1024,18,502,514305
esp32,AES128GCM,sw,decrypt,1024,18,503,515256
esp32,AES128GCM,sw,decrypt,1024,18,504,514305
esp32,AES128GCM,sw,decrypt,1024,18,505,516630
esp32,AES128GCM,sw,decrypt,1024,18,506,514305
esp32,AES128GCM,sw,decrypt,1024,18,507,515256
esp32,AES128GCM,sw,decrypt,1024,18,508,514305
esp32,AES128GCM,sw,decrypt,1024,18,509,515256
esp32,AES128GCM,sw,decrypt,1024,18,510,515508
esp32,AES128GCM,sw,decrypt,1024,18,511,515256
esp32,AES128GCM,sw,decrypt,1024,18,512,514305
esp32,AES128GCM,sw,decrypt,1024,18,513,515256
esp32,AES128GCM,sw,decrypt,1024,18,514,514305
esp32,AES128GCM,sw,decrypt,1024,18,515,516459
esp32,AES128GCM,sw,decrypt,1024,18,516,514305
esp32,AES128GCM,sw,decrypt,1024,18,517,515256
esp32,AES128GCM,sw,decrypt,1024,18,518,514305
esp32,AES128GCM,sw,decrypt,1024,18,519,515256
esp32,AES128GCM,sw,decrypt,1024,18,520,515538
esp32,AES128GCM,sw,decrypt,1024,18,521,515256
esp32,AES128GCM,sw,decrypt,1024,18,522,515049
esp32,AES128GCM,sw,decrypt,1024,18,523,515256
esp32,AES128GCM,sw,decrypt,1024,18,524,514305
esp32,AES128GCM,sw,decrypt,1024,18,525,515259
esp32,AES128GCM,sw,decrypt,1024,18,526,514305
esp32,AES128GCM,sw,decrypt,1024,18,527,516459
esp32,AES128GCM,sw,decrypt,1024,18,528,514305
esp32,AES128GCM,sw,decrypt,1024,18,529,515256
esp32,AES128GCM,sw,decrypt,1024,18,530,514306
esp32,AES128GCM,sw,decrypt,1024,18,531,515256
esp32,AES128GCM,sw,decrypt,1024,18,532,515505
esp32,AES128GCM,sw,decrypt,1024,18,533,515256
esp32,AES128GCM,sw,decrypt,1024,18,534,514305
esp32,AES128GCM,sw,decrypt,1024,18,535,515256
esp32,AES128GCM,sw,decrypt,1024,18,536,514305
esp32,AES128GCM,sw,decrypt,1024,18,537,516261
esp32,AES128GCM,sw,decrypt,1024,18,538,514305
esp32,AES128GCM,sw,decrypt,1024,18,539,515256
esp32,AES128GCM,sw,decrypt,1024,18,540,514305
esp32,AES128GCM,sw,decrypt,1024,18,541,515256
esp32,AES128GCM,sw,decrypt,1024,18,542,515505
esp32,AES128GCM,sw,decrypt,1024,18,543,515256
esp32,AES128GCM,sw,decrypt,1024,18,544,514305
esp32,AES128GCM,sw,decrypt,1024,18,545,515256
esp32,AES128GCM,sw,decrypt,1024,18,546,514305
esp32,AES128GCM,sw,decrypt,1024,18,547,515255
esp32,AES128GCM,sw,decrypt,1024,18,548,514305
esp32,AES128GCM,sw,decrypt,1024,18,549,516459
esp32,AES128GCM,sw,decrypt,1024,18,550,514305
esp32,AES128GCM,sw,decrypt,1024,18,551,515256
esp32,AES128GCM,sw,decrypt,1024,18,552,514305
esp32,AES128GCM,sw,decrypt,1024,18,553,515256
esp32,AES128GCM,sw,decrypt,1024,18,554,514908
esp32,AES128GCM,sw,decrypt,1024,18,555,515256
esp32,AES128GCM,sw,decrypt,1024,18,556,514305
esp32,AES128GCM,sw,decrypt,1024,18,557,515256
esp32,AES128GCM,sw,decrypt,1024,18,558,514305
esp32,AES128GCM,sw,decrypt,1024,18,559,516456
esp32,AES128GCM,sw,decrypt,1024,18,560,514305
esp32,AES128GCM,sw,decrypt,1024,18,561,515256
esp32,AES128GCM,sw,decrypt,1024,18,562,514305
esp32,AES128GCM,sw,decrypt,1024,18,563,515256
esp32,AES128GCM,sw,decrypt,1024,18,564,515229
esp32,AES128GCM,sw,decrypt,1024,18,565,515256
esp32,AES128GCM,sw,decrypt,1024,18,566,514305
esp32,AES128GCM,sw,decrypt,1024,18,567,515256
esp32,AES128GCM,sw,decrypt,1024,18,568,514305
esp32,AES128GCM,sw,decrypt,1024,18,569,516459
esp32,AES128GCM,sw,decrypt,1024,18,570,514305
esp32,AES128GCM,sw,decrypt,1024,18,571,515619
esp32,AES128GCM,sw,decrypt,1024,18,572,514305
esp32,AES128GCM,sw,decrypt,1024,18,573,515256
esp32,AES128GCM,sw,decrypt,1024,18,574,514305
esp32,AES128GCM,sw,decrypt,1024,18,575,515256
esp32,AES128GCM,sw,decrypt,1024,18,576,515508
esp32,AES128GCM,sw,decrypt,1024,18,577,515256
esp32,AES128GCM,sw,decrypt,1024,18,578,514305
esp32,AES128GCM,sw,decrypt,1024,18,579,515256
esp32,AES128GCM,sw,decrypt,1024,18,580,514305
esp32,AES128GCM,sw,decrypt,1024,18,581,516630
esp32,AES128GCM,sw,decrypt,1024,18,582,514305
esp32,AES128GCM,sw,decrypt,1024,18,583,515256
esp32,AES128GCM,sw,decrypt,1024,18,584,514305
esp32,AES128GCM,sw,decrypt,1024,18,585,515256
esp32,AES128GCM,sw,decrypt,1024,18,586,515505
esp32,AES128GCM,sw,decrypt,1024,18,587,515256
esp32,AES128GCM,sw,decrypt,1024,18,588,514305
esp32,AES128GCM,sw,decrypt,1024,18,589,515256
esp32,AES128GCM,sw,decrypt,1024,18,590,514305
esp32,AES128GCM,sw,decrypt,1024,18,591,516459
esp32,AES128GCM,sw,decrypt,1024,18,592,514305
esp32,AES128GCM,sw,decrypt,1024,18,593,515256
esp32,AES128GCM,sw,decrypt,1024,18,594,514305
esp32,AES128GCM,sw,decrypt,1024,18,595,515256
esp32,AES128GCM,sw,decrypt,1024,18,596,515556
esp32,AES128GCM,sw,decrypt,1024,18,597,515256
esp32,AES128GCM,sw,decrypt,1024,18,598,515679
esp32,AES128GCM,sw,decrypt,1024,18,599,515256
esp32,AES128GCM,sw,decrypt,1024,18,600,514305
esp32,AES128GCM,sw,decrypt,1024,18,601,515256
esp32,AES128GCM,sw,decrypt,1024,18,602,514305
esp32,AES128GCM,sw,decrypt,1024,18,603,516456
esp32,AES128GCM,sw,decrypt,1024,18,604,514305
esp32,AES128GCM,sw,decrypt,1024,18,605,515256
esp32,AES128GCM,sw,decrypt,1024,18,606,514305
esp32,AES128GCM,sw,decrypt,1024,18,607,515256
esp32,AES128GCM,sw,decrypt,1024,18,608,515505
esp32,AES128GCM,sw,decrypt,1024,18,609,515256
esp32,AES128GCM,sw,decrypt,1024,18,610,514305
esp32,AES128GCM,sw,decrypt,1024,18,611,515256
esp32,AES128GCM,sw,decrypt,1024,18,612,514305
esp32,AES128GCM,sw,decrypt,1024,18,613,515802
esp32,AES128GCM,sw,decrypt,1024,18,614,514305
esp32,AES128GCM,sw,decrypt,1024,18,615,515256
esp32,AES128GCM,sw,decrypt,1024,18,616,514305
esp32,AES128GCM,sw,decrypt,1024,18,617,515256
esp32,AES128GCM,sw,decrypt,1024,18,618,515508
esp32,AES128GCM,sw,decrypt,1024,18,619,515256
esp32,AES128GCM,sw,decrypt,1024,18,620,515508
esp32,AES128GCM,sw,decrypt,1024,18,621,515256
esp32,AES128GCM,sw,decrypt,1024,18,622,514305
esp32,AES128GCM,sw,decrypt,1024,18,623,515256
esp32,AES128GCM,sw,decrypt,1024,18,624,514305
esp32,AES128GCM,sw,decrypt,1024,18,625,516504
esp32,AES128GCM,sw,decrypt,1024,18,626,514305
esp32,AES128GCM,sw,decrypt,1024,18,627,515256
esp32,AES128GCM,sw,decrypt,1024,18,628,514314
esp32,AES128GCM,sw,decrypt,1024,18,629,515256
esp32,AES128GCM,sw,decrypt,1024,18,630,515463
esp32,AES128GCM,sw,decrypt,1024,18,631,515256
esp32,AES128GCM,sw,decrypt,1024,18,632,514305
esp32,AES128GCM,sw,decrypt,1024,18,633,515256
esp32,AES128GCM,sw,decrypt,1024,18,634,514305
esp32,AES128GCM,sw,decrypt,1024,18,635,516459
esp32,AES128GCM,sw,decrypt,1024,18,636,514305
esp32,AES128GCM,sw,decrypt,1024,18,637,515256
esp32,AES128GCM,sw,decrypt,1024,18,638,514305
esp32,AES128GCM,sw,decrypt,1024,18,639,515256
esp32,AES128GCM,sw,decrypt,1024,18,640,514776
esp32,AES128GCM,sw,decrypt,1024,18,641,515256
esp32,AES128GCM,sw,decrypt,1024,18,642,514305
esp32,AES128GCM,sw,decrypt,1024,18,643,515256
esp32,AES128GCM,sw,decrypt,1024,18,644,514305
esp32,AES128GCM,sw,decrypt,1024,18,645,516459
esp32,AES128GCM,sw,decrypt,1024,18,646,514305
esp32,AES128GCM,sw,decrypt,1024,18,647,516456
esp32,AES128GCM,sw,decrypt,1024,18,648,514305
esp32,AES128GCM,sw,decrypt,1024,18,649,515256
esp32,AES128GCM,sw,decrypt,1024,18,650,514305
esp32,AES128GCM,sw,decrypt,1024,18,651,515256
esp32,AES128GCM,sw,decrypt,1024,18,652,515508
esp32,AES128GCM,sw,decrypt,1024,18,653,515256
esp32,AES128GCM,sw,decrypt,1024,18,654,514305
esp32,AES128GCM,sw,decrypt,1024,18,655,515265
esp32,AES128GCM,sw,decrypt,1024,18,656,514305
esp32,AES128GCM,sw,decrypt,1024,18,657,516342
esp32,AES128GCM,sw,decrypt,1024,18,658,514305
esp32,AES128GCM,sw,decrypt,1024,18,659,515256
esp32,AES128GCM,sw,decrypt,1024,18,660,514305
esp32,AES128GCM,sw,decrypt,1024,18,661,515256
esp32,AES128GCM,sw,decrypt,1024,18,662,515505
esp32,AES128GCM,sw,decrypt,1024,18,663,515256
esp32,AES128GCM,sw,decrypt,1024,18,664,514305
esp32,AES128GCM,sw,decrypt,1024,18,665,515256
esp32,AES128GCM,sw,decrypt,1024,18,666,514305
esp32,AES128GCM,sw,decrypt,1024,18,667,516630
esp32,AES128GCM,sw,decrypt,1024,18,668,514305
esp32,AES128GCM,sw,decrypt,1024,18,669,515256
esp32,AES128GCM,sw,decrypt,1024,18,670,514305
esp32,AES128GCM,sw,decrypt,1024,18,671,515256
esp32,AES128GCM,sw,decrypt,1024,18,672,514304
esp32,AES128GCM,sw,decrypt,1024,18,673,515256
esp32,AES128GCM,sw,decrypt,1024,18,674,515679
esp32,AES128GCM,sw,decrypt,1024,18,675,515256
esp32,AES128GCM,sw,decrypt,1024,18,676,514305
esp32,AES128GCM,sw,decrypt,1024,18,677,515256
esp32,AES128GCM,sw,decrypt,1024,18,678,514305
esp32,AES128GCM,sw,decrypt,1024,18,679,516456
esp32,AES128GCM,sw,decrypt,1024,18,680,514305
esp32,AES128GCM,sw,decrypt,1024,18,681,515256
esp32,AES128GCM,sw,decrypt,1024,18,682,514305
esp32,AES128GCM,sw,decrypt,1024,18,683,515256
esp32,AES128GCM,sw,decrypt,1024,18,684,515505
esp32,AES128GCM,sw,decrypt,1024,18,685,515256
esp32,AES128GCM,sw,decrypt,1024,18,686,514305
esp32,AES128GCM,sw,decrypt,1024,18,687,515256
esp32,AES128GCM,sw,decrypt,1024,18,688,514305
esp32,AES128GCM,sw,decrypt,1024,18,689,516462
esp32,AES128GCM,sw,decrypt,1024,18,690,514305
esp32,AES128GCM,sw,decrypt,1024,18,691,515256
esp32,AES128GCM,sw,decrypt,1024,18,692,514305
esp32,AES128GCM,sw,decrypt,1024,18,693,515256
esp32,AES128GCM,sw,decrypt,1024,18,694,515508
esp32,AES128GCM,sw,decrypt,1024,18,695,515256
esp32,AES128GCM,sw,decrypt,1024,18,696,515508
esp32,AES128GCM,sw,decrypt,1024,18,697,515256
esp32,AES128GCM,sw,decrypt,1024,18,698,514305
esp32,AES128GCM,sw,decrypt,1024,18,699,515256
esp32,AES128GCM,sw,decrypt,1024,18,700,514305
esp32,AES128GCM,sw,decrypt,1024,18,701,516048
esp32,AES128GCM,sw,decrypt,1024,18,702,514305
esp32,AES128GCM,sw,decrypt,1024,18,703,515256
esp32,AES128GCM,sw,decrypt,1024,18,704,514305
esp32,AES128GCM,sw,decrypt,1024,18,705,515256
esp32,AES128GCM,sw,decrypt,1024,18,706,515508
esp32,AES128GCM,sw,decrypt,1024,18,707,515256
esp32,AES128GCM,sw,decrypt,1024,18,708,514305
esp32,AES128GCM,sw,decrypt,1024,18,709,515256
esp32,AES128GCM,sw,decrypt,1024,18,710,514305
esp32,AES128GCM,sw,decrypt,1024,18,711,516459
esp32,AES128GCM,sw,decrypt,1024,18,712,514305
esp32,AES128GCM,sw,decrypt,1024,18,713,515256
esp32,AES128GCM,sw,decrypt,1024,18,714,514305
esp32,AES128GCM,sw,decrypt,1024,18,715,515256
esp32,AES128GCM,sw,decrypt,1024,18,716,515682
esp32,AES128GCM,sw,decrypt,1024,18,717,515256
esp32,AES128GCM,sw,decrypt,1024,18,718,514305
esp32,AES128GCM,sw,decrypt,1024,18,719,515256
esp32,AES128GCM,sw,decrypt,1024,18,720,514305
esp32,AES128GCM,sw,decrypt,1024,18,721,516459
esp32,AES128GCM,sw,decrypt,1024,18,722,514305
esp32,AES128GCM,sw,decrypt,1024,18,723,516456
esp32,AES128GCM,sw,decrypt,1024,18,724,514305
esp32,AES128GCM,sw,decrypt,1024,18,725,515256
esp32,AES128GCM,sw,decrypt,1024,18,726,514305
esp32,AES128GCM,sw,decrypt,1024,18,727,515256
esp32,AES128GCM,sw,decrypt,1024,18,728,515508
esp32,AES128GCM,sw,decrypt,1024,18,729,515256
esp32,AES128GCM,sw,decrypt,1024,18,730,514305
esp32,AES128GCM,sw,decrypt,1024,18,731,515256
esp32,AES128GCM,sw,decrypt,1024,18,732,514305
esp32,AES128GCM,sw,decrypt,1024,18,733,515886
esp32,AES128GCM,sw,decrypt,1024,18,734,514305
esp32,AES128GCM,sw,decrypt,1024,18,735,515256
esp32,AES128GCM,sw,decrypt,1024,18,736,514305
esp32,AES128GCM,sw,decrypt,1024,18,737,515256
esp32,AES128GCM,sw,decrypt,1024,18,738,515508
esp32,AES128GCM,sw,decrypt,1024,18,739,515256
esp32,AES128GCM,sw,decrypt,1024,18,740,514305
esp32,AES128GCM,sw,decrypt,1024,18,741,515256
esp32,AES128GCM,sw,decrypt,1024,18,742,514305
esp32,AES128GCM,sw,decrypt,1024,18,743,516213
esp32,AES128GCM,sw,decrypt,1024,18,744,514305
esp32,AES128GCM,sw,decrypt,1024,18,745,516504
esp32,AES128GCM,sw,decrypt,1024,18,746,514305
esp32,AES128GCM,sw,decrypt,1024,18,747,515256
esp32,AES128GCM,sw,decrypt,1024,18,748,514305
esp32,AES128GCM,sw,decrypt,1024,18,749,515256
esp32,AES128GCM,sw,decrypt,1024,18,750,515682
esp32,AES128GCM,sw,decrypt,1024,18,751,515256
esp32,AES128GCM,sw,decrypt,1024,18,752,514305
esp32,AES128GCM,sw,decrypt,1024,18,753,515256
esp32,AES128GCM,sw,decrypt,1024,18,754,514305
esp32,AES128GCM,sw,decrypt,1024,18,755,516456
esp32,AES128GCM,sw,decrypt,1024,18,756,514305
esp32,AES128GCM,sw,decrypt,1024,18,757,515256
esp32,AES128GCM,sw,decrypt,1024,18,758,514305
esp32,AES128GCM,sw,decrypt,1024,18,759,515256
esp32,AES128GCM,sw,decrypt,1024,18,760,515634
esp32,AES128GCM,sw,decrypt,1024,18,761,515256
esp32,AES128GCM,sw,decrypt,1024,18,762,514305
esp32,AES128GCM,sw,decrypt,1024,18,763,515256
esp32,AES128GCM,sw,decrypt,1024,18,764,514305
esp32,AES128GCM,sw,decrypt,1024,18,765,516456
esp32,AES128GCM,sw,decrypt,1024,18,766,514305
esp32,AES128GCM,sw,decrypt,1024,18,767,515256
esp32,AES128GCM,sw,decrypt,1024,18,768,514305
esp32,AES128GCM,sw,decrypt,1024,18,769,515256
esp32,AES128GCM,sw,decrypt,1024,18,770,515508
esp32,AES128GCM,sw,decrypt,1024,18,771,515256
esp32,AES128GCM,sw,decrypt,1024,18,772,515508
esp32,AES128GCM,sw,decrypt,1024,18,773,515256
esp32,AES128GCM,sw,decrypt,1024,18,774,514305
esp32,AES128GCM,sw,decrypt,1024,18,775,515256
esp32,AES128GCM,sw,decrypt,1024,18,776,514305
esp32,AES128GCM,sw,decrypt,1024,18,777,516630
esp32,AES128GCM,sw,decrypt,1024,18,778,514305
esp32,AES128GCM,sw,decrypt,1024,18,779,515256
esp32,AES128GCM,sw,decrypt,1024,18,780,514305
esp32,AES128GCM,sw,decrypt,1024,18,781,515256
esp32,AES128GCM,sw,decrypt,1024,18,782,515505
esp32,AES128GCM,sw,decrypt,1024,18,783,515256
esp32,AES128GCM,sw,decrypt,1024,18,784,514305
esp32,AES128GCM,sw,decrypt,1024,18,785,515256
esp32,AES128GCM,sw,decrypt,1024,18,786,514305
esp32,AES128GCM,sw,decrypt,1024,18,787,516459
esp32,AES128GCM,sw,decrypt,1024,18,788,514305
esp32,AES128GCM,sw,decrypt,1024,18,789,515256
esp32,AES128GCM,sw,decrypt,1024,18,790,514305
esp32,AES128GCM,sw,decrypt,1024,18,791,515256
esp32,AES128GCM,sw,decrypt,1024,18,792,515679
esp32,AES128GCM,sw,decrypt,1024,18,793,515256
esp32,AES128GCM,sw,decrypt,1024,18,794,514305
esp32,AES128GCM,sw,decrypt,1024,18,795,515256
esp32,AES128GCM,sw,decrypt,1024,18,796,514305
esp32,AES128GCM,sw,decrypt,1024,18,797,515255
esp32,AES128GCM,sw,decrypt,1024,18,798,514305
esp32,AES128GCM,sw,decrypt,1024,18,799,516459
esp32,AES128GCM,sw,decrypt,1024,18,800,514305
esp32,AES128GCM,sw,decrypt,1024,18,801,515256
esp32,AES128GCM,sw,decrypt,1024,18,802,514305
esp32,AES128GCM,sw,decrypt,1024,18,803,515256
esp32,AES128GCM,sw,decrypt,1024,18,804,515514
esp32,AES128GCM,sw,decrypt,1024,18,805,515256
esp32,AES128GCM,sw,decrypt,1024,18,806,514305
esp32,AES128GCM,sw,decrypt,1024,18,807,515256
esp32,AES128GCM,sw,decrypt,1024,18,808,514305
esp32,AES128GCM,sw,decrypt,1024,18,809,516417
esp32,AES128GCM,sw,decrypt,1024,18,810,514305
esp32,AES128GCM,sw,decrypt,1024,18,811,515256
esp32,AES128GCM,sw,decrypt,1024,18,812,514305
esp32,AES128GCM,sw,decrypt,1024,18,813,515256
esp32,AES128GCM,sw,decrypt,1024,18,814,515508
esp32,AES128GCM,sw,decrypt,1024,18,815,515256
esp32,AES128GCM,sw,decrypt,1024,18,816,514305
esp32,AES128GCM,sw,decrypt,1024,18,817,515256
esp32,AES128GCM,sw,decrypt,1024,18,818,514305
esp32,AES128GCM,sw,decrypt,1024,18,819,515769
esp32,AES128GCM,sw,decrypt,1024,18,820,514305
esp32,AES128GCM,sw,decrypt,1024,18,821,516414
esp32,AES128GCM,sw,decrypt,1024,18,822,514305
esp32,AES128GCM,sw,decrypt,1024,18,823,515256
esp32,AES128GCM,sw,decrypt,1024,18,824,514305
esp32,AES128GCM,sw,decrypt,1024,18,825,515256
esp32,AES128GCM,sw,decrypt,1024,18,826,515190
esp32,AES128GCM,sw,decrypt,1024,18,827,515256
esp32,AES128GCM,sw,decrypt,1024,18,828,514305
esp32,AES128GCM,sw,decrypt,1024,18,829,515256
esp32,AES128GCM,sw,decrypt,1024,18,830,514305
esp32,AES128GCM,sw,decrypt,1024,18,831,516459
esp32,AES128GCM,sw,decrypt,1024,18,832,514305
esp32,AES128GCM,sw,decrypt,1024,18,833,515256
esp32,AES128GCM,sw,decrypt,1024,18,834,514305
esp32,AES128GCM,sw,decrypt,1024,18,835,515256
esp32,AES128GCM,sw,decrypt,1024,18,836,515679
esp32,AES128GCM,sw,decrypt,1024,18,837,515256
esp32,AES128GCM,sw,decrypt,1024,18,838,514305
esp32,AES128GCM,sw,decrypt,1024,18,839,515256
esp32,AES128GCM,sw,decrypt,1024,18,840,514305
esp32,AES128GCM,sw,decrypt,1024,18,841,516456
esp32,AES128GCM,sw,decrypt,1024,18,842,514305
esp32,AES128GCM,sw,decrypt,1024,18,843,515256
esp32,AES128GCM,sw,decrypt,1024,18,844,514305
esp32,AES128GCM,sw,decrypt,1024,18,845,515256
esp32,AES128GCM,sw,decrypt,1024,18,846,515508
esp32,AES128GCM,sw,decrypt,1024,18,847,515256
esp32,AES128GCM,sw,decrypt,1024,18,848,515505
esp32,AES128GCM,sw,decrypt,1024,18,849,515256
esp32,AES128GCM,sw,decrypt,1024,18,850,514305
esp32,AES128GCM,sw,decrypt,1024,18,851,515256
esp32,AES128GCM,sw,decrypt,1024,18,852,514305
esp32,AES128GCM,sw,decrypt,1024,18,853,516630
esp32,AES128GCM,sw,decrypt,1024,18,854,514305
esp32,AES128GCM,sw,decrypt,1024,18,855,515256
esp32,AES128GCM,sw,decrypt,1024,18,856,514305
esp32,AES128GCM,sw,decrypt,1024,18,857,515256
esp32,AES128GCM,sw,decrypt,1024,18,858,515508
esp32,AES128GCM,sw,decrypt,1024,18,859,515256
esp32,AES128GCM,sw,decrypt,1024,18,860,514305
esp32,AES128GCM,sw,decrypt,1024,18,861,515256
esp32,AES128GCM,sw,decrypt,1024,18,862,514305
esp32,AES128GCM,sw,decrypt,1024,18,863,516459
esp32,AES128GCM,sw,decrypt,1024,18,864,514305
esp32,AES128GCM,sw,decrypt,1024,18,865,515256
esp32,AES128GCM,sw,decrypt,1024,18,866,514305
esp32,AES128GCM,sw,decrypt,1024,18,867,515256
esp32,AES128GCM,sw,decrypt,1024,18,868,515376
esp32,AES128GCM,sw,decrypt,1024,18,869,515256
esp32,AES128GCM,sw,decrypt,1024,18,870,514305
esp32,AES128GCM,sw,decrypt,1024,18,871,515256
esp32,AES128GCM,sw,decrypt,1024,18,872,514305
esp32,AES128GCM,sw,decrypt,1024,18,873,515255
esp32,AES128GCM,sw,decrypt,1024,18,874,514305
esp32,AES128GCM,sw,decrypt,1024,18,875,516456
esp32,AES128GCM,sw,decrypt,1024,18,876,514305
esp32,AES128GCM,sw,decrypt,1024,18,877,515256
esp32,AES128GCM,sw,decrypt,1024,18,878,514305
esp32,AES128GCM,sw,decrypt,1024,18,879,515256
esp32,AES128GCM,sw,decrypt,1024,18,880,515508
esp32,AES128GCM,sw,decrypt,1024,18,881,515256
esp32,AES128GCM,sw,decrypt,1024,18,882,514305
esp32,AES128GCM,sw,decrypt,1024,18,883,515256
esp32,AES128GCM,sw,decrypt,1024,18,884,514305
esp32,AES128GCM,sw,decrypt,1024,18,885,516462
esp32,AES128GCM,sw,decrypt,1024,18,886,514305
esp32,AES128GCM,sw,decrypt,1024,18,887,515256
esp32,AES128GCM,sw,decrypt,1024,18,888,514305
esp32,AES128GCM,sw,decrypt,1024,18,889,515256
esp32,AES128GCM,sw,decrypt,1024,18,890,515508
esp32,AES128GCM,sw,decrypt,1024,18,891,515256
esp32,AES128GCM,sw,decrypt,1024,18,892,514305
esp32,AES128GCM,sw,decrypt,1024,18,893,515256
esp32,AES128GCM,sw,decrypt,1024,18,894,514305
esp32,AES128GCM,sw,decrypt,1024,18,895,516630
esp32,AES128GCM,sw,decrypt,1024,18,896,514305
esp32,AES128GCM,sw,decrypt,1024,18,897,516630
esp32,AES128GCM,sw,decrypt,1024,18,898,514305
esp32,AES128GCM,sw,decrypt,1024,18,899,515256
esp32,AES128GCM,sw,decrypt,1024,18,900,514305
esp32,AES128GCM,sw,decrypt,1024,18,901,515256
esp32,AES128GCM,sw,decrypt,1024,18,902,514752
esp32,AES128GCM,sw,decrypt,1024,18,903,515256
esp32,AES128GCM,sw,decrypt,1024,18,904,514305
esp32,AES128GCM,sw,decrypt,1024,18,905,515256
esp32,AES128GCM,sw,decrypt,1024,18,906,514305
esp32,AES128GCM,sw,decrypt,1024,18,907,516459
esp32,AES128GCM,sw,decrypt,1024,18,908,514305
esp32,AES128GCM,sw,decrypt,1024,18,909,515256
esp32,AES128GCM,sw,decrypt,1024,18,910,514305
esp32,AES128GCM,sw,decrypt,1024,18,911,515256
esp32,AES128GCM,sw,decrypt,1024,18,912,515679
esp32,AES128GCM,sw,decrypt,1024,18,913,515256
esp32,AES128GCM,sw,decrypt,1024,18,914,514305
esp32,AES128GCM,sw,decrypt,1024,18,915,515256
esp32,AES128GCM,sw,decrypt,1024,18,916,514305
esp32,AES128GCM,sw,decrypt,1024,18,917,516459
esp32,AES128GCM,sw,decrypt,1024,18,918,514305
esp32,AES128GCM,sw,decrypt,1024,18,919,515256
esp32,AES128GCM,sw,decrypt,1024,18,920,514305
esp32,AES128GCM,sw,decrypt,1024,18,921,515256
esp32,AES128GCM,sw,decrypt,1024,18,922,515679
esp32,AES128GCM,sw,decrypt,1024,18,923,515256
esp32,AES128GCM,sw,decrypt,1024,18,924,515508
esp32,AES128GCM,sw,decrypt,1024,18,925,515256
esp32,AES128GCM,sw,decrypt,1024,18,926,514305
esp32,AES128GCM,sw,decrypt,1024,18,927,515256
esp32,AES128GCM,sw,decrypt,1024,18,928,514305
esp32,AES128GCM,sw,decrypt,1024,18,929,516633
esp32,AES128GCM,sw,decrypt,1024,18,930,514305
esp32,AES128GCM,sw,decrypt,1024,18,931,515256
esp32,AES128GCM,sw,decrypt,1024,18,932,514305
esp32,AES128GCM,sw,decrypt,1024,18,933,515256
esp32,AES128GCM,sw,decrypt,1024,18,934,515508
esp32,AES128GCM,sw,decrypt,1024,18,935,515256
esp32,AES128GCM,sw,decrypt,1024,18,936,514305
esp32,AES128GCM,sw,decrypt,1024,18,937,515256
esp32,AES128GCM,sw,decrypt,1024,18,938,514305
esp32,AES128GCM,sw,decrypt,1024,18,939,516456
esp32,AES128GCM,sw,decrypt,1024,18,940,514305
esp32,AES128GCM,sw,decrypt,1024,18,941,515256
esp32,AES128GCM,sw,decrypt,1024,18,942,514305
esp32,AES128GCM,sw,decrypt,1024,18,943,515256
esp32,AES128GCM,sw,decrypt,1024,18,944,514911
esp32,AES128GCM,sw,decrypt,1024,18,945,515256
esp32,AES128GCM,sw,decrypt,1024,18,946,515283
esp32,AES128GCM,sw,decrypt,1024,18,947,515256
esp32,AES128GCM,sw,decrypt,1024,18,948,514305
esp32,AES128GCM,sw,decrypt,1024,18,949,515256
esp32,AES128GCM,sw,decrypt,1024,18,950,514305
esp32,AES128GCM,sw,decrypt,1024,18,951,516459
esp32,AES128GCM,sw,decrypt,1024,18,952,514305
esp32,AES128GCM,sw,decrypt,1024,18,953,515256
esp32,AES128GCM,sw,decrypt,1024,18,954,514305
esp32,AES128GCM,sw,decrypt,1024,18,955,515256
esp32,AES128GCM,sw,decrypt,1024,18,956,515619
esp32,AES128GCM,sw,decrypt,1024,18,957,515256
esp32,AES128GCM,sw,decrypt,1024,18,958,514305
esp32,AES128GCM,sw,decrypt,1024,18,959,515256
esp32,AES128GCM,sw,decrypt,1024,18,960,514305
esp32,AES128GCM,sw,decrypt,1024,18,961,516456
esp32,AES128GCM,sw,decrypt,1024,18,962,514305
esp32,AES128GCM,sw,decrypt,1024,18,963,515256
esp32,AES128GCM,sw,decrypt,1024,18,964,514305
esp32,AES128GCM,sw,decrypt,1024,18,965,515256
esp32,AES128GCM,sw,decrypt,1024,18,966,515505
esp32,AES128GCM,sw,decrypt,1024,18,967,515256
esp32,AES128GCM,sw,decrypt,1024,18,968,514305
esp32,AES128GCM,sw,decrypt,1024,18,969,515256
esp32,AES128GCM,sw,decrypt,1024,18,970,514305
esp32,AES128GCM,sw,decrypt,1024,18,971,516630
esp32,AES128GCM,sw,decrypt,1024,18,972,514305
esp32,AES128GCM,sw,decrypt,1024,18,973,516630
esp32,AES128GCM,sw,decrypt,1024,18,974,514305
esp32,AES128GCM,sw,decrypt,1024,18,975,515256
esp32,AES128GCM,sw,decrypt,1024,18,976,514305
esp32,AES128GCM,sw,decrypt,1024,18,977,515256
esp32,AES128GCM,sw,decrypt,1024,18,978,515505
esp32,AES128GCM,sw,decrypt,1024,18,979,515256
esp32,AES128GCM,sw,decrypt,1024,18,980,514305
esp32,AES128GCM,sw,decrypt,1024,18,981,515255
esp32,AES128GCM,sw,decrypt,1024,18,982,514305
esp32,AES128GCM,sw,decrypt,1024,18,983,516459
esp32,AES128GCM,sw,decrypt,1024,18,984,514305
esp32,AES128GCM,sw,decrypt,1024,18,985,515256
esp32,AES128GCM,sw,decrypt,1024,18,986,514305
esp32,AES128GCM,sw,decrypt,1024,18,987,515256
esp32,AES128GCM,sw,decrypt,1024,18,988,515451
esp32,AES128GCM,sw,decrypt,1024,18,989,515256
esp32,AES128GCM,sw,decrypt,1024,18,990,514305
esp32,AES128GCM,sw,decrypt,1024,18,991,515256
esp32,AES128GCM,sw,decrypt,1024,18,992,514305
esp32,AES128GCM,sw,decrypt,1024,18,993,516459
esp32,AES128GCM,sw,decrypt,1024,18,994,514305
esp32,AES128GCM,sw,decrypt,1024,18,995,515256
esp32,AES128GCM,sw,decrypt,1024,18,996,514305
esp32,AES128GCM,sw,decrypt,1024,18,997,515256
esp32,AES128GCM,sw,decrypt,1024,18,998,514304
esp32,AES128GCM,sw,decrypt,1024,18,999,515256
stack,esp32,AES128GCM,sw,decrypt,1024,14084
esp32,AES128GCM,sw,encrypt,4096,18,0,2015219
esp32,AES128GCM,sw,encrypt,4096,18,1,2017373
esp32,AES128GCM,sw,encrypt,4096,18,2,2016428
esp32,AES128GCM,sw,encrypt,4096,18,3,2017373
esp32,AES128GCM,sw,encrypt,4096,18,4,2016428
esp32,AES128GCM,sw,encrypt,4096,18,5,2017373
esp32,AES128GCM,sw,encrypt,4096,18,6,2016080
esp32,AES128GCM,sw,encrypt,4096,18,7,2016170
esp32,AES128GCM,sw,encrypt,4096,18,8,2016428
esp32,AES128GCM,sw,encrypt,4096,18,9,2016788
esp32,AES128GCM,sw,encrypt,4096,18,10,2016605
esp32,AES128GCM,sw,encrypt,4096,18,11,2017553
esp32,AES128GCM,sw,encrypt,4096,18,12,2016428
esp32,AES128GCM,sw,encrypt,4096,18,13,2016170
esp32,AES128GCM,sw,encrypt,4096,18,14,2016602
esp32,AES128GCM,sw,encrypt,4096,18,15,2017550
esp32,AES128GCM,sw,encrypt,4096,18,16,2016605
esp32,AES128GCM,sw,encrypt,4096,18,17,2016746
esp32,AES128GCM,sw,encrypt,4096,18,18,2016428
esp32,AES128GCM,sw,encrypt,4096,18,19,2017373
esp32,AES128GCM,sw,encrypt,4096,18,20,2015228
esp32,AES128GCM,sw,encrypt,4096,18,21,2017544
esp32,AES128GCM,sw,encrypt,4096,18,22,2016602
esp32,AES128GCM,sw,encrypt,4096,18,23,2017634
esp32,AES128GCM,sw,encrypt,4096,18,24,2016428
esp32,AES128GCM,sw,encrypt,4096,18,25,2017373
esp32,AES128GCM,sw,encrypt,4096,18,26,2015225
esp32,AES128GCM,sw,encrypt,4096,18,27,2017547
esp32,AES128GCM,sw,encrypt,4096,18,28,2016605
esp32,AES128GCM,sw,encrypt,4096,18,29,2016866
esp32,AES128GCM,sw,encrypt,4096,18,30,2016428
esp32,AES128GCM,sw,encrypt,4096,18,31,2017373
esp32,AES128GCM,sw,encrypt,4096,18,32,2016428
esp32,AES128GCM,sw,encrypt,4096,18,33,2016170
esp32,AES128GCM,sw,encrypt,4096,18,34,2016602
esp32,AES128GCM,sw,encrypt,4096,18,35,2017379
esp32,AES128GCM,sw,encrypt,4096,18,36,2016428
esp32,AES128GCM,sw,encrypt,4096,18,37,2017373
esp32,AES128GCM,sw,encrypt,4096,18,38,2016428
esp32,AES128GCM,sw,encrypt,4096,18,39,2016170
esp32,AES128GCM,sw,encrypt,4096,18,40,2016215
esp32,AES128GCM,sw,encrypt,4096,18,41,2017373
esp32,AES128GCM,sw,encrypt,4096,18,42,2016428
esp32,AES128GCM,sw,encrypt,4096,18,43,2017373
esp32,AES128GCM,sw,encrypt,4096,18,44,2016428
esp32,AES128GCM,sw,encrypt,4096,18,45,2017373
esp32,AES128GCM,sw,encrypt,4096,18,46,2015225
esp32,AES128GCM,sw,encrypt,4096,18,47,2017373
esp32,AES128GCM,sw,encrypt,4096,18,48,2016428
esp32,AES128GCM,sw,encrypt,4096,18,49,2017373
esp32,AES128GCM,sw,encrypt,4096,18,50,2016428
esp32,AES128GCM,sw,encrypt,4096,18,51,2017373
esp32,AES128GCM,sw,encrypt,4096,18,52,2015225
esp32,AES128GCM,sw,encrypt,4096,18,53,2016170
esp32,AES128GCM,sw,encrypt,4096,18,54,2016425
esp32,AES128GCM,sw,encrypt,4096,18,55,2017373
esp32,AES128GCM,sw,encrypt,4096,18,56,2016428
esp32,AES128GCM,sw,encrypt,4096,18,57,2017373
esp32,AES128GCM,sw,encrypt,4096,18,58,2016425
esp32,AES128GCM,sw,encrypt,4096,18,59,2016170
esp32,AES128GCM,sw,encrypt,4096,18,60,2016428
esp32,AES128GCM,sw,encrypt,4096,18,61,2017373
esp32,AES128GCM,sw,encrypt,4096,18,62,2016428
esp32,AES128GCM,sw,encrypt,4096,18,63,2017373
esp32,AES128GCM,sw,encrypt,4096,18,64,2016428
esp32,AES128GCM,sw,encrypt,4096,18,65,2017373
esp32,AES128GCM,sw,encrypt,4096,18,66,2015225
esp32,AES128GCM,sw,encrypt,4096,18,67,2017373
esp32,AES128GCM,sw,encrypt,4096,18,68,2016428
esp32,AES128GCM,sw,encrypt,4096,18,69,2017373
esp32,AES128GCM,sw,encrypt,4096,18,70,2016428
esp32,AES128GCM,sw,encrypt,4096,18,71,2017373
esp32,AES128GCM,sw,encrypt,4096,18,72,2015225
esp32,AES128GCM,sw,encrypt,4096,18,73,2017373
esp32,AES128GCM,sw,encrypt,4096,18,74,2016428
esp32,AES128GCM,sw,encrypt,4096,18,75,2017373
esp32,AES128GCM,sw,encrypt,4096,18,76,2016428
esp32,AES128GCM,sw,encrypt,4096,18,77,2017373
esp32,AES128GCM,sw,encrypt,4096,18,78,2016428
esp32,AES128GCM,sw,encrypt,4096,18,79,2016170
esp32,AES128GCM,sw,encrypt,4096,18,80,2016428
esp32,AES128GCM,sw,encrypt,4096,18,81,2017373
esp32,AES128GCM,sw,encrypt,4096,18,82,2016428
esp32,AES128GCM,sw,encrypt,4096,18,83,2017373
esp32,AES128GCM,sw,encrypt,4096,18,84,2016428
esp32,AES128GCM,sw,encrypt,4096,18,85,2016170
esp32,AES128GCM,sw,encrypt,4096,18,86,2016428
esp32,AES128GCM,sw,encrypt,4096,18,87,2017373
esp32,AES128GCM,sw,encrypt,4096,18,88,2016428
esp32,AES128GCM,sw,encrypt,4096,18,89,2017373
esp32,AES128GCM,sw,encrypt,4096,18,90,2015756
esp32,AES128GCM,sw,encrypt,4096,18,91,2017544
esp32,AES128GCM,sw,encrypt,4096,18,92,2015225
esp32,AES128GCM,sw,encrypt,4096,18,93,2017373
esp32,AES128GCM,sw,encrypt,4096,18,94,2016428
esp32,AES128GCM,sw,encrypt,4096,18,95,2017328
esp32,AES128GCM,sw,encrypt,4096,18,96,2015915
esp32,AES128GCM,sw,encrypt,4096,18,97,2017547
esp32,AES128GCM,sw,encrypt,4096,18,98,2015225
esp32,AES128GCM,sw,encrypt,4096,18,99,2017328
esp32,AES128GCM,sw,encrypt,4096,18,100,2016035
esp32,AES128GCM,sw,encrypt,4096,18,101,2017547
esp32,AES128GCM,sw,encrypt,4096,18,102,2016602
esp32,AES128GCM,sw,encrypt,4096,18,103,2017547
esp32,AES128GCM,sw,encrypt,4096,18,104,2016599
esp32,AES128GCM,sw,encrypt,4096,18,105,2016170
esp32,AES128GCM,sw,encrypt,4096,18,106,2016428
esp32,AES128GCM,sw,encrypt,4096,18,107,2017373
esp32,AES128GCM,sw,encrypt,4096,18,108,2016428
esp32,AES128GCM,sw,encrypt,4096,18,109,2017373
esp32,AES128GCM,sw,encrypt,4096,18,110,2016425
esp32,AES128GCM,sw,encrypt,4096,18,111,2016170
esp32,AES128GCM,sw,encrypt,4096,18,112,2016428
esp32,AES128GCM,sw,encrypt,4096,18,113,2017373
esp32,AES128GCM,sw,encrypt,4096,18,114,2016428
esp32,AES128GCM,sw,encrypt,4096,18,115,2017370
esp32,AES128GCM,sw,encrypt,4096,18,116,2016428
esp32,AES128GCM,sw,encrypt,4096,18,117,2017373
esp32,AES128GCM,sw,encrypt,4096,18,118,2015225
esp32,AES128GCM,sw,encrypt,4096,18,119,2017373
esp32,AES128GCM,sw,encrypt,4096,18,120,2016428
esp32,AES128GCM,sw,encrypt,4096,18,121,2017373
esp32,AES128GCM,sw,encrypt,4096,18,122,2016428
esp32,AES128GCM,sw,encrypt,4096,18,123,2017373
esp32,AES128GCM,sw,encrypt,4096,18,124,2015225
esp32,AES128GCM,sw,encrypt,4096,18,125,2017547
esp32,AES128GCM,sw,encrypt,4096,18,126,2016689
esp32,AES128GCM,sw,encrypt,4096,18,127,2017553
esp32,AES128GCM,sw,encrypt,4096,18,128,2016641
esp32,AES128GCM,sw,encrypt,4096,18,129,2017463
esp32,AES128GCM,sw,encrypt,4096,18,130,2016428
esp32,AES128GCM,sw,encrypt,4096,18,131,2016176
esp32,AES128GCM,sw,encrypt,4096,18,132,2016128
esp32,AES128GCM,sw,encrypt,4096,18,133,2017547
esp32,AES128GCM,sw,encrypt,4096,18,134,2016602
esp32,AES128GCM,sw,encrypt,4096,18,135,2017547
esp32,AES128GCM,sw,encrypt,4096,18,136,2016602
esp32,AES128GCM,sw,encrypt,4096,18,137,2016170
esp32,AES128GCM,sw,encrypt,4096,18,138,2016428
esp32,AES128GCM,sw,encrypt,4096,18,139,2017373
esp32,AES128GCM,sw,encrypt,4096,18,140,2016428
esp32,AES128GCM,sw,encrypt,4096,18,141,2017373
esp32,AES128GCM,sw,encrypt,4096,18,142,2016428
esp32,AES128GCM,sw,encrypt,4096,18,143,2017373
esp32,AES128GCM,sw,encrypt,4096,18,144,2015225
esp32,AES128GCM,sw,encrypt,4096,18,145,2017373
esp32,AES128GCM,sw,encrypt,4096,18,146,2016428
esp32,AES128GCM,sw,encrypt,4096,18,147,2017373
esp32,AES128GCM,sw,encrypt,4096,18,148,2016428
esp32,AES128GCM,sw,encrypt,4096,18,149,2017373
esp32,AES128GCM,sw,encrypt,4096,18,150,2015225
esp32,AES128GCM,sw,encrypt,4096,18,151,2016170
esp32,AES128GCM,sw,encrypt,4096,18,152,2016428
esp32,AES128GCM,sw,encrypt,4096,18,153,2017373
esp32,AES128GCM,sw,encrypt,4096,18,154,2016428
esp32,AES128GCM,sw,encrypt,4096,18,155,2017373
esp32,AES128GCM,sw,encrypt,4096,18,156,2016428
esp32,AES128GCM,sw,encrypt,4096,18,157,2016170
esp32,AES128GCM,sw,encrypt,4096,18,158,2016428
esp32,AES128GCM,sw,encrypt,4096,18,159,2017373
esp32,AES128GCM,sw,encrypt,4096,18,160,2016428
esp32,AES128GCM,sw,encrypt,4096,18,161,2017373
esp32,AES128GCM,sw,encrypt,4096,18,162,2016425
esp32,AES128GCM,sw,encrypt,4096,18,163,2017373
esp32,AES128GCM,sw,encrypt,4096,18,164,2015231
esp32,AES128GCM,sw,encrypt,4096,18,165,2017547
esp32,AES128GCM,sw,encrypt,4096,18,166,2016605
esp32,AES128GCM,sw,encrypt,4096,18,167,2017553
esp32,AES128GCM,sw,encrypt,4096,18,168,2016602
esp32,AES128GCM,sw,encrypt,4096,18,169,2017547
esp32,AES128GCM,sw,encrypt,4096,18,170,2015225
esp32,AES128GCM,sw,encrypt,4096,18,171,2017373
esp32,AES128GCM,sw,encrypt,4096,18,172,2016425
esp32,AES128GCM,sw,encrypt,4096,18,173,2017373
esp32,AES128GCM,sw,encrypt,4096,18,174,2016428
esp32,AES128GCM,sw,encrypt,4096,18,175,2017418
esp32,AES128GCM,sw,encrypt,4096,18,176,2016602
esp32,AES128GCM,sw,encrypt,4096,18,177,2016170
esp32,AES128GCM,sw,encrypt,4096,18,178,2016428
esp32,AES128GCM,sw,encrypt,4096,18,179,2017373
esp32,AES128GCM,sw,encrypt,4096,18,180,2016428
esp32,AES128GCM,sw,encrypt,4096,18,181,2017373
esp32,AES128GCM,sw,encrypt,4096,18,182,2016428
esp32,AES128GCM,sw,encrypt,4096,18,183,2016170
esp32,AES128GCM,sw,encrypt,4096,18,184,2016428
esp32,AES128GCM,sw,encrypt,4096,18,185,2017373
esp32,AES128GCM,sw,encrypt,4096,18,186,2016428
esp32,AES128GCM,sw,encrypt,4096,18,187,2017373
esp32,AES128GCM,sw,encrypt,4096,18,188,2016428
esp32,AES128GCM,sw,encrypt,4096,18,189,2017373
esp32,AES128GCM,sw,encrypt,4096,18,190,2015225
esp32,AES128GCM,sw,encrypt,4096,18,191,2017373
esp32,AES128GCM,sw,encrypt,4096,18,192,2016428
esp32,AES128GCM,sw,encrypt,4096,18,193,2017373
esp32,AES128GCM,sw,encrypt,4096,18,194,2016428
esp32,AES128GCM,sw,encrypt,4096,18,195,2017373
esp32,AES128GCM,sw,encrypt,4096,18,196,2015225
esp32,AES128GCM,sw,encrypt,4096,18,197,2017547
esp32,AES128GCM,sw,encrypt,4096,18,198,2016605
esp32,AES128GCM,sw,encrypt,4096,18,199,2016644
esp32,AES128GCM,sw,encrypt,4096,18,200,2016599
esp32,AES128GCM,sw,encrypt,4096,18,201,2017544
esp32,AES128GCM,sw,encrypt,4096,18,202,2016683
esp32,AES128GCM,sw,encrypt,4096,18,203,2016170
esp32,AES128GCM,sw,encrypt,4096,18,204,2016602
esp32,AES128GCM,sw,encrypt,4096,18,205,2016614
esp32,AES128GCM,sw,encrypt,4096,18,206,2016602
esp32,AES128GCM,sw,encrypt,4096,18,207,2017547
esp32,AES128GCM,sw,encrypt,4096,18,208,2016602
esp32,AES128GCM,sw,encrypt,4096,18,209,2016170
esp32,AES128GCM,sw,encrypt,4096,18,210,2016428
esp32,AES128GCM,sw,encrypt,4096,18,211,2017373
esp32,AES128GCM,sw,encrypt,4096,18,212,2016428
esp32,AES128GCM,sw,encrypt,4096,18,213,2016491
esp32,AES128GCM,sw,encrypt,4096,18,214,2016602
esp32,AES128GCM,sw,encrypt,4096,18,215,2017544
esp32,AES128GCM,sw,encrypt,4096,18,216,2015225
esp32,AES128GCM,sw,encrypt,4096,18,217,2017373
esp32,AES128GCM,sw,encrypt,4096,18,218,2016428
esp32,AES128GCM,sw,encrypt,4096,18,219,2017373
esp32,AES128GCM,sw,encrypt,4096,18,220,2016428
esp32,AES128GCM,sw,encrypt,4096,18,221,2017373
esp32,AES128GCM,sw,encrypt,4096,18,222,2015225
esp32,AES128GCM,sw,encrypt,4096,18,223,2017373
esp32,AES128GCM,sw,encrypt,4096,18,224,2016428
esp32,AES128GCM,sw,encrypt,4096,18,225,2017373
esp32,AES128GCM,sw,encrypt,4096,18,226,2016428
esp32,AES128GCM,sw,encrypt,4096,18,227,2017373
esp32,AES128GCM,sw,encrypt,4096,18,228,2016428
esp32,AES128GCM,sw,encrypt,4096,18,229,2016173
esp32,AES128GCM,sw,encrypt,4096,18,230,2016425
esp32,AES128GCM,sw,encrypt,4096,18,231,2017373
esp32,AES128GCM,sw,encrypt,4096,18,232,2016428
esp32,AES128GCM,sw,encrypt,4096,18,233,2017373
esp32,AES128GCM,sw,encrypt,4096,18,234,2016428
esp32,AES128GCM,sw,encrypt,4096,18,235,2016170
esp32,AES128GCM,sw,encrypt,4096,18,236,2016476
esp32,AES128GCM,sw,encrypt,4096,18,237,2017586
esp32,AES128GCM,sw,encrypt,4096,18,238,2016689
esp32,AES128GCM,sw,encrypt,4096,18,239,2017586
esp32,AES128GCM,sw,encrypt,4096,18,240,2016689
esp32,AES128GCM,sw,encrypt,4096,18,241,2017586
esp32,AES128GCM,sw,encrypt,4096,18,242,2015225
esp32,AES128GCM,sw,encrypt,4096,18,243,2016656
esp32,AES128GCM,sw,encrypt,4096,18,244,2016602
esp32,AES128GCM,sw,encrypt,4096,18,245,2017547
esp32,AES128GCM,sw,encrypt,4096,18,246,2016602
esp32,AES128GCM,sw,encrypt,4096,18,247,2017547
esp32,AES128GCM,sw,encrypt,4096,18,248,2016472
esp32,AES128GCM,sw,encrypt,4096,18,249,2016170
esp32,AES128GCM,sw,encrypt,4096,18,250,2016428
esp32,AES128GCM,sw,encrypt,4096,18,251,2017373
esp32,AES128GCM,sw,encrypt,4096,18,252,2016425
esp32,AES128GCM,sw,encrypt,4096,18,253,2017373
esp32,AES128GCM,sw,encrypt,4096,18,254,2016428
esp32,AES128GCM,sw,encrypt,4096,18,255,2016170
esp32,AES128GCM,sw,encrypt,4096,18,256,2016428
esp32,AES128GCM,sw,encrypt,4096,18,257,2017373
esp32,AES128GCM,sw,encrypt,4096,18,258,2016428
esp32,AES128GCM,sw,encrypt,4096,18,259,2017373
esp32,AES128GCM,sw,encrypt,4096,18,260,2016428
esp32,AES128GCM,sw,encrypt,4096,18,261,2017373
esp32,AES128GCM,sw,encrypt,4096,18,262,2015225
esp32,AES128GCM,sw,encrypt,4096,18,263,2017373
esp32,AES128GCM,sw,encrypt,4096,18,264,2016428
esp32,AES128GCM,sw,encrypt,4096,18,265,2017373
esp32,AES128GCM,sw,encrypt,4096,18,266,2016428
esp32,AES128GCM,sw,encrypt,4096,18,267,2017373
esp32,AES128GCM,sw,encrypt,4096,18,268,2015225
esp32,AES128GCM,sw,encrypt,4096,18,269,2017376
esp32,AES128GCM,sw,encrypt,4096,18,270,2016428
esp32,AES128GCM,sw,encrypt,4096,18,271,2017373
esp32,AES128GCM,sw,encrypt,4096,18,272,2016428
esp32,AES128GCM,sw,encrypt,4096,18,273,2017373
esp32,AES128GCM,sw,encrypt,4096,18,274,2016428
esp32,AES128GCM,sw,encrypt,4096,18,275,2016173
esp32,AES128GCM,sw,encrypt,4096,18,276,2016602
esp32,AES128GCM,sw,encrypt,4096,18,277,2017547
esp32,AES128GCM,sw,encrypt,4096,18,278,2016611
esp32,AES128GCM,sw,encrypt,4096,18,279,2017550
esp32,AES128GCM,sw,encrypt,4096,18,280,2016605
esp32,AES128GCM,sw,encrypt,4096,18,281,2016170
esp32,AES128GCM,sw,encrypt,4096,18,282,2016428
esp32,AES128GCM,sw,encrypt,4096,18,283,2017373
esp32,AES128GCM,sw,encrypt,4096,18,284,2016428
esp32,AES128GCM,sw,encrypt,4096,18,285,2017373
esp32,AES128GCM,sw,encrypt,4096,18,286,2016428
esp32,AES128GCM,sw,encrypt,4096,18,287,2017544
esp32,AES128GCM,sw,encrypt,4096,18,288,2015225
esp32,AES128GCM,sw,encrypt,4096,18,289,2017373
esp32,AES128GCM,sw,encrypt,4096,18,290,2016428
esp32,AES128GCM,sw,encrypt,4096,18,291,2017373
esp32,AES128GCM,sw,encrypt,4096,18,292,2016428
esp32,AES128GCM,sw,encrypt,4096,18,293,2017373
esp32,AES128GCM,sw,encrypt,4096,18,294,2015225
esp32,AES128GCM,sw,encrypt,4096,18,295,2017373
esp32,AES128GCM,sw,encrypt,4096,18,296,2016428
esp32,AES128GCM,sw,encrypt,4096,18,297,2017373
esp32,AES128GCM,sw,encrypt,4096,18,298,2016428
esp32,AES128GCM,sw,encrypt,4096,18,299,2017373
esp32,AES128GCM,sw,encrypt,4096,18,300,2016428
esp32,AES128GCM,sw,encrypt,4096,18,301,2016170
esp32,AES128GCM,sw,encrypt,4096,18,302,2016428
esp32,AES128GCM,sw,encrypt,4096,18,303,2017373
esp32,AES128GCM,sw,encrypt,4096,18,304,2016428
esp32,AES128GCM,sw,encrypt,4096,18,305,2017373
esp32,AES128GCM,sw,encrypt,4096,18,306,2016428
esp32,AES128GCM,sw,encrypt,4096,18,307,2016170
esp32,AES128GCM,sw,encrypt,4096,18,308,2016599
esp32,AES128GCM,sw,encrypt,4096,18,309,2017550
esp32,AES128GCM,sw,encrypt,4096,18,310,2016602
esp32,AES128GCM,sw,encrypt,4096,18,311,2016656
esp32,AES128GCM,sw,encrypt,4096,18,312,2016599
esp32,AES128GCM,sw,encrypt,4096,18,313,2017544
esp32,AES128GCM,sw,encrypt,4096,18,314,2015225
esp32,AES128GCM,sw,encrypt,4096,18,315,2017547
esp32,AES128GCM,sw,encrypt,4096,18,316,2015687
esp32,AES128GCM,sw,encrypt,4096,18,317,2017547
esp32,AES128GCM,sw,encrypt,4096,18,318,2016602
esp32,AES128GCM,sw,encrypt,4096,18,319,2017547
esp32,AES128GCM,sw,encrypt,4096,18,320,2015225
esp32,AES128GCM,sw,encrypt,4096,18,321,2017373
esp32,AES128GCM,sw,encrypt,4096,18,322,2016428
esp32,AES128GCM,sw,encrypt,4096,18,323,2017373
esp32,AES128GCM,sw,encrypt,4096,18,324,2015546
esp32,AES128GCM,sw,encrypt,4096,18,325,2017547
esp32,AES128GCM,sw,encrypt,4096,18,326,2016599
esp32,AES128GCM,sw,encrypt,4096,18,327,2016170
esp32,AES128GCM,sw,encrypt,4096,18,328,2016428
esp32,AES128GCM,sw,encrypt,4096,18,329,2017373
esp32,AES128GCM,sw,encrypt,4096,18,330,2016428
esp32,AES128GCM,sw,encrypt,4096,18,331,2017373
esp32,AES128GCM,sw,encrypt,4096,18,332,2016428
esp32,AES128GCM,sw,encrypt,4096,18,333,2016170
esp32,AES128GCM,sw,encrypt,4096,18,334,2015225
esp32,AES128GCM,sw,encrypt,4096,18,335,2017373
esp32,AES128GCM,sw,encrypt,4096,18,336,2016428
esp32,AES128GCM,sw,encrypt,4096,18,337,2017373
esp32,AES128GCM,sw,encrypt,4096,18,338,2016428
esp32,AES128GCM,sw,encrypt,4096,18,339,2017370
esp32,AES128GCM,sw,encrypt,4096,18,340,2015225
esp32,AES128GCM,sw,encrypt,4096,18,341,2017373
esp32,AES128GCM,sw,encrypt,4096,18,342,2016428
esp32,AES128GCM,sw,encrypt,4096,18,343,2017373
esp32,AES128GCM,sw,encrypt,4096,18,344,2016428
esp32,AES128GCM,sw,encrypt,4096,18,345,2017373
esp32,AES128GCM,sw,encrypt,4096,18,346,2016428
esp32,AES128GCM,sw,encrypt,4096,18,347,2016173
esp32,AES128GCM,sw,encrypt,4096,18,348,2016602
esp32,AES128GCM,sw,encrypt,4096,18,349,2017547
esp32,AES128GCM,sw,encrypt,4096,18,350,2016602
esp32,AES128GCM,sw,encrypt,4096,18,351,2017634
esp32,AES128GCM,sw,encrypt,4096,18,352,2016689
esp32,AES128GCM,sw,encrypt,4096,18,353,2016170
esp32,AES128GCM,sw,encrypt,4096,18,354,2015669
esp32,AES128GCM,sw,encrypt,4096,18,355,2017547
esp32,AES128GCM,sw,encrypt,4096,18,356,2016602
esp32,AES128GCM,sw,encrypt,4096,18,357,2017547
esp32,AES128GCM,sw,encrypt,4096,18,358,2016602
esp32,AES128GCM,sw,encrypt,4096,18,359,2017547
esp32,AES128GCM,sw,encrypt,4096,18,360,2015225
esp32,AES128GCM,sw,encrypt,4096,18,361,2017373
esp32,AES128GCM,sw,encrypt,4096,18,362,2016428
esp32,AES128GCM,sw,encrypt,4096,18,363,2017373
esp32,AES128GCM,sw,encrypt,4096,18,364,2016428
esp32,AES128GCM,sw,encrypt,4096,18,365,2017373
esp32,AES128GCM,sw,encrypt,4096,18,366,2015225
esp32,AES128GCM,sw,encrypt,4096,18,367,2017373
esp32,AES128GCM,sw,encrypt,4096,18,368,2016428
esp32,AES128GCM,sw,encrypt,4096,18,369,2017373
esp32,AES128GCM,sw,encrypt,4096,18,370,2016428
esp32,AES128GCM,sw,encrypt,4096,18,371,2017373
esp32,AES128GCM,sw,encrypt,4096,18,372,2016428
esp32,AES128GCM,sw,encrypt,4096,18,373,2016170
esp32,AES128GCM,sw,encrypt,4096,18,374,2016428
esp32,AES128GCM,sw,encrypt,4096,18,375,2017373
esp32,AES128GCM,sw,encrypt,4096,18,376,2016428
esp32,AES128GCM,sw,encrypt,4096,18,377,2017373
esp32,AES128GCM,sw,encrypt,4096,18,378,2016428
esp32,AES128GCM,sw,encrypt,4096,18,379,2016170
esp32,AES128GCM,sw,encrypt,4096,18,380,2016638
esp32,AES128GCM,sw,encrypt,4096,18,381,2017634
esp32,AES128GCM,sw,encrypt,4096,18,382,2016641
esp32,AES128GCM,sw,encrypt,4096,18,383,2017634
esp32,AES128GCM,sw,encrypt,4096,18,384,2016641
esp32,AES128GCM,sw,encrypt,4096,18,385,2017628
esp32,AES128GCM,sw,encrypt,4096,18,386,2015225
esp32,AES128GCM,sw,encrypt,4096,18,387,2016638
esp32,AES128GCM,sw,encrypt,4096,18,388,2016602
esp32,AES128GCM,sw,encrypt,4096,18,389,2017547
esp32,AES128GCM,sw,encrypt,4096,18,390,2016602
esp32,AES128GCM,sw,encrypt,4096,18,391,2017547
esp32,AES128GCM,sw,encrypt,4096,18,392,2015225
esp32,AES128GCM,sw,encrypt,4096,18,393,2017373
esp32,AES128GCM,sw,encrypt,4096,18,394,2016428
esp32,AES128GCM,sw,encrypt,4096,18,395,2017373
esp32,AES128GCM,sw,encrypt,4096,18,396,2016428
esp32,AES128GCM,sw,encrypt,4096,18,397,2017373
esp32,AES128GCM,sw,encrypt,4096,18,398,2016428
esp32,AES128GCM,sw,encrypt,4096,18,399,2016170
esp32,AES128GCM,sw,encrypt,4096,18,400,2016428
esp32,AES128GCM,sw,encrypt,4096,18,401,2017373
esp32,AES128GCM,sw,encrypt,4096,18,402,2016428
esp32,AES128GCM,sw,encrypt,4096,18,403,2017373
esp32,AES128GCM,sw,encrypt,4096,18,404,2016428
esp32,AES128GCM,sw,encrypt,4096,18,405,2016170
esp32,AES128GCM,sw,encrypt,4096,18,406,2016428
esp32,AES128GCM,sw,encrypt,4096,18,407,2017373
esp32,AES128GCM,sw,encrypt,4096,18,408,2016428
esp32,AES128GCM,sw,encrypt,4096,18,409,2017373
esp32,AES128GCM,sw,encrypt,4096,18,410,2016428
esp32,AES128GCM,sw,encrypt,4096,18,411,2017373
esp32,AES128GCM,sw,encrypt,4096,18,412,2015233
esp32,AES128GCM,sw,encrypt,4096,18,413,2017424
esp32,AES128GCM,sw,encrypt,4096,18,414,2016428
esp32,AES128GCM,sw,encrypt,4096,18,415,2017373
esp32,AES128GCM,sw,encrypt,4096,18,416,2016428
esp32,AES128GCM,sw,encrypt,4096,18,417,2017373
esp32,AES128GCM,sw,encrypt,4096,18,418,2015225
esp32,AES128GCM,sw,encrypt,4096,18,419,2017418
esp32,AES128GCM,sw,encrypt,4096,18,420,2016602
esp32,AES128GCM,sw,encrypt,4096,18,421,2017544
esp32,AES128GCM,sw,encrypt,4096,18,422,2016605
esp32,AES128GCM,sw,encrypt,4096,18,423,2017550
esp32,AES128GCM,sw,encrypt,4096,18,424,2016610
esp32,AES128GCM,sw,encrypt,4096,18,425,2016170
esp32,AES128GCM,sw,encrypt,4096,18,426,2016428
esp32,AES128GCM,sw,encrypt,4096,18,427,2017373
esp32,AES128GCM,sw,encrypt,4096,18,428,2016428
esp32,AES128GCM,sw,encrypt,4096,18,429,2017373
esp32,AES128GCM,sw,encrypt,4096,18,430,2016428
esp32,AES128GCM,sw,encrypt,4096,18,431,2017412
esp32,AES128GCM,sw,encrypt,4096,18,432,2015225
esp32,AES128GCM,sw,encrypt,4096,18,433,2017373
esp32,AES128GCM,sw,encrypt,4096,18,434,2016428
esp32,AES128GCM,sw,encrypt,4096,18,435,2017373
esp32,AES128GCM,sw,encrypt,4096,18,436,2016428
esp32,AES128GCM,sw,encrypt,4096,18,437,2017373
esp32,AES128GCM,sw,encrypt,4096,18,438,2015225
esp32,AES128GCM,sw,encrypt,4096,18,439,2017373
esp32,AES128GCM,sw,encrypt,4096,18,440,2016428
esp32,AES128GCM,sw,encrypt,4096,18,441,2017373
esp32,AES128GCM,sw,encrypt,4096,18,442,2016428
esp32,AES128GCM,sw,encrypt,4096,18,443,2017373
esp32,AES128GCM,sw,encrypt,4096,18,444,2016428
esp32,AES128GCM,sw,encrypt,4096,18,445,2016170
esp32,AES128GCM,sw,encrypt,4096,18,446,2016428
esp32,AES128GCM,sw,encrypt,4096,18,447,2017373
esp32,AES128GCM,sw,encrypt,4096,18,448,2016428
esp32,AES128GCM,sw,encrypt,4096,18,449,2017370
esp32,AES128GCM,sw,encrypt,4096,18,450,2016428
esp32,AES128GCM,sw,encrypt,4096,18,451,2016170
esp32,AES128GCM,sw,encrypt,4096,18,452,2016611
esp32,AES128GCM,sw,encrypt,4096,18,453,2017544
esp32,AES128GCM,sw,encrypt,4096,18,454,2016602
esp32,AES128GCM,sw,encrypt,4096,18,455,2016641
esp32,AES128GCM,sw,encrypt,4096,18,456,2016599
esp32,AES128GCM,sw,encrypt,4096,18,457,2017544
esp32,AES128GCM,sw,encrypt,4096,18,458,2015225
esp32,AES128GCM,sw,encrypt,4096,18,459,2017547
esp32,AES128GCM,sw,encrypt,4096,18,460,2015687
esp32,AES128GCM,sw,encrypt,4096,18,461,2017547
esp32,AES128GCM,sw,encrypt,4096,18,462,2016602
esp32,AES128GCM,sw,encrypt,4096,18,463,2017547
esp32,AES128GCM,sw,encrypt,4096,18,464,2015225
esp32,AES128GCM,sw,encrypt,4096,18,465,2017373
esp32,AES128GCM,sw,encrypt,4096,18,466,2016428
esp32,AES128GCM,sw,encrypt,4096,18,467,2017373
esp32,AES128GCM,sw,encrypt,4096,18,468,2015546
esp32,AES128GCM,sw,encrypt,4096,18,469,2017547
esp32,AES128GCM,sw,encrypt,4096,18,470,2016599
esp32,AES128GCM,sw,encrypt,4096,18,471,2016170
esp32,AES128GCM,sw,encrypt,4096,18,472,2016428
esp32,AES128GCM,sw,encrypt,4096,18,473,2017373
esp32,AES128GCM,sw,encrypt,4096,18,474,2016428
esp32,AES128GCM,sw,encrypt,4096,18,475,2017373
esp32,AES128GCM,sw,encrypt,4096,18,476,2016428
esp32,AES128GCM,sw,encrypt,4096,18,477,2016170
esp32,AES128GCM,sw,encrypt,4096,18,478,2016428
esp32,AES128GCM,sw,encrypt,4096,18,479,2017373
esp32,AES128GCM,sw,encrypt,4096,18,480,2016428
esp32,AES128GCM,sw,encrypt,4096,18,481,2017373
esp32,AES128GCM,sw,encrypt,4096,18,482,2016428
esp32,AES128GCM,sw,encrypt,4096,18,483,2017373
esp32,AES128GCM,sw,encrypt,4096,18,484,2015225
esp32,AES128GCM,sw,encrypt,4096,18,485,2017373
esp32,AES128GCM,sw,encrypt,4096,18,486,2016428
esp32,AES128GCM,sw,encrypt,4096,18,487,2017373
esp32,AES128GCM,sw,encrypt,4096,18,488,2016428
esp32,AES128GCM,sw,encrypt,4096,18,489,2017373
esp32,AES128GCM,sw,encrypt,4096,18,490,2015225
esp32,AES128GCM,sw,encrypt,4096,18,491,2017547
esp32,AES128GCM,sw,encrypt,4096,18,492,2016602
esp32,AES128GCM,sw,encrypt,4096,18,493,2017547
esp32,AES128GCM,sw,encrypt,4096,18,494,2016641
esp32,AES128GCM,sw,encrypt,4096,18,495,2017634
esp32,AES128GCM,sw,encrypt,4096,18,496,2016641
esp32,AES128GCM,sw,encrypt,4096,18,497,2016170
esp32,AES128GCM,sw,encrypt,4096,18,498,2015711
esp32,AES128GCM,sw,encrypt,4096,18,499,2017547
esp32,AES128GCM,sw,encrypt,4096,18,500,2016602
esp32,AES128GCM,sw,encrypt,4096,18,501,2017547
esp32,AES128GCM,sw,encrypt,4096,18,502,2016602
esp32,AES128GCM,sw,encrypt,4096,18,503,2016170
esp32,AES128GCM,sw,encrypt,4096,18,504,2016428
esp32,AES128GCM,sw,encrypt,4096,18,505,2017373
esp32,AES128GCM,sw,encrypt,4096,18,506,2016428
esp32,AES128GCM,sw,encrypt,4096,18,507,2017373
esp32,AES128GCM,sw,encrypt,4096,18,508,2016428
esp32,AES128GCM,sw,encrypt,4096,18,509,2017373
esp32,AES128GCM,sw,encrypt,4096,18,510,2015225
esp32,AES128GCM,sw,encrypt,4096,18,511,2017373
esp32,AES128GCM,sw,encrypt,4096,18,512,2016428
esp32,AES128GCM,sw,encrypt,4096,18,513,2017373
esp32,AES128GCM,sw,encrypt,4096,18,514,2016428
esp32,AES128GCM,sw,encrypt,4096,18,515,2017373
esp32,AES128GCM,sw,encrypt,4096,18,516,2015225
esp32,AES128GCM,sw,encrypt,4096,18,517,2016170
esp32,AES128GCM,sw,encrypt,4096,18,518,2016428
esp32,AES128GCM,sw,encrypt,4096,18,519,2017373
esp32,AES128GCM,sw,encrypt,4096,18,520,2016428
esp32,AES128GCM,sw,encrypt,4096,18,521,2017373
esp32,AES128GCM,sw,encrypt,4096,18,522,2016428
esp32,AES128GCM,sw,encrypt,4096,18,523,2016170
esp32,AES128GCM,sw,encrypt,4096,18,524,2016428
esp32,AES128GCM,sw,encrypt,4096,18,525,2017373
esp32,AES128GCM,sw,encrypt,4096,18,526,2016428
esp32,AES128GCM,sw,encrypt,4096,18,527,2017373
esp32,AES128GCM,sw,encrypt,4096,18,528,2016425
esp32,AES128GCM,sw,encrypt,4096,18,529,2017373
esp32,AES128GCM,sw,encrypt,4096,18,530,2015231
esp32,AES128GCM,sw,encrypt,4096,18,531,2017547
esp32,AES128GCM,sw,encrypt,4096,18,532,2016605
esp32,AES128GCM,sw,encrypt,4096,18,533,2017553
esp32,AES128GCM,sw,encrypt,4096,18,534,2016602
esp32,AES128GCM,sw,encrypt,4096,18,535,2017547
esp32,AES128GCM,sw,encrypt,4096,18,536,2015225
esp32,AES128GCM,sw,encrypt,4096,18,537,2017373
esp32,AES128GCM,sw,encrypt,4096,18,538,2016425
esp32,AES128GCM,sw,encrypt,4096,18,539,2017373
esp32,AES128GCM,sw,encrypt,4096,18,540,2016428
esp32,AES128GCM,sw,encrypt,4096,18,541,2017418
esp32,AES128GCM,sw,encrypt,4096,18,542,2016602
esp32,AES128GCM,sw,encrypt,4096,18,543,2016170
esp32,AES128GCM,sw,encrypt,4096,18,544,2016428
esp32,AES128GCM,sw,encrypt,4096,18,545,2017373
esp32,AES128GCM,sw,encrypt,4096,18,546,2016428
esp32,AES128GCM,sw,encrypt,4096,18,547,2017373
esp32,AES128GCM,sw,encrypt,4096,18,548,2016428
esp32,AES128GCM,sw,encrypt,4096,18,549,2016170
esp32,AES128GCM,sw,encrypt,4096,18,550,2016428
esp32,AES128GCM,sw,encrypt,4096,18,551,2017373
esp32,AES128GCM,sw,encrypt,4096,18,552,2016428
esp32,AES128GCM,sw,encrypt,4096,18,553,2017373
esp32,AES128GCM,sw,encrypt,4096,18,554,2016428
esp32,AES128GCM,sw,encrypt,4096,18,555,2017373
esp32,AES128GCM,sw,encrypt,4096,18,556,2015225
esp32,AES128GCM,sw,encrypt,4096,18,557,2017373
esp32,AES128GCM,sw,encrypt,4096,18,558,2016428
esp32,AES128GCM,sw,encrypt,4096,18,559,2017373
esp32,AES128GCM,sw,encrypt,4096,18,560,2016428
esp32,AES128GCM,sw,encrypt,4096,18,561,2017373
esp32,AES128GCM,sw,encrypt,4096,18,562,2015225
esp32,AES128GCM,sw,encrypt,4096,18,563,2017547
esp32,AES128GCM,sw,encrypt,4096,18,564,2016605
esp32,AES128GCM,sw,encrypt,4096,18,565,2016644
esp32,AES128GCM,sw,encrypt,4096,18,566,2016599
esp32,AES128GCM,sw,encrypt,4096,18,567,2017544
esp32,AES128GCM,sw,encrypt,4096,18,568,2016683
esp32,AES128GCM,sw,encrypt,4096,18,569,2016170
esp32,AES128GCM,sw,encrypt,4096,18,570,2016602
esp32,AES128GCM,sw,encrypt,4096,18,571,2016614
esp32,AES128GCM,sw,encrypt,4096,18,572,2016602
esp32,AES128GCM,sw,encrypt,4096,18,573,2017547
esp32,AES128GCM,sw,encrypt,4096,18,574,2016602
esp32,AES128GCM,sw,encrypt,4096,18,575,2016170
esp32,AES128GCM,sw,encrypt,4096,18,576,2016428
esp32,AES128GCM,sw,encrypt,4096,18,577,2017373
esp32,AES128GCM,sw,encrypt,4096,18,578,2016428
esp32,AES128GCM,sw,encrypt,4096,18,579,2016491
esp32,AES128GCM,sw,encrypt,4096,18,580,2016602
esp32,AES128GCM,sw,encrypt,4096,18,581,2017544
esp32,AES128GCM,sw,encrypt,4096,18,582,2015225
esp32,AES128GCM,sw,encrypt,4096,18,583,2017373
esp32,AES128GCM,sw,encrypt,4096,18,584,2016428
esp32,AES128GCM,sw,encrypt,4096,18,585,2017373
esp32,AES128GCM,sw,encrypt,4096,18,586,2016428
esp32,AES128GCM,sw,encrypt,4096,18,587,2017373
esp32,AES128GCM,sw,encrypt,4096,18,588,2015225
esp32,AES128GCM,sw,encrypt,4096,18,589,2017373
esp32,AES128GCM,sw,encrypt,4096,18,590,2016428
esp32,AES128GCM,sw,encrypt,4096,18,591,2017373
esp32,AES128GCM,sw,encrypt,4096,18,592,2016428
esp32,AES128GCM,sw,encrypt,4096,18,593,2017373
esp32,AES128GCM,sw,encrypt,4096,18,594,2016428
esp32,AES128GCM,sw,encrypt,4096,18,595,2016173
esp32,AES128GCM,sw,encrypt,4096,18,596,2016425
esp32,AES128GCM,sw,encrypt,4096,18,597,2017373
esp32,AES128GCM,sw,encrypt,4096,18,598,2016428
esp32,AES128GCM,sw,encrypt,4096,18,599,2017373
esp32,AES128GCM,sw,encrypt,4096,18,600,2016428
esp32,AES128GCM,sw,encrypt,4096,18,601,2016170
esp32,AES128GCM,sw,encrypt,4096,18,602,2016476
esp32,AES128GCM,sw,encrypt,4096,18,603,2017586
esp32,AES128GCM,sw,encrypt,4096,18,604,2016689
esp32,AES128GCM,sw,encrypt,4096,18,605,2017586
esp32,AES128GCM,sw,encrypt,4096,18,606,2016689
esp32,AES128GCM,sw,encrypt,4096,18,607,2017586
esp32,AES128GCM,sw,encrypt,4096,18,608,2015225
esp32,AES128GCM,sw,encrypt,4096,18,609,2016656
esp32,AES128GCM,sw,encrypt,4096,18,610,2016602
esp32,AES128GCM,sw,encrypt,4096,18,611,2017547
esp32,AES128GCM,sw,encrypt,4096,18,612,2016602
esp32,AES128GCM,sw,encrypt,4096,18,613,2017547
esp32,AES128GCM,sw,encrypt,4096,18,614,2016472
esp32,AES128GCM,sw,encrypt,4096,18,615,2016170
esp32,AES128GCM,sw,encrypt,4096,18,616,2016428
esp32,AES128GCM,sw,encrypt,4096,18,617,2017373
esp32,AES128GCM,sw,encrypt,4096,18,618,2016425
esp32,AES128GCM,sw,encrypt,4096,18,619,2017373
esp32,AES128GCM,sw,encrypt,4096,18,620,2016428
esp32,AES128GCM,sw,encrypt,4096,18,621,2016170
esp32,AES128GCM,sw,encrypt,4096,18,622,2016428
esp32,AES128GCM,sw,encrypt,4096,18,623,2017373
esp32,AES128GCM,sw,encrypt,4096,18,624,2016428
esp32,AES128GCM,sw,encrypt,4096,18,625,2017373
esp32,AES128GCM,sw,encrypt,4096,18,626,2016428
esp32,AES128GCM,sw,encrypt,4096,18,627,2017373
esp32,AES128GCM,sw,encrypt,4096,18,628,2015225
esp32,AES128GCM,sw,encrypt,4096,18,629,2017373
esp32,AES128GCM,sw,encrypt,4096,18,630,2016428
esp32,AES128GCM,sw,encrypt,4096,18,631,2017373
esp32,AES128GCM,sw,encrypt,4096,18,632,2016428
esp32,AES128GCM,sw,encrypt,4096,18,633,2017373
esp32,AES128GCM,sw,encrypt,4096,18,634,2015225
esp32,AES128GCM,sw,encrypt,4096,18,635,2017376
esp32,AES128GCM,sw,encrypt,4096,18,636,2016428
esp32,AES128GCM,sw,encrypt,4096,18,637,2017373
esp32,AES128GCM,sw,encrypt,4096,18,638,2016428
esp32,AES128GCM,sw,encrypt,4096,18,639,2017373
esp32,AES128GCM,sw,encrypt,4096,18,640,2016428
esp32,AES128GCM,sw,encrypt,4096,18,641,2016173
esp32,AES128GCM,sw,encrypt,4096,18,642,2016605
esp32,AES128GCM,sw,encrypt,4096,18,643,2017550
esp32,AES128GCM,sw,encrypt,4096,18,644,2016608
esp32,AES128GCM,sw,encrypt,4096,18,645,2017553
esp32,AES128GCM,sw,encrypt,4096,18,646,2016605
esp32,AES128GCM,sw,encrypt,4096,18,647,2016170
esp32,AES128GCM,sw,encrypt,4096,18,648,2016428
esp32,AES128GCM,sw,encrypt,4096,18,649,2017373
esp32,AES128GCM,sw,encrypt,4096,18,650,2016428
esp32,AES128GCM,sw,encrypt,4096,18,651,2017373
esp32,AES128GCM,sw,encrypt,4096,18,652,2016428
esp32,AES128GCM,sw,encrypt,4096,18,653,2017415
esp32,AES128GCM,sw,encrypt,4096,18,654,2015225
esp32,AES128GCM,sw,encrypt,4096,18,655,2017373
esp32,AES128GCM,sw,encrypt,4096,18,656,2016428
esp32,AES128GCM,sw,encrypt,4096,18,657,2017373
esp32,AES128GCM,sw,encrypt,4096,18,658,2016428
esp32,AES128GCM,sw,encrypt,4096,18,659,2017373
esp32,AES128GCM,sw,encrypt,4096,18,660,2015225
esp32,AES128GCM,sw,encrypt,4096,18,661,2017373
esp32,AES128GCM,sw,encrypt,4096,18,662,2016425
esp32,AES128GCM,sw,encrypt,4096,18,663,2017373
esp32,AES128GCM,sw,encrypt,4096,18,664,2016428
esp32,AES128GCM,sw,encrypt,4096,18,665,2017373
esp32,AES128GCM,sw,encrypt,4096,18,666,2016428
esp32,AES128GCM,sw,encrypt,4096,18,667,2016170
esp32,AES128GCM,sw,encrypt,4096,18,668,2016428
esp32,AES128GCM,sw,encrypt,4096,18,669,2017373
esp32,AES128GCM,sw,encrypt,4096,18,670,2016428
esp32,AES128GCM,sw,encrypt,4096,18,671,2017373
esp32,AES128GCM,sw,encrypt,4096,18,672,2016428
esp32,AES128GCM,sw,encrypt,4096,18,673,2016170
esp32,AES128GCM,sw,encrypt,4096,18,674,2016608
esp32,AES128GCM,sw,encrypt,4096,18,675,2017553
esp32,AES128GCM,sw,encrypt,4096,18,676,2016608
esp32,AES128GCM,sw,encrypt,4096,18,677,2017553
esp32,AES128GCM,sw,encrypt,4096,18,678,2016602
esp32,AES128GCM,sw,encrypt,4096,18,679,2017547
esp32,AES128GCM,sw,encrypt,4096,18,680,2015225
esp32,AES128GCM,sw,encrypt,4096,18,681,2017373
esp32,AES128GCM,sw,encrypt,4096,18,682,2016428
esp32,AES128GCM,sw,encrypt,4096,18,683,2017373
esp32,AES128GCM,sw,encrypt,4096,18,684,2016428
esp32,AES128GCM,sw,encrypt,4096,18,685,2017328
esp32,AES128GCM,sw,encrypt,4096,18,686,2015225
esp32,AES128GCM,sw,encrypt,4096,18,687,2017373
esp32,AES128GCM,sw,encrypt,4096,18,688,2016428
esp32,AES128GCM,sw,encrypt,4096,18,689,2017373
esp32,AES128GCM,sw,encrypt,4096,18,690,2016428
esp32,AES128GCM,sw,encrypt,4096,18,691,2017370
esp32,AES128GCM,sw,encrypt,4096,18,692,2016428
esp32,AES128GCM,sw,encrypt,4096,18,693,2016170
esp32,AES128GCM,sw,encrypt,4096,18,694,2016428
esp32,AES128GCM,sw,encrypt,4096,18,695,2017373
esp32,AES128GCM,sw,encrypt,4096,18,696,2016425
esp32,AES128GCM,sw,encrypt,4096,18,697,2017373
esp32,AES128GCM,sw,encrypt,4096,18,698,2016428
esp32,AES128GCM,sw,encrypt,4096,18,699,2016170
esp32,AES128GCM,sw,encrypt,4096,18,700,2015225
esp32,AES128GCM,sw,encrypt,4096,18,701,2017373
esp32,AES128GCM,sw,encrypt,4096,18,702,2016428
esp32,AES128GCM,sw,encrypt,4096,18,703,2017373
esp32,AES128GCM,sw,encrypt,4096,18,704,2016428
esp32,AES128GCM,sw,encrypt,4096,18,705,2017373
esp32,AES128GCM,sw,encrypt,4096,18,706,2015225
esp32,AES128GCM,sw,encrypt,4096,18,707,2017547
esp32,AES128GCM,sw,encrypt,4096,18,708,2016605
esp32,AES128GCM,sw,encrypt,4096,18,709,2017550
esp32,AES128GCM,sw,encrypt,4096,18,710,2015690
esp32,AES128GCM,sw,encrypt,4096,18,711,2017544
esp32,AES128GCM,sw,encrypt,4096,18,712,2016599
esp32,AES128GCM,sw,encrypt,4096,18,713,2016170
esp32,AES128GCM,sw,encrypt,4096,18,714,2016602
esp32,AES128GCM,sw,encrypt,4096,18,715,2017547
esp32,AES128GCM,sw,encrypt,4096,18,716,2015696
esp32,AES128GCM,sw,encrypt,4096,18,717,2017547
esp32,AES128GCM,sw,encrypt,4096,18,718,2016602
esp32,AES128GCM,sw,encrypt,4096,18,719,2016170
esp32,AES128GCM,sw,encrypt,4096,18,720,2016428
esp32,AES128GCM,sw,encrypt,4096,18,721,2017373
esp32,AES128GCM,sw,encrypt,4096,18,722,2016428
esp32,AES128GCM,sw,encrypt,4096,18,723,2017373
esp32,AES128GCM,sw,encrypt,4096,18,724,2015648
esp32,AES128GCM,sw,encrypt,4096,18,725,2017547
esp32,AES128GCM,sw,encrypt,4096,18,726,2015225
esp32,AES128GCM,sw,encrypt,4096,18,727,2017370
esp32,AES128GCM,sw,encrypt,4096,18,728,2016428
esp32,AES128GCM,sw,encrypt,4096,18,729,2017373
esp32,AES128GCM,sw,encrypt,4096,18,730,2016428
esp32,AES128GCM,sw,encrypt,4096,18,731,2017373
esp32,AES128GCM,sw,encrypt,4096,18,732,2015225
esp32,AES128GCM,sw,encrypt,4096,18,733,2017373
esp32,AES128GCM,sw,encrypt,4096,18,734,2016428
esp32,AES128GCM,sw,encrypt,4096,18,735,2017373
esp32,AES128GCM,sw,encrypt,4096,18,736,2016428
esp32,AES128GCM,sw,encrypt,4096,18,737,2017373
esp32,AES128GCM,sw,encrypt,4096,18,738,2016428
esp32,AES128GCM,sw,encrypt,4096,18,739,2016170
esp32,AES128GCM,sw,encrypt,4096,18,740,2016428
esp32,AES128GCM,sw,encrypt,4096,18,741,2017373
esp32,AES128GCM,sw,encrypt,4096,18,742,2016428
esp32,AES128GCM,sw,encrypt,4096,18,743,2017373
esp32,AES128GCM,sw,encrypt,4096,18,744,2016428
esp32,AES128GCM,sw,encrypt,4096,18,745,2016170
esp32,AES128GCM,sw,encrypt,4096,18,746,2016602
esp32,AES128GCM,sw,encrypt,4096,18,747,2017547
esp32,AES128GCM,sw,encrypt,4096,18,748,2016608
esp32,AES128GCM,sw,encrypt,4096,18,749,2017547
esp32,AES128GCM,sw,encrypt,4096,18,750,2016602
esp32,AES128GCM,sw,encrypt,4096,18,751,2017544
esp32,AES128GCM,sw,encrypt,4096,18,752,2015225
esp32,AES128GCM,sw,encrypt,4096,18,753,2016494
esp32,AES128GCM,sw,encrypt,4096,18,754,2016605
esp32,AES128GCM,sw,encrypt,4096,18,755,2017547
esp32,AES128GCM,sw,encrypt,4096,18,756,2016602
esp32,AES128GCM,sw,encrypt,4096,18,757,2017550
esp32,AES128GCM,sw,encrypt,4096,18,758,2015225
esp32,AES128GCM,sw,encrypt,4096,18,759,2017370
esp32,AES128GCM,sw,encrypt,4096,18,760,2016428
esp32,AES128GCM,sw,encrypt,4096,18,761,2017373
esp32,AES128GCM,sw,encrypt,4096,18,762,2016428
esp32,AES128GCM,sw,encrypt,4096,18,763,2017373
esp32,AES128GCM,sw,encrypt,4096,18,764,2016428
esp32,AES128GCM,sw,encrypt,4096,18,765,2016170
esp32,AES128GCM,sw,encrypt,4096,18,766,2016428
esp32,AES128GCM,sw,encrypt,4096,18,767,2017373
esp32,AES128GCM,sw,encrypt,4096,18,768,2016428
esp32,AES128GCM,sw,encrypt,4096,18,769,2017373
esp32,AES128GCM,sw,encrypt,4096,18,770,2016428
esp32,AES128GCM,sw,encrypt,4096,18,771,2016170
esp32,AES128GCM,sw,encrypt,4096,18,772,2016428
esp32,AES128GCM,sw,encrypt,4096,18,773,2017373
esp32,AES128GCM,sw,encrypt,4096,18,774,2016428
esp32,AES128GCM,sw,encrypt,4096,18,775,2017373
esp32,AES128GCM,sw,encrypt,4096,18,776,2016428
esp32,AES128GCM,sw,encrypt,4096,18,777,2017373
esp32,AES128GCM,sw,encrypt,4096,18,778,2015232
esp32,AES128GCM,sw,encrypt,4096,18,779,2017544
esp32,AES128GCM,sw,encrypt,4096,18,780,2016602
esp32,AES128GCM,sw,encrypt,4096,18,781,2017547
esp32,AES128GCM,sw,encrypt,4096,18,782,2016605
esp32,AES128GCM,sw,encrypt,4096,18,783,2017544
esp32,AES128GCM,sw,encrypt,4096,18,784,2015225
esp32,AES128GCM,sw,encrypt,4096,18,785,2017415
esp32,AES128GCM,sw,encrypt,4096,18,786,2015855
esp32,AES128GCM,sw,encrypt,4096,18,787,2017550
esp32,AES128GCM,sw,encrypt,4096,18,788,2016602
esp32,AES128GCM,sw,encrypt,4096,18,789,2017547
esp32,AES128GCM,sw,encrypt,4096,18,790,2016604
esp32,AES128GCM,sw,encrypt,4096,18,791,2016170
esp32,AES128GCM,sw,encrypt,4096,18,792,2016425
esp32,AES128GCM,sw,encrypt,4096,18,793,2017373
esp32,AES128GCM,sw,encrypt,4096,18,794,2016428
esp32,AES128GCM,sw,encrypt,4096,18,795,2017373
esp32,AES128GCM,sw,encrypt,4096,18,796,2016428
esp32,AES128GCM,sw,encrypt,4096,18,797,2017372
esp32,AES128GCM,sw,encrypt,4096,18,798,2015225
esp32,AES128GCM,sw,encrypt,4096,18,799,2017373
esp32,AES128GCM,sw,encrypt,4096,18,800,2016428
esp32,AES128GCM,sw,encrypt,4096,18,801,2017373
esp32,AES128GCM,sw,encrypt,4096,18,802,2016428
esp32,AES128GCM,sw,encrypt,4096,18,803,2017373
esp32,AES128GCM,sw,encrypt,4096,18,804,2015225
esp32,AES128GCM,sw,encrypt,4096,18,805,2017373
esp32,AES128GCM,sw,encrypt,4096,18,806,2016428
esp32,AES128GCM,sw,encrypt,4096,18,807,2017373
esp32,AES128GCM,sw,encrypt,4096,18,808,2016428
esp32,AES128GCM,sw,encrypt,4096,18,809,2017373
esp32,AES128GCM,sw,encrypt,4096,18,810,2016428
esp32,AES128GCM,sw,encrypt,4096,18,811,2016173
esp32,AES128GCM,sw,encrypt,4096,18,812,2016605
esp32,AES128GCM,sw,encrypt,4096,18,813,2017553
esp32,AES128GCM,sw,encrypt,4096,18,814,2016689
esp32,AES128GCM,sw,encrypt,4096,18,815,2017583
esp32,AES128GCM,sw,encrypt,4096,18,816,2016689
esp32,AES128GCM,sw,encrypt,4096,18,817,2016170
esp32,AES128GCM,sw,encrypt,4096,18,818,2015660
esp32,AES128GCM,sw,encrypt,4096,18,819,2017550
esp32,AES128GCM,sw,encrypt,4096,18,820,2016602
esp32,AES128GCM,sw,encrypt,4096,18,821,2017547
esp32,AES128GCM,sw,encrypt,4096,18,822,2016605
esp32,AES128GCM,sw,encrypt,4096,18,823,2017547
esp32,AES128GCM,sw,encrypt,4096,18,824,2015225
esp32,AES128GCM,sw,encrypt,4096,18,825,2017373
esp32,AES128GCM,sw,encrypt,4096,18,826,2016428
esp32,AES128GCM,sw,encrypt,4096,18,827,2017373
esp32,AES128GCM,sw,encrypt,4096,18,828,2016428
esp32,AES128GCM,sw,encrypt,4096,18,829,2017373
esp32,AES128GCM,sw,encrypt,4096,18,830,2015225
esp32,AES128GCM,sw,encrypt,4096,18,831,2017373
esp32,AES128GCM,sw,encrypt,4096,18,832,2016425
esp32,AES128GCM,sw,encrypt,4096,18,833,2017373
esp32,AES128GCM,sw,encrypt,4096,18,834,2016428
esp32,AES128GCM,sw,encrypt,4096,18,835,2017370
esp32,AES128GCM,sw,encrypt,4096,18,836,2016428
esp32,AES128GCM,sw,encrypt,4096,18,837,2016170
esp32,AES128GCM,sw,encrypt,4096,18,838,2016428
esp32,AES128GCM,sw,encrypt,4096,18,839,2017373
esp32,AES128GCM,sw,encrypt,4096,18,840,2016428
esp32,AES128GCM,sw,encrypt,4096,18,841,2017373
esp32,AES128GCM,sw,encrypt,4096,18,842,2016428
esp32,AES128GCM,sw,encrypt,4096,18,843,2016170
esp32,AES128GCM,sw,encrypt,4096,18,844,2016605
esp32,AES128GCM,sw,encrypt,4096,18,845,2017547
esp32,AES128GCM,sw,encrypt,4096,18,846,2016602
esp32,AES128GCM,sw,encrypt,4096,18,847,2017550
esp32,AES128GCM,sw,encrypt,4096,18,848,2016608
esp32,AES128GCM,sw,encrypt,4096,18,849,2017631
esp32,AES128GCM,sw,encrypt,4096,18,850,2015225
esp32,AES128GCM,sw,encrypt,4096,18,851,2016614
esp32,AES128GCM,sw,encrypt,4096,18,852,2016605
esp32,AES128GCM,sw,encrypt,4096,18,853,2017547
esp32,AES128GCM,sw,encrypt,4096,18,854,2016602
esp32,AES128GCM,sw,encrypt,4096,18,855,2017550
esp32,AES128GCM,sw,encrypt,4096,18,856,2015225
esp32,AES128GCM,sw,encrypt,4096,18,857,2017370
esp32,AES128GCM,sw,encrypt,4096,18,858,2016428
esp32,AES128GCM,sw,encrypt,4096,18,859,2017373
esp32,AES128GCM,sw,encrypt,4096,18,860,2016428
esp32,AES128GCM,sw,encrypt,4096,18,861,2017373
esp32,AES128GCM,sw,encrypt,4096,18,862,2016428
esp32,AES128GCM,sw,encrypt,4096,18,863,2016170
esp32,AES128GCM,sw,encrypt,4096,18,864,2016428
esp32,AES128GCM,sw,encrypt,4096,18,865,2017373
esp32,AES128GCM,sw,encrypt,4096,18,866,2016428
esp32,AES128GCM,sw,encrypt,4096,18,867,2017373
esp32,AES128GCM,sw,encrypt,4096,18,868,2016428
esp32,AES128GCM,sw,encrypt,4096,18,869,2016170
esp32,AES128GCM,sw,encrypt,4096,18,870,2016428
esp32,AES128GCM,sw,encrypt,4096,18,871,2017373
esp32,AES128GCM,sw,encrypt,4096,18,872,2016428
esp32,AES128GCM,sw,encrypt,4096,18,873,2017373
esp32,AES128GCM,sw,encrypt,4096,18,874,2016428
esp32,AES128GCM,sw,encrypt,4096,18,875,2017375
esp32,AES128GCM,sw,encrypt,4096,18,876,2015225
esp32,AES128GCM,sw,encrypt,4096,18,877,2017547
esp32,AES128GCM,sw,encrypt,4096,18,878,2016608
esp32,AES128GCM,sw,encrypt,4096,18,879,2017547
esp32,AES128GCM,sw,encrypt,4096,18,880,2016602
esp32,AES128GCM,sw,encrypt,4096,18,881,2017547
esp32,AES128GCM,sw,encrypt,4096,18,882,2015225
esp32,AES128GCM,sw,encrypt,4096,18,883,2016170
esp32,AES128GCM,sw,encrypt,4096,18,884,2015846
esp32,AES128GCM,sw,encrypt,4096,18,885,2017550
esp32,AES128GCM,sw,encrypt,4096,18,886,2016602
esp32,AES128GCM,sw,encrypt,4096,18,887,2017547
esp32,AES128GCM,sw,encrypt,4096,18,888,2016605
esp32,AES128GCM,sw,encrypt,4096,18,889,2016170
esp32,AES128GCM,sw,encrypt,4096,18,890,2016425
esp32,AES128GCM,sw,encrypt,4096,18,891,2017373
esp32,AES128GCM,sw,encrypt,4096,18,892,2016428
esp32,AES128GCM,sw,encrypt,4096,18,893,2017373
esp32,AES128GCM,sw,encrypt,4096,18,894,2016428
esp32,AES128GCM,sw,encrypt,4096,18,895,2017373
esp32,AES128GCM,sw,encrypt,4096,18,896,2015225
esp32,AES128GCM,sw,encrypt,4096,18,897,2017373
esp32,AES128GCM,sw,encrypt,4096,18,898,2016428
esp32,AES128GCM,sw,encrypt,4096,18,899,2017373
esp32,AES128GCM,sw,encrypt,4096,18,900,2016428
esp32,AES128GCM,sw,encrypt,4096,18,901,2017373
esp32,AES128GCM,sw,encrypt,4096,18,902,2015225
esp32,AES128GCM,sw,encrypt,4096,18,903,2017373
esp32,AES128GCM,sw,encrypt,4096,18,904,2016428
esp32,AES128GCM,sw,encrypt,4096,18,905,2017373
esp32,AES128GCM,sw,encrypt,4096,18,906,2016428
esp32,AES128GCM,sw,encrypt,4096,18,907,2017373
esp32,AES128GCM,sw,encrypt,4096,18,908,2016428
esp32,AES128GCM,sw,encrypt,4096,18,909,2016173
esp32,AES128GCM,sw,encrypt,4096,18,910,2016605
esp32,AES128GCM,sw,encrypt,4096,18,911,2017553
esp32,AES128GCM,sw,encrypt,4096,18,912,2016689
esp32,AES128GCM,sw,encrypt,4096,18,913,2017583
esp32,AES128GCM,sw,encrypt,4096,18,914,2016689
esp32,AES128GCM,sw,encrypt,4096,18,915,2016170
esp32,AES128GCM,sw,encrypt,4096,18,916,2015660
esp32,AES128GCM,sw,encrypt,4096,18,917,2017550
esp32,AES128GCM,sw,encrypt,4096,18,918,2016602
esp32,AES128GCM,sw,encrypt,4096,18,919,2017547
esp32,AES128GCM,sw,encrypt,4096,18,920,2016605
esp32,AES128GCM,sw,encrypt,4096,18,921,2017547
esp32,AES128GCM,sw,encrypt,4096,18,922,2015225
esp32,AES128GCM,sw,encrypt,4096,18,923,2017373
esp32,AES128GCM,sw,encrypt,4096,18,924,2016428
esp32,AES128GCM,sw,encrypt,4096,18,925,2017373
esp32,AES128GCM,sw,encrypt,4096,18,926,2016428
esp32,AES128GCM,sw,encrypt,4096,18,927,2017373
esp32,AES128GCM,sw,encrypt,4096,18,928,2015225
esp32,AES128GCM,sw,encrypt,4096,18,929,2017373
esp32,AES128GCM,sw,encrypt,4096,18,930,2016425
esp32,AES128GCM,sw,encrypt,4096,18,931,2017373
esp32,AES128GCM,sw,encrypt,4096,18,932,2016428
esp32,AES128GCM,sw,encrypt,4096,18,933,2017370
esp32,AES128GCM,sw,encrypt,4096,18,934,2016428
esp32,AES128GCM,sw,encrypt,4096,18,935,2016170
esp32,AES128GCM,sw,encrypt,4096,18,936,2016428
esp32,AES128GCM,sw,encrypt,4096,18,937,2017373
esp32,AES128GCM,sw,encrypt,4096,18,938,2016428
esp32,AES128GCM,sw,encrypt,4096,18,939,2017373
esp32,AES128GCM,sw,encrypt,4096,18,940,2016428
esp32,AES128GCM,sw,encrypt,4096,18,941,2016170
esp32,AES128GCM,sw,encrypt,4096,18,942,2016605
esp32,AES128GCM,sw,encrypt,4096,18,943,2017547
esp32,AES128GCM,sw,encrypt,4096,18,944,2016602
esp32,AES128GCM,sw,encrypt,4096,18,945,2017550
esp32,AES128GCM,sw,encrypt,4096,18,946,2016608
esp32,AES128GCM,sw,encrypt,4096,18,947,2017631
esp32,AES128GCM,sw,encrypt,4096,18,948,2015225
esp32,AES128GCM,sw,encrypt,4096,18,949,2016614
esp32,AES128GCM,sw,encrypt,4096,18,950,2016605
esp32,AES128GCM,sw,encrypt,4096,18,951,2017547
esp32,AES128GCM,sw,encrypt,4096,18,952,2016602
esp32,AES128GCM,sw,encrypt,4096,18,953,2017550
esp32,AES128GCM,sw,encrypt,4096,18,954,2015225
esp32,AES128GCM,sw,encrypt,4096,18,955,2017370
esp32,AES128GCM,sw,encrypt,4096,18,956,2016428
esp32,AES128GCM,sw,encrypt,4096,18,957,2017373
esp32,AES128GCM,sw,encrypt,4096,18,958,2016428
esp32,AES128GCM,sw,encrypt,4096,18,959,2017373
esp32,AES128GCM,sw,encrypt,4096,18,960,2016428
esp32,AES128GCM,sw,encrypt,4096,18,961,2016170
esp32,AES128GCM,sw,encrypt,4096,18,962,2016428
esp32,AES128GCM,sw,encrypt,4096,18,963,2017373
esp32,AES128GCM,sw,encrypt,4096,18,964,2016428
esp32,AES128GCM,sw,encrypt,4096,18,965,2017373
esp32,AES128GCM,sw,encrypt,4096,18,966,2016428
esp32,AES128GCM,sw,encrypt,4096,18,967,2016170
esp32,AES128GCM,sw,encrypt,4096,18,968,2015657
esp32,AES128GCM,sw,encrypt,4096,18,969,2017373
esp32,AES128GCM,sw,encrypt,4096,18,970,2016428
esp32,AES128GCM,sw,encrypt,4096,18,971,2017373
esp32,AES128GCM,sw,encrypt,4096,18,972,2016428
esp32,AES128GCM,sw,encrypt,4096,18,973,2017373
esp32,AES128GCM,sw,encrypt,4096,18,974,2015225
esp32,AES128GCM,sw,encrypt,4096,18,975,2017373
esp32,AES128GCM,sw,encrypt,4096,18,976,2016428
esp32,AES128GCM,sw,encrypt,4096,18,977,2017373
esp32,AES128GCM,sw,encrypt,4096,18,978,2016428
esp32,AES128GCM,sw,encrypt,4096,18,979,2017373
esp32,AES128GCM,sw,encrypt,4096,18,980,2016428
esp32,AES128GCM,sw,encrypt,4096,18,981,2016173
esp32,AES128GCM,sw,encrypt,4096,18,982,2015783
esp32,AES128GCM,sw,encrypt,4096,18,983,2017544
esp32,AES128GCM,sw,encrypt,4096,18,984,2016599
esp32,AES128GCM,sw,encrypt,4096,18,985,2017583
esp32,AES128GCM,sw,encrypt,4096,18,986,2016686
esp32,AES128GCM,sw,encrypt,4096,18,987,2016170
esp32,AES128GCM,sw,encrypt,4096,18,988,2016602
esp32,AES128GCM,sw,encrypt,4096,18,989,2017544
esp32,AES128GCM,sw,encrypt,4096,18,990,2015687
esp32,AES128GCM,sw,encrypt,4096,18,991,2017547
esp32,AES128GCM,sw,encrypt,4096,18,992,2016602
esp32,AES128GCM,sw,encrypt,4096,18,993,2017544
esp32,AES128GCM,sw,encrypt,4096,18,994,2015225
esp32,AES128GCM,sw,encrypt,4096,18,995,2017373
esp32,AES128GCM,sw,encrypt,4096,18,996,2016428
esp32,AES128GCM,sw,encrypt,4096,18,997,2017370
esp32,AES128GCM,sw,encrypt,4096,18,998,2016383
esp32,AES128GCM,sw,encrypt,4096,18,999,2016698
stack,esp32,AES128GCM,sw,encrypt,4096,14020
esp32,AES128GCM,sw,decrypt,4096,18,0,1999365
esp32,AES128GCM,sw,decrypt,4096,18,1,2000148
esp32,AES128GCM,sw,decrypt,4096,18,2,2001270
esp32,AES128GCM,sw,decrypt,4096,18,3,2000148
esp32,AES128GCM,sw,decrypt,4096,18,4,1999896
esp32,AES128GCM,sw,decrypt,4096,18,5,2000148
esp32,AES128GCM,sw,decrypt,4096,18,6,2001270
esp32,AES128GCM,sw,decrypt,4096,18,7,2000145
esp32,AES128GCM,sw,decrypt,4096,18,8,2000565
esp32,AES128GCM,sw,decrypt,4096,18,9,2000148
esp32,AES128GCM,sw,decrypt,4096,18,10,1999896
esp32,AES128GCM,sw,decrypt,4096,18,11,2000148
esp32,AES128GCM,sw,decrypt,4096,18,12,2001273
esp32,AES128GCM,sw,decrypt,4096,18,13,2000148
esp32,AES128GCM,sw,decrypt,4096,18,14,2000793
esp32,AES128GCM,sw,decrypt,4096,18,15,2000148
esp32,AES128GCM,sw,decrypt,4096,18,16,1999896
esp32,AES128GCM,sw,decrypt,4096,18,17,2000187
esp32,AES128GCM,sw,decrypt,4096,18,18,2001096
esp32,AES128GCM,sw,decrypt,4096,18,19,2000148
esp32,AES128GCM,sw,decrypt,4096,18,20,2001096
esp32,AES128GCM,sw,decrypt,4096,18,21,2000085
esp32,AES128GCM,sw,decrypt,4096,18,22,1999896
esp32,AES128GCM,sw,decrypt,4096,18,23,1999611
esp32,AES128GCM,sw,decrypt,4096,18,24,2001099
esp32,AES128GCM,sw,decrypt,4096,18,25,2000319
esp32,AES128GCM,sw,decrypt,4096,18,26,2001099
esp32,AES128GCM,sw,decrypt,4096,18,27,1999536
esp32,AES128GCM,sw,decrypt,4096,18,28,2001099
esp32,AES128GCM,sw,decrypt,4096,18,29,1998945
esp32,AES128GCM,sw,decrypt,4096,18,30,2001183
esp32,AES128GCM,sw,decrypt,4096,18,31,2000148
esp32,AES128GCM,sw,decrypt,4096,18,32,2001099
esp32,AES128GCM,sw,decrypt,4096,18,33,2000145
esp32,AES128GCM,sw,decrypt,4096,18,34,2000982
esp32,AES128GCM,sw,decrypt,4096,18,35,1998945
esp32,AES128GCM,sw,decrypt,4096,18,36,2000562
esp32,AES128GCM,sw,decrypt,4096,18,37,2000148
esp32,AES128GCM,sw,decrypt,4096,18,38,2001270
esp32,AES128GCM,sw,decrypt,4096,18,39,2000148
esp32,AES128GCM,sw,decrypt,4096,18,40,2000487
esp32,AES128GCM,sw,decrypt,4096,18,41,1998945
esp32,AES128GCM,sw,decrypt,4096,18,42,2001099
esp32,AES128GCM,sw,decrypt,4096,18,43,2000187
esp32,AES128GCM,sw,decrypt,4096,18,44,2001096
esp32,AES128GCM,sw,decrypt,4096,18,45,2000148
esp32,AES128GCM,sw,decrypt,4096,18,46,2001096
esp32,AES128GCM,sw,decrypt,4096,18,47,1998945
esp32,AES128GCM,sw,decrypt,4096,18,48,2001099
esp32,AES128GCM,sw,decrypt,4096,18,49,1999548
esp32,AES128GCM,sw,decrypt,4096,18,50,2001099
esp32,AES128GCM,sw,decrypt,4096,18,51,2000319
esp32,AES128GCM,sw,decrypt,4096,18,52,2001099
esp32,AES128GCM,sw,decrypt,4096,18,53,1999536
esp32,AES128GCM,sw,decrypt,4096,18,54,1999896
esp32,AES128GCM,sw,decrypt,4096,18,55,2000148
esp32,AES128GCM,sw,decrypt,4096,18,56,2001183
esp32,AES128GCM,sw,decrypt,4096,18,57,2000148
esp32,AES128GCM,sw,decrypt,4096,18,58,2001099
esp32,AES128GCM,sw,decrypt,4096,18,59,2000145
esp32,AES128GCM,sw,decrypt,4096,18,60,1999896
esp32,AES128GCM,sw,decrypt,4096,18,61,2000148
esp32,AES128GCM,sw,decrypt,4096,18,62,2000445
esp32,AES128GCM,sw,decrypt,4096,18,63,2000148
esp32,AES128GCM,sw,decrypt,4096,18,64,2001270
esp32,AES128GCM,sw,decrypt,4096,18,65,2000148
esp32,AES128GCM,sw,decrypt,4096,18,66,1999896
esp32,AES128GCM,sw,decrypt,4096,18,67,2000148
esp32,AES128GCM,sw,decrypt,4096,18,68,2001096
esp32,AES128GCM,sw,decrypt,4096,18,69,1999905
esp32,AES128GCM,sw,decrypt,4096,18,70,2001099
esp32,AES128GCM,sw,decrypt,4096,18,71,2000319
esp32,AES128GCM,sw,decrypt,4096,18,72,1999896
esp32,AES128GCM,sw,decrypt,4096,18,73,1998947
esp32,AES128GCM,sw,decrypt,4096,18,74,2001099
esp32,AES128GCM,sw,decrypt,4096,18,75,2000148
esp32,AES128GCM,sw,decrypt,4096,18,76,2001099
esp32,AES128GCM,sw,decrypt,4096,18,77,2000151
esp32,AES128GCM,sw,decrypt,4096,18,78,2001096
esp32,AES128GCM,sw,decrypt,4096,18,79,1998945
esp32,AES128GCM,sw,decrypt,4096,18,80,2001270
esp32,AES128GCM,sw,decrypt,4096,18,81,2000148
esp32,AES128GCM,sw,decrypt,4096,18,82,2001270
esp32,AES128GCM,sw,decrypt,4096,18,83,2000148
esp32,AES128GCM,sw,decrypt,4096,18,84,2000457
esp32,AES128GCM,sw,decrypt,4096,18,85,1998945
esp32,AES128GCM,sw,decrypt,4096,18,86,2001102
esp32,AES128GCM,sw,decrypt,4096,18,87,2000358
esp32,AES128GCM,sw,decrypt,4096,18,88,2001096
esp32,AES128GCM,sw,decrypt,4096,18,89,2000190
esp32,AES128GCM,sw,decrypt,4096,18,90,2001096
esp32,AES128GCM,sw,decrypt,4096,18,91,1998945
esp32,AES128GCM,sw,decrypt,4096,18,92,2001099
esp32,AES128GCM,sw,decrypt,4096,18,93,2000322
esp32,AES128GCM,sw,decrypt,4096,18,94,2001099
esp32,AES128GCM,sw,decrypt,4096,18,95,1999401
esp32,AES128GCM,sw,decrypt,4096,18,96,2001096
esp32,AES128GCM,sw,decrypt,4096,18,97,2000319
esp32,AES128GCM,sw,decrypt,4096,18,98,1999896
esp32,AES128GCM,sw,decrypt,4096,18,99,2000145
esp32,AES128GCM,sw,decrypt,4096,18,100,2000511
esp32,AES128GCM,sw,decrypt,4096,18,101,2000148
esp32,AES128GCM,sw,decrypt,4096,18,102,2001270
esp32,AES128GCM,sw,decrypt,4096,18,103,2000148
esp32,AES128GCM,sw,decrypt,4096,18,104,1999899
esp32,AES128GCM,sw,decrypt,4096,18,105,2000220
esp32,AES128GCM,sw,decrypt,4096,18,106,2001096
esp32,AES128GCM,sw,decrypt,4096,18,107,2000319
esp32,AES128GCM,sw,decrypt,4096,18,108,2001096
esp32,AES128GCM,sw,decrypt,4096,18,109,2000322
esp32,AES128GCM,sw,decrypt,4096,18,110,1999896
esp32,AES128GCM,sw,decrypt,4096,18,111,2000148
esp32,AES128GCM,sw,decrypt,4096,18,112,2001270
esp32,AES128GCM,sw,decrypt,4096,18,113,2000148
esp32,AES128GCM,sw,decrypt,4096,18,114,2001273
esp32,AES128GCM,sw,decrypt,4096,18,115,2000148
esp32,AES128GCM,sw,decrypt,4096,18,116,1999896
esp32,AES128GCM,sw,decrypt,4096,18,117,2000319
esp32,AES128GCM,sw,decrypt,4096,18,118,2001099
esp32,AES128GCM,sw,decrypt,4096,18,119,2000235
esp32,AES128GCM,sw,decrypt,4096,18,120,2001099
esp32,AES128GCM,sw,decrypt,4096,18,121,2000148
esp32,AES128GCM,sw,decrypt,4096,18,122,2001096
esp32,AES128GCM,sw,decrypt,4096,18,123,1998945
esp32,AES128GCM,sw,decrypt,4096,18,124,2001270
esp32,AES128GCM,sw,decrypt,4096,18,125,2000145
esp32,AES128GCM,sw,decrypt,4096,18,126,2001099
esp32,AES128GCM,sw,decrypt,4096,18,127,2000145
esp32,AES128GCM,sw,decrypt,4096,18,128,2001096
esp32,AES128GCM,sw,decrypt,4096,18,129,1998945
esp32,AES128GCM,sw,decrypt,4096,18,130,2001099
esp32,AES128GCM,sw,decrypt,4096,18,131,2000148
esp32,AES128GCM,sw,decrypt,4096,18,132,2001096
esp32,AES128GCM,sw,decrypt,4096,18,133,2000148
esp32,AES128GCM,sw,decrypt,4096,18,134,2001048
esp32,AES128GCM,sw,decrypt,4096,18,135,1998945
esp32,AES128GCM,sw,decrypt,4096,18,136,2001102
esp32,AES128GCM,sw,decrypt,4096,18,137,2000145
esp32,AES128GCM,sw,decrypt,4096,18,138,2001102
esp32,AES128GCM,sw,decrypt,4096,18,139,2000319
esp32,AES128GCM,sw,decrypt,4096,18,140,2001099
esp32,AES128GCM,sw,decrypt,4096,18,141,1998945
esp32,AES128GCM,sw,decrypt,4096,18,142,2001105
esp32,AES128GCM,sw,decrypt,4096,18,143,2000148
esp32,AES128GCM,sw,decrypt,4096,18,144,2001270
esp32,AES128GCM,sw,decrypt,4096,18,145,2000148
esp32,AES128GCM,sw,decrypt,4096,18,146,2001270
esp32,AES128GCM,sw,decrypt,4096,18,147,2000145
esp32,AES128GCM,sw,decrypt,4096,18,148,1999896
esp32,AES128GCM,sw,decrypt,4096,18,149,2000319
esp32,AES128GCM,sw,decrypt,4096,18,150,2001099
esp32,AES128GCM,sw,decrypt,4096,18,151,2000319
esp32,AES128GCM,sw,decrypt,4096,18,152,2001096
esp32,AES128GCM,sw,decrypt,4096,18,153,2000322
esp32,AES128GCM,sw,decrypt,4096,18,154,1999896
esp32,AES128GCM,sw,decrypt,4096,18,155,2000148
esp32,AES128GCM,sw,decrypt,4096,18,156,2001270
esp32,AES128GCM,sw,decrypt,4096,18,157,2000148
esp32,AES128GCM,sw,decrypt,4096,18,158,2001273
esp32,AES128GCM,sw,decrypt,4096,18,159,2000145
esp32,AES128GCM,sw,decrypt,4096,18,160,1999896
esp32,AES128GCM,sw,decrypt,4096,18,161,2000319
esp32,AES128GCM,sw,decrypt,4096,18,162,2001099
esp32,AES128GCM,sw,decrypt,4096,18,163,2000319
esp32,AES128GCM,sw,decrypt,4096,18,164,2001096
esp32,AES128GCM,sw,decrypt,4096,18,165,2000148
esp32,AES128GCM,sw,decrypt,4096,18,166,2001096
esp32,AES128GCM,sw,decrypt,4096,18,167,1998945
esp32,AES128GCM,sw,decrypt,4096,18,168,2001267
esp32,AES128GCM,sw,decrypt,4096,18,169,2000148
esp32,AES128GCM,sw,decrypt,4096,18,170,2001099
esp32,AES128GCM,sw,decrypt,4096,18,171,2000145
esp32,AES128GCM,sw,decrypt,4096,18,172,2001096
esp32,AES128GCM,sw,decrypt,4096,18,173,1998945
esp32,AES128GCM,sw,decrypt,4096,18,174,2001099
esp32,AES128GCM,sw,decrypt,4096,18,175,2000103
esp32,AES128GCM,sw,decrypt,4096,18,176,2001099
esp32,AES128GCM,sw,decrypt,4096,18,177,2000151
esp32,AES128GCM,sw,decrypt,4096,18,178,2001270
esp32,AES128GCM,sw,decrypt,4096,18,179,1998945
esp32,AES128GCM,sw,decrypt,4096,18,180,2001270
esp32,AES128GCM,sw,decrypt,4096,18,181,2000145
esp32,AES128GCM,sw,decrypt,4096,18,182,2001099
esp32,AES128GCM,sw,decrypt,4096,18,183,2000319
esp32,AES128GCM,sw,decrypt,4096,18,184,2001099
esp32,AES128GCM,sw,decrypt,4096,18,185,1998945
esp32,AES128GCM,sw,decrypt,4096,18,186,2001099
esp32,AES128GCM,sw,decrypt,4096,18,187,2000151
esp32,AES128GCM,sw,decrypt,4096,18,188,2001270
esp32,AES128GCM,sw,decrypt,4096,18,189,2000148
esp32,AES128GCM,sw,decrypt,4096,18,190,2001270
esp32,AES128GCM,sw,decrypt,4096,18,191,2000145
esp32,AES128GCM,sw,decrypt,4096,18,192,1999899
esp32,AES128GCM,sw,decrypt,4096,18,193,2000319
esp32,AES128GCM,sw,decrypt,4096,18,194,2001099
esp32,AES128GCM,sw,decrypt,4096,18,195,2000319
esp32,AES128GCM,sw,decrypt,4096,18,196,2001096
esp32,AES128GCM,sw,decrypt,4096,18,197,2000319
esp32,AES128GCM,sw,decrypt,4096,18,198,1999896
esp32,AES128GCM,sw,decrypt,4096,18,199,2000148
esp32,AES128GCM,sw,decrypt,4096,18,200,2001270
esp32,AES128GCM,sw,decrypt,4096,18,201,2000148
esp32,AES128GCM,sw,decrypt,4096,18,202,2001270
esp32,AES128GCM,sw,decrypt,4096,18,203,2000148
esp32,AES128GCM,sw,decrypt,4096,18,204,1999896
esp32,AES128GCM,sw,decrypt,4096,18,205,2000319
esp32,AES128GCM,sw,decrypt,4096,18,206,2001096
esp32,AES128GCM,sw,decrypt,4096,18,207,2000319
esp32,AES128GCM,sw,decrypt,4096,18,208,2001096
esp32,AES128GCM,sw,decrypt,4096,18,209,2000151
esp32,AES128GCM,sw,decrypt,4096,18,210,1999896
esp32,AES128GCM,sw,decrypt,4096,18,211,1998945
esp32,AES128GCM,sw,decrypt,4096,18,212,2001273
esp32,AES128GCM,sw,decrypt,4096,18,213,2000148
esp32,AES128GCM,sw,decrypt,4096,18,214,2001099
esp32,AES128GCM,sw,decrypt,4096,18,215,2000145
esp32,AES128GCM,sw,decrypt,4096,18,216,2001096
esp32,AES128GCM,sw,decrypt,4096,18,217,1998945
esp32,AES128GCM,sw,decrypt,4096,18,218,2001099
esp32,AES128GCM,sw,decrypt,4096,18,219,2000148
esp32,AES128GCM,sw,decrypt,4096,18,220,2001099
esp32,AES128GCM,sw,decrypt,4096,18,221,2000145
esp32,AES128GCM,sw,decrypt,4096,18,222,2001270
esp32,AES128GCM,sw,decrypt,4096,18,223,1998945
esp32,AES128GCM,sw,decrypt,4096,18,224,2001144
esp32,AES128GCM,sw,decrypt,4096,18,225,2000148
esp32,AES128GCM,sw,decrypt,4096,18,226,2001096
esp32,AES128GCM,sw,decrypt,4096,18,227,2000319
esp32,AES128GCM,sw,decrypt,4096,18,228,2001096
esp32,AES128GCM,sw,decrypt,4096,18,229,1998945
esp32,AES128GCM,sw,decrypt,4096,18,230,2001099
esp32,AES128GCM,sw,decrypt,4096,18,231,2000145
esp32,AES128GCM,sw,decrypt,4096,18,232,2001354
esp32,AES128GCM,sw,decrypt,4096,18,233,2000148
esp32,AES128GCM,sw,decrypt,4096,18,234,2001270
esp32,AES128GCM,sw,decrypt,4096,18,235,2000148
esp32,AES128GCM,sw,decrypt,4096,18,236,1999896
esp32,AES128GCM,sw,decrypt,4096,18,237,2000319
esp32,AES128GCM,sw,decrypt,4096,18,238,2001096
esp32,AES128GCM,sw,decrypt,4096,18,239,2000319
esp32,AES128GCM,sw,decrypt,4096,18,240,2001096
esp32,AES128GCM,sw,decrypt,4096,18,241,2000319
esp32,AES128GCM,sw,decrypt,4096,18,242,1999896
esp32,AES128GCM,sw,decrypt,4096,18,243,2000148
esp32,AES128GCM,sw,decrypt,4096,18,244,2001273
esp32,AES128GCM,sw,decrypt,4096,18,245,2000145
esp32,AES128GCM,sw,decrypt,4096,18,246,2001273
esp32,AES128GCM,sw,decrypt,4096,18,247,2000148
esp32,AES128GCM,sw,decrypt,4096,18,248,1999896
esp32,AES128GCM,sw,decrypt,4096,18,249,2000319
esp32,AES128GCM,sw,decrypt,4096,18,250,2001099
esp32,AES128GCM,sw,decrypt,4096,18,251,2000274
esp32,AES128GCM,sw,decrypt,4096,18,252,2001099
esp32,AES128GCM,sw,decrypt,4096,18,253,2000151
esp32,AES128GCM,sw,decrypt,4096,18,254,1999896
esp32,AES128GCM,sw,decrypt,4096,18,255,2000145
esp32,AES128GCM,sw,decrypt,4096,18,256,2001273
esp32,AES128GCM,sw,decrypt,4096,18,257,2000148
esp32,AES128GCM,sw,decrypt,4096,18,258,2001099
esp32,AES128GCM,sw,decrypt,4096,18,259,2000145
esp32,AES128GCM,sw,decrypt,4096,18,260,2001099
esp32,AES128GCM,sw,decrypt,4096,18,261,1998945
esp32,AES128GCM,sw,decrypt,4096,18,262,2001096
esp32,AES128GCM,sw,decrypt,4096,18,263,2000103
esp32,AES128GCM,sw,decrypt,4096,18,264,2001096
esp32,AES128GCM,sw,decrypt,4096,18,265,2000148
esp32,AES128GCM,sw,decrypt,4096,18,266,2001275
esp32,AES128GCM,sw,decrypt,4096,18,267,1998945
esp32,AES128GCM,sw,decrypt,4096,18,268,2001273
esp32,AES128GCM,sw,decrypt,4096,18,269,2000148
esp32,AES128GCM,sw,decrypt,4096,18,270,2001099
esp32,AES128GCM,sw,decrypt,4096,18,271,2000319
esp32,AES128GCM,sw,decrypt,4096,18,272,2001099
esp32,AES128GCM,sw,decrypt,4096,18,273,1998945
esp32,AES128GCM,sw,decrypt,4096,18,274,2001099
esp32,AES128GCM,sw,decrypt,4096,18,275,2000151
esp32,AES128GCM,sw,decrypt,4096,18,276,2001270
esp32,AES128GCM,sw,decrypt,4096,18,277,2000148
esp32,AES128GCM,sw,decrypt,4096,18,278,2001270
esp32,AES128GCM,sw,decrypt,4096,18,279,1998945
esp32,AES128GCM,sw,decrypt,4096,18,280,1999896
esp32,AES128GCM,sw,decrypt,4096,18,281,2000319
esp32,AES128GCM,sw,decrypt,4096,18,282,2001099
esp32,AES128GCM,sw,decrypt,4096,18,283,2000319
esp32,AES128GCM,sw,decrypt,4096,18,284,2001099
esp32,AES128GCM,sw,decrypt,4096,18,285,2000322
esp32,AES128GCM,sw,decrypt,4096,18,286,1999896
esp32,AES128GCM,sw,decrypt,4096,18,287,2000148
esp32,AES128GCM,sw,decrypt,4096,18,288,2001270
esp32,AES128GCM,sw,decrypt,4096,18,289,2000148
esp32,AES128GCM,sw,decrypt,4096,18,290,2001270
esp32,AES128GCM,sw,decrypt,4096,18,291,2000145
esp32,AES128GCM,sw,decrypt,4096,18,292,1999896
esp32,AES128GCM,sw,decrypt,4096,18,293,2000319
esp32,AES128GCM,sw,decrypt,4096,18,294,2001096
esp32,AES128GCM,sw,decrypt,4096,18,295,2000319
esp32,AES128GCM,sw,decrypt,4096,18,296,2001099
esp32,AES128GCM,sw,decrypt,4096,18,297,2000148
esp32,AES128GCM,sw,decrypt,4096,18,298,1999896
esp32,AES128GCM,sw,decrypt,4096,18,299,2000148
esp32,AES128GCM,sw,decrypt,4096,18,300,2001273
esp32,AES128GCM,sw,decrypt,4096,18,301,2000148
esp32,AES128GCM,sw,decrypt,4096,18,302,2001099
esp32,AES128GCM,sw,decrypt,4096,18,303,2000148
esp32,AES128GCM,sw,decrypt,4096,18,304,2001099
esp32,AES128GCM,sw,decrypt,4096,18,305,1998945
esp32,AES128GCM,sw,decrypt,4096,18,306,2001099
esp32,AES128GCM,sw,decrypt,4096,18,307,2000103
esp32,AES128GCM,sw,decrypt,4096,18,308,2001096
esp32,AES128GCM,sw,decrypt,4096,18,309,2000148
esp32,AES128GCM,sw,decrypt,4096,18,310,2001267
esp32,AES128GCM,sw,decrypt,4096,18,311,1998945
esp32,AES128GCM,sw,decrypt,4096,18,312,2001270
esp32,AES128GCM,sw,decrypt,4096,18,313,2000148
esp32,AES128GCM,sw,decrypt,4096,18,314,2001099
esp32,AES128GCM,sw,decrypt,4096,18,315,2000319
esp32,AES128GCM,sw,decrypt,4096,18,316,2001099
esp32,AES128GCM,sw,decrypt,4096,18,317,1998945
esp32,AES128GCM,sw,decrypt,4096,18,318,2001096
esp32,AES128GCM,sw,decrypt,4096,18,319,2000148
esp32,AES128GCM,sw,decrypt,4096,18,320,2001270
esp32,AES128GCM,sw,decrypt,4096,18,321,2000148
esp32,AES128GCM,sw,decrypt,4096,18,322,2001270
esp32,AES128GCM,sw,decrypt,4096,18,323,1998945
esp32,AES128GCM,sw,decrypt,4096,18,324,2001102
esp32,AES128GCM,sw,decrypt,4096,18,325,2000319
esp32,AES128GCM,sw,decrypt,4096,18,326,2001099
esp32,AES128GCM,sw,decrypt,4096,18,327,2000319
esp32,AES128GCM,sw,decrypt,4096,18,328,2001096
esp32,AES128GCM,sw,decrypt,4096,18,329,2000322
esp32,AES128GCM,sw,decrypt,4096,18,330,1999896
esp32,AES128GCM,sw,decrypt,4096,18,331,2000145
esp32,AES128GCM,sw,decrypt,4096,18,332,2001270
esp32,AES128GCM,sw,decrypt,4096,18,333,2000148
esp32,AES128GCM,sw,decrypt,4096,18,334,2001273
esp32,AES128GCM,sw,decrypt,4096,18,335,2000157
esp32,AES128GCM,sw,decrypt,4096,18,336,1999896
esp32,AES128GCM,sw,decrypt,4096,18,337,2000319
esp32,AES128GCM,sw,decrypt,4096,18,338,2001099
esp32,AES128GCM,sw,decrypt,4096,18,339,2000319
esp32,AES128GCM,sw,decrypt,4096,18,340,2001096
esp32,AES128GCM,sw,decrypt,4096,18,341,2000151
esp32,AES128GCM,sw,decrypt,4096,18,342,1999896
esp32,AES128GCM,sw,decrypt,4096,18,343,2000148
esp32,AES128GCM,sw,decrypt,4096,18,344,2001270
esp32,AES128GCM,sw,decrypt,4096,18,345,2000148
esp32,AES128GCM,sw,decrypt,4096,18,346,2001099
esp32,AES128GCM,sw,decrypt,4096,18,347,2000148
esp32,AES128GCM,sw,decrypt,4096,18,348,1999896
esp32,AES128GCM,sw,decrypt,4096,18,349,1998945
esp32,AES128GCM,sw,decrypt,4096,18,350,2001099
esp32,AES128GCM,sw,decrypt,4096,18,351,2000148
esp32,AES128GCM,sw,decrypt,4096,18,352,2001099
esp32,AES128GCM,sw,decrypt,4096,18,353,2000145
esp32,AES128GCM,sw,decrypt,4096,18,354,2001225
esp32,AES128GCM,sw,decrypt,4096,18,355,1998945
esp32,AES128GCM,sw,decrypt,4096,18,356,2001102
esp32,AES128GCM,sw,decrypt,4096,18,357,2000145
esp32,AES128GCM,sw,decrypt,4096,18,358,2001102
esp32,AES128GCM,sw,decrypt,4096,18,359,2000319
esp32,AES128GCM,sw,decrypt,4096,18,360,2001099
esp32,AES128GCM,sw,decrypt,4096,18,361,1998945
esp32,AES128GCM,sw,decrypt,4096,18,362,2001099
esp32,AES128GCM,sw,decrypt,4096,18,363,2000148
esp32,AES128GCM,sw,decrypt,4096,18,364,2001270
esp32,AES128GCM,sw,decrypt,4096,18,365,2000145
esp32,AES128GCM,sw,decrypt,4096,18,366,2001270
esp32,AES128GCM,sw,decrypt,4096,18,367,1998945
esp32,AES128GCM,sw,decrypt,4096,18,368,2001102
esp32,AES128GCM,sw,decrypt,4096,18,369,2000316
esp32,AES128GCM,sw,decrypt,4096,18,370,2001096
esp32,AES128GCM,sw,decrypt,4096,18,371,2000319
esp32,AES128GCM,sw,decrypt,4096,18,372,2001099
esp32,AES128GCM,sw,decrypt,4096,18,373,2000319
esp32,AES128GCM,sw,decrypt,4096,18,374,1999896
esp32,AES128GCM,sw,decrypt,4096,18,375,2000148
esp32,AES128GCM,sw,decrypt,4096,18,376,2001270
esp32,AES128GCM,sw,decrypt,4096,18,377,2000145
esp32,AES128GCM,sw,decrypt,4096,18,378,2001273
esp32,AES128GCM,sw,decrypt,4096,18,379,2000145
esp32,AES128GCM,sw,decrypt,4096,18,380,1999896
esp32,AES128GCM,sw,decrypt,4096,18,381,2000319
esp32,AES128GCM,sw,decrypt,4096,18,382,2001096
esp32,AES128GCM,sw,decrypt,4096,18,383,2000322
esp32,AES128GCM,sw,decrypt,4096,18,384,2001096
esp32,AES128GCM,sw,decrypt,4096,18,385,2000148
esp32,AES128GCM,sw,decrypt,4096,18,386,1999896
esp32,AES128GCM,sw,decrypt,4096,18,387,2000145
esp32,AES128GCM,sw,decrypt,4096,18,388,2001273
esp32,AES128GCM,sw,decrypt,4096,18,389,2000148
esp32,AES128GCM,sw,decrypt,4096,18,390,2001099
esp32,AES128GCM,sw,decrypt,4096,18,391,2000145
esp32,AES128GCM,sw,decrypt,4096,18,392,1999896
esp32,AES128GCM,sw,decrypt,4096,18,393,2000319
esp32,AES128GCM,sw,decrypt,4096,18,394,2001099
esp32,AES128GCM,sw,decrypt,4096,18,395,2000151
esp32,AES128GCM,sw,decrypt,4096,18,396,2001099
esp32,AES128GCM,sw,decrypt,4096,18,397,2000148
esp32,AES128GCM,sw,decrypt,4096,18,398,2001201
esp32,AES128GCM,sw,decrypt,4096,18,399,1998945
esp32,AES128GCM,sw,decrypt,4096,18,400,2001102
esp32,AES128GCM,sw,decrypt,4096,18,401,2000145
esp32,AES128GCM,sw,decrypt,4096,18,402,2001102
esp32,AES128GCM,sw,decrypt,4096,18,403,2000319
esp32,AES128GCM,sw,decrypt,4096,18,404,2001099
esp32,AES128GCM,sw,decrypt,4096,18,405,1998945
esp32,AES128GCM,sw,decrypt,4096,18,406,2001099
esp32,AES128GCM,sw,decrypt,4096,18,407,2000148
esp32,AES128GCM,sw,decrypt,4096,18,408,2001270
esp32,AES128GCM,sw,decrypt,4096,18,409,2000145
esp32,AES128GCM,sw,decrypt,4096,18,410,2001270
esp32,AES128GCM,sw,decrypt,4096,18,411,1998945
esp32,AES128GCM,sw,decrypt,4096,18,412,2001102
esp32,AES128GCM,sw,decrypt,4096,18,413,2000316
esp32,AES128GCM,sw,decrypt,4096,18,414,2001096
esp32,AES128GCM,sw,decrypt,4096,18,415,2000319
esp32,AES128GCM,sw,decrypt,4096,18,416,2001099
esp32,AES128GCM,sw,decrypt,4096,18,417,2000193
esp32,AES128GCM,sw,decrypt,4096,18,418,1999896
esp32,AES128GCM,sw,decrypt,4096,18,419,2000148
esp32,AES128GCM,sw,decrypt,4096,18,420,2001270
esp32,AES128GCM,sw,decrypt,4096,18,421,2000145
esp32,AES128GCM,sw,decrypt,4096,18,422,2001273
esp32,AES128GCM,sw,decrypt,4096,18,423,2000148
esp32,AES128GCM,sw,decrypt,4096,18,424,1999896
esp32,AES128GCM,sw,decrypt,4096,18,425,2000319
esp32,AES128GCM,sw,decrypt,4096,18,426,2001099
esp32,AES128GCM,sw,decrypt,4096,18,427,2000322
esp32,AES128GCM,sw,decrypt,4096,18,428,2001096
esp32,AES128GCM,sw,decrypt,4096,18,429,2000151
esp32,AES128GCM,sw,decrypt,4096,18,430,1999896
esp32,AES128GCM,sw,decrypt,4096,18,431,2000148
esp32,AES128GCM,sw,decrypt,4096,18,432,2001273
esp32,AES128GCM,sw,decrypt,4096,18,433,2000148
esp32,AES128GCM,sw,decrypt,4096,18,434,2001105
esp32,AES128GCM,sw,decrypt,4096,18,435,2000148
esp32,AES128GCM,sw,decrypt,4096,18,436,1999896
esp32,AES128GCM,sw,decrypt,4096,18,437,2000322
esp32,AES128GCM,sw,decrypt,4096,18,438,2001096
esp32,AES128GCM,sw,decrypt,4096,18,439,2000145
esp32,AES128GCM,sw,decrypt,4096,18,440,2001099
esp32,AES128GCM,sw,decrypt,4096,18,441,2000151
esp32,AES128GCM,sw,decrypt,4096,18,442,2001270
esp32,AES128GCM,sw,decrypt,4096,18,443,1998945
esp32,AES128GCM,sw,decrypt,4096,18,444,2001054
esp32,AES128GCM,sw,decrypt,4096,18,445,2000145
esp32,AES128GCM,sw,decrypt,4096,18,446,2001099
esp32,AES128GCM,sw,decrypt,4096,18,447,2000361
esp32,AES128GCM,sw,decrypt,4096,18,448,2001099
esp32,AES128GCM,sw,decrypt,4096,18,449,1998951
esp32,AES128GCM,sw,decrypt,4096,18,450,2001099
esp32,AES128GCM,sw,decrypt,4096,18,451,2000148
esp32,AES128GCM,sw,decrypt,4096,18,452,2001354
esp32,AES128GCM,sw,decrypt,4096,18,453,2000148
esp32,AES128GCM,sw,decrypt,4096,18,454,2001270
esp32,AES128GCM,sw,decrypt,4096,18,455,1998945
esp32,AES128GCM,sw,decrypt,4096,18,456,2001099
esp32,AES128GCM,sw,decrypt,4096,18,457,2000319
esp32,AES128GCM,sw,decrypt,4096,18,458,2001096
esp32,AES128GCM,sw,decrypt,4096,18,459,2000319
esp32,AES128GCM,sw,decrypt,4096,18,460,2001099
esp32,AES128GCM,sw,decrypt,4096,18,461,1998945
esp32,AES128GCM,sw,decrypt,4096,18,462,2001141
esp32,AES128GCM,sw,decrypt,4096,18,463,2000148
esp32,AES128GCM,sw,decrypt,4096,18,464,2001270
esp32,AES128GCM,sw,decrypt,4096,18,465,2000145
esp32,AES128GCM,sw,decrypt,4096,18,466,2001270
esp32,AES128GCM,sw,decrypt,4096,18,467,2000145
esp32,AES128GCM,sw,decrypt,4096,18,468,1999896
esp32,AES128GCM,sw,decrypt,4096,18,469,2000319
esp32,AES128GCM,sw,decrypt,4096,18,470,2001099
esp32,AES128GCM,sw,decrypt,4096,18,471,2000319
esp32,AES128GCM,sw,decrypt,4096,18,472,2001096
esp32,AES128GCM,sw,decrypt,4096,18,473,2000148
esp32,AES128GCM,sw,decrypt,4096,18,474,1999896
esp32,AES128GCM,sw,decrypt,4096,18,475,2000145
esp32,AES128GCM,sw,decrypt,4096,18,476,2001270
esp32,AES128GCM,sw,decrypt,4096,18,477,2000148
esp32,AES128GCM,sw,decrypt,4096,18,478,2001099
esp32,AES128GCM,sw,decrypt,4096,18,479,2000148
esp32,AES128GCM,sw,decrypt,4096,18,480,1999896
esp32,AES128GCM,sw,decrypt,4096,18,481,2000319
esp32,AES128GCM,sw,decrypt,4096,18,482,2001099
esp32,AES128GCM,sw,decrypt,4096,18,483,2000148
esp32,AES128GCM,sw,decrypt,4096,18,484,2001096
esp32,AES128GCM,sw,decrypt,4096,18,485,2000148
esp32,AES128GCM,sw,decrypt,4096,18,486,2001270
esp32,AES128GCM,sw,decrypt,4096,18,487,1998945
esp32,AES128GCM,sw,decrypt,4096,18,488,2001054
esp32,AES128GCM,sw,decrypt,4096,18,489,2000148
esp32,AES128GCM,sw,decrypt,4096,18,490,2001099
esp32,AES128GCM,sw,decrypt,4096,18,491,2000319
esp32,AES128GCM,sw,decrypt,4096,18,492,2001099
esp32,AES128GCM,sw,decrypt,4096,18,493,1998954
esp32,AES128GCM,sw,decrypt,4096,18,494,2001099
esp32,AES128GCM,sw,decrypt,4096,18,495,2000148
esp32,AES128GCM,sw,decrypt,4096,18,496,2001354
esp32,AES128GCM,sw,decrypt,4096,18,497,2000145
esp32,AES128GCM,sw,decrypt,4096,18,498,2001267
esp32,AES128GCM,sw,decrypt,4096,18,499,1998945
esp32,AES128GCM,sw,decrypt,4096,18,500,2001099
esp32,AES128GCM,sw,decrypt,4096,18,501,2000319
esp32,AES128GCM,sw,decrypt,4096,18,502,2001099
esp32,AES128GCM,sw,decrypt,4096,18,503,2000316
esp32,AES128GCM,sw,decrypt,4096,18,504,2001099
esp32,AES128GCM,sw,decrypt,4096,18,505,1998945
esp32,AES128GCM,sw,decrypt,4096,18,506,2001201
esp32,AES128GCM,sw,decrypt,4096,18,507,2000148
esp32,AES128GCM,sw,decrypt,4096,18,508,2001270
esp32,AES128GCM,sw,decrypt,4096,18,509,2000148
esp32,AES128GCM,sw,decrypt,4096,18,510,2001270
esp32,AES128GCM,sw,decrypt,4096,18,511,2000148
esp32,AES128GCM,sw,decrypt,4096,18,512,1999896
esp32,AES128GCM,sw,decrypt,4096,18,513,2000316
esp32,AES128GCM,sw,decrypt,4096,18,514,2001099
esp32,AES128GCM,sw,decrypt,4096,18,515,2000319
esp32,AES128GCM,sw,decrypt,4096,18,516,2001099
esp32,AES128GCM,sw,decrypt,4096,18,517,2000145
esp32,AES128GCM,sw,decrypt,4096,18,518,1999896
esp32,AES128GCM,sw,decrypt,4096,18,519,2000148
esp32,AES128GCM,sw,decrypt,4096,18,520,2001273
esp32,AES128GCM,sw,decrypt,4096,18,521,2000145
esp32,AES128GCM,sw,decrypt,4096,18,522,2001102
esp32,AES128GCM,sw,decrypt,4096,18,523,2000145
esp32,AES128GCM,sw,decrypt,4096,18,524,1999896
esp32,AES128GCM,sw,decrypt,4096,18,525,2000319
esp32,AES128GCM,sw,decrypt,4096,18,526,2001099
esp32,AES128GCM,sw,decrypt,4096,18,527,2000145
esp32,AES128GCM,sw,decrypt,4096,18,528,2001099
esp32,AES128GCM,sw,decrypt,4096,18,529,2000151
esp32,AES128GCM,sw,decrypt,4096,18,530,1999896
esp32,AES128GCM,sw,decrypt,4096,18,531,2000319
esp32,AES128GCM,sw,decrypt,4096,18,532,2001099
esp32,AES128GCM,sw,decrypt,4096,18,533,2000148
esp32,AES128GCM,sw,decrypt,4096,18,534,2001099
esp32,AES128GCM,sw,decrypt,4096,18,535,2000319
esp32,AES128GCM,sw,decrypt,4096,18,536,2001099
esp32,AES128GCM,sw,decrypt,4096,18,537,1998945
esp32,AES128GCM,sw,decrypt,4096,18,538,2001099
esp32,AES128GCM,sw,decrypt,4096,18,539,2000151
esp32,AES128GCM,sw,decrypt,4096,18,540,2001270
esp32,AES128GCM,sw,decrypt,4096,18,541,2000145
esp32,AES128GCM,sw,decrypt,4096,18,542,2001270
esp32,AES128GCM,sw,decrypt,4096,18,543,1998945
esp32,AES128GCM,sw,decrypt,4096,18,544,2001099
esp32,AES128GCM,sw,decrypt,4096,18,545,2000319
esp32,AES128GCM,sw,decrypt,4096,18,546,2001099
esp32,AES128GCM,sw,decrypt,4096,18,547,2000316
esp32,AES128GCM,sw,decrypt,4096,18,548,2001099
esp32,AES128GCM,sw,decrypt,4096,18,549,1998945
esp32,AES128GCM,sw,decrypt,4096,18,550,2001201
esp32,AES128GCM,sw,decrypt,4096,18,551,2000148
esp32,AES128GCM,sw,decrypt,4096,18,552,2001270
esp32,AES128GCM,sw,decrypt,4096,18,553,2000148
esp32,AES128GCM,sw,decrypt,4096,18,554,2001270
esp32,AES128GCM,sw,decrypt,4096,18,555,2000148
esp32,AES128GCM,sw,decrypt,4096,18,556,1999896
esp32,AES128GCM,sw,decrypt,4096,18,557,2000316
esp32,AES128GCM,sw,decrypt,4096,18,558,2001099
esp32,AES128GCM,sw,decrypt,4096,18,559,2000319
esp32,AES128GCM,sw,decrypt,4096,18,560,2001099
esp32,AES128GCM,sw,decrypt,4096,18,561,2000145
esp32,AES128GCM,sw,decrypt,4096,18,562,1999896
esp32,AES128GCM,sw,decrypt,4096,18,563,2000148
esp32,AES128GCM,sw,decrypt,4096,18,564,2001273
esp32,AES128GCM,sw,decrypt,4096,18,565,2000145
esp32,AES128GCM,sw,decrypt,4096,18,566,2001102
esp32,AES128GCM,sw,decrypt,4096,18,567,2000145
esp32,AES128GCM,sw,decrypt,4096,18,568,1999896
esp32,AES128GCM,sw,decrypt,4096,18,569,2000319
esp32,AES128GCM,sw,decrypt,4096,18,570,2001099
esp32,AES128GCM,sw,decrypt,4096,18,571,2000145
esp32,AES128GCM,sw,decrypt,4096,18,572,2001099
esp32,AES128GCM,sw,decrypt,4096,18,573,2000151
esp32,AES128GCM,sw,decrypt,4096,18,574,1999896
esp32,AES128GCM,sw,decrypt,4096,18,575,2000148
esp32,AES128GCM,sw,decrypt,4096,18,576,2001270
esp32,AES128GCM,sw,decrypt,4096,18,577,2000148
esp32,AES128GCM,sw,decrypt,4096,18,578,2001099
esp32,AES128GCM,sw,decrypt,4096,18,579,2000319
esp32,AES128GCM,sw,decrypt,4096,18,580,2001099
esp32,AES128GCM,sw,decrypt,4096,18,581,1998945
esp32,AES128GCM,sw,decrypt,4096,18,582,2001099
esp32,AES128GCM,sw,decrypt,4096,18,583,2000151
esp32,AES128GCM,sw,decrypt,4096,18,584,2001270
esp32,AES128GCM,sw,decrypt,4096,18,585,2000145
esp32,AES128GCM,sw,decrypt,4096,18,586,2001270
esp32,AES128GCM,sw,decrypt,4096,18,587,1998945
esp32,AES128GCM,sw,decrypt,4096,18,588,2001099
esp32,AES128GCM,sw,decrypt,4096,18,589,2000319
esp32,AES128GCM,sw,decrypt,4096,18,590,2001099
esp32,AES128GCM,sw,decrypt,4096,18,591,2000316
esp32,AES128GCM,sw,decrypt,4096,18,592,2001099
esp32,AES128GCM,sw,decrypt,4096,18,593,1998945
esp32,AES128GCM,sw,decrypt,4096,18,594,2001201
esp32,AES128GCM,sw,decrypt,4096,18,595,2000148
esp32,AES128GCM,sw,decrypt,4096,18,596,2001270
esp32,AES128GCM,sw,decrypt,4096,18,597,2000148
esp32,AES128GCM,sw,decrypt,4096,18,598,2001270
esp32,AES128GCM,sw,decrypt,4096,18,599,1998945
esp32,AES128GCM,sw,decrypt,4096,18,600,1999896
esp32,AES128GCM,sw,decrypt,4096,18,601,2000319
esp32,AES128GCM,sw,decrypt,4096,18,602,2001099
esp32,AES128GCM,sw,decrypt,4096,18,603,2000319
esp32,AES128GCM,sw,decrypt,4096,18,604,2001099
esp32,AES128GCM,sw,decrypt,4096,18,605,2000148
esp32,AES128GCM,sw,decrypt,4096,18,606,1999896
esp32,AES128GCM,sw,decrypt,4096,18,607,2000148
esp32,AES128GCM,sw,decrypt,4096,18,608,2001273
esp32,AES128GCM,sw,decrypt,4096,18,609,2000145
esp32,AES128GCM,sw,decrypt,4096,18,610,2001102
esp32,AES128GCM,sw,decrypt,4096,18,611,2000145
esp32,AES128GCM,sw,decrypt,4096,18,612,1999896
esp32,AES128GCM,sw,decrypt,4096,18,613,2000319
esp32,AES128GCM,sw,decrypt,4096,18,614,2001099
esp32,AES128GCM,sw,decrypt,4096,18,615,2000145
esp32,AES128GCM,sw,decrypt,4096,18,616,2001099
esp32,AES128GCM,sw,decrypt,4096,18,617,2000151
esp32,AES128GCM,sw,decrypt,4096,18,618,1999896
esp32,AES128GCM,sw,decrypt,4096,18,619,2000148
esp32,AES128GCM,sw,decrypt,4096,18,620,2001270
esp32,AES128GCM,sw,decrypt,4096,18,621,2000148
esp32,AES128GCM,sw,decrypt,4096,18,622,2001099
esp32,AES128GCM,sw,decrypt,4096,18,623,2000319
esp32,AES128GCM,sw,decrypt,4096,18,624,2001099
esp32,AES128GCM,sw,decrypt,4096,18,625,1998945
esp32,AES128GCM,sw,decrypt,4096,18,626,2001099
esp32,AES128GCM,sw,decrypt,4096,18,627,2000151
esp32,AES128GCM,sw,decrypt,4096,18,628,2001270
esp32,AES128GCM,sw,decrypt,4096,18,629,2000145
esp32,AES128GCM,sw,decrypt,4096,18,630,2001270
esp32,AES128GCM,sw,decrypt,4096,18,631,1998945
esp32,AES128GCM,sw,decrypt,4096,18,632,2001099
esp32,AES128GCM,sw,decrypt,4096,18,633,2000319
esp32,AES128GCM,sw,decrypt,4096,18,634,2001099
esp32,AES128GCM,sw,decrypt,4096,18,635,2000316
esp32,AES128GCM,sw,decrypt,4096,18,636,2001099
esp32,AES128GCM,sw,decrypt,4096,18,637,1998945
esp32,AES128GCM,sw,decrypt,4096,18,638,2001201
esp32,AES128GCM,sw,decrypt,4096,18,639,2000148
esp32,AES128GCM,sw,decrypt,4096,18,640,2001270
esp32,AES128GCM,sw,decrypt,4096,18,641,2000145
esp32,AES128GCM,sw,decrypt,4096,18,642,2001270
esp32,AES128GCM,sw,decrypt,4096,18,643,1998945
esp32,AES128GCM,sw,decrypt,4096,18,644,2001096
esp32,AES128GCM,sw,decrypt,4096,18,645,2000319
esp32,AES128GCM,sw,decrypt,4096,18,646,2001096
esp32,AES128GCM,sw,decrypt,4096,18,647,2000319
esp32,AES128GCM,sw,decrypt,4096,18,648,2001099
esp32,AES128GCM,sw,decrypt,4096,18,649,2000148
esp32,AES128GCM,sw,decrypt,4096,18,650,1999896
esp32,AES128GCM,sw,decrypt,4096,18,651,2000145
esp32,AES128GCM,sw,decrypt,4096,18,652,2001270
esp32,AES128GCM,sw,decrypt,4096,18,653,2000145
esp32,AES128GCM,sw,decrypt,4096,18,654,2001102
esp32,AES128GCM,sw,decrypt,4096,18,655,2000158
esp32,AES128GCM,sw,decrypt,4096,18,656,1999896
esp32,AES128GCM,sw,decrypt,4096,18,657,1999770
esp32,AES128GCM,sw,decrypt,4096,18,658,2001099
esp32,AES128GCM,sw,decrypt,4096,18,659,2000148
esp32,AES128GCM,sw,decrypt,4096,18,660,2001099
esp32,AES128GCM,sw,decrypt,4096,18,661,2000151
esp32,AES128GCM,sw,decrypt,4096,18,662,1999896
esp32,AES128GCM,sw,decrypt,4096,18,663,2000145
esp32,AES128GCM,sw,decrypt,4096,18,664,2001099
esp32,AES128GCM,sw,decrypt,4096,18,665,2000148
esp32,AES128GCM,sw,decrypt,4096,18,666,2001099
esp32,AES128GCM,sw,decrypt,4096,18,667,2000298
esp32,AES128GCM,sw,decrypt,4096,18,668,1999896
esp32,AES128GCM,sw,decrypt,4096,18,669,1998951
esp32,AES128GCM,sw,decrypt,4096,18,670,2001099
esp32,AES128GCM,sw,decrypt,4096,18,671,2000151
esp32,AES128GCM,sw,decrypt,4096,18,672,2001204
esp32,AES128GCM,sw,decrypt,4096,18,673,2000148
esp32,AES128GCM,sw,decrypt,4096,18,674,2001270
esp32,AES128GCM,sw,decrypt,4096,18,675,1998945
esp32,AES128GCM,sw,decrypt,4096,18,676,2001099
esp32,AES128GCM,sw,decrypt,4096,18,677,2000178
esp32,AES128GCM,sw,decrypt,4096,18,678,2001099
esp32,AES128GCM,sw,decrypt,4096,18,679,2000319
esp32,AES128GCM,sw,decrypt,4096,18,680,2001099
esp32,AES128GCM,sw,decrypt,4096,18,681,1998945
esp32,AES128GCM,sw,decrypt,4096,18,682,2001123
esp32,AES128GCM,sw,decrypt,4096,18,683,2000148
esp32,AES128GCM,sw,decrypt,4096,18,684,2001270
esp32,AES128GCM,sw,decrypt,4096,18,685,2000148
esp32,AES128GCM,sw,decrypt,4096,18,686,2001273
esp32,AES128GCM,sw,decrypt,4096,18,687,1998945
esp32,AES128GCM,sw,decrypt,4096,18,688,2001099
esp32,AES128GCM,sw,decrypt,4096,18,689,2000319
esp32,AES128GCM,sw,decrypt,4096,18,690,2001099
esp32,AES128GCM,sw,decrypt,4096,18,691,2000271
esp32,AES128GCM,sw,decrypt,4096,18,692,2001096
esp32,AES128GCM,sw,decrypt,4096,18,693,2000148
esp32,AES128GCM,sw,decrypt,4096,18,694,1999896
esp32,AES128GCM,sw,decrypt,4096,18,695,2000148
esp32,AES128GCM,sw,decrypt,4096,18,696,2001273
esp32,AES128GCM,sw,decrypt,4096,18,697,2000148
esp32,AES128GCM,sw,decrypt,4096,18,698,2001099
esp32,AES128GCM,sw,decrypt,4096,18,699,2000145
esp32,AES128GCM,sw,decrypt,4096,18,700,1999896
esp32,AES128GCM,sw,decrypt,4096,18,701,2000319
esp32,AES128GCM,sw,decrypt,4096,18,702,2001096
esp32,AES128GCM,sw,decrypt,4096,18,703,2000151
esp32,AES128GCM,sw,decrypt,4096,18,704,2001099
esp32,AES128GCM,sw,decrypt,4096,18,705,2000148
esp32,AES128GCM,sw,decrypt,4096,18,706,1999896
esp32,AES128GCM,sw,decrypt,4096,18,707,2000145
esp32,AES128GCM,sw,decrypt,4096,18,708,2001099
esp32,AES128GCM,sw,decrypt,4096,18,709,2000148
esp32,AES128GCM,sw,decrypt,4096,18,710,2001099
esp32,AES128GCM,sw,decrypt,4096,18,711,2000319
esp32,AES128GCM,sw,decrypt,4096,18,712,1999896
esp32,AES128GCM,sw,decrypt,4096,18,713,2000148
esp32,AES128GCM,sw,decrypt,4096,18,714,2001099
esp32,AES128GCM,sw,decrypt,4096,18,715,2000148
esp32,AES128GCM,sw,decrypt,4096,18,716,2001270
esp32,AES128GCM,sw,decrypt,4096,18,717,2000145
esp32,AES128GCM,sw,decrypt,4096,18,718,2001270
esp32,AES128GCM,sw,decrypt,4096,18,719,1998945
esp32,AES128GCM,sw,decrypt,4096,18,720,2001099
esp32,AES128GCM,sw,decrypt,4096,18,721,2000217
esp32,AES128GCM,sw,decrypt,4096,18,722,2001099
esp32,AES128GCM,sw,decrypt,4096,18,723,2000319
esp32,AES128GCM,sw,decrypt,4096,18,724,2001105
esp32,AES128GCM,sw,decrypt,4096,18,725,1998945
esp32,AES128GCM,sw,decrypt,4096,18,726,2001117
esp32,AES128GCM,sw,decrypt,4096,18,727,2000148
esp32,AES128GCM,sw,decrypt,4096,18,728,2001270
esp32,AES128GCM,sw,decrypt,4096,18,729,2000148
esp32,AES128GCM,sw,decrypt,4096,18,730,2001273
esp32,AES128GCM,sw,decrypt,4096,18,731,1998945
esp32,AES128GCM,sw,decrypt,4096,18,732,2001099
esp32,AES128GCM,sw,decrypt,4096,18,733,2000319
esp32,AES128GCM,sw,decrypt,4096,18,734,2001099
esp32,AES128GCM,sw,decrypt,4096,18,735,2000271
esp32,AES128GCM,sw,decrypt,4096,18,736,2001096
esp32,AES128GCM,sw,decrypt,4096,18,737,1998945
esp32,AES128GCM,sw,decrypt,4096,18,738,1999896
esp32,AES128GCM,sw,decrypt,4096,18,739,2000148
esp32,AES128GCM,sw,decrypt,4096,18,740,2001270
esp32,AES128GCM,sw,decrypt,4096,18,741,2000145
esp32,AES128GCM,sw,decrypt,4096,18,742,2001099
esp32,AES128GCM,sw,decrypt,4096,18,743,2000145
esp32,AES128GCM,sw,decrypt,4096,18,744,1999896
esp32,AES128GCM,sw,decrypt,4096,18,745,2000322
esp32,AES128GCM,sw,decrypt,4096,18,746,2001096
esp32,AES128GCM,sw,decrypt,4096,18,747,2000148
esp32,AES128GCM,sw,decrypt,4096,18,748,2001096
esp32,AES128GCM,sw,decrypt,4096,18,749,2000151
esp32,AES128GCM,sw,decrypt,4096,18,750,1999896
esp32,AES128GCM,sw,decrypt,4096,18,751,2000145
esp32,AES128GCM,sw,decrypt,4096,18,752,2001099
esp32,AES128GCM,sw,decrypt,4096,18,753,2000148
esp32,AES128GCM,sw,decrypt,4096,18,754,2001099
esp32,AES128GCM,sw,decrypt,4096,18,755,2000298
esp32,AES128GCM,sw,decrypt,4096,18,756,1999896
esp32,AES128GCM,sw,decrypt,4096,18,757,2000148
esp32,AES128GCM,sw,decrypt,4096,18,758,2001099
esp32,AES128GCM,sw,decrypt,4096,18,759,2000151
esp32,AES128GCM,sw,decrypt,4096,18,760,2001270
esp32,AES128GCM,sw,decrypt,4096,18,761,2000145
esp32,AES128GCM,sw,decrypt,4096,18,762,2001270
esp32,AES128GCM,sw,decrypt,4096,18,763,1998945
esp32,AES128GCM,sw,decrypt,4096,18,764,2001096
esp32,AES128GCM,sw,decrypt,4096,18,765,2000205
esp32,AES128GCM,sw,decrypt,4096,18,766,2001099
esp32,AES128GCM,sw,decrypt,4096,18,767,2000319
esp32,AES128GCM,sw,decrypt,4096,18,768,2001099
esp32,AES128GCM,sw,decrypt,4096,18,769,1998945
esp32,AES128GCM,sw,decrypt,4096,18,770,2001123
esp32,AES128GCM,sw,decrypt,4096,18,771,2000148
esp32,AES128GCM,sw,decrypt,4096,18,772,2001270
esp32,AES128GCM,sw,decrypt,4096,18,773,2000148
esp32,AES128GCM,sw,decrypt,4096,18,774,2001273
esp32,AES128GCM,sw,decrypt,4096,18,775,1998945
esp32,AES128GCM,sw,decrypt,4096,18,776,2001099
esp32,AES128GCM,sw,decrypt,4096,18,777,2000319
esp32,AES128GCM,sw,decrypt,4096,18,778,2001099
esp32,AES128GCM,sw,decrypt,4096,18,779,2000271
esp32,AES128GCM,sw,decrypt,4096,18,780,2001096
esp32,AES128GCM,sw,decrypt,4096,18,781,1998945
esp32,AES128GCM,sw,decrypt,4096,18,782,2001270
esp32,AES128GCM,sw,decrypt,4096,18,783,2000148
esp32,AES128GCM,sw,decrypt,4096,18,784,2001099
esp32,AES128GCM,sw,decrypt,4096,18,785,2000148
esp32,AES128GCM,sw,decrypt,4096,18,786,2001099
esp32,AES128GCM,sw,decrypt,4096,18,787,2000148
esp32,AES128GCM,sw,decrypt,4096,18,788,1999896
esp32,AES128GCM,sw,decrypt,4096,18,789,2000319
esp32,AES128GCM,sw,decrypt,4096,18,790,2001096
esp32,AES128GCM,sw,decrypt,4096,18,791,2000151
esp32,AES128GCM,sw,decrypt,4096,18,792,2001099
esp32,AES128GCM,sw,decrypt,4096,18,793,2000148
esp32,AES128GCM,sw,decrypt,4096,18,794,1999896
esp32,AES128GCM,sw,decrypt,4096,18,795,2000145
esp32,AES128GCM,sw,decrypt,4096,18,796,2001099
esp32,AES128GCM,sw,decrypt,4096,18,797,2000148
esp32,AES128GCM,sw,decrypt,4096,18,798,2001099
esp32,AES128GCM,sw,decrypt,4096,18,799,2000319
esp32,AES128GCM,sw,decrypt,4096,18,800,1999896
esp32,AES128GCM,sw,decrypt,4096,18,801,2000148
esp32,AES128GCM,sw,decrypt,4096,18,802,2001099
esp32,AES128GCM,sw,decrypt,4096,18,803,2000148
esp32,AES128GCM,sw,decrypt,4096,18,804,2001270
esp32,AES128GCM,sw,decrypt,4096,18,805,2000145
esp32,AES128GCM,sw,decrypt,4096,18,806,2001141
esp32,AES128GCM,sw,decrypt,4096,18,807,1998945
esp32,AES128GCM,sw,decrypt,4096,18,808,2001099
esp32,AES128GCM,sw,decrypt,4096,18,809,2000319
esp32,AES128GCM,sw,decrypt,4096,18,810,2001096
esp32,AES128GCM,sw,decrypt,4096,18,811,2000319
esp32,AES128GCM,sw,decrypt,4096,18,812,2001096
esp32,AES128GCM,sw,decrypt,4096,18,813,1998948
esp32,AES128GCM,sw,decrypt,4096,18,814,2001153
esp32,AES128GCM,sw,decrypt,4096,18,815,2000148
esp32,AES128GCM,sw,decrypt,4096,18,816,2001270
esp32,AES128GCM,sw,decrypt,4096,18,817,2000148
esp32,AES128GCM,sw,decrypt,4096,18,818,2001273
esp32,AES128GCM,sw,decrypt,4096,18,819,1998945
esp32,AES128GCM,sw,decrypt,4096,18,820,2001099
esp32,AES128GCM,sw,decrypt,4096,18,821,2000319
esp32,AES128GCM,sw,decrypt,4096,18,822,2001099
esp32,AES128GCM,sw,decrypt,4096,18,823,2000271
esp32,AES128GCM,sw,decrypt,4096,18,824,2001096
esp32,AES128GCM,sw,decrypt,4096,18,825,1998945
esp32,AES128GCM,sw,decrypt,4096,18,826,2001270
esp32,AES128GCM,sw,decrypt,4096,18,827,2000148
esp32,AES128GCM,sw,decrypt,4096,18,828,2001099
esp32,AES128GCM,sw,decrypt,4096,18,829,2000148
esp32,AES128GCM,sw,decrypt,4096,18,830,2001099
esp32,AES128GCM,sw,decrypt,4096,18,831,2000148
esp32,AES128GCM,sw,decrypt,4096,18,832,1999896
esp32,AES128GCM,sw,decrypt,4096,18,833,2000319
esp32,AES128GCM,sw,decrypt,4096,18,834,2001096
esp32,AES128GCM,sw,decrypt,4096,18,835,2000151
esp32,AES128GCM,sw,decrypt,4096,18,836,2001099
esp32,AES128GCM,sw,decrypt,4096,18,837,2000148
esp32,AES128GCM,sw,decrypt,4096,18,838,1999899
esp32,AES128GCM,sw,decrypt,4096,18,839,2000148
esp32,AES128GCM,sw,decrypt,4096,18,840,2001099
esp32,AES128GCM,sw,decrypt,4096,18,841,2000145
esp32,AES128GCM,sw,decrypt,4096,18,842,2001096
esp32,AES128GCM,sw,decrypt,4096,18,843,2000319
esp32,AES128GCM,sw,decrypt,4096,18,844,1999896
esp32,AES128GCM,sw,decrypt,4096,18,845,2000148
esp32,AES128GCM,sw,decrypt,4096,18,846,2001099
esp32,AES128GCM,sw,decrypt,4096,18,847,2000148
esp32,AES128GCM,sw,decrypt,4096,18,848,2001270
esp32,AES128GCM,sw,decrypt,4096,18,849,2000145
esp32,AES128GCM,sw,decrypt,4096,18,850,1999896
esp32,AES128GCM,sw,decrypt,4096,18,851,2000145
esp32,AES128GCM,sw,decrypt,4096,18,852,2001099
esp32,AES128GCM,sw,decrypt,4096,18,853,2000319
esp32,AES128GCM,sw,decrypt,4096,18,854,2001099
esp32,AES128GCM,sw,decrypt,4096,18,855,2000319
esp32,AES128GCM,sw,decrypt,4096,18,856,2001099
esp32,AES128GCM,sw,decrypt,4096,18,857,1998948
esp32,AES128GCM,sw,decrypt,4096,18,858,2001192
esp32,AES128GCM,sw,decrypt,4096,18,859,2000148
esp32,AES128GCM,sw,decrypt,4096,18,860,2001270
esp32,AES128GCM,sw,decrypt,4096,18,861,2000148
esp32,AES128GCM,sw,decrypt,4096,18,862,2001273
esp32,AES128GCM,sw,decrypt,4096,18,863,1998945
esp32,AES128GCM,sw,decrypt,4096,18,864,2001099
esp32,AES128GCM,sw,decrypt,4096,18,865,2000319
esp32,AES128GCM,sw,decrypt,4096,18,866,2001099
esp32,AES128GCM,sw,decrypt,4096,18,867,2000271
esp32,AES128GCM,sw,decrypt,4096,18,868,2001096
esp32,AES128GCM,sw,decrypt,4096,18,869,1998945
esp32,AES128GCM,sw,decrypt,4096,18,870,2001270
esp32,AES128GCM,sw,decrypt,4096,18,871,2000148
esp32,AES128GCM,sw,decrypt,4096,18,872,2001099
esp32,AES128GCM,sw,decrypt,4096,18,873,2000148
esp32,AES128GCM,sw,decrypt,4096,18,874,2001099
esp32,AES128GCM,sw,decrypt,4096,18,875,2000148
esp32,AES128GCM,sw,decrypt,4096,18,876,1999896
esp32,AES128GCM,sw,decrypt,4096,18,877,2000319
esp32,AES128GCM,sw,decrypt,4096,18,878,2001096
esp32,AES128GCM,sw,decrypt,4096,18,879,2000151
esp32,AES128GCM,sw,decrypt,4096,18,880,2001099
esp32,AES128GCM,sw,decrypt,4096,18,881,2000148
esp32,AES128GCM,sw,decrypt,4096,18,882,1999896
esp32,AES128GCM,sw,decrypt,4096,18,883,2000145
esp32,AES128GCM,sw,decrypt,4096,18,884,2001099
esp32,AES128GCM,sw,decrypt,4096,18,885,2000148
esp32,AES128GCM,sw,decrypt,4096,18,886,2001099
esp32,AES128GCM,sw,decrypt,4096,18,887,2000319
esp32,AES128GCM,sw,decrypt,4096,18,888,1999896
esp32,AES128GCM,sw,decrypt,4096,18,889,2000148
esp32,AES128GCM,sw,decrypt,4096,18,890,2001099
esp32,AES128GCM,sw,decrypt,4096,18,891,2000148
esp32,AES128GCM,sw,decrypt,4096,18,892,2001270
esp32,AES128GCM,sw,decrypt,4096,18,893,2000145
esp32,AES128GCM,sw,decrypt,4096,18,894,1999896
esp32,AES128GCM,sw,decrypt,4096,18,895,2000148
esp32,AES128GCM,sw,decrypt,4096,18,896,2001099
esp32,AES128GCM,sw,decrypt,4096,18,897,2000319
esp32,AES128GCM,sw,decrypt,4096,18,898,2001099
esp32,AES128GCM,sw,decrypt,4096,18,899,2000319
esp32,AES128GCM,sw,decrypt,4096,18,900,2001096
esp32,AES128GCM,sw,decrypt,4096,18,901,1998948
esp32,AES128GCM,sw,decrypt,4096,18,902,2001192
esp32,AES128GCM,sw,decrypt,4096,18,903,2000148
esp32,AES128GCM,sw,decrypt,4096,18,904,2001270
esp32,AES128GCM,sw,decrypt,4096,18,905,2000148
esp32,AES128GCM,sw,decrypt,4096,18,906,2001273
esp32,AES128GCM,sw,decrypt,4096,18,907,1998945
esp32,AES128GCM,sw,decrypt,4096,18,908,2001099
esp32,AES128GCM,sw,decrypt,4096,18,909,2000319
esp32,AES128GCM,sw,decrypt,4096,18,910,2001099
esp32,AES128GCM,sw,decrypt,4096,18,911,2000271
esp32,AES128GCM,sw,decrypt,4096,18,912,2001096
esp32,AES128GCM,sw,decrypt,4096,18,913,1998945
esp32,AES128GCM,sw,decrypt,4096,18,914,2001270
esp32,AES128GCM,sw,decrypt,4096,18,915,2000148
esp32,AES128GCM,sw,decrypt,4096,18,916,2001099
esp32,AES128GCM,sw,decrypt,4096,18,917,2000148
esp32,AES128GCM,sw,decrypt,4096,18,918,2001099
esp32,AES128GCM,sw,decrypt,4096,18,919,1998945
esp32,AES128GCM,sw,decrypt,4096,18,920,2000529
esp32,AES128GCM,sw,decrypt,4096,18,921,2000322
esp32,AES128GCM,sw,decrypt,4096,18,922,2001099
esp32,AES128GCM,sw,decrypt,4096,18,923,1999404
esp32,AES128GCM,sw,decrypt,4096,18,924,2001099
esp32,AES128GCM,sw,decrypt,4096,18,925,1999932
esp32,AES128GCM,sw,decrypt,4096,18,926,1999896
esp32,AES128GCM,sw,decrypt,4096,18,927,2000148
esp32,AES128GCM,sw,decrypt,4096,18,928,2001270
esp32,AES128GCM,sw,decrypt,4096,18,929,2000145
esp32,AES128GCM,sw,decrypt,4096,18,930,2001126
esp32,AES128GCM,sw,decrypt,4096,18,931,2000148
esp32,AES128GCM,sw,decrypt,4096,18,932,1999896
esp32,AES128GCM,sw,decrypt,4096,18,933,2000319
esp32,AES128GCM,sw,decrypt,4096,18,934,2001096
esp32,AES128GCM,sw,decrypt,4096,18,935,2000181
esp32,AES128GCM,sw,decrypt,4096,18,936,2001099
esp32,AES128GCM,sw,decrypt,4096,18,937,2000148
esp32,AES128GCM,sw,decrypt,4096,18,938,1999896
esp32,AES128GCM,sw,decrypt,4096,18,939,2000145
esp32,AES128GCM,sw,decrypt,4096,18,940,2001270
esp32,AES128GCM,sw,decrypt,4096,18,941,2000148
esp32,AES128GCM,sw,decrypt,4096,18,942,2001102
esp32,AES128GCM,sw,decrypt,4096,18,943,2000148
esp32,AES128GCM,sw,decrypt,4096,18,944,2001096
esp32,AES128GCM,sw,decrypt,4096,18,945,1998945
esp32,AES128GCM,sw,decrypt,4096,18,946,2001099
esp32,AES128GCM,sw,decrypt,4096,18,947,2000148
esp32,AES128GCM,sw,decrypt,4096,18,948,2001096
esp32,AES128GCM,sw,decrypt,4096,18,949,2000151
esp32,AES128GCM,sw,decrypt,4096,18,950,2001270
esp32,AES128GCM,sw,decrypt,4096,18,951,1998945
esp32,AES128GCM,sw,decrypt,4096,18,952,2001099
esp32,AES128GCM,sw,decrypt,4096,18,953,2000148
esp32,AES128GCM,sw,decrypt,4096,18,954,2001099
esp32,AES128GCM,sw,decrypt,4096,18,955,2000319
esp32,AES128GCM,sw,decrypt,4096,18,956,2001096
esp32,AES128GCM,sw,decrypt,4096,18,957,1998945
esp32,AES128GCM,sw,decrypt,4096,18,958,2001099
esp32,AES128GCM,sw,decrypt,4096,18,959,2000148
esp32,AES128GCM,sw,decrypt,4096,18,960,2001270
esp32,AES128GCM,sw,decrypt,4096,18,961,2000148
esp32,AES128GCM,sw,decrypt,4096,18,962,2001270
esp32,AES128GCM,sw,decrypt,4096,18,963,1998945
esp32,AES128GCM,sw,decrypt,4096,18,964,2001102
esp32,AES128GCM,sw,decrypt,4096,18,965,2000238
esp32,AES128GCM,sw,decrypt,4096,18,966,2001099
esp32,AES128GCM,sw,decrypt,4096,18,967,2000319
esp32,AES128GCM,sw,decrypt,4096,18,968,2001099
esp32,AES128GCM,sw,decrypt,4096,18,969,2000322
esp32,AES128GCM,sw,decrypt,4096,18,970,1999896
esp32,AES128GCM,sw,decrypt,4096,18,971,2000148
esp32,AES128GCM,sw,decrypt,4096,18,972,2001270
esp32,AES128GCM,sw,decrypt,4096,18,973,2000148
esp32,AES128GCM,sw,decrypt,4096,18,974,2001225
esp32,AES128GCM,sw,decrypt,4096,18,975,2000145
esp32,AES128GCM,sw,decrypt,4096,18,976,1999896
esp32,AES128GCM,sw,decrypt,4096,18,977,2000316
esp32,AES128GCM,sw,decrypt,4096,18,978,2001099
esp32,AES128GCM,sw,decrypt,4096,18,979,2000145
esp32,AES128GCM,sw,decrypt,4096,18,980,2001099
esp32,AES128GCM,sw,decrypt,4096,18,981,2000148
esp32,AES128GCM,sw,decrypt,4096,18,982,1999896
esp32,AES128GCM,sw,decrypt,4096,18,983,2000145
esp32,AES128GCM,sw,decrypt,4096,18,984,2001270
esp32,AES128GCM,sw,decrypt,4096,18,985,2000148
esp32,AES128GCM,sw,decrypt,4096,18,986,2001102
esp32,AES128GCM,sw,decrypt,4096,18,987,2000148
esp32,AES128GCM,sw,decrypt,4096,18,988,1999896
esp32,AES128GCM,sw,decrypt,4096,18,989,1998944
esp32,AES128GCM,sw,decrypt,4096,18,990,2001099
esp32,AES128GCM,sw,decrypt,4096,18,991,2000148
esp32,AES128GCM,sw,decrypt,4096,18,992,2001096
esp32,AES128GCM,sw,decrypt,4096,18,993,2000151
esp32,AES128GCM,sw,decrypt,4096,18,994,2001270
esp32,AES128GCM,sw,decrypt,4096,18,995,1998945
esp32,AES128GCM,sw,decrypt,4096,18,996,2001099
esp32,AES128GCM,sw,decrypt,4096,18,997,2000148
esp32,AES128GCM,sw,decrypt,4096,18,998,2001099
esp32,AES128GCM,sw,decrypt,4096,18,999,2000319
stack,esp32,AES128GCM,sw,decrypt,4096,14020
BENCH: matrix complete, board=esp32 aes_impl=sw
