ESP-ROM:esp32c3-api1-20210207
Build:Feb  7 2021
rst:0x1 (POWERON),boot:0xc (SPI_FAST_FLASH_BOOT)
SPIWP:0xee
mode:DIO, clock div:1
load:0x3fcd5820,len:0x155c
load:0x403cbf10,len:0xc84
load:0x403ce710,len:0x2fac
entry 0x403cbf1a
[0;32mI (30) boot: ESP-IDF v5.5.5 2nd stage bootloader[0m
[0;32mI (30) boot: compile time Sep 10 2026 21:37:29[0m
[0;32mI (30) boot: chip revision: v0.3[0m
[0;32mI (30) boot: efuse block revision: v1.1[0m
[0;32mI (34) boot.esp32c3: SPI Speed      : 80MHz[0m
[0;32mI (38) boot.esp32c3: SPI Mode       : DIO[0m
[0;32mI (41) boot.esp32c3: SPI Flash Size : 2MB[0m
[0;32mI (45) boot: Enabling RNG early entropy source...[0m
[0;32mI (50) boot: Partition Table:[0m
[0;32mI (52) boot: ## Label            Usage          Type ST Offset   Length[0m
[0;32mI (59) boot:  0 nvs              WiFi data        01 02 00009000 00006000[0m
[0;32mI (65) boot:  1 phy_init         RF data          01 01 0000f000 00001000[0m
[0;32mI (72) boot:  2 factory          factory app      00 00 00010000 00100000[0m
[0;32mI (78) boot: End of partition table[0m
[0;32mI (81) esp_image: segment 0: paddr=00010020 vaddr=3c020020 size=0b0bch ( 45244) map[0m
[0;32mI (96) esp_image: segment 1: paddr=0001b0e4 vaddr=3fc8b600 size=01668h (  5736) load[0m
[0;32mI (97) esp_image: segment 2: paddr=0001c754 vaddr=40380000 size=038c4h ( 14532) load[0m
[0;32mI (106) esp_image: segment 3: paddr=00020020 vaddr=42000020 size=1637ch ( 91004) map[0m
[0;32mI (126) esp_image: segment 4: paddr=000363a4 vaddr=403838c4 size=07b3ch ( 31548) load[0m
[0;32mI (132) esp_image: segment 5: paddr=0003dee8 vaddr=50000000 size=00020h (    32) load[0m
[0;32mI (136) boot: Loaded app from partition at offset 0x10000[0m
[0;32mI (136) boot: Disabling RNG early entropy source...[0m
[0;32mI (151) cpu_start: Unicore app[0m
[0;32mI (159) cpu_start: GPIO 20 and 21 are used as console UART I/O pins[0m
[0;32mI (159) cpu_start: Pro cpu start user code[0m
[0;32mI (159) cpu_start: cpu freq: 160000000 Hz[0m
[0;32mI (161) app_init: Application information:[0m
[0;32mI (165) app_init: Project name:     bench[0m
[0;32mI (169) app_init: App version:      783fa59-dirty[0m
[0;32mI (173) app_init: Compile time:     Sep 10 2026 21:33:26[0m
[0;32mI (178) app_init: ELF file SHA256:  f66ff12b8...[0m
[0;32mI (183) app_init: ESP-IDF:          v5.5.5[0m
[0;32mI (187) efuse_init: Min chip rev:     v0.3[0m
[0;32mI (190) efuse_init: Max chip rev:     v1.99 [0m
[0;32mI (194) efuse_init: Chip rev:         v0.3[0m
[0;32mI (198) heap_init: Initializing. RAM available for dynamic allocation:[0m
[0;32mI (205) heap_init: At 3FC90B30 len 0002F4D0 (189 KiB): RAM[0m
[0;32mI (210) heap_init: At 3FCC0000 len 0001C710 (113 KiB): Retention RAM[0m
[0;32mI (216) heap_init: At 3FCDC710 len 00002950 (10 KiB): Retention RAM[0m
[0;32mI (222) heap_init: At 50000020 len 00001FC8 (7 KiB): RTCRAM[0m
[0;32mI (228) spi_flash: detected chip: generic[0m
[0;32mI (231) spi_flash: flash io: dio[0m
[0;33mW (234) spi_flash: Detected size(4096k) larger than the size in the binary image header(2048k). Using the size in the binary image header.[0m
[0;32mI (246) sleep_gpio: Configure to isolate all GPIO pins in sleep state[0m
[0;32mI (252) sleep_gpio: Enable automatic switching of GPIO sleep configuration[0m
[0;32mI (259) main_task: Started on CPU0[0m
[0;32mI (269) main_task: Calling app_main()[0m
board,algorithm,impl,operation,payload_bytes,ad_bytes,iteration,cycles
# free heap before launch: 252268
esp32c3,AES128GCM,sw,encrypt,16,18,0,29923
esp32c3,AES128GCM,sw,encrypt,16,18,1,35830
esp32c3,AES128GCM,sw,encrypt,16,18,2,37578
esp32c3,AES128GCM,sw,encrypt,16,18,3,35417
esp32c3,AES128GCM,sw,encrypt,16,18,4,37578
esp32c3,AES128GCM,sw,encrypt,16,18,5,35417
esp32c3,AES128GCM,sw,encrypt,16,18,6,37578
esp32c3,AES128GCM,sw,encrypt,16,18,7,35417
esp32c3,AES128GCM,sw,encrypt,16,18,8,37578
esp32c3,AES128GCM,sw,encrypt,16,18,9,35417
esp32c3,AES128GCM,sw,encrypt,16,18,10,37578
esp32c3,AES128GCM,sw,encrypt,16,18,11,35417
esp32c3,AES128GCM,sw,encrypt,16,18,12,36126
esp32c3,AES128GCM,sw,encrypt,16,18,13,35417
esp32c3,AES128GCM,sw,encrypt,16,18,14,36126
esp32c3,AES128GCM,sw,encrypt,16,18,15,35417
esp32c3,AES128GCM,sw,encrypt,16,18,16,36126
esp32c3,AES128GCM,sw,encrypt,16,18,17,35417
esp32c3,AES128GCM,sw,encrypt,16,18,18,36126
esp32c3,AES128GCM,sw,encrypt,16,18,19,35417
esp32c3,AES128GCM,sw,encrypt,16,18,20,36126
esp32c3,AES128GCM,sw,encrypt,16,18,21,35417
esp32c3,AES128GCM,sw,encrypt,16,18,22,36126
esp32c3,AES128GCM,sw,encrypt,16,18,23,35417
esp32c3,AES128GCM,sw,encrypt,16,18,24,36126
esp32c3,AES128GCM,sw,encrypt,16,18,25,35417
esp32c3,AES128GCM,sw,encrypt,16,18,26,36126
esp32c3,AES128GCM,sw,encrypt,16,18,27,35417
esp32c3,AES128GCM,sw,encrypt,16,18,28,36126
esp32c3,AES128GCM,sw,encrypt,16,18,29,35417
esp32c3,AES128GCM,sw,encrypt,16,18,30,36126
esp32c3,AES128GCM,sw,encrypt,16,18,31,36399
esp32c3,AES128GCM,sw,encrypt,16,18,32,36126
esp32c3,AES128GCM,sw,encrypt,16,18,33,35417
esp32c3,AES128GCM,sw,encrypt,16,18,34,36126
esp32c3,AES128GCM,sw,encrypt,16,18,35,35417
esp32c3,AES128GCM,sw,encrypt,16,18,36,36126
esp32c3,AES128GCM,sw,encrypt,16,18,37,35417
esp32c3,AES128GCM,sw,encrypt,16,18,38,36126
esp32c3,AES128GCM,sw,encrypt,16,18,39,35417
esp32c3,AES128GCM,sw,encrypt,16,18,40,36126
esp32c3,AES128GCM,sw,encrypt,16,18,41,35417
esp32c3,AES128GCM,sw,encrypt,16,18,42,36126
esp32c3,AES128GCM,sw,encrypt,16,18,43,35417
esp32c3,AES128GCM,sw,encrypt,16,18,44,36126
esp32c3,AES128GCM,sw,encrypt,16,18,45,35417
esp32c3,AES128GCM,sw,encrypt,16,18,46,36126
esp32c3,AES128GCM,sw,encrypt,16,18,47,35417
esp32c3,AES128GCM,sw,encrypt,16,18,48,36126
esp32c3,AES128GCM,sw,encrypt,16,18,49,35417
esp32c3,AES128GCM,sw,encrypt,16,18,50,36126
esp32c3,AES128GCM,sw,encrypt,16,18,51,35417
esp32c3,AES128GCM,sw,encrypt,16,18,52,36126
esp32c3,AES128GCM,sw,encrypt,16,18,53,35417
esp32c3,AES128GCM,sw,encrypt,16,18,54,36126
esp32c3,AES128GCM,sw,encrypt,16,18,55,35417
esp32c3,AES128GCM,sw,encrypt,16,18,56,36126
esp32c3,AES128GCM,sw,encrypt,16,18,57,35417
esp32c3,AES128GCM,sw,encrypt,16,18,58,36126
esp32c3,AES128GCM,sw,encrypt,16,18,59,35417
esp32c3,AES128GCM,sw,encrypt,16,18,60,36126
esp32c3,AES128GCM,sw,encrypt,16,18,61,35417
esp32c3,AES128GCM,sw,encrypt,16,18,62,36126
esp32c3,AES128GCM,sw,encrypt,16,18,63,35417
esp32c3,AES128GCM,sw,encrypt,16,18,64,36126
esp32c3,AES128GCM,sw,encrypt,16,18,65,35417
esp32c3,AES128GCM,sw,encrypt,16,18,66,36126
esp32c3,AES128GCM,sw,encrypt,16,18,67,35417
esp32c3,AES128GCM,sw,encrypt,16,18,68,36126
esp32c3,AES128GCM,sw,encrypt,16,18,69,35417
esp32c3,AES128GCM,sw,encrypt,16,18,70,36126
esp32c3,AES128GCM,sw,encrypt,16,18,71,35417
esp32c3,AES128GCM,sw,encrypt,16,18,72,37108
esp32c3,AES128GCM,sw,encrypt,16,18,73,35417
esp32c3,AES128GCM,sw,encrypt,16,18,74,36126
esp32c3,AES128GCM,sw,encrypt,16,18,75,35417
esp32c3,AES128GCM,sw,encrypt,16,18,76,36126
esp32c3,AES128GCM,sw,encrypt,16,18,77,35417
esp32c3,AES128GCM,sw,encrypt,16,18,78,36126
esp32c3,AES128GCM,sw,encrypt,16,18,79,35417
esp32c3,AES128GCM,sw,encrypt,16,18,80,36126
esp32c3,AES128GCM,sw,encrypt,16,18,81,35417
esp32c3,AES128GCM,sw,encrypt,16,18,82,36126
esp32c3,AES128GCM,sw,encrypt,16,18,83,35417
esp32c3,AES128GCM,sw,encrypt,16,18,84,36126
esp32c3,AES128GCM,sw,encrypt,16,18,85,35417
esp32c3,AES128GCM,sw,encrypt,16,18,86,36126
esp32c3,AES128GCM,sw,encrypt,16,18,87,35417
esp32c3,AES128GCM,sw,encrypt,16,18,88,36126
esp32c3,AES128GCM,sw,encrypt,16,18,89,35417
esp32c3,AES128GCM,sw,encrypt,16,18,90,36126
esp32c3,AES128GCM,sw,encrypt,16,18,91,35417
esp32c3,AES128GCM,sw,encrypt,16,18,92,36126
esp32c3,AES128GCM,sw,encrypt,16,18,93,35417
esp32c3,AES128GCM,sw,encrypt,16,18,94,36126
esp32c3,AES128GCM,sw,encrypt,16,18,95,35417
esp32c3,AES128GCM,sw,encrypt,16,18,96,36126
esp32c3,AES128GCM,sw,encrypt,16,18,97,35417
esp32c3,AES128GCM,sw,encrypt,16,18,98,36126
esp32c3,AES128GCM,sw,encrypt,16,18,99,35417
esp32c3,AES128GCM,sw,encrypt,16,18,100,36126
esp32c3,AES128GCM,sw,encrypt,16,18,101,35417
esp32c3,AES128GCM,sw,encrypt,16,18,102,36126
esp32c3,AES128GCM,sw,encrypt,16,18,103,35417
esp32c3,AES128GCM,sw,encrypt,16,18,104,36126
esp32c3,AES128GCM,sw,encrypt,16,18,105,35417
esp32c3,AES128GCM,sw,encrypt,16,18,106,36126
esp32c3,AES128GCM,sw,encrypt,16,18,107,35417
esp32c3,AES128GCM,sw,encrypt,16,18,108,36126
esp32c3,AES128GCM,sw,encrypt,16,18,109,35417
esp32c3,AES128GCM,sw,encrypt,16,18,110,36126
esp32c3,AES128GCM,sw,encrypt,16,18,111,35417
esp32c3,AES128GCM,sw,encrypt,16,18,112,36126
esp32c3,AES128GCM,sw,encrypt,16,18,113,35417
esp32c3,AES128GCM,sw,encrypt,16,18,114,36126
esp32c3,AES128GCM,sw,encrypt,16,18,115,35417
esp32c3,AES128GCM,sw,encrypt,16,18,116,36126
esp32c3,AES128GCM,sw,encrypt,16,18,117,35417
esp32c3,AES128GCM,sw,encrypt,16,18,118,36126
esp32c3,AES128GCM,sw,encrypt,16,18,119,35417
esp32c3,AES128GCM,sw,encrypt,16,18,120,36126
esp32c3,AES128GCM,sw,encrypt,16,18,121,35417
esp32c3,AES128GCM,sw,encrypt,16,18,122,36126
esp32c3,AES128GCM,sw,encrypt,16,18,123,35417
esp32c3,AES128GCM,sw,encrypt,16,18,124,36126
esp32c3,AES128GCM,sw,encrypt,16,18,125,35417
esp32c3,AES128GCM,sw,encrypt,16,18,126,36126
esp32c3,AES128GCM,sw,encrypt,16,18,127,35417
esp32c3,AES128GCM,sw,encrypt,16,18,128,36126
esp32c3,AES128GCM,sw,encrypt,16,18,129,35417
esp32c3,AES128GCM,sw,encrypt,16,18,130,36126
esp32c3,AES128GCM,sw,encrypt,16,18,131,35417
esp32c3,AES128GCM,sw,encrypt,16,18,132,36126
esp32c3,AES128GCM,sw,encrypt,16,18,133,35417
esp32c3,AES128GCM,sw,encrypt,16,18,134,36126
esp32c3,AES128GCM,sw,encrypt,16,18,135,35417
esp32c3,AES128GCM,sw,encrypt,16,18,136,36126
esp32c3,AES128GCM,sw,encrypt,16,18,137,35417
esp32c3,AES128GCM,sw,encrypt,16,18,138,36126
esp32c3,AES128GCM,sw,encrypt,16,18,139,35417
esp32c3,AES128GCM,sw,encrypt,16,18,140,36126
esp32c3,AES128GCM,sw,encrypt,16,18,141,35417
esp32c3,AES128GCM,sw,encrypt,16,18,142,36126
esp32c3,AES128GCM,sw,encrypt,16,18,143,35417
esp32c3,AES128GCM,sw,encrypt,16,18,144,36126
esp32c3,AES128GCM,sw,encrypt,16,18,145,35417
esp32c3,AES128GCM,sw,encrypt,16,18,146,36126
esp32c3,AES128GCM,sw,encrypt,16,18,147,35417
esp32c3,AES128GCM,sw,encrypt,16,18,148,36126
esp32c3,AES128GCM,sw,encrypt,16,18,149,35417
esp32c3,AES128GCM,sw,encrypt,16,18,150,36126
esp32c3,AES128GCM,sw,encrypt,16,18,151,35417
esp32c3,AES128GCM,sw,encrypt,16,18,152,36126
esp32c3,AES128GCM,sw,encrypt,16,18,153,35417
esp32c3,AES128GCM,sw,encrypt,16,18,154,36126
esp32c3,AES128GCM,sw,encrypt,16,18,155,35417
esp32c3,AES128GCM,sw,encrypt,16,18,156,36126
esp32c3,AES128GCM,sw,encrypt,16,18,157,35417
esp32c3,AES128GCM,sw,encrypt,16,18,158,36126
esp32c3,AES128GCM,sw,encrypt,16,18,159,35417
esp32c3,AES128GCM,sw,encrypt,16,18,160,36126
esp32c3,AES128GCM,sw,encrypt,16,18,161,35417
esp32c3,AES128GCM,sw,encrypt,16,18,162,36126
esp32c3,AES128GCM,sw,encrypt,16,18,163,35417
esp32c3,AES128GCM,sw,encrypt,16,18,164,36126
esp32c3,AES128GCM,sw,encrypt,16,18,165,35417
esp32c3,AES128GCM,sw,encrypt,16,18,166,36126
esp32c3,AES128GCM,sw,encrypt,16,18,167,35417
esp32c3,AES128GCM,sw,encrypt,16,18,168,36126
esp32c3,AES128GCM,sw,encrypt,16,18,169,35417
esp32c3,AES128GCM,sw,encrypt,16,18,170,36126
esp32c3,AES128GCM,sw,encrypt,16,18,171,35417
esp32c3,AES128GCM,sw,encrypt,16,18,172,36126
esp32c3,AES128GCM,sw,encrypt,16,18,173,35417
esp32c3,AES128GCM,sw,encrypt,16,18,174,36126
esp32c3,AES128GCM,sw,encrypt,16,18,175,35417
esp32c3,AES128GCM,sw,encrypt,16,18,176,36126
esp32c3,AES128GCM,sw,encrypt,16,18,177,35417
esp32c3,AES128GCM,sw,encrypt,16,18,178,36126
esp32c3,AES128GCM,sw,encrypt,16,18,179,35417
esp32c3,AES128GCM,sw,encrypt,16,18,180,36126
esp32c3,AES128GCM,sw,encrypt,16,18,181,35417
esp32c3,AES128GCM,sw,encrypt,16,18,182,36126
esp32c3,AES128GCM,sw,encrypt,16,18,183,35417
esp32c3,AES128GCM,sw,encrypt,16,18,184,36126
esp32c3,AES128GCM,sw,encrypt,16,18,185,35417
esp32c3,AES128GCM,sw,encrypt,16,18,186,36126
esp32c3,AES128GCM,sw,encrypt,16,18,187,35417
esp32c3,AES128GCM,sw,encrypt,16,18,188,36126
esp32c3,AES128GCM,sw,encrypt,16,18,189,35417
esp32c3,AES128GCM,sw,encrypt,16,18,190,36126
esp32c3,AES128GCM,sw,encrypt,16,18,191,35417
esp32c3,AES128GCM,sw,encrypt,16,18,192,36126
esp32c3,AES128GCM,sw,encrypt,16,18,193,35417
esp32c3,AES128GCM,sw,encrypt,16,18,194,36126
esp32c3,AES128GCM,sw,encrypt,16,18,195,35417
esp32c3,AES128GCM,sw,encrypt,16,18,196,36126
esp32c3,AES128GCM,sw,encrypt,16,18,197,35417
esp32c3,AES128GCM,sw,encrypt,16,18,198,36126
esp32c3,AES128GCM,sw,encrypt,16,18,199,35417
esp32c3,AES128GCM,sw,encrypt,16,18,200,36126
esp32c3,AES128GCM,sw,encrypt,16,18,201,35417
esp32c3,AES128GCM,sw,encrypt,16,18,202,36126
esp32c3,AES128GCM,sw,encrypt,16,18,203,35417
esp32c3,AES128GCM,sw,encrypt,16,18,204,36126
esp32c3,AES128GCM,sw,encrypt,16,18,205,35417
esp32c3,AES128GCM,sw,encrypt,16,18,206,36126
esp32c3,AES128GCM,sw,encrypt,16,18,207,35417
esp32c3,AES128GCM,sw,encrypt,16,18,208,36126
esp32c3,AES128GCM,sw,encrypt,16,18,209,35417
esp32c3,AES128GCM,sw,encrypt,16,18,210,36126
esp32c3,AES128GCM,sw,encrypt,16,18,211,35417
esp32c3,AES128GCM,sw,encrypt,16,18,212,36126
esp32c3,AES128GCM,sw,encrypt,16,18,213,35417
esp32c3,AES128GCM,sw,encrypt,16,18,214,36126
esp32c3,AES128GCM,sw,encrypt,16,18,215,35417
esp32c3,AES128GCM,sw,encrypt,16,18,216,36126
esp32c3,AES128GCM,sw,encrypt,16,18,217,35417
esp32c3,AES128GCM,sw,encrypt,16,18,218,36126
esp32c3,AES128GCM,sw,encrypt,16,18,219,35417
esp32c3,AES128GCM,sw,encrypt,16,18,220,36126
esp32c3,AES128GCM,sw,encrypt,16,18,221,35417
esp32c3,AES128GCM,sw,encrypt,16,18,222,36126
esp32c3,AES128GCM,sw,encrypt,16,18,223,35417
esp32c3,AES128GCM,sw,encrypt,16,18,224,36126
esp32c3,AES128GCM,sw,encrypt,16,18,225,35417
esp32c3,AES128GCM,sw,encrypt,16,18,226,36126
esp32c3,AES128GCM,sw,encrypt,16,18,227,35417
esp32c3,AES128GCM,sw,encrypt,16,18,228,36126
esp32c3,AES128GCM,sw,encrypt,16,18,229,35417
esp32c3,AES128GCM,sw,encrypt,16,18,230,36126
esp32c3,AES128GCM,sw,encrypt,16,18,231,35417
esp32c3,AES128GCM,sw,encrypt,16,18,232,36126
esp32c3,AES128GCM,sw,encrypt,16,18,233,35417
esp32c3,AES128GCM,sw,encrypt,16,18,234,36126
esp32c3,AES128GCM,sw,encrypt,16,18,235,35417
esp32c3,AES128GCM,sw,encrypt,16,18,236,36126
esp32c3,AES128GCM,sw,encrypt,16,18,237,35417
esp32c3,AES128GCM,sw,encrypt,16,18,238,36126
esp32c3,AES128GCM,sw,encrypt,16,18,239,35417
esp32c3,AES128GCM,sw,encrypt,16,18,240,36126
esp32c3,AES128GCM,sw,encrypt,16,18,241,35417
esp32c3,AES128GCM,sw,encrypt,16,18,242,36126
esp32c3,AES128GCM,sw,encrypt,16,18,243,35417
esp32c3,AES128GCM,sw,encrypt,16,18,244,36126
esp32c3,AES128GCM,sw,encrypt,16,18,245,35417
esp32c3,AES128GCM,sw,encrypt,16,18,246,36126
esp32c3,AES128GCM,sw,encrypt,16,18,247,35417
esp32c3,AES128GCM,sw,encrypt,16,18,248,36126
esp32c3,AES128GCM,sw,encrypt,16,18,249,35417
esp32c3,AES128GCM,sw,encrypt,16,18,250,36126
esp32c3,AES128GCM,sw,encrypt,16,18,251,35417
esp32c3,AES128GCM,sw,encrypt,16,18,252,36126
esp32c3,AES128GCM,sw,encrypt,16,18,253,35417
esp32c3,AES128GCM,sw,encrypt,16,18,254,36126
esp32c3,AES128GCM,sw,encrypt,16,18,255,35417
esp32c3,AES128GCM,sw,encrypt,16,18,256,36126
esp32c3,AES128GCM,sw,encrypt,16,18,257,35417
esp32c3,AES128GCM,sw,encrypt,16,18,258,36126
esp32c3,AES128GCM,sw,encrypt,16,18,259,35417
esp32c3,AES128GCM,sw,encrypt,16,18,260,36126
esp32c3,AES128GCM,sw,encrypt,16,18,261,35417
esp32c3,AES128GCM,sw,encrypt,16,18,262,36126
esp32c3,AES128GCM,sw,encrypt,16,18,263,35417
esp32c3,AES128GCM,sw,encrypt,16,18,264,36126
esp32c3,AES128GCM,sw,encrypt,16,18,265,35417
esp32c3,AES128GCM,sw,encrypt,16,18,266,36126
esp32c3,AES128GCM,sw,encrypt,16,18,267,35417
esp32c3,AES128GCM,sw,encrypt,16,18,268,36126
esp32c3,AES128GCM,sw,encrypt,16,18,269,35417
esp32c3,AES128GCM,sw,encrypt,16,18,270,36126
esp32c3,AES128GCM,sw,encrypt,16,18,271,35417
esp32c3,AES128GCM,sw,encrypt,16,18,272,36126
esp32c3,AES128GCM,sw,encrypt,16,18,273,35417
esp32c3,AES128GCM,sw,encrypt,16,18,274,36126
esp32c3,AES128GCM,sw,encrypt,16,18,275,35417
esp32c3,AES128GCM,sw,encrypt,16,18,276,36126
esp32c3,AES128GCM,sw,encrypt,16,18,277,35417
esp32c3,AES128GCM,sw,encrypt,16,18,278,37016
esp32c3,AES128GCM,sw,encrypt,16,18,279,35417
esp32c3,AES128GCM,sw,encrypt,16,18,280,36126
esp32c3,AES128GCM,sw,encrypt,16,18,281,35417
esp32c3,AES128GCM,sw,encrypt,16,18,282,36126
esp32c3,AES128GCM,sw,encrypt,16,18,283,36399
esp32c3,AES128GCM,sw,encrypt,16,18,284,36126
esp32c3,AES128GCM,sw,encrypt,16,18,285,35417
esp32c3,AES128GCM,sw,encrypt,16,18,286,36126
esp32c3,AES128GCM,sw,encrypt,16,18,287,35417
esp32c3,AES128GCM,sw,encrypt,16,18,288,37110
esp32c3,AES128GCM,sw,encrypt,16,18,289,35417
esp32c3,AES128GCM,sw,encrypt,16,18,290,36126
esp32c3,AES128GCM,sw,encrypt,16,18,291,35417
esp32c3,AES128GCM,sw,encrypt,16,18,292,36126
esp32c3,AES128GCM,sw,encrypt,16,18,293,36399
esp32c3,AES128GCM,sw,encrypt,16,18,294,36126
esp32c3,AES128GCM,sw,encrypt,16,18,295,35417
esp32c3,AES128GCM,sw,encrypt,16,18,296,36126
esp32c3,AES128GCM,sw,encrypt,16,18,297,35417
esp32c3,AES128GCM,sw,encrypt,16,18,298,37109
esp32c3,AES128GCM,sw,encrypt,16,18,299,35417
esp32c3,AES128GCM,sw,encrypt,16,18,300,36126
esp32c3,AES128GCM,sw,encrypt,16,18,301,35417
esp32c3,AES128GCM,sw,encrypt,16,18,302,36126
esp32c3,AES128GCM,sw,encrypt,16,18,303,36399
esp32c3,AES128GCM,sw,encrypt,16,18,304,36126
esp32c3,AES128GCM,sw,encrypt,16,18,305,35417
esp32c3,AES128GCM,sw,encrypt,16,18,306,36126
esp32c3,AES128GCM,sw,encrypt,16,18,307,35417
esp32c3,AES128GCM,sw,encrypt,16,18,308,36126
esp32c3,AES128GCM,sw,encrypt,16,18,309,35417
esp32c3,AES128GCM,sw,encrypt,16,18,310,36126
esp32c3,AES128GCM,sw,encrypt,16,18,311,35417
esp32c3,AES128GCM,sw,encrypt,16,18,312,36126
esp32c3,AES128GCM,sw,encrypt,16,18,313,35417
esp32c3,AES128GCM,sw,encrypt,16,18,314,36126
esp32c3,AES128GCM,sw,encrypt,16,18,315,35417
esp32c3,AES128GCM,sw,encrypt,16,18,316,36126
esp32c3,AES128GCM,sw,encrypt,16,18,317,35417
esp32c3,AES128GCM,sw,encrypt,16,18,318,36126
esp32c3,AES128GCM,sw,encrypt,16,18,319,35417
esp32c3,AES128GCM,sw,encrypt,16,18,320,36126
esp32c3,AES128GCM,sw,encrypt,16,18,321,35417
esp32c3,AES128GCM,sw,encrypt,16,18,322,36126
esp32c3,AES128GCM,sw,encrypt,16,18,323,35417
esp32c3,AES128GCM,sw,encrypt,16,18,324,36126
esp32c3,AES128GCM,sw,encrypt,16,18,325,35417
esp32c3,AES128GCM,sw,encrypt,16,18,326,36126
esp32c3,AES128GCM,sw,encrypt,16,18,327,35417
esp32c3,AES128GCM,sw,encrypt,16,18,328,36126
esp32c3,AES128GCM,sw,encrypt,16,18,329,35417
esp32c3,AES128GCM,sw,encrypt,16,18,330,36126
esp32c3,AES128GCM,sw,encrypt,16,18,331,35417
esp32c3,AES128GCM,sw,encrypt,16,18,332,36126
esp32c3,AES128GCM,sw,encrypt,16,18,333,35417
esp32c3,AES128GCM,sw,encrypt,16,18,334,36126
esp32c3,AES128GCM,sw,encrypt,16,18,335,35417
esp32c3,AES128GCM,sw,encrypt,16,18,336,36126
esp32c3,AES128GCM,sw,encrypt,16,18,337,35417
esp32c3,AES128GCM,sw,encrypt,16,18,338,36126
esp32c3,AES128GCM,sw,encrypt,16,18,339,35417
esp32c3,AES128GCM,sw,encrypt,16,18,340,36126
esp32c3,AES128GCM,sw,encrypt,16,18,341,35417
esp32c3,AES128GCM,sw,encrypt,16,18,342,36126
esp32c3,AES128GCM,sw,encrypt,16,18,343,35417
esp32c3,AES128GCM,sw,encrypt,16,18,344,36126
esp32c3,AES128GCM,sw,encrypt,16,18,345,35417
esp32c3,AES128GCM,sw,encrypt,16,18,346,36126
esp32c3,AES128GCM,sw,encrypt,16,18,347,35417
esp32c3,AES128GCM,sw,encrypt,16,18,348,36126
esp32c3,AES128GCM,sw,encrypt,16,18,349,35417
esp32c3,AES128GCM,sw,encrypt,16,18,350,36126
esp32c3,AES128GCM,sw,encrypt,16,18,351,35417
esp32c3,AES128GCM,sw,encrypt,16,18,352,36126
esp32c3,AES128GCM,sw,encrypt,16,18,353,35417
esp32c3,AES128GCM,sw,encrypt,16,18,354,36126
esp32c3,AES128GCM,sw,encrypt,16,18,355,35417
esp32c3,AES128GCM,sw,encrypt,16,18,356,36126
esp32c3,AES128GCM,sw,encrypt,16,18,357,35417
esp32c3,AES128GCM,sw,encrypt,16,18,358,36126
esp32c3,AES128GCM,sw,encrypt,16,18,359,35417
esp32c3,AES128GCM,sw,encrypt,16,18,360,36126
esp32c3,AES128GCM,sw,encrypt,16,18,361,35417
esp32c3,AES128GCM,sw,encrypt,16,18,362,36126
esp32c3,AES128GCM,sw,encrypt,16,18,363,35417
esp32c3,AES128GCM,sw,encrypt,16,18,364,36126
esp32c3,AES128GCM,sw,encrypt,16,18,365,35417
esp32c3,AES128GCM,sw,encrypt,16,18,366,36126
esp32c3,AES128GCM,sw,encrypt,16,18,367,35417
esp32c3,AES128GCM,sw,encrypt,16,18,368,36126
esp32c3,AES128GCM,sw,encrypt,16,18,369,35417
esp32c3,AES128GCM,sw,encrypt,16,18,370,36126
esp32c3,AES128GCM,sw,encrypt,16,18,371,35417
esp32c3,AES128GCM,sw,encrypt,16,18,372,36126
esp32c3,AES128GCM,sw,encrypt,16,18,373,35417
esp32c3,AES128GCM,sw,encrypt,16,18,374,36126
esp32c3,AES128GCM,sw,encrypt,16,18,375,35417
esp32c3,AES128GCM,sw,encrypt,16,18,376,36126
esp32c3,AES128GCM,sw,encrypt,16,18,377,35417
esp32c3,AES128GCM,sw,encrypt,16,18,378,36126
esp32c3,AES128GCM,sw,encrypt,16,18,379,35417
esp32c3,AES128GCM,sw,encrypt,16,18,380,36126
esp32c3,AES128GCM,sw,encrypt,16,18,381,35417
esp32c3,AES128GCM,sw,encrypt,16,18,382,36126
esp32c3,AES128GCM,sw,encrypt,16,18,383,35417
esp32c3,AES128GCM,sw,encrypt,16,18,384,36126
esp32c3,AES128GCM,sw,encrypt,16,18,385,35417
esp32c3,AES128GCM,sw,encrypt,16,18,386,36126
esp32c3,AES128GCM,sw,encrypt,16,18,387,35417
esp32c3,AES128GCM,sw,encrypt,16,18,388,36126
esp32c3,AES128GCM,sw,encrypt,16,18,389,35417
esp32c3,AES128GCM,sw,encrypt,16,18,390,36126
esp32c3,AES128GCM,sw,encrypt,16,18,391,35417
esp32c3,AES128GCM,sw,encrypt,16,18,392,36126
esp32c3,AES128GCM,sw,encrypt,16,18,393,35417
esp32c3,AES128GCM,sw,encrypt,16,18,394,36126
esp32c3,AES128GCM,sw,encrypt,16,18,395,35417
esp32c3,AES128GCM,sw,encrypt,16,18,396,36126
esp32c3,AES128GCM,sw,encrypt,16,18,397,35417
esp32c3,AES128GCM,sw,encrypt,16,18,398,36126
esp32c3,AES128GCM,sw,encrypt,16,18,399,35417
esp32c3,AES128GCM,sw,encrypt,16,18,400,36126
esp32c3,AES128GCM,sw,encrypt,16,18,401,35417
esp32c3,AES128GCM,sw,encrypt,16,18,402,36126
esp32c3,AES128GCM,sw,encrypt,16,18,403,35417
esp32c3,AES128GCM,sw,encrypt,16,18,404,36126
esp32c3,AES128GCM,sw,encrypt,16,18,405,35417
esp32c3,AES128GCM,sw,encrypt,16,18,406,36126
esp32c3,AES128GCM,sw,encrypt,16,18,407,35417
esp32c3,AES128GCM,sw,encrypt,16,18,408,36126
esp32c3,AES128GCM,sw,encrypt,16,18,409,35417
esp32c3,AES128GCM,sw,encrypt,16,18,410,36126
esp32c3,AES128GCM,sw,encrypt,16,18,411,35417
esp32c3,AES128GCM,sw,encrypt,16,18,412,36126
esp32c3,AES128GCM,sw,encrypt,16,18,413,35417
esp32c3,AES128GCM,sw,encrypt,16,18,414,36126
esp32c3,AES128GCM,sw,encrypt,16,18,415,35417
esp32c3,AES128GCM,sw,encrypt,16,18,416,36126
esp32c3,AES128GCM,sw,encrypt,16,18,417,35417
esp32c3,AES128GCM,sw,encrypt,16,18,418,36126
esp32c3,AES128GCM,sw,encrypt,16,18,419,35417
esp32c3,AES128GCM,sw,encrypt,16,18,420,36126
esp32c3,AES128GCM,sw,encrypt,16,18,421,35417
esp32c3,AES128GCM,sw,encrypt,16,18,422,36126
esp32c3,AES128GCM,sw,encrypt,16,18,423,35417
esp32c3,AES128GCM,sw,encrypt,16,18,424,36126
esp32c3,AES128GCM,sw,encrypt,16,18,425,35417
esp32c3,AES128GCM,sw,encrypt,16,18,426,36126
esp32c3,AES128GCM,sw,encrypt,16,18,427,35417
esp32c3,AES128GCM,sw,encrypt,16,18,428,36126
esp32c3,AES128GCM,sw,encrypt,16,18,429,35417
esp32c3,AES128GCM,sw,encrypt,16,18,430,36126
esp32c3,AES128GCM,sw,encrypt,16,18,431,35417
esp32c3,AES128GCM,sw,encrypt,16,18,432,36126
esp32c3,AES128GCM,sw,encrypt,16,18,433,35417
esp32c3,AES128GCM,sw,encrypt,16,18,434,36126
esp32c3,AES128GCM,sw,encrypt,16,18,435,35417
esp32c3,AES128GCM,sw,encrypt,16,18,436,36126
esp32c3,AES128GCM,sw,encrypt,16,18,437,35417
esp32c3,AES128GCM,sw,encrypt,16,18,438,36126
esp32c3,AES128GCM,sw,encrypt,16,18,439,35417
esp32c3,AES128GCM,sw,encrypt,16,18,440,36126
esp32c3,AES128GCM,sw,encrypt,16,18,441,35417
esp32c3,AES128GCM,sw,encrypt,16,18,442,36126
esp32c3,AES128GCM,sw,encrypt,16,18,443,35417
esp32c3,AES128GCM,sw,encrypt,16,18,444,36126
esp32c3,AES128GCM,sw,encrypt,16,18,445,35417
esp32c3,AES128GCM,sw,encrypt,16,18,446,36126
esp32c3,AES128GCM,sw,encrypt,16,18,447,35417
esp32c3,AES128GCM,sw,encrypt,16,18,448,36126
esp32c3,AES128GCM,sw,encrypt,16,18,449,35417
esp32c3,AES128GCM,sw,encrypt,16,18,450,36126
esp32c3,AES128GCM,sw,encrypt,16,18,451,35417
esp32c3,AES128GCM,sw,encrypt,16,18,452,36126
esp32c3,AES128GCM,sw,encrypt,16,18,453,35417
esp32c3,AES128GCM,sw,encrypt,16,18,454,36126
esp32c3,AES128GCM,sw,encrypt,16,18,455,35417
esp32c3,AES128GCM,sw,encrypt,16,18,456,36126
esp32c3,AES128GCM,sw,encrypt,16,18,457,35417
esp32c3,AES128GCM,sw,encrypt,16,18,458,36126
esp32c3,AES128GCM,sw,encrypt,16,18,459,35417
esp32c3,AES128GCM,sw,encrypt,16,18,460,36126
esp32c3,AES128GCM,sw,encrypt,16,18,461,35417
esp32c3,AES128GCM,sw,encrypt,16,18,462,36126
esp32c3,AES128GCM,sw,encrypt,16,18,463,35417
esp32c3,AES128GCM,sw,encrypt,16,18,464,36126
esp32c3,AES128GCM,sw,encrypt,16,18,465,35417
esp32c3,AES128GCM,sw,encrypt,16,18,466,36126
esp32c3,AES128GCM,sw,encrypt,16,18,467,35417
esp32c3,AES128GCM,sw,encrypt,16,18,468,36126
esp32c3,AES128GCM,sw,encrypt,16,18,469,35417
esp32c3,AES128GCM,sw,encrypt,16,18,470,36126
esp32c3,AES128GCM,sw,encrypt,16,18,471,35417
esp32c3,AES128GCM,sw,encrypt,16,18,472,36126
esp32c3,AES128GCM,sw,encrypt,16,18,473,35417
esp32c3,AES128GCM,sw,encrypt,16,18,474,36126
esp32c3,AES128GCM,sw,encrypt,16,18,475,35417
esp32c3,AES128GCM,sw,encrypt,16,18,476,36126
esp32c3,AES128GCM,sw,encrypt,16,18,477,35417
esp32c3,AES128GCM,sw,encrypt,16,18,478,36126
esp32c3,AES128GCM,sw,encrypt,16,18,479,35417
esp32c3,AES128GCM,sw,encrypt,16,18,480,36126
esp32c3,AES128GCM,sw,encrypt,16,18,481,35417
esp32c3,AES128GCM,sw,encrypt,16,18,482,36126
esp32c3,AES128GCM,sw,encrypt,16,18,483,35417
esp32c3,AES128GCM,sw,encrypt,16,18,484,36126
esp32c3,AES128GCM,sw,encrypt,16,18,485,35417
esp32c3,AES128GCM,sw,encrypt,16,18,486,36126
esp32c3,AES128GCM,sw,encrypt,16,18,487,35417
esp32c3,AES128GCM,sw,encrypt,16,18,488,36126
esp32c3,AES128GCM,sw,encrypt,16,18,489,35417
esp32c3,AES128GCM,sw,encrypt,16,18,490,36126
esp32c3,AES128GCM,sw,encrypt,16,18,491,35417
esp32c3,AES128GCM,sw,encrypt,16,18,492,36126
esp32c3,AES128GCM,sw,encrypt,16,18,493,35417
esp32c3,AES128GCM,sw,encrypt,16,18,494,36126
esp32c3,AES128GCM,sw,encrypt,16,18,495,35417
esp32c3,AES128GCM,sw,encrypt,16,18,496,36126
esp32c3,AES128GCM,sw,encrypt,16,18,497,35417
esp32c3,AES128GCM,sw,encrypt,16,18,498,36126
esp32c3,AES128GCM,sw,encrypt,16,18,499,35417
esp32c3,AES128GCM,sw,encrypt,16,18,500,36126
esp32c3,AES128GCM,sw,encrypt,16,18,501,35417
esp32c3,AES128GCM,sw,encrypt,16,18,502,36126
esp32c3,AES128GCM,sw,encrypt,16,18,503,35417
esp32c3,AES128GCM,sw,encrypt,16,18,504,36126
esp32c3,AES128GCM,sw,encrypt,16,18,505,35417
esp32c3,AES128GCM,sw,encrypt,16,18,506,36126
esp32c3,AES128GCM,sw,encrypt,16,18,507,35417
esp32c3,AES128GCM,sw,encrypt,16,18,508,36126
esp32c3,AES128GCM,sw,encrypt,16,18,509,35417
esp32c3,AES128GCM,sw,encrypt,16,18,510,36126
esp32c3,AES128GCM,sw,encrypt,16,18,511,35417
esp32c3,AES128GCM,sw,encrypt,16,18,512,36126
esp32c3,AES128GCM,sw,encrypt,16,18,513,35417
esp32c3,AES128GCM,sw,encrypt,16,18,514,36126
esp32c3,AES128GCM,sw,encrypt,16,18,515,35417
esp32c3,AES128GCM,sw,encrypt,16,18,516,36126
esp32c3,AES128GCM,sw,encrypt,16,18,517,35417
esp32c3,AES128GCM,sw,encrypt,16,18,518,36126
esp32c3,AES128GCM,sw,encrypt,16,18,519,35417
esp32c3,AES128GCM,sw,encrypt,16,18,520,36126
esp32c3,AES128GCM,sw,encrypt,16,18,521,35417
esp32c3,AES128GCM,sw,encrypt,16,18,522,36126
esp32c3,AES128GCM,sw,encrypt,16,18,523,35417
esp32c3,AES128GCM,sw,encrypt,16,18,524,36126
esp32c3,AES128GCM,sw,encrypt,16,18,525,35417
esp32c3,AES128GCM,sw,encrypt,16,18,526,36126
esp32c3,AES128GCM,sw,encrypt,16,18,527,35417
esp32c3,AES128GCM,sw,encrypt,16,18,528,36126
esp32c3,AES128GCM,sw,encrypt,16,18,529,35417
esp32c3,AES128GCM,sw,encrypt,16,18,530,36126
esp32c3,AES128GCM,sw,encrypt,16,18,531,35417
esp32c3,AES128GCM,sw,encrypt,16,18,532,36126
esp32c3,AES128GCM,sw,encrypt,16,18,533,35417
esp32c3,AES128GCM,sw,encrypt,16,18,534,36126
esp32c3,AES128GCM,sw,encrypt,16,18,535,35417
esp32c3,AES128GCM,sw,encrypt,16,18,536,36126
esp32c3,AES128GCM,sw,encrypt,16,18,537,35417
esp32c3,AES128GCM,sw,encrypt,16,18,538,36126
esp32c3,AES128GCM,sw,encrypt,16,18,539,35417
esp32c3,AES128GCM,sw,encrypt,16,18,540,36126
esp32c3,AES128GCM,sw,encrypt,16,18,541,35417
esp32c3,AES128GCM,sw,encrypt,16,18,542,36126
esp32c3,AES128GCM,sw,encrypt,16,18,543,35417
esp32c3,AES128GCM,sw,encrypt,16,18,544,36126
esp32c3,AES128GCM,sw,encrypt,16,18,545,35417
esp32c3,AES128GCM,sw,encrypt,16,18,546,36126
esp32c3,AES128GCM,sw,encrypt,16,18,547,35417
esp32c3,AES128GCM,sw,encrypt,16,18,548,36126
esp32c3,AES128GCM,sw,encrypt,16,18,549,35417
esp32c3,AES128GCM,sw,encrypt,16,18,550,36126
esp32c3,AES128GCM,sw,encrypt,16,18,551,36327
esp32c3,AES128GCM,sw,encrypt,16,18,552,36126
esp32c3,AES128GCM,sw,encrypt,16,18,553,35417
esp32c3,AES128GCM,sw,encrypt,16,18,554,36126
esp32c3,AES128GCM,sw,encrypt,16,18,555,35417
esp32c3,AES128GCM,sw,encrypt,16,18,556,37108
esp32c3,AES128GCM,sw,encrypt,16,18,557,35417
esp32c3,AES128GCM,sw,encrypt,16,18,558,36126
esp32c3,AES128GCM,sw,encrypt,16,18,559,35417
esp32c3,AES128GCM,sw,encrypt,16,18,560,36126
esp32c3,AES128GCM,sw,encrypt,16,18,561,36399
esp32c3,AES128GCM,sw,encrypt,16,18,562,36126
esp32c3,AES128GCM,sw,encrypt,16,18,563,35417
esp32c3,AES128GCM,sw,encrypt,16,18,564,36126
esp32c3,AES128GCM,sw,encrypt,16,18,565,35417
esp32c3,AES128GCM,sw,encrypt,16,18,566,37107
esp32c3,AES128GCM,sw,encrypt,16,18,567,35417
esp32c3,AES128GCM,sw,encrypt,16,18,568,36126
esp32c3,AES128GCM,sw,encrypt,16,18,569,35417
esp32c3,AES128GCM,sw,encrypt,16,18,570,36126
esp32c3,AES128GCM,sw,encrypt,16,18,571,36400
esp32c3,AES128GCM,sw,encrypt,16,18,572,36126
esp32c3,AES128GCM,sw,encrypt,16,18,573,35417
esp32c3,AES128GCM,sw,encrypt,16,18,574,36126
esp32c3,AES128GCM,sw,encrypt,16,18,575,35417
esp32c3,AES128GCM,sw,encrypt,16,18,576,37109
esp32c3,AES128GCM,sw,encrypt,16,18,577,35417
esp32c3,AES128GCM,sw,encrypt,16,18,578,36126
esp32c3,AES128GCM,sw,encrypt,16,18,579,35417
esp32c3,AES128GCM,sw,encrypt,16,18,580,36126
esp32c3,AES128GCM,sw,encrypt,16,18,581,35417
esp32c3,AES128GCM,sw,encrypt,16,18,582,36126
esp32c3,AES128GCM,sw,encrypt,16,18,583,35417
esp32c3,AES128GCM,sw,encrypt,16,18,584,36126
esp32c3,AES128GCM,sw,encrypt,16,18,585,35417
esp32c3,AES128GCM,sw,encrypt,16,18,586,36126
esp32c3,AES128GCM,sw,encrypt,16,18,587,35417
esp32c3,AES128GCM,sw,encrypt,16,18,588,36126
esp32c3,AES128GCM,sw,encrypt,16,18,589,35417
esp32c3,AES128GCM,sw,encrypt,16,18,590,36126
esp32c3,AES128GCM,sw,encrypt,16,18,591,35417
esp32c3,AES128GCM,sw,encrypt,16,18,592,36126
esp32c3,AES128GCM,sw,encrypt,16,18,593,35417
esp32c3,AES128GCM,sw,encrypt,16,18,594,36126
esp32c3,AES128GCM,sw,encrypt,16,18,595,35417
esp32c3,AES128GCM,sw,encrypt,16,18,596,36126
esp32c3,AES128GCM,sw,encrypt,16,18,597,35417
esp32c3,AES128GCM,sw,encrypt,16,18,598,36126
esp32c3,AES128GCM,sw,encrypt,16,18,599,35417
esp32c3,AES128GCM,sw,encrypt,16,18,600,36126
esp32c3,AES128GCM,sw,encrypt,16,18,601,35417
esp32c3,AES128GCM,sw,encrypt,16,18,602,36126
esp32c3,AES128GCM,sw,encrypt,16,18,603,35417
esp32c3,AES128GCM,sw,encrypt,16,18,604,36126
esp32c3,AES128GCM,sw,encrypt,16,18,605,35417
esp32c3,AES128GCM,sw,encrypt,16,18,606,36126
esp32c3,AES128GCM,sw,encrypt,16,18,607,35417
esp32c3,AES128GCM,sw,encrypt,16,18,608,36126
esp32c3,AES128GCM,sw,encrypt,16,18,609,35417
esp32c3,AES128GCM,sw,encrypt,16,18,610,36126
esp32c3,AES128GCM,sw,encrypt,16,18,611,35417
esp32c3,AES128GCM,sw,encrypt,16,18,612,36126
esp32c3,AES128GCM,sw,encrypt,16,18,613,35417
esp32c3,AES128GCM,sw,encrypt,16,18,614,36126
esp32c3,AES128GCM,sw,encrypt,16,18,615,35417
esp32c3,AES128GCM,sw,encrypt,16,18,616,36126
esp32c3,AES128GCM,sw,encrypt,16,18,617,35417
esp32c3,AES128GCM,sw,encrypt,16,18,618,36126
esp32c3,AES128GCM,sw,encrypt,16,18,619,35417
esp32c3,AES128GCM,sw,encrypt,16,18,620,36126
esp32c3,AES128GCM,sw,encrypt,16,18,621,35417
esp32c3,AES128GCM,sw,encrypt,16,18,622,36126
esp32c3,AES128GCM,sw,encrypt,16,18,623,35417
esp32c3,AES128GCM,sw,encrypt,16,18,624,36126
esp32c3,AES128GCM,sw,encrypt,16,18,625,35417
esp32c3,AES128GCM,sw,encrypt,16,18,626,36126
esp32c3,AES128GCM,sw,encrypt,16,18,627,35417
esp32c3,AES128GCM,sw,encrypt,16,18,628,36126
esp32c3,AES128GCM,sw,encrypt,16,18,629,35417
esp32c3,AES128GCM,sw,encrypt,16,18,630,36126
esp32c3,AES128GCM,sw,encrypt,16,18,631,35417
esp32c3,AES128GCM,sw,encrypt,16,18,632,36126
esp32c3,AES128GCM,sw,encrypt,16,18,633,35417
esp32c3,AES128GCM,sw,encrypt,16,18,634,36126
esp32c3,AES128GCM,sw,encrypt,16,18,635,35417
esp32c3,AES128GCM,sw,encrypt,16,18,636,36126
esp32c3,AES128GCM,sw,encrypt,16,18,637,35417
esp32c3,AES128GCM,sw,encrypt,16,18,638,36126
esp32c3,AES128GCM,sw,encrypt,16,18,639,35417
esp32c3,AES128GCM,sw,encrypt,16,18,640,36126
esp32c3,AES128GCM,sw,encrypt,16,18,641,35417
esp32c3,AES128GCM,sw,encrypt,16,18,642,36126
esp32c3,AES128GCM,sw,encrypt,16,18,643,35417
esp32c3,AES128GCM,sw,encrypt,16,18,644,36126
esp32c3,AES128GCM,sw,encrypt,16,18,645,35417
esp32c3,AES128GCM,sw,encrypt,16,18,646,36126
esp32c3,AES128GCM,sw,encrypt,16,18,647,35417
esp32c3,AES128GCM,sw,encrypt,16,18,648,36126
esp32c3,AES128GCM,sw,encrypt,16,18,649,35417
esp32c3,AES128GCM,sw,encrypt,16,18,650,36126
esp32c3,AES128GCM,sw,encrypt,16,18,651,35417
esp32c3,AES128GCM,sw,encrypt,16,18,652,36126
esp32c3,AES128GCM,sw,encrypt,16,18,653,35417
esp32c3,AES128GCM,sw,encrypt,16,18,654,36126
esp32c3,AES128GCM,sw,encrypt,16,18,655,35417
esp32c3,AES128GCM,sw,encrypt,16,18,656,36126
esp32c3,AES128GCM,sw,encrypt,16,18,657,35417
esp32c3,AES128GCM,sw,encrypt,16,18,658,36126
esp32c3,AES128GCM,sw,encrypt,16,18,659,35417
esp32c3,AES128GCM,sw,encrypt,16,18,660,36126
esp32c3,AES128GCM,sw,encrypt,16,18,661,35417
esp32c3,AES128GCM,sw,encrypt,16,18,662,36126
esp32c3,AES128GCM,sw,encrypt,16,18,663,35417
esp32c3,AES128GCM,sw,encrypt,16,18,664,36126
esp32c3,AES128GCM,sw,encrypt,16,18,665,35417
esp32c3,AES128GCM,sw,encrypt,16,18,666,36126
esp32c3,AES128GCM,sw,encrypt,16,18,667,35417
esp32c3,AES128GCM,sw,encrypt,16,18,668,36126
esp32c3,AES128GCM,sw,encrypt,16,18,669,35417
esp32c3,AES128GCM,sw,encrypt,16,18,670,36126
esp32c3,AES128GCM,sw,encrypt,16,18,671,35417
esp32c3,AES128GCM,sw,encrypt,16,18,672,36126
esp32c3,AES128GCM,sw,encrypt,16,18,673,35417
esp32c3,AES128GCM,sw,encrypt,16,18,674,36126
esp32c3,AES128GCM,sw,encrypt,16,18,675,35417
esp32c3,AES128GCM,sw,encrypt,16,18,676,36126
esp32c3,AES128GCM,sw,encrypt,16,18,677,35417
esp32c3,AES128GCM,sw,encrypt,16,18,678,36126
esp32c3,AES128GCM,sw,encrypt,16,18,679,35417
esp32c3,AES128GCM,sw,encrypt,16,18,680,36126
esp32c3,AES128GCM,sw,encrypt,16,18,681,35417
esp32c3,AES128GCM,sw,encrypt,16,18,682,36126
esp32c3,AES128GCM,sw,encrypt,16,18,683,35417
esp32c3,AES128GCM,sw,encrypt,16,18,684,36126
esp32c3,AES128GCM,sw,encrypt,16,18,685,35417
esp32c3,AES128GCM,sw,encrypt,16,18,686,36126
esp32c3,AES128GCM,sw,encrypt,16,18,687,35417
esp32c3,AES128GCM,sw,encrypt,16,18,688,36126
esp32c3,AES128GCM,sw,encrypt,16,18,689,35417
esp32c3,AES128GCM,sw,encrypt,16,18,690,36126
esp32c3,AES128GCM,sw,encrypt,16,18,691,35417
esp32c3,AES128GCM,sw,encrypt,16,18,692,36126
esp32c3,AES128GCM,sw,encrypt,16,18,693,35417
esp32c3,AES128GCM,sw,encrypt,16,18,694,36126
esp32c3,AES128GCM,sw,encrypt,16,18,695,35417
esp32c3,AES128GCM,sw,encrypt,16,18,696,36126
esp32c3,AES128GCM,sw,encrypt,16,18,697,35417
esp32c3,AES128GCM,sw,encrypt,16,18,698,36126
esp32c3,AES128GCM,sw,encrypt,16,18,699,35417
esp32c3,AES128GCM,sw,encrypt,16,18,700,36126
esp32c3,AES128GCM,sw,encrypt,16,18,701,35417
esp32c3,AES128GCM,sw,encrypt,16,18,702,36126
esp32c3,AES128GCM,sw,encrypt,16,18,703,35417
esp32c3,AES128GCM,sw,encrypt,16,18,704,36126
esp32c3,AES128GCM,sw,encrypt,16,18,705,35417
esp32c3,AES128GCM,sw,encrypt,16,18,706,36126
esp32c3,AES128GCM,sw,encrypt,16,18,707,35417
esp32c3,AES128GCM,sw,encrypt,16,18,708,36126
esp32c3,AES128GCM,sw,encrypt,16,18,709,35417
esp32c3,AES128GCM,sw,encrypt,16,18,710,36126
esp32c3,AES128GCM,sw,encrypt,16,18,711,35417
esp32c3,AES128GCM,sw,encrypt,16,18,712,36126
esp32c3,AES128GCM,sw,encrypt,16,18,713,35417
esp32c3,AES128GCM,sw,encrypt,16,18,714,36126
esp32c3,AES128GCM,sw,encrypt,16,18,715,35417
esp32c3,AES128GCM,sw,encrypt,16,18,716,36126
esp32c3,AES128GCM,sw,encrypt,16,18,717,35417
esp32c3,AES128GCM,sw,encrypt,16,18,718,36126
esp32c3,AES128GCM,sw,encrypt,16,18,719,35417
esp32c3,AES128GCM,sw,encrypt,16,18,720,36126
esp32c3,AES128GCM,sw,encrypt,16,18,721,35417
esp32c3,AES128GCM,sw,encrypt,16,18,722,36126
esp32c3,AES128GCM,sw,encrypt,16,18,723,35417
esp32c3,AES128GCM,sw,encrypt,16,18,724,36126
esp32c3,AES128GCM,sw,encrypt,16,18,725,35417
esp32c3,AES128GCM,sw,encrypt,16,18,726,36126
esp32c3,AES128GCM,sw,encrypt,16,18,727,35417
esp32c3,AES128GCM,sw,encrypt,16,18,728,36126
esp32c3,AES128GCM,sw,encrypt,16,18,729,35417
esp32c3,AES128GCM,sw,encrypt,16,18,730,36126
esp32c3,AES128GCM,sw,encrypt,16,18,731,35417
esp32c3,AES128GCM,sw,encrypt,16,18,732,36126
esp32c3,AES128GCM,sw,encrypt,16,18,733,35417
esp32c3,AES128GCM,sw,encrypt,16,18,734,36126
esp32c3,AES128GCM,sw,encrypt,16,18,735,35417
esp32c3,AES128GCM,sw,encrypt,16,18,736,36126
esp32c3,AES128GCM,sw,encrypt,16,18,737,35417
esp32c3,AES128GCM,sw,encrypt,16,18,738,36126
esp32c3,AES128GCM,sw,encrypt,16,18,739,35417
esp32c3,AES128GCM,sw,encrypt,16,18,740,36126
esp32c3,AES128GCM,sw,encrypt,16,18,741,35417
esp32c3,AES128GCM,sw,encrypt,16,18,742,36126
esp32c3,AES128GCM,sw,encrypt,16,18,743,35417
esp32c3,AES128GCM,sw,encrypt,16,18,744,36126
esp32c3,AES128GCM,sw,encrypt,16,18,745,35417
esp32c3,AES128GCM,sw,encrypt,16,18,746,36126
esp32c3,AES128GCM,sw,encrypt,16,18,747,35417
esp32c3,AES128GCM,sw,encrypt,16,18,748,36126
esp32c3,AES128GCM,sw,encrypt,16,18,749,35417
esp32c3,AES128GCM,sw,encrypt,16,18,750,36126
esp32c3,AES128GCM,sw,encrypt,16,18,751,35417
esp32c3,AES128GCM,sw,encrypt,16,18,752,36126
esp32c3,AES128GCM,sw,encrypt,16,18,753,35417
esp32c3,AES128GCM,sw,encrypt,16,18,754,36126
esp32c3,AES128GCM,sw,encrypt,16,18,755,35417
esp32c3,AES128GCM,sw,encrypt,16,18,756,36126
esp32c3,AES128GCM,sw,encrypt,16,18,757,35417
esp32c3,AES128GCM,sw,encrypt,16,18,758,36126
esp32c3,AES128GCM,sw,encrypt,16,18,759,35417
esp32c3,AES128GCM,sw,encrypt,16,18,760,36126
esp32c3,AES128GCM,sw,encrypt,16,18,761,35417
esp32c3,AES128GCM,sw,encrypt,16,18,762,36126
esp32c3,AES128GCM,sw,encrypt,16,18,763,35417
esp32c3,AES128GCM,sw,encrypt,16,18,764,36126
esp32c3,AES128GCM,sw,encrypt,16,18,765,35417
esp32c3,AES128GCM,sw,encrypt,16,18,766,36126
esp32c3,AES128GCM,sw,encrypt,16,18,767,35417
esp32c3,AES128GCM,sw,encrypt,16,18,768,36126
esp32c3,AES128GCM,sw,encrypt,16,18,769,35417
esp32c3,AES128GCM,sw,encrypt,16,18,770,36126
esp32c3,AES128GCM,sw,encrypt,16,18,771,35417
esp32c3,AES128GCM,sw,encrypt,16,18,772,36126
esp32c3,AES128GCM,sw,encrypt,16,18,773,35417
esp32c3,AES128GCM,sw,encrypt,16,18,774,36126
esp32c3,AES128GCM,sw,encrypt,16,18,775,35417
esp32c3,AES128GCM,sw,encrypt,16,18,776,36126
esp32c3,AES128GCM,sw,encrypt,16,18,777,35417
esp32c3,AES128GCM,sw,encrypt,16,18,778,36126
esp32c3,AES128GCM,sw,encrypt,16,18,779,35417
esp32c3,AES128GCM,sw,encrypt,16,18,780,36126
esp32c3,AES128GCM,sw,encrypt,16,18,781,35417
esp32c3,AES128GCM,sw,encrypt,16,18,782,36126
esp32c3,AES128GCM,sw,encrypt,16,18,783,35417
esp32c3,AES128GCM,sw,encrypt,16,18,784,36126
esp32c3,AES128GCM,sw,encrypt,16,18,785,35417
esp32c3,AES128GCM,sw,encrypt,16,18,786,36126
esp32c3,AES128GCM,sw,encrypt,16,18,787,35417
esp32c3,AES128GCM,sw,encrypt,16,18,788,36126
esp32c3,AES128GCM,sw,encrypt,16,18,789,35417
esp32c3,AES128GCM,sw,encrypt,16,18,790,36126
esp32c3,AES128GCM,sw,encrypt,16,18,791,35417
esp32c3,AES128GCM,sw,encrypt,16,18,792,36126
esp32c3,AES128GCM,sw,encrypt,16,18,793,35417
esp32c3,AES128GCM,sw,encrypt,16,18,794,36126
esp32c3,AES128GCM,sw,encrypt,16,18,795,35417
esp32c3,AES128GCM,sw,encrypt,16,18,796,36126
esp32c3,AES128GCM,sw,encrypt,16,18,797,35417
esp32c3,AES128GCM,sw,encrypt,16,18,798,36126
esp32c3,AES128GCM,sw,encrypt,16,18,799,35417
esp32c3,AES128GCM,sw,encrypt,16,18,800,36126
esp32c3,AES128GCM,sw,encrypt,16,18,801,35417
esp32c3,AES128GCM,sw,encrypt,16,18,802,36126
esp32c3,AES128GCM,sw,encrypt,16,18,803,35417
esp32c3,AES128GCM,sw,encrypt,16,18,804,36126
esp32c3,AES128GCM,sw,encrypt,16,18,805,35417
esp32c3,AES128GCM,sw,encrypt,16,18,806,36126
esp32c3,AES128GCM,sw,encrypt,16,18,807,35417
esp32c3,AES128GCM,sw,encrypt,16,18,808,36126
esp32c3,AES128GCM,sw,encrypt,16,18,809,35417
esp32c3,AES128GCM,sw,encrypt,16,18,810,36126
esp32c3,AES128GCM,sw,encrypt,16,18,811,35417
esp32c3,AES128GCM,sw,encrypt,16,18,812,36126
esp32c3,AES128GCM,sw,encrypt,16,18,813,35417
esp32c3,AES128GCM,sw,encrypt,16,18,814,36126
esp32c3,AES128GCM,sw,encrypt,16,18,815,35417
esp32c3,AES128GCM,sw,encrypt,16,18,816,36126
esp32c3,AES128GCM,sw,encrypt,16,18,817,35417
esp32c3,AES128GCM,sw,encrypt,16,18,818,36126
esp32c3,AES128GCM,sw,encrypt,16,18,819,35417
esp32c3,AES128GCM,sw,encrypt,16,18,820,36126
esp32c3,AES128GCM,sw,encrypt,16,18,821,35417
esp32c3,AES128GCM,sw,encrypt,16,18,822,36126
esp32c3,AES128GCM,sw,encrypt,16,18,823,35417
esp32c3,AES128GCM,sw,encrypt,16,18,824,37108
esp32c3,AES128GCM,sw,encrypt,16,18,825,35417
esp32c3,AES128GCM,sw,encrypt,16,18,826,36126
esp32c3,AES128GCM,sw,encrypt,16,18,827,35417
esp32c3,AES128GCM,sw,encrypt,16,18,828,36126
esp32c3,AES128GCM,sw,encrypt,16,18,829,36399
esp32c3,AES128GCM,sw,encrypt,16,18,830,36126
esp32c3,AES128GCM,sw,encrypt,16,18,831,35417
esp32c3,AES128GCM,sw,encrypt,16,18,832,36126
esp32c3,AES128GCM,sw,encrypt,16,18,833,35417
esp32c3,AES128GCM,sw,encrypt,16,18,834,37110
esp32c3,AES128GCM,sw,encrypt,16,18,835,35417
esp32c3,AES128GCM,sw,encrypt,16,18,836,36126
esp32c3,AES128GCM,sw,encrypt,16,18,837,35417
esp32c3,AES128GCM,sw,encrypt,16,18,838,36126
esp32c3,AES128GCM,sw,encrypt,16,18,839,36400
esp32c3,AES128GCM,sw,encrypt,16,18,840,36126
esp32c3,AES128GCM,sw,encrypt,16,18,841,35417
esp32c3,AES128GCM,sw,encrypt,16,18,842,36126
esp32c3,AES128GCM,sw,encrypt,16,18,843,35417
esp32c3,AES128GCM,sw,encrypt,16,18,844,37108
esp32c3,AES128GCM,sw,encrypt,16,18,845,35417
esp32c3,AES128GCM,sw,encrypt,16,18,846,36126
esp32c3,AES128GCM,sw,encrypt,16,18,847,35417
esp32c3,AES128GCM,sw,encrypt,16,18,848,36126
esp32c3,AES128GCM,sw,encrypt,16,18,849,36399
esp32c3,AES128GCM,sw,encrypt,16,18,850,36126
esp32c3,AES128GCM,sw,encrypt,16,18,851,35417
esp32c3,AES128GCM,sw,encrypt,16,18,852,36126
esp32c3,AES128GCM,sw,encrypt,16,18,853,35417
esp32c3,AES128GCM,sw,encrypt,16,18,854,36126
esp32c3,AES128GCM,sw,encrypt,16,18,855,35417
esp32c3,AES128GCM,sw,encrypt,16,18,856,36126
esp32c3,AES128GCM,sw,encrypt,16,18,857,35417
esp32c3,AES128GCM,sw,encrypt,16,18,858,36126
esp32c3,AES128GCM,sw,encrypt,16,18,859,35417
esp32c3,AES128GCM,sw,encrypt,16,18,860,36126
esp32c3,AES128GCM,sw,encrypt,16,18,861,35417
esp32c3,AES128GCM,sw,encrypt,16,18,862,36126
esp32c3,AES128GCM,sw,encrypt,16,18,863,35417
esp32c3,AES128GCM,sw,encrypt,16,18,864,36126
esp32c3,AES128GCM,sw,encrypt,16,18,865,35417
esp32c3,AES128GCM,sw,encrypt,16,18,866,36126
esp32c3,AES128GCM,sw,encrypt,16,18,867,35417
esp32c3,AES128GCM,sw,encrypt,16,18,868,36126
esp32c3,AES128GCM,sw,encrypt,16,18,869,35417
esp32c3,AES128GCM,sw,encrypt,16,18,870,36126
esp32c3,AES128GCM,sw,encrypt,16,18,871,35417
esp32c3,AES128GCM,sw,encrypt,16,18,872,36126
esp32c3,AES128GCM,sw,encrypt,16,18,873,35417
esp32c3,AES128GCM,sw,encrypt,16,18,874,36126
esp32c3,AES128GCM,sw,encrypt,16,18,875,35417
esp32c3,AES128GCM,sw,encrypt,16,18,876,36126
esp32c3,AES128GCM,sw,encrypt,16,18,877,35417
esp32c3,AES128GCM,sw,encrypt,16,18,878,36126
esp32c3,AES128GCM,sw,encrypt,16,18,879,35417
esp32c3,AES128GCM,sw,encrypt,16,18,880,36126
esp32c3,AES128GCM,sw,encrypt,16,18,881,35417
esp32c3,AES128GCM,sw,encrypt,16,18,882,36126
esp32c3,AES128GCM,sw,encrypt,16,18,883,35417
esp32c3,AES128GCM,sw,encrypt,16,18,884,36126
esp32c3,AES128GCM,sw,encrypt,16,18,885,35417
esp32c3,AES128GCM,sw,encrypt,16,18,886,36126
esp32c3,AES128GCM,sw,encrypt,16,18,887,35417
esp32c3,AES128GCM,sw,encrypt,16,18,888,36126
esp32c3,AES128GCM,sw,encrypt,16,18,889,35417
esp32c3,AES128GCM,sw,encrypt,16,18,890,36126
esp32c3,AES128GCM,sw,encrypt,16,18,891,35417
esp32c3,AES128GCM,sw,encrypt,16,18,892,36126
esp32c3,AES128GCM,sw,encrypt,16,18,893,35417
esp32c3,AES128GCM,sw,encrypt,16,18,894,36126
esp32c3,AES128GCM,sw,encrypt,16,18,895,35417
esp32c3,AES128GCM,sw,encrypt,16,18,896,36126
esp32c3,AES128GCM,sw,encrypt,16,18,897,35417
esp32c3,AES128GCM,sw,encrypt,16,18,898,36126
esp32c3,AES128GCM,sw,encrypt,16,18,899,35417
esp32c3,AES128GCM,sw,encrypt,16,18,900,36126
esp32c3,AES128GCM,sw,encrypt,16,18,901,35417
esp32c3,AES128GCM,sw,encrypt,16,18,902,36126
esp32c3,AES128GCM,sw,encrypt,16,18,903,35417
esp32c3,AES128GCM,sw,encrypt,16,18,904,36126
esp32c3,AES128GCM,sw,encrypt,16,18,905,35417
esp32c3,AES128GCM,sw,encrypt,16,18,906,36126
esp32c3,AES128GCM,sw,encrypt,16,18,907,35417
esp32c3,AES128GCM,sw,encrypt,16,18,908,36126
esp32c3,AES128GCM,sw,encrypt,16,18,909,35417
esp32c3,AES128GCM,sw,encrypt,16,18,910,36126
esp32c3,AES128GCM,sw,encrypt,16,18,911,35417
esp32c3,AES128GCM,sw,encrypt,16,18,912,36126
esp32c3,AES128GCM,sw,encrypt,16,18,913,35417
esp32c3,AES128GCM,sw,encrypt,16,18,914,36126
esp32c3,AES128GCM,sw,encrypt,16,18,915,35417
esp32c3,AES128GCM,sw,encrypt,16,18,916,36126
esp32c3,AES128GCM,sw,encrypt,16,18,917,35417
esp32c3,AES128GCM,sw,encrypt,16,18,918,36126
esp32c3,AES128GCM,sw,encrypt,16,18,919,35417
esp32c3,AES128GCM,sw,encrypt,16,18,920,36126
esp32c3,AES128GCM,sw,encrypt,16,18,921,35417
esp32c3,AES128GCM,sw,encrypt,16,18,922,36126
esp32c3,AES128GCM,sw,encrypt,16,18,923,35417
esp32c3,AES128GCM,sw,encrypt,16,18,924,36126
esp32c3,AES128GCM,sw,encrypt,16,18,925,35417
esp32c3,AES128GCM,sw,encrypt,16,18,926,36126
esp32c3,AES128GCM,sw,encrypt,16,18,927,35417
esp32c3,AES128GCM,sw,encrypt,16,18,928,36126
esp32c3,AES128GCM,sw,encrypt,16,18,929,35417
esp32c3,AES128GCM,sw,encrypt,16,18,930,36126
esp32c3,AES128GCM,sw,encrypt,16,18,931,35417
esp32c3,AES128GCM,sw,encrypt,16,18,932,36126
esp32c3,AES128GCM,sw,encrypt,16,18,933,35417
esp32c3,AES128GCM,sw,encrypt,16,18,934,36126
esp32c3,AES128GCM,sw,encrypt,16,18,935,35417
esp32c3,AES128GCM,sw,encrypt,16,18,936,36126
esp32c3,AES128GCM,sw,encrypt,16,18,937,35417
esp32c3,AES128GCM,sw,encrypt,16,18,938,36126
esp32c3,AES128GCM,sw,encrypt,16,18,939,35417
esp32c3,AES128GCM,sw,encrypt,16,18,940,36126
esp32c3,AES128GCM,sw,encrypt,16,18,941,35417
esp32c3,AES128GCM,sw,encrypt,16,18,942,36126
esp32c3,AES128GCM,sw,encrypt,16,18,943,35417
esp32c3,AES128GCM,sw,encrypt,16,18,944,36126
esp32c3,AES128GCM,sw,encrypt,16,18,945,35417
esp32c3,AES128GCM,sw,encrypt,16,18,946,36126
esp32c3,AES128GCM,sw,encrypt,16,18,947,35417
esp32c3,AES128GCM,sw,encrypt,16,18,948,36126
esp32c3,AES128GCM,sw,encrypt,16,18,949,35417
esp32c3,AES128GCM,sw,encrypt,16,18,950,36126
esp32c3,AES128GCM,sw,encrypt,16,18,951,35417
esp32c3,AES128GCM,sw,encrypt,16,18,952,36126
esp32c3,AES128GCM,sw,encrypt,16,18,953,35417
esp32c3,AES128GCM,sw,encrypt,16,18,954,36126
esp32c3,AES128GCM,sw,encrypt,16,18,955,35417
esp32c3,AES128GCM,sw,encrypt,16,18,956,36126
esp32c3,AES128GCM,sw,encrypt,16,18,957,35417
esp32c3,AES128GCM,sw,encrypt,16,18,958,36126
esp32c3,AES128GCM,sw,encrypt,16,18,959,35417
esp32c3,AES128GCM,sw,encrypt,16,18,960,36126
esp32c3,AES128GCM,sw,encrypt,16,18,961,35417
esp32c3,AES128GCM,sw,encrypt,16,18,962,36126
esp32c3,AES128GCM,sw,encrypt,16,18,963,35417
esp32c3,AES128GCM,sw,encrypt,16,18,964,36126
esp32c3,AES128GCM,sw,encrypt,16,18,965,35417
esp32c3,AES128GCM,sw,encrypt,16,18,966,36126
esp32c3,AES128GCM,sw,encrypt,16,18,967,35417
esp32c3,AES128GCM,sw,encrypt,16,18,968,36126
esp32c3,AES128GCM,sw,encrypt,16,18,969,35417
esp32c3,AES128GCM,sw,encrypt,16,18,970,36126
esp32c3,AES128GCM,sw,encrypt,16,18,971,35417
esp32c3,AES128GCM,sw,encrypt,16,18,972,36126
esp32c3,AES128GCM,sw,encrypt,16,18,973,35417
esp32c3,AES128GCM,sw,encrypt,16,18,974,36126
esp32c3,AES128GCM,sw,encrypt,16,18,975,35417
esp32c3,AES128GCM,sw,encrypt,16,18,976,36126
esp32c3,AES128GCM,sw,encrypt,16,18,977,35417
esp32c3,AES128GCM,sw,encrypt,16,18,978,36126
esp32c3,AES128GCM,sw,encrypt,16,18,979,35417
esp32c3,AES128GCM,sw,encrypt,16,18,980,36126
esp32c3,AES128GCM,sw,encrypt,16,18,981,35417
esp32c3,AES128GCM,sw,encrypt,16,18,982,36126
esp32c3,AES128GCM,sw,encrypt,16,18,983,35417
esp32c3,AES128GCM,sw,encrypt,16,18,984,36126
esp32c3,AES128GCM,sw,encrypt,16,18,985,35417
esp32c3,AES128GCM,sw,encrypt,16,18,986,36126
esp32c3,AES128GCM,sw,encrypt,16,18,987,35417
esp32c3,AES128GCM,sw,encrypt,16,18,988,36126
esp32c3,AES128GCM,sw,encrypt,16,18,989,35417
esp32c3,AES128GCM,sw,encrypt,16,18,990,36126
esp32c3,AES128GCM,sw,encrypt,16,18,991,35417
esp32c3,AES128GCM,sw,encrypt,16,18,992,36126
esp32c3,AES128GCM,sw,encrypt,16,18,993,35417
esp32c3,AES128GCM,sw,encrypt,16,18,994,36126
esp32c3,AES128GCM,sw,encrypt,16,18,995,35417
esp32c3,AES128GCM,sw,encrypt,16,18,996,36126
esp32c3,AES128GCM,sw,encrypt,16,18,997,35417
esp32c3,AES128GCM,sw,encrypt,16,18,998,36126
esp32c3,AES128GCM,sw,encrypt,16,18,999,35417
stack,esp32c3,AES128GCM,sw,encrypt,16,14244
esp32c3,AES128GCM,sw,decrypt,16,18,0,30144
esp32c3,AES128GCM,sw,decrypt,16,18,1,36907
esp32c3,AES128GCM,sw,decrypt,16,18,2,38052
esp32c3,AES128GCM,sw,decrypt,16,18,3,37639
esp32c3,AES128GCM,sw,decrypt,16,18,4,38052
esp32c3,AES128GCM,sw,decrypt,16,18,5,37639
esp32c3,AES128GCM,sw,decrypt,16,18,6,38052
esp32c3,AES128GCM,sw,decrypt,16,18,7,37639
esp32c3,AES128GCM,sw,decrypt,16,18,8,38052
esp32c3,AES128GCM,sw,decrypt,16,18,9,37639
esp32c3,AES128GCM,sw,decrypt,16,18,10,38052
esp32c3,AES128GCM,sw,decrypt,16,18,11,37639
esp32c3,AES128GCM,sw,decrypt,16,18,12,38052
esp32c3,AES128GCM,sw,decrypt,16,18,13,37639
esp32c3,AES128GCM,sw,decrypt,16,18,14,38052
esp32c3,AES128GCM,sw,decrypt,16,18,15,37639
esp32c3,AES128GCM,sw,decrypt,16,18,16,38052
esp32c3,AES128GCM,sw,decrypt,16,18,17,37639
esp32c3,AES128GCM,sw,decrypt,16,18,18,38052
esp32c3,AES128GCM,sw,decrypt,16,18,19,38623
esp32c3,AES128GCM,sw,decrypt,16,18,20,38052
esp32c3,AES128GCM,sw,decrypt,16,18,21,37639
esp32c3,AES128GCM,sw,decrypt,16,18,22,38052
esp32c3,AES128GCM,sw,decrypt,16,18,23,37639
esp32c3,AES128GCM,sw,decrypt,16,18,24,38052
esp32c3,AES128GCM,sw,decrypt,16,18,25,37639
esp32c3,AES128GCM,sw,decrypt,16,18,26,38052
esp32c3,AES128GCM,sw,decrypt,16,18,27,37639
esp32c3,AES128GCM,sw,decrypt,16,18,28,38052
esp32c3,AES128GCM,sw,decrypt,16,18,29,37639
esp32c3,AES128GCM,sw,decrypt,16,18,30,38052
esp32c3,AES128GCM,sw,decrypt,16,18,31,37639
esp32c3,AES128GCM,sw,decrypt,16,18,32,38052
esp32c3,AES128GCM,sw,decrypt,16,18,33,37639
esp32c3,AES128GCM,sw,decrypt,16,18,34,38052
esp32c3,AES128GCM,sw,decrypt,16,18,35,37639
esp32c3,AES128GCM,sw,decrypt,16,18,36,38052
esp32c3,AES128GCM,sw,decrypt,16,18,37,37639
esp32c3,AES128GCM,sw,decrypt,16,18,38,38052
esp32c3,AES128GCM,sw,decrypt,16,18,39,37639
esp32c3,AES128GCM,sw,decrypt,16,18,40,38052
esp32c3,AES128GCM,sw,decrypt,16,18,41,37639
esp32c3,AES128GCM,sw,decrypt,16,18,42,39035
esp32c3,AES128GCM,sw,decrypt,16,18,43,37639
esp32c3,AES128GCM,sw,decrypt,16,18,44,38052
esp32c3,AES128GCM,sw,decrypt,16,18,45,37639
esp32c3,AES128GCM,sw,decrypt,16,18,46,38052
esp32c3,AES128GCM,sw,decrypt,16,18,47,37639
esp32c3,AES128GCM,sw,decrypt,16,18,48,38052
esp32c3,AES128GCM,sw,decrypt,16,18,49,37639
esp32c3,AES128GCM,sw,decrypt,16,18,50,38052
esp32c3,AES128GCM,sw,decrypt,16,18,51,37639
esp32c3,AES128GCM,sw,decrypt,16,18,52,38052
esp32c3,AES128GCM,sw,decrypt,16,18,53,37639
esp32c3,AES128GCM,sw,decrypt,16,18,54,38052
esp32c3,AES128GCM,sw,decrypt,16,18,55,37639
esp32c3,AES128GCM,sw,decrypt,16,18,56,38052
esp32c3,AES128GCM,sw,decrypt,16,18,57,37639
esp32c3,AES128GCM,sw,decrypt,16,18,58,38052
esp32c3,AES128GCM,sw,decrypt,16,18,59,37639
esp32c3,AES128GCM,sw,decrypt,16,18,60,38052
esp32c3,AES128GCM,sw,decrypt,16,18,61,37639
esp32c3,AES128GCM,sw,decrypt,16,18,62,38052
esp32c3,AES128GCM,sw,decrypt,16,18,63,37639
esp32c3,AES128GCM,sw,decrypt,16,18,64,38052
esp32c3,AES128GCM,sw,decrypt,16,18,65,37639
esp32c3,AES128GCM,sw,decrypt,16,18,66,38052
esp32c3,AES128GCM,sw,decrypt,16,18,67,37639
esp32c3,AES128GCM,sw,decrypt,16,18,68,38052
esp32c3,AES128GCM,sw,decrypt,16,18,69,37639
esp32c3,AES128GCM,sw,decrypt,16,18,70,38052
esp32c3,AES128GCM,sw,decrypt,16,18,71,37639
esp32c3,AES128GCM,sw,decrypt,16,18,72,38052
esp32c3,AES128GCM,sw,decrypt,16,18,73,37639
esp32c3,AES128GCM,sw,decrypt,16,18,74,38052
esp32c3,AES128GCM,sw,decrypt,16,18,75,37639
esp32c3,AES128GCM,sw,decrypt,16,18,76,38052
esp32c3,AES128GCM,sw,decrypt,16,18,77,37639
esp32c3,AES128GCM,sw,decrypt,16,18,78,38052
esp32c3,AES128GCM,sw,decrypt,16,18,79,37639
esp32c3,AES128GCM,sw,decrypt,16,18,80,38052
esp32c3,AES128GCM,sw,decrypt,16,18,81,37639
esp32c3,AES128GCM,sw,decrypt,16,18,82,38052
esp32c3,AES128GCM,sw,decrypt,16,18,83,38621
esp32c3,AES128GCM,sw,decrypt,16,18,84,38052
esp32c3,AES128GCM,sw,decrypt,16,18,85,37639
esp32c3,AES128GCM,sw,decrypt,16,18,86,38052
esp32c3,AES128GCM,sw,decrypt,16,18,87,37639
esp32c3,AES128GCM,sw,decrypt,16,18,88,38052
esp32c3,AES128GCM,sw,decrypt,16,18,89,37639
esp32c3,AES128GCM,sw,decrypt,16,18,90,38052
esp32c3,AES128GCM,sw,decrypt,16,18,91,37639
esp32c3,AES128GCM,sw,decrypt,16,18,92,38052
esp32c3,AES128GCM,sw,decrypt,16,18,93,37639
esp32c3,AES128GCM,sw,decrypt,16,18,94,38052
esp32c3,AES128GCM,sw,decrypt,16,18,95,37639
esp32c3,AES128GCM,sw,decrypt,16,18,96,38052
esp32c3,AES128GCM,sw,decrypt,16,18,97,37639
esp32c3,AES128GCM,sw,decrypt,16,18,98,38052
esp32c3,AES128GCM,sw,decrypt,16,18,99,37639
esp32c3,AES128GCM,sw,decrypt,16,18,100,38052
esp32c3,AES128GCM,sw,decrypt,16,18,101,37639
esp32c3,AES128GCM,sw,decrypt,16,18,102,38052
esp32c3,AES128GCM,sw,decrypt,16,18,103,37639
esp32c3,AES128GCM,sw,decrypt,16,18,104,38052
esp32c3,AES128GCM,sw,decrypt,16,18,105,37639
esp32c3,AES128GCM,sw,decrypt,16,18,106,38052
esp32c3,AES128GCM,sw,decrypt,16,18,107,37639
esp32c3,AES128GCM,sw,decrypt,16,18,108,38052
esp32c3,AES128GCM,sw,decrypt,16,18,109,37639
esp32c3,AES128GCM,sw,decrypt,16,18,110,38052
esp32c3,AES128GCM,sw,decrypt,16,18,111,37639
esp32c3,AES128GCM,sw,decrypt,16,18,112,38052
esp32c3,AES128GCM,sw,decrypt,16,18,113,37639
esp32c3,AES128GCM,sw,decrypt,16,18,114,38052
esp32c3,AES128GCM,sw,decrypt,16,18,115,37639
esp32c3,AES128GCM,sw,decrypt,16,18,116,38052
esp32c3,AES128GCM,sw,decrypt,16,18,117,37639
esp32c3,AES128GCM,sw,decrypt,16,18,118,38052
esp32c3,AES128GCM,sw,decrypt,16,18,119,37639
esp32c3,AES128GCM,sw,decrypt,16,18,120,38052
esp32c3,AES128GCM,sw,decrypt,16,18,121,37639
esp32c3,AES128GCM,sw,decrypt,16,18,122,38052
esp32c3,AES128GCM,sw,decrypt,16,18,123,37639
esp32c3,AES128GCM,sw,decrypt,16,18,124,38052
esp32c3,AES128GCM,sw,decrypt,16,18,125,37639
esp32c3,AES128GCM,sw,decrypt,16,18,126,38052
esp32c3,AES128GCM,sw,decrypt,16,18,127,37639
esp32c3,AES128GCM,sw,decrypt,16,18,128,38052
esp32c3,AES128GCM,sw,decrypt,16,18,129,37639
esp32c3,AES128GCM,sw,decrypt,16,18,130,38052
esp32c3,AES128GCM,sw,decrypt,16,18,131,37639
esp32c3,AES128GCM,sw,decrypt,16,18,132,38052
esp32c3,AES128GCM,sw,decrypt,16,18,133,37639
esp32c3,AES128GCM,sw,decrypt,16,18,134,38052
esp32c3,AES128GCM,sw,decrypt,16,18,135,37639
esp32c3,AES128GCM,sw,decrypt,16,18,136,38052
esp32c3,AES128GCM,sw,decrypt,16,18,137,37639
esp32c3,AES128GCM,sw,decrypt,16,18,138,38052
esp32c3,AES128GCM,sw,decrypt,16,18,139,37639
esp32c3,AES128GCM,sw,decrypt,16,18,140,38052
esp32c3,AES128GCM,sw,decrypt,16,18,141,37639
esp32c3,AES128GCM,sw,decrypt,16,18,142,38052
esp32c3,AES128GCM,sw,decrypt,16,18,143,37639
esp32c3,AES128GCM,sw,decrypt,16,18,144,38052
esp32c3,AES128GCM,sw,decrypt,16,18,145,37639
esp32c3,AES128GCM,sw,decrypt,16,18,146,38974
esp32c3,AES128GCM,sw,decrypt,16,18,147,37639
esp32c3,AES128GCM,sw,decrypt,16,18,148,38052
esp32c3,AES128GCM,sw,decrypt,16,18,149,37639
esp32c3,AES128GCM,sw,decrypt,16,18,150,38052
esp32c3,AES128GCM,sw,decrypt,16,18,151,38621
esp32c3,AES128GCM,sw,decrypt,16,18,152,38052
esp32c3,AES128GCM,sw,decrypt,16,18,153,37639
esp32c3,AES128GCM,sw,decrypt,16,18,154,38052
esp32c3,AES128GCM,sw,decrypt,16,18,155,37639
esp32c3,AES128GCM,sw,decrypt,16,18,156,39034
esp32c3,AES128GCM,sw,decrypt,16,18,157,37639
esp32c3,AES128GCM,sw,decrypt,16,18,158,38052
esp32c3,AES128GCM,sw,decrypt,16,18,159,37639
esp32c3,AES128GCM,sw,decrypt,16,18,160,38052
esp32c3,AES128GCM,sw,decrypt,16,18,161,38615
esp32c3,AES128GCM,sw,decrypt,16,18,162,38052
esp32c3,AES128GCM,sw,decrypt,16,18,163,37639
esp32c3,AES128GCM,sw,decrypt,16,18,164,38052
esp32c3,AES128GCM,sw,decrypt,16,18,165,37639
esp32c3,AES128GCM,sw,decrypt,16,18,166,39034
esp32c3,AES128GCM,sw,decrypt,16,18,167,37639
esp32c3,AES128GCM,sw,decrypt,16,18,168,38052
esp32c3,AES128GCM,sw,decrypt,16,18,169,37639
esp32c3,AES128GCM,sw,decrypt,16,18,170,38052
esp32c3,AES128GCM,sw,decrypt,16,18,171,38622
esp32c3,AES128GCM,sw,decrypt,16,18,172,38052
esp32c3,AES128GCM,sw,decrypt,16,18,173,37639
esp32c3,AES128GCM,sw,decrypt,16,18,174,38052
esp32c3,AES128GCM,sw,decrypt,16,18,175,37639
esp32c3,AES128GCM,sw,decrypt,16,18,176,38052
esp32c3,AES128GCM,sw,decrypt,16,18,177,37639
esp32c3,AES128GCM,sw,decrypt,16,18,178,38052
esp32c3,AES128GCM,sw,decrypt,16,18,179,37639
esp32c3,AES128GCM,sw,decrypt,16,18,180,38052
esp32c3,AES128GCM,sw,decrypt,16,18,181,37639
esp32c3,AES128GCM,sw,decrypt,16,18,182,38052
esp32c3,AES128GCM,sw,decrypt,16,18,183,37639
esp32c3,AES128GCM,sw,decrypt,16,18,184,38052
esp32c3,AES128GCM,sw,decrypt,16,18,185,37639
esp32c3,AES128GCM,sw,decrypt,16,18,186,38052
esp32c3,AES128GCM,sw,decrypt,16,18,187,37639
esp32c3,AES128GCM,sw,decrypt,16,18,188,38052
esp32c3,AES128GCM,sw,decrypt,16,18,189,37639
esp32c3,AES128GCM,sw,decrypt,16,18,190,38052
esp32c3,AES128GCM,sw,decrypt,16,18,191,37639
esp32c3,AES128GCM,sw,decrypt,16,18,192,38052
esp32c3,AES128GCM,sw,decrypt,16,18,193,37639
esp32c3,AES128GCM,sw,decrypt,16,18,194,38052
esp32c3,AES128GCM,sw,decrypt,16,18,195,37639
esp32c3,AES128GCM,sw,decrypt,16,18,196,38052
esp32c3,AES128GCM,sw,decrypt,16,18,197,37639
esp32c3,AES128GCM,sw,decrypt,16,18,198,38052
esp32c3,AES128GCM,sw,decrypt,16,18,199,37639
esp32c3,AES128GCM,sw,decrypt,16,18,200,38052
esp32c3,AES128GCM,sw,decrypt,16,18,201,37639
esp32c3,AES128GCM,sw,decrypt,16,18,202,38052
esp32c3,AES128GCM,sw,decrypt,16,18,203,37639
esp32c3,AES128GCM,sw,decrypt,16,18,204,38052
esp32c3,AES128GCM,sw,decrypt,16,18,205,37639
esp32c3,AES128GCM,sw,decrypt,16,18,206,38052
esp32c3,AES128GCM,sw,decrypt,16,18,207,37639
esp32c3,AES128GCM,sw,decrypt,16,18,208,38052
esp32c3,AES128GCM,sw,decrypt,16,18,209,37639
esp32c3,AES128GCM,sw,decrypt,16,18,210,38052
esp32c3,AES128GCM,sw,decrypt,16,18,211,37639
esp32c3,AES128GCM,sw,decrypt,16,18,212,38052
esp32c3,AES128GCM,sw,decrypt,16,18,213,37639
esp32c3,AES128GCM,sw,decrypt,16,18,214,38052
esp32c3,AES128GCM,sw,decrypt,16,18,215,37639
esp32c3,AES128GCM,sw,decrypt,16,18,216,38052
esp32c3,AES128GCM,sw,decrypt,16,18,217,37639
esp32c3,AES128GCM,sw,decrypt,16,18,218,38052
esp32c3,AES128GCM,sw,decrypt,16,18,219,37639
esp32c3,AES128GCM,sw,decrypt,16,18,220,38052
esp32c3,AES128GCM,sw,decrypt,16,18,221,37639
esp32c3,AES128GCM,sw,decrypt,16,18,222,38052
esp32c3,AES128GCM,sw,decrypt,16,18,223,37639
esp32c3,AES128GCM,sw,decrypt,16,18,224,38052
esp32c3,AES128GCM,sw,decrypt,16,18,225,37639
esp32c3,AES128GCM,sw,decrypt,16,18,226,38052
esp32c3,AES128GCM,sw,decrypt,16,18,227,37639
esp32c3,AES128GCM,sw,decrypt,16,18,228,38052
esp32c3,AES128GCM,sw,decrypt,16,18,229,37639
esp32c3,AES128GCM,sw,decrypt,16,18,230,38052
esp32c3,AES128GCM,sw,decrypt,16,18,231,37639
esp32c3,AES128GCM,sw,decrypt,16,18,232,38052
esp32c3,AES128GCM,sw,decrypt,16,18,233,37639
esp32c3,AES128GCM,sw,decrypt,16,18,234,38052
esp32c3,AES128GCM,sw,decrypt,16,18,235,37639
esp32c3,AES128GCM,sw,decrypt,16,18,236,38052
esp32c3,AES128GCM,sw,decrypt,16,18,237,37639
esp32c3,AES128GCM,sw,decrypt,16,18,238,38052
esp32c3,AES128GCM,sw,decrypt,16,18,239,37639
esp32c3,AES128GCM,sw,decrypt,16,18,240,38052
esp32c3,AES128GCM,sw,decrypt,16,18,241,37639
esp32c3,AES128GCM,sw,decrypt,16,18,242,38052
esp32c3,AES128GCM,sw,decrypt,16,18,243,37639
esp32c3,AES128GCM,sw,decrypt,16,18,244,38052
esp32c3,AES128GCM,sw,decrypt,16,18,245,37639
esp32c3,AES128GCM,sw,decrypt,16,18,246,38052
esp32c3,AES128GCM,sw,decrypt,16,18,247,37639
esp32c3,AES128GCM,sw,decrypt,16,18,248,38052
esp32c3,AES128GCM,sw,decrypt,16,18,249,37639
esp32c3,AES128GCM,sw,decrypt,16,18,250,38052
esp32c3,AES128GCM,sw,decrypt,16,18,251,37639
esp32c3,AES128GCM,sw,decrypt,16,18,252,38052
esp32c3,AES128GCM,sw,decrypt,16,18,253,37639
esp32c3,AES128GCM,sw,decrypt,16,18,254,38052
esp32c3,AES128GCM,sw,decrypt,16,18,255,37639
esp32c3,AES128GCM,sw,decrypt,16,18,256,38052
esp32c3,AES128GCM,sw,decrypt,16,18,257,37639
esp32c3,AES128GCM,sw,decrypt,16,18,258,38052
esp32c3,AES128GCM,sw,decrypt,16,18,259,37639
esp32c3,AES128GCM,sw,decrypt,16,18,260,38052
esp32c3,AES128GCM,sw,decrypt,16,18,261,37639
esp32c3,AES128GCM,sw,decrypt,16,18,262,38052
esp32c3,AES128GCM,sw,decrypt,16,18,263,37639
esp32c3,AES128GCM,sw,decrypt,16,18,264,38052
esp32c3,AES128GCM,sw,decrypt,16,18,265,37639
esp32c3,AES128GCM,sw,decrypt,16,18,266,38052
esp32c3,AES128GCM,sw,decrypt,16,18,267,37639
esp32c3,AES128GCM,sw,decrypt,16,18,268,38052
esp32c3,AES128GCM,sw,decrypt,16,18,269,37639
esp32c3,AES128GCM,sw,decrypt,16,18,270,38052
esp32c3,AES128GCM,sw,decrypt,16,18,271,37639
esp32c3,AES128GCM,sw,decrypt,16,18,272,38052
esp32c3,AES128GCM,sw,decrypt,16,18,273,37639
esp32c3,AES128GCM,sw,decrypt,16,18,274,38052
esp32c3,AES128GCM,sw,decrypt,16,18,275,37639
esp32c3,AES128GCM,sw,decrypt,16,18,276,38052
esp32c3,AES128GCM,sw,decrypt,16,18,277,37639
esp32c3,AES128GCM,sw,decrypt,16,18,278,38052
esp32c3,AES128GCM,sw,decrypt,16,18,279,37639
esp32c3,AES128GCM,sw,decrypt,16,18,280,38052
esp32c3,AES128GCM,sw,decrypt,16,18,281,37639
esp32c3,AES128GCM,sw,decrypt,16,18,282,38052
esp32c3,AES128GCM,sw,decrypt,16,18,283,37639
esp32c3,AES128GCM,sw,decrypt,16,18,284,38052
esp32c3,AES128GCM,sw,decrypt,16,18,285,37639
esp32c3,AES128GCM,sw,decrypt,16,18,286,38052
esp32c3,AES128GCM,sw,decrypt,16,18,287,37639
esp32c3,AES128GCM,sw,decrypt,16,18,288,38052
esp32c3,AES128GCM,sw,decrypt,16,18,289,37639
esp32c3,AES128GCM,sw,decrypt,16,18,290,38052
esp32c3,AES128GCM,sw,decrypt,16,18,291,37639
esp32c3,AES128GCM,sw,decrypt,16,18,292,38052
esp32c3,AES128GCM,sw,decrypt,16,18,293,37639
esp32c3,AES128GCM,sw,decrypt,16,18,294,38052
esp32c3,AES128GCM,sw,decrypt,16,18,295,37639
esp32c3,AES128GCM,sw,decrypt,16,18,296,38052
esp32c3,AES128GCM,sw,decrypt,16,18,297,37639
esp32c3,AES128GCM,sw,decrypt,16,18,298,38052
esp32c3,AES128GCM,sw,decrypt,16,18,299,37639
esp32c3,AES128GCM,sw,decrypt,16,18,300,38052
esp32c3,AES128GCM,sw,decrypt,16,18,301,37639
esp32c3,AES128GCM,sw,decrypt,16,18,302,38052
esp32c3,AES128GCM,sw,decrypt,16,18,303,37639
esp32c3,AES128GCM,sw,decrypt,16,18,304,38052
esp32c3,AES128GCM,sw,decrypt,16,18,305,37639
esp32c3,AES128GCM,sw,decrypt,16,18,306,38052
esp32c3,AES128GCM,sw,decrypt,16,18,307,37639
esp32c3,AES128GCM,sw,decrypt,16,18,308,38052
esp32c3,AES128GCM,sw,decrypt,16,18,309,37639
esp32c3,AES128GCM,sw,decrypt,16,18,310,38052
esp32c3,AES128GCM,sw,decrypt,16,18,311,37639
esp32c3,AES128GCM,sw,decrypt,16,18,312,38052
esp32c3,AES128GCM,sw,decrypt,16,18,313,37639
esp32c3,AES128GCM,sw,decrypt,16,18,314,38052
esp32c3,AES128GCM,sw,decrypt,16,18,315,37639
esp32c3,AES128GCM,sw,decrypt,16,18,316,38052
esp32c3,AES128GCM,sw,decrypt,16,18,317,37639
esp32c3,AES128GCM,sw,decrypt,16,18,318,38052
esp32c3,AES128GCM,sw,decrypt,16,18,319,37639
esp32c3,AES128GCM,sw,decrypt,16,18,320,38052
esp32c3,AES128GCM,sw,decrypt,16,18,321,37639
esp32c3,AES128GCM,sw,decrypt,16,18,322,38052
esp32c3,AES128GCM,sw,decrypt,16,18,323,37639
esp32c3,AES128GCM,sw,decrypt,16,18,324,38052
esp32c3,AES128GCM,sw,decrypt,16,18,325,37639
esp32c3,AES128GCM,sw,decrypt,16,18,326,38052
esp32c3,AES128GCM,sw,decrypt,16,18,327,37639
esp32c3,AES128GCM,sw,decrypt,16,18,328,38052
esp32c3,AES128GCM,sw,decrypt,16,18,329,37639
esp32c3,AES128GCM,sw,decrypt,16,18,330,38052
esp32c3,AES128GCM,sw,decrypt,16,18,331,37639
esp32c3,AES128GCM,sw,decrypt,16,18,332,38052
esp32c3,AES128GCM,sw,decrypt,16,18,333,37639
esp32c3,AES128GCM,sw,decrypt,16,18,334,38052
esp32c3,AES128GCM,sw,decrypt,16,18,335,37639
esp32c3,AES128GCM,sw,decrypt,16,18,336,38052
esp32c3,AES128GCM,sw,decrypt,16,18,337,37639
esp32c3,AES128GCM,sw,decrypt,16,18,338,38052
esp32c3,AES128GCM,sw,decrypt,16,18,339,37639
esp32c3,AES128GCM,sw,decrypt,16,18,340,38052
esp32c3,AES128GCM,sw,decrypt,16,18,341,37639
esp32c3,AES128GCM,sw,decrypt,16,18,342,38052
esp32c3,AES128GCM,sw,decrypt,16,18,343,37639
esp32c3,AES128GCM,sw,decrypt,16,18,344,38052
esp32c3,AES128GCM,sw,decrypt,16,18,345,37639
esp32c3,AES128GCM,sw,decrypt,16,18,346,38052
esp32c3,AES128GCM,sw,decrypt,16,18,347,37639
esp32c3,AES128GCM,sw,decrypt,16,18,348,38052
esp32c3,AES128GCM,sw,decrypt,16,18,349,37639
esp32c3,AES128GCM,sw,decrypt,16,18,350,38052
esp32c3,AES128GCM,sw,decrypt,16,18,351,37639
esp32c3,AES128GCM,sw,decrypt,16,18,352,38052
esp32c3,AES128GCM,sw,decrypt,16,18,353,37639
esp32c3,AES128GCM,sw,decrypt,16,18,354,38052
esp32c3,AES128GCM,sw,decrypt,16,18,355,37639
esp32c3,AES128GCM,sw,decrypt,16,18,356,38052
esp32c3,AES128GCM,sw,decrypt,16,18,357,37639
esp32c3,AES128GCM,sw,decrypt,16,18,358,38052
esp32c3,AES128GCM,sw,decrypt,16,18,359,37639
esp32c3,AES128GCM,sw,decrypt,16,18,360,38052
esp32c3,AES128GCM,sw,decrypt,16,18,361,37639
esp32c3,AES128GCM,sw,decrypt,16,18,362,38052
esp32c3,AES128GCM,sw,decrypt,16,18,363,37639
esp32c3,AES128GCM,sw,decrypt,16,18,364,38052
esp32c3,AES128GCM,sw,decrypt,16,18,365,37639
esp32c3,AES128GCM,sw,decrypt,16,18,366,38052
esp32c3,AES128GCM,sw,decrypt,16,18,367,37639
esp32c3,AES128GCM,sw,decrypt,16,18,368,38052
esp32c3,AES128GCM,sw,decrypt,16,18,369,37639
esp32c3,AES128GCM,sw,decrypt,16,18,370,38052
esp32c3,AES128GCM,sw,decrypt,16,18,371,37639
esp32c3,AES128GCM,sw,decrypt,16,18,372,38052
esp32c3,AES128GCM,sw,decrypt,16,18,373,37639
esp32c3,AES128GCM,sw,decrypt,16,18,374,38052
esp32c3,AES128GCM,sw,decrypt,16,18,375,37639
esp32c3,AES128GCM,sw,decrypt,16,18,376,38052
esp32c3,AES128GCM,sw,decrypt,16,18,377,37639
esp32c3,AES128GCM,sw,decrypt,16,18,378,38052
esp32c3,AES128GCM,sw,decrypt,16,18,379,37639
esp32c3,AES128GCM,sw,decrypt,16,18,380,38052
esp32c3,AES128GCM,sw,decrypt,16,18,381,37639
esp32c3,AES128GCM,sw,decrypt,16,18,382,38052
esp32c3,AES128GCM,sw,decrypt,16,18,383,37639
esp32c3,AES128GCM,sw,decrypt,16,18,384,38052
esp32c3,AES128GCM,sw,decrypt,16,18,385,37639
esp32c3,AES128GCM,sw,decrypt,16,18,386,38052
esp32c3,AES128GCM,sw,decrypt,16,18,387,37639
esp32c3,AES128GCM,sw,decrypt,16,18,388,38052
esp32c3,AES128GCM,sw,decrypt,16,18,389,37639
esp32c3,AES128GCM,sw,decrypt,16,18,390,38052
esp32c3,AES128GCM,sw,decrypt,16,18,391,37639
esp32c3,AES128GCM,sw,decrypt,16,18,392,38052
esp32c3,AES128GCM,sw,decrypt,16,18,393,37639
esp32c3,AES128GCM,sw,decrypt,16,18,394,38052
esp32c3,AES128GCM,sw,decrypt,16,18,395,37639
esp32c3,AES128GCM,sw,decrypt,16,18,396,38052
esp32c3,AES128GCM,sw,decrypt,16,18,397,37639
esp32c3,AES128GCM,sw,decrypt,16,18,398,38052
esp32c3,AES128GCM,sw,decrypt,16,18,399,37639
esp32c3,AES128GCM,sw,decrypt,16,18,400,38052
esp32c3,AES128GCM,sw,decrypt,16,18,401,37639
esp32c3,AES128GCM,sw,decrypt,16,18,402,38052
esp32c3,AES128GCM,sw,decrypt,16,18,403,37639
esp32c3,AES128GCM,sw,decrypt,16,18,404,38052
esp32c3,AES128GCM,sw,decrypt,16,18,405,37639
esp32c3,AES128GCM,sw,decrypt,16,18,406,38052
esp32c3,AES128GCM,sw,decrypt,16,18,407,37639
esp32c3,AES128GCM,sw,decrypt,16,18,408,38052
esp32c3,AES128GCM,sw,decrypt,16,18,409,37639
esp32c3,AES128GCM,sw,decrypt,16,18,410,38052
esp32c3,AES128GCM,sw,decrypt,16,18,411,37639
esp32c3,AES128GCM,sw,decrypt,16,18,412,38052
esp32c3,AES128GCM,sw,decrypt,16,18,413,37639
esp32c3,AES128GCM,sw,decrypt,16,18,414,39032
esp32c3,AES128GCM,sw,decrypt,16,18,415,37639
esp32c3,AES128GCM,sw,decrypt,16,18,416,38052
esp32c3,AES128GCM,sw,decrypt,16,18,417,37639
esp32c3,AES128GCM,sw,decrypt,16,18,418,38052
esp32c3,AES128GCM,sw,decrypt,16,18,419,38439
esp32c3,AES128GCM,sw,decrypt,16,18,420,38052
esp32c3,AES128GCM,sw,decrypt,16,18,421,37639
esp32c3,AES128GCM,sw,decrypt,16,18,422,38052
esp32c3,AES128GCM,sw,decrypt,16,18,423,37639
esp32c3,AES128GCM,sw,decrypt,16,18,424,39034
esp32c3,AES128GCM,sw,decrypt,16,18,425,37639
esp32c3,AES128GCM,sw,decrypt,16,18,426,38052
esp32c3,AES128GCM,sw,decrypt,16,18,427,37639
esp32c3,AES128GCM,sw,decrypt,16,18,428,38052
esp32c3,AES128GCM,sw,decrypt,16,18,429,38623
esp32c3,AES128GCM,sw,decrypt,16,18,430,38052
esp32c3,AES128GCM,sw,decrypt,16,18,431,37639
esp32c3,AES128GCM,sw,decrypt,16,18,432,38052
esp32c3,AES128GCM,sw,decrypt,16,18,433,37639
esp32c3,AES128GCM,sw,decrypt,16,18,434,39035
esp32c3,AES128GCM,sw,decrypt,16,18,435,37639
esp32c3,AES128GCM,sw,decrypt,16,18,436,38052
esp32c3,AES128GCM,sw,decrypt,16,18,437,37639
esp32c3,AES128GCM,sw,decrypt,16,18,438,38052
esp32c3,AES128GCM,sw,decrypt,16,18,439,38621
esp32c3,AES128GCM,sw,decrypt,16,18,440,38052
esp32c3,AES128GCM,sw,decrypt,16,18,441,37639
esp32c3,AES128GCM,sw,decrypt,16,18,442,38052
esp32c3,AES128GCM,sw,decrypt,16,18,443,37639
esp32c3,AES128GCM,sw,decrypt,16,18,444,39035
esp32c3,AES128GCM,sw,decrypt,16,18,445,37639
esp32c3,AES128GCM,sw,decrypt,16,18,446,38052
esp32c3,AES128GCM,sw,decrypt,16,18,447,37639
esp32c3,AES128GCM,sw,decrypt,16,18,448,38052
esp32c3,AES128GCM,sw,decrypt,16,18,449,37639
esp32c3,AES128GCM,sw,decrypt,16,18,450,38052
esp32c3,AES128GCM,sw,decrypt,16,18,451,37639
esp32c3,AES128GCM,sw,decrypt,16,18,452,38052
esp32c3,AES128GCM,sw,decrypt,16,18,453,37639
esp32c3,AES128GCM,sw,decrypt,16,18,454,38052
esp32c3,AES128GCM,sw,decrypt,16,18,455,37639
esp32c3,AES128GCM,sw,decrypt,16,18,456,38052
esp32c3,AES128GCM,sw,decrypt,16,18,457,37639
esp32c3,AES128GCM,sw,decrypt,16,18,458,38052
esp32c3,AES128GCM,sw,decrypt,16,18,459,37639
esp32c3,AES128GCM,sw,decrypt,16,18,460,38052
esp32c3,AES128GCM,sw,decrypt,16,18,461,37639
esp32c3,AES128GCM,sw,decrypt,16,18,462,38052
esp32c3,AES128GCM,sw,decrypt,16,18,463,37639
esp32c3,AES128GCM,sw,decrypt,16,18,464,38052
esp32c3,AES128GCM,sw,decrypt,16,18,465,37639
esp32c3,AES128GCM,sw,decrypt,16,18,466,38052
esp32c3,AES128GCM,sw,decrypt,16,18,467,37639
esp32c3,AES128GCM,sw,decrypt,16,18,468,38052
esp32c3,AES128GCM,sw,decrypt,16,18,469,37639
esp32c3,AES128GCM,sw,decrypt,16,18,470,38052
esp32c3,AES128GCM,sw,decrypt,16,18,471,37639
esp32c3,AES128GCM,sw,decrypt,16,18,472,38052
esp32c3,AES128GCM,sw,decrypt,16,18,473,37639
esp32c3,AES128GCM,sw,decrypt,16,18,474,38052
esp32c3,AES128GCM,sw,decrypt,16,18,475,37639
esp32c3,AES128GCM,sw,decrypt,16,18,476,38052
esp32c3,AES128GCM,sw,decrypt,16,18,477,37639
esp32c3,AES128GCM,sw,decrypt,16,18,478,38052
esp32c3,AES128GCM,sw,decrypt,16,18,479,37639
esp32c3,AES128GCM,sw,decrypt,16,18,480,38052
esp32c3,AES128GCM,sw,decrypt,16,18,481,37639
esp32c3,AES128GCM,sw,decrypt,16,18,482,38052
esp32c3,AES128GCM,sw,decrypt,16,18,483,37639
esp32c3,AES128GCM,sw,decrypt,16,18,484,38052
esp32c3,AES128GCM,sw,decrypt,16,18,485,37639
esp32c3,AES128GCM,sw,decrypt,16,18,486,38052
esp32c3,AES128GCM,sw,decrypt,16,18,487,37639
esp32c3,AES128GCM,sw,decrypt,16,18,488,38052
esp32c3,AES128GCM,sw,decrypt,16,18,489,37639
esp32c3,AES128GCM,sw,decrypt,16,18,490,38052
esp32c3,AES128GCM,sw,decrypt,16,18,491,37639
esp32c3,AES128GCM,sw,decrypt,16,18,492,38052
esp32c3,AES128GCM,sw,decrypt,16,18,493,37639
esp32c3,AES128GCM,sw,decrypt,16,18,494,38052
esp32c3,AES128GCM,sw,decrypt,16,18,495,37639
esp32c3,AES128GCM,sw,decrypt,16,18,496,38052
esp32c3,AES128GCM,sw,decrypt,16,18,497,37639
esp32c3,AES128GCM,sw,decrypt,16,18,498,38052
esp32c3,AES128GCM,sw,decrypt,16,18,499,37639
esp32c3,AES128GCM,sw,decrypt,16,18,500,38052
esp32c3,AES128GCM,sw,decrypt,16,18,501,37639
esp32c3,AES128GCM,sw,decrypt,16,18,502,38052
esp32c3,AES128GCM,sw,decrypt,16,18,503,37639
esp32c3,AES128GCM,sw,decrypt,16,18,504,38052
esp32c3,AES128GCM,sw,decrypt,16,18,505,37639
esp32c3,AES128GCM,sw,decrypt,16,18,506,38052
esp32c3,AES128GCM,sw,decrypt,16,18,507,37639
esp32c3,AES128GCM,sw,decrypt,16,18,508,38052
esp32c3,AES128GCM,sw,decrypt,16,18,509,37639
esp32c3,AES128GCM,sw,decrypt,16,18,510,38052
esp32c3,AES128GCM,sw,decrypt,16,18,511,37639
esp32c3,AES128GCM,sw,decrypt,16,18,512,38052
esp32c3,AES128GCM,sw,decrypt,16,18,513,37639
esp32c3,AES128GCM,sw,decrypt,16,18,514,38052
esp32c3,AES128GCM,sw,decrypt,16,18,515,37639
esp32c3,AES128GCM,sw,decrypt,16,18,516,38052
esp32c3,AES128GCM,sw,decrypt,16,18,517,37639
esp32c3,AES128GCM,sw,decrypt,16,18,518,38052
esp32c3,AES128GCM,sw,decrypt,16,18,519,37639
esp32c3,AES128GCM,sw,decrypt,16,18,520,38052
esp32c3,AES128GCM,sw,decrypt,16,18,521,37639
esp32c3,AES128GCM,sw,decrypt,16,18,522,38052
esp32c3,AES128GCM,sw,decrypt,16,18,523,37639
esp32c3,AES128GCM,sw,decrypt,16,18,524,38052
esp32c3,AES128GCM,sw,decrypt,16,18,525,37639
esp32c3,AES128GCM,sw,decrypt,16,18,526,38052
esp32c3,AES128GCM,sw,decrypt,16,18,527,37639
esp32c3,AES128GCM,sw,decrypt,16,18,528,38052
esp32c3,AES128GCM,sw,decrypt,16,18,529,37639
esp32c3,AES128GCM,sw,decrypt,16,18,530,38052
esp32c3,AES128GCM,sw,decrypt,16,18,531,37639
esp32c3,AES128GCM,sw,decrypt,16,18,532,38052
esp32c3,AES128GCM,sw,decrypt,16,18,533,37639
esp32c3,AES128GCM,sw,decrypt,16,18,534,38052
esp32c3,AES128GCM,sw,decrypt,16,18,535,37639
esp32c3,AES128GCM,sw,decrypt,16,18,536,38052
esp32c3,AES128GCM,sw,decrypt,16,18,537,37639
esp32c3,AES128GCM,sw,decrypt,16,18,538,38052
esp32c3,AES128GCM,sw,decrypt,16,18,539,37639
esp32c3,AES128GCM,sw,decrypt,16,18,540,38052
esp32c3,AES128GCM,sw,decrypt,16,18,541,37639
esp32c3,AES128GCM,sw,decrypt,16,18,542,38052
esp32c3,AES128GCM,sw,decrypt,16,18,543,37639
esp32c3,AES128GCM,sw,decrypt,16,18,544,38052
esp32c3,AES128GCM,sw,decrypt,16,18,545,37639
esp32c3,AES128GCM,sw,decrypt,16,18,546,38052
esp32c3,AES128GCM,sw,decrypt,16,18,547,37639
esp32c3,AES128GCM,sw,decrypt,16,18,548,38052
esp32c3,AES128GCM,sw,decrypt,16,18,549,37639
esp32c3,AES128GCM,sw,decrypt,16,18,550,38052
esp32c3,AES128GCM,sw,decrypt,16,18,551,37639
esp32c3,AES128GCM,sw,decrypt,16,18,552,38052
esp32c3,AES128GCM,sw,decrypt,16,18,553,37639
esp32c3,AES128GCM,sw,decrypt,16,18,554,38052
esp32c3,AES128GCM,sw,decrypt,16,18,555,37639
esp32c3,AES128GCM,sw,decrypt,16,18,556,38052
esp32c3,AES128GCM,sw,decrypt,16,18,557,37639
esp32c3,AES128GCM,sw,decrypt,16,18,558,38052
esp32c3,AES128GCM,sw,decrypt,16,18,559,37639
esp32c3,AES128GCM,sw,decrypt,16,18,560,38052
esp32c3,AES128GCM,sw,decrypt,16,18,561,37639
esp32c3,AES128GCM,sw,decrypt,16,18,562,38052
esp32c3,AES128GCM,sw,decrypt,16,18,563,37639
esp32c3,AES128GCM,sw,decrypt,16,18,564,38052
esp32c3,AES128GCM,sw,decrypt,16,18,565,37639
esp32c3,AES128GCM,sw,decrypt,16,18,566,38052
esp32c3,AES128GCM,sw,decrypt,16,18,567,37639
esp32c3,AES128GCM,sw,decrypt,16,18,568,38052
esp32c3,AES128GCM,sw,decrypt,16,18,569,37639
esp32c3,AES128GCM,sw,decrypt,16,18,570,38052
esp32c3,AES128GCM,sw,decrypt,16,18,571,37639
esp32c3,AES128GCM,sw,decrypt,16,18,572,38052
esp32c3,AES128GCM,sw,decrypt,16,18,573,37639
esp32c3,AES128GCM,sw,decrypt,16,18,574,38052
esp32c3,AES128GCM,sw,decrypt,16,18,575,37639
esp32c3,AES128GCM,sw,decrypt,16,18,576,38052
esp32c3,AES128GCM,sw,decrypt,16,18,577,37639
esp32c3,AES128GCM,sw,decrypt,16,18,578,38052
esp32c3,AES128GCM,sw,decrypt,16,18,579,37639
esp32c3,AES128GCM,sw,decrypt,16,18,580,38052
esp32c3,AES128GCM,sw,decrypt,16,18,581,37639
esp32c3,AES128GCM,sw,decrypt,16,18,582,38052
esp32c3,AES128GCM,sw,decrypt,16,18,583,37639
esp32c3,AES128GCM,sw,decrypt,16,18,584,38052
esp32c3,AES128GCM,sw,decrypt,16,18,585,37639
esp32c3,AES128GCM,sw,decrypt,16,18,586,38052
esp32c3,AES128GCM,sw,decrypt,16,18,587,37639
esp32c3,AES128GCM,sw,decrypt,16,18,588,38052
esp32c3,AES128GCM,sw,decrypt,16,18,589,37639
esp32c3,AES128GCM,sw,decrypt,16,18,590,38052
esp32c3,AES128GCM,sw,decrypt,16,18,591,37639
esp32c3,AES128GCM,sw,decrypt,16,18,592,38052
esp32c3,AES128GCM,sw,decrypt,16,18,593,37639
esp32c3,AES128GCM,sw,decrypt,16,18,594,38052
esp32c3,AES128GCM,sw,decrypt,16,18,595,37639
esp32c3,AES128GCM,sw,decrypt,16,18,596,38052
esp32c3,AES128GCM,sw,decrypt,16,18,597,37639
esp32c3,AES128GCM,sw,decrypt,16,18,598,38052
esp32c3,AES128GCM,sw,decrypt,16,18,599,37639
esp32c3,AES128GCM,sw,decrypt,16,18,600,38052
esp32c3,AES128GCM,sw,decrypt,16,18,601,37639
esp32c3,AES128GCM,sw,decrypt,16,18,602,38052
esp32c3,AES128GCM,sw,decrypt,16,18,603,37639
esp32c3,AES128GCM,sw,decrypt,16,18,604,38052
esp32c3,AES128GCM,sw,decrypt,16,18,605,37639
esp32c3,AES128GCM,sw,decrypt,16,18,606,38052
esp32c3,AES128GCM,sw,decrypt,16,18,607,37639
esp32c3,AES128GCM,sw,decrypt,16,18,608,38052
esp32c3,AES128GCM,sw,decrypt,16,18,609,37639
esp32c3,AES128GCM,sw,decrypt,16,18,610,38052
esp32c3,AES128GCM,sw,decrypt,16,18,611,37639
esp32c3,AES128GCM,sw,decrypt,16,18,612,38052
esp32c3,AES128GCM,sw,decrypt,16,18,613,37639
esp32c3,AES128GCM,sw,decrypt,16,18,614,38052
esp32c3,AES128GCM,sw,decrypt,16,18,615,37639
esp32c3,AES128GCM,sw,decrypt,16,18,616,38052
esp32c3,AES128GCM,sw,decrypt,16,18,617,37639
esp32c3,AES128GCM,sw,decrypt,16,18,618,38052
esp32c3,AES128GCM,sw,decrypt,16,18,619,37639
esp32c3,AES128GCM,sw,decrypt,16,18,620,38052
esp32c3,AES128GCM,sw,decrypt,16,18,621,37639
esp32c3,AES128GCM,sw,decrypt,16,18,622,38052
esp32c3,AES128GCM,sw,decrypt,16,18,623,37639
esp32c3,AES128GCM,sw,decrypt,16,18,624,38052
esp32c3,AES128GCM,sw,decrypt,16,18,625,37639
esp32c3,AES128GCM,sw,decrypt,16,18,626,38052
esp32c3,AES128GCM,sw,decrypt,16,18,627,37639
esp32c3,AES128GCM,sw,decrypt,16,18,628,38052
esp32c3,AES128GCM,sw,decrypt,16,18,629,37639
esp32c3,AES128GCM,sw,decrypt,16,18,630,38052
esp32c3,AES128GCM,sw,decrypt,16,18,631,37639
esp32c3,AES128GCM,sw,decrypt,16,18,632,38052
esp32c3,AES128GCM,sw,decrypt,16,18,633,37639
esp32c3,AES128GCM,sw,decrypt,16,18,634,38052
esp32c3,AES128GCM,sw,decrypt,16,18,635,37639
esp32c3,AES128GCM,sw,decrypt,16,18,636,38052
esp32c3,AES128GCM,sw,decrypt,16,18,637,37639
esp32c3,AES128GCM,sw,decrypt,16,18,638,38052
esp32c3,AES128GCM,sw,decrypt,16,18,639,37639
esp32c3,AES128GCM,sw,decrypt,16,18,640,38052
esp32c3,AES128GCM,sw,decrypt,16,18,641,37639
esp32c3,AES128GCM,sw,decrypt,16,18,642,38052
esp32c3,AES128GCM,sw,decrypt,16,18,643,37639
esp32c3,AES128GCM,sw,decrypt,16,18,644,38052
esp32c3,AES128GCM,sw,decrypt,16,18,645,37639
esp32c3,AES128GCM,sw,decrypt,16,18,646,38052
esp32c3,AES128GCM,sw,decrypt,16,18,647,37639
esp32c3,AES128GCM,sw,decrypt,16,18,648,38052
esp32c3,AES128GCM,sw,decrypt,16,18,649,37639
esp32c3,AES128GCM,sw,decrypt,16,18,650,38052
esp32c3,AES128GCM,sw,decrypt,16,18,651,37639
esp32c3,AES128GCM,sw,decrypt,16,18,652,38052
esp32c3,AES128GCM,sw,decrypt,16,18,653,37639
esp32c3,AES128GCM,sw,decrypt,16,18,654,38052
esp32c3,AES128GCM,sw,decrypt,16,18,655,37639
esp32c3,AES128GCM,sw,decrypt,16,18,656,38052
esp32c3,AES128GCM,sw,decrypt,16,18,657,37639
esp32c3,AES128GCM,sw,decrypt,16,18,658,38052
esp32c3,AES128GCM,sw,decrypt,16,18,659,37639
esp32c3,AES128GCM,sw,decrypt,16,18,660,38052
esp32c3,AES128GCM,sw,decrypt,16,18,661,37639
esp32c3,AES128GCM,sw,decrypt,16,18,662,38052
esp32c3,AES128GCM,sw,decrypt,16,18,663,37639
esp32c3,AES128GCM,sw,decrypt,16,18,664,38052
esp32c3,AES128GCM,sw,decrypt,16,18,665,37639
esp32c3,AES128GCM,sw,decrypt,16,18,666,38052
esp32c3,AES128GCM,sw,decrypt,16,18,667,37639
esp32c3,AES128GCM,sw,decrypt,16,18,668,38052
esp32c3,AES128GCM,sw,decrypt,16,18,669,37639
esp32c3,AES128GCM,sw,decrypt,16,18,670,38052
esp32c3,AES128GCM,sw,decrypt,16,18,671,37639
esp32c3,AES128GCM,sw,decrypt,16,18,672,38052
esp32c3,AES128GCM,sw,decrypt,16,18,673,37639
esp32c3,AES128GCM,sw,decrypt,16,18,674,38052
esp32c3,AES128GCM,sw,decrypt,16,18,675,37639
esp32c3,AES128GCM,sw,decrypt,16,18,676,38052
esp32c3,AES128GCM,sw,decrypt,16,18,677,37639
esp32c3,AES128GCM,sw,decrypt,16,18,678,38052
esp32c3,AES128GCM,sw,decrypt,16,18,679,37639
esp32c3,AES128GCM,sw,decrypt,16,18,680,38052
esp32c3,AES128GCM,sw,decrypt,16,18,681,37639
esp32c3,AES128GCM,sw,decrypt,16,18,682,38052
esp32c3,AES128GCM,sw,decrypt,16,18,683,37639
esp32c3,AES128GCM,sw,decrypt,16,18,684,38052
esp32c3,AES128GCM,sw,decrypt,16,18,685,37639
esp32c3,AES128GCM,sw,decrypt,16,18,686,38052
esp32c3,AES128GCM,sw,decrypt,16,18,687,38535
esp32c3,AES128GCM,sw,decrypt,16,18,688,38052
esp32c3,AES128GCM,sw,decrypt,16,18,689,37639
esp32c3,AES128GCM,sw,decrypt,16,18,690,38052
esp32c3,AES128GCM,sw,decrypt,16,18,691,37639
esp32c3,AES128GCM,sw,decrypt,16,18,692,38970
esp32c3,AES128GCM,sw,decrypt,16,18,693,37639
esp32c3,AES128GCM,sw,decrypt,16,18,694,38052
esp32c3,AES128GCM,sw,decrypt,16,18,695,37639
esp32c3,AES128GCM,sw,decrypt,16,18,696,38052
esp32c3,AES128GCM,sw,decrypt,16,18,697,38621
esp32c3,AES128GCM,sw,decrypt,16,18,698,38052
esp32c3,AES128GCM,sw,decrypt,16,18,699,37639
esp32c3,AES128GCM,sw,decrypt,16,18,700,38052
esp32c3,AES128GCM,sw,decrypt,16,18,701,37639
esp32c3,AES128GCM,sw,decrypt,16,18,702,39034
esp32c3,AES128GCM,sw,decrypt,16,18,703,37639
esp32c3,AES128GCM,sw,decrypt,16,18,704,38052
esp32c3,AES128GCM,sw,decrypt,16,18,705,37639
esp32c3,AES128GCM,sw,decrypt,16,18,706,38052
esp32c3,AES128GCM,sw,decrypt,16,18,707,38623
esp32c3,AES128GCM,sw,decrypt,16,18,708,38052
esp32c3,AES128GCM,sw,decrypt,16,18,709,37639
esp32c3,AES128GCM,sw,decrypt,16,18,710,38052
esp32c3,AES128GCM,sw,decrypt,16,18,711,37639
esp32c3,AES128GCM,sw,decrypt,16,18,712,39035
esp32c3,AES128GCM,sw,decrypt,16,18,713,37639
esp32c3,AES128GCM,sw,decrypt,16,18,714,38052
esp32c3,AES128GCM,sw,decrypt,16,18,715,37639
esp32c3,AES128GCM,sw,decrypt,16,18,716,38052
esp32c3,AES128GCM,sw,decrypt,16,18,717,38621
esp32c3,AES128GCM,sw,decrypt,16,18,718,38052
esp32c3,AES128GCM,sw,decrypt,16,18,719,37639
esp32c3,AES128GCM,sw,decrypt,16,18,720,38052
esp32c3,AES128GCM,sw,decrypt,16,18,721,37639
esp32c3,AES128GCM,sw,decrypt,16,18,722,38052
esp32c3,AES128GCM,sw,decrypt,16,18,723,37639
esp32c3,AES128GCM,sw,decrypt,16,18,724,38052
esp32c3,AES128GCM,sw,decrypt,16,18,725,37639
esp32c3,AES128GCM,sw,decrypt,16,18,726,38052
esp32c3,AES128GCM,sw,decrypt,16,18,727,37639
esp32c3,AES128GCM,sw,decrypt,16,18,728,38052
esp32c3,AES128GCM,sw,decrypt,16,18,729,37639
esp32c3,AES128GCM,sw,decrypt,16,18,730,38052
esp32c3,AES128GCM,sw,decrypt,16,18,731,37639
esp32c3,AES128GCM,sw,decrypt,16,18,732,38052
esp32c3,AES128GCM,sw,decrypt,16,18,733,37639
esp32c3,AES128GCM,sw,decrypt,16,18,734,38052
esp32c3,AES128GCM,sw,decrypt,16,18,735,37639
esp32c3,AES128GCM,sw,decrypt,16,18,736,38052
esp32c3,AES128GCM,sw,decrypt,16,18,737,37639
esp32c3,AES128GCM,sw,decrypt,16,18,738,38052
esp32c3,AES128GCM,sw,decrypt,16,18,739,37639
esp32c3,AES128GCM,sw,decrypt,16,18,740,38052
esp32c3,AES128GCM,sw,decrypt,16,18,741,37639
esp32c3,AES128GCM,sw,decrypt,16,18,742,38052
esp32c3,AES128GCM,sw,decrypt,16,18,743,37639
esp32c3,AES128GCM,sw,decrypt,16,18,744,38052
esp32c3,AES128GCM,sw,decrypt,16,18,745,37639
esp32c3,AES128GCM,sw,decrypt,16,18,746,38052
esp32c3,AES128GCM,sw,decrypt,16,18,747,37639
esp32c3,AES128GCM,sw,decrypt,16,18,748,38052
esp32c3,AES128GCM,sw,decrypt,16,18,749,37639
esp32c3,AES128GCM,sw,decrypt,16,18,750,38052
esp32c3,AES128GCM,sw,decrypt,16,18,751,37639
esp32c3,AES128GCM,sw,decrypt,16,18,752,38052
esp32c3,AES128GCM,sw,decrypt,16,18,753,37639
esp32c3,AES128GCM,sw,decrypt,16,18,754,38052
esp32c3,AES128GCM,sw,decrypt,16,18,755,37639
esp32c3,AES128GCM,sw,decrypt,16,18,756,38052
esp32c3,AES128GCM,sw,decrypt,16,18,757,37639
esp32c3,AES128GCM,sw,decrypt,16,18,758,38052
esp32c3,AES128GCM,sw,decrypt,16,18,759,37639
esp32c3,AES128GCM,sw,decrypt,16,18,760,38052
esp32c3,AES128GCM,sw,decrypt,16,18,761,37639
esp32c3,AES128GCM,sw,decrypt,16,18,762,38052
esp32c3,AES128GCM,sw,decrypt,16,18,763,37639
esp32c3,AES128GCM,sw,decrypt,16,18,764,38052
esp32c3,AES128GCM,sw,decrypt,16,18,765,37639
esp32c3,AES128GCM,sw,decrypt,16,18,766,38052
esp32c3,AES128GCM,sw,decrypt,16,18,767,37639
esp32c3,AES128GCM,sw,decrypt,16,18,768,38052
esp32c3,AES128GCM,sw,decrypt,16,18,769,37639
esp32c3,AES128GCM,sw,decrypt,16,18,770,38052
esp32c3,AES128GCM,sw,decrypt,16,18,771,37639
esp32c3,AES128GCM,sw,decrypt,16,18,772,38052
esp32c3,AES128GCM,sw,decrypt,16,18,773,37639
esp32c3,AES128GCM,sw,decrypt,16,18,774,38052
esp32c3,AES128GCM,sw,decrypt,16,18,775,37639
esp32c3,AES128GCM,sw,decrypt,16,18,776,38052
esp32c3,AES128GCM,sw,decrypt,16,18,777,37639
esp32c3,AES128GCM,sw,decrypt,16,18,778,38052
esp32c3,AES128GCM,sw,decrypt,16,18,779,37639
esp32c3,AES128GCM,sw,decrypt,16,18,780,38052
esp32c3,AES128GCM,sw,decrypt,16,18,781,37639
esp32c3,AES128GCM,sw,decrypt,16,18,782,38052
esp32c3,AES128GCM,sw,decrypt,16,18,783,37639
esp32c3,AES128GCM,sw,decrypt,16,18,784,38052
esp32c3,AES128GCM,sw,decrypt,16,18,785,37639
esp32c3,AES128GCM,sw,decrypt,16,18,786,38052
esp32c3,AES128GCM,sw,decrypt,16,18,787,37639
esp32c3,AES128GCM,sw,decrypt,16,18,788,38052
esp32c3,AES128GCM,sw,decrypt,16,18,789,37639
esp32c3,AES128GCM,sw,decrypt,16,18,790,38052
esp32c3,AES128GCM,sw,decrypt,16,18,791,37639
esp32c3,AES128GCM,sw,decrypt,16,18,792,38052
esp32c3,AES128GCM,sw,decrypt,16,18,793,37639
esp32c3,AES128GCM,sw,decrypt,16,18,794,38052
esp32c3,AES128GCM,sw,decrypt,16,18,795,37639
esp32c3,AES128GCM,sw,decrypt,16,18,796,38052
esp32c3,AES128GCM,sw,decrypt,16,18,797,37639
esp32c3,AES128GCM,sw,decrypt,16,18,798,38052
esp32c3,AES128GCM,sw,decrypt,16,18,799,37639
esp32c3,AES128GCM,sw,decrypt,16,18,800,38052
esp32c3,AES128GCM,sw,decrypt,16,18,801,37639
esp32c3,AES128GCM,sw,decrypt,16,18,802,38052
esp32c3,AES128GCM,sw,decrypt,16,18,803,37639
esp32c3,AES128GCM,sw,decrypt,16,18,804,38052
esp32c3,AES128GCM,sw,decrypt,16,18,805,37639
esp32c3,AES128GCM,sw,decrypt,16,18,806,38052
esp32c3,AES128GCM,sw,decrypt,16,18,807,37639
esp32c3,AES128GCM,sw,decrypt,16,18,808,38052
esp32c3,AES128GCM,sw,decrypt,16,18,809,37639
esp32c3,AES128GCM,sw,decrypt,16,18,810,38052
esp32c3,AES128GCM,sw,decrypt,16,18,811,37639
esp32c3,AES128GCM,sw,decrypt,16,18,812,38052
esp32c3,AES128GCM,sw,decrypt,16,18,813,37639
esp32c3,AES128GCM,sw,decrypt,16,18,814,38052
esp32c3,AES128GCM,sw,decrypt,16,18,815,37639
esp32c3,AES128GCM,sw,decrypt,16,18,816,38052
esp32c3,AES128GCM,sw,decrypt,16,18,817,37639
esp32c3,AES128GCM,sw,decrypt,16,18,818,38052
esp32c3,AES128GCM,sw,decrypt,16,18,819,37639
esp32c3,AES128GCM,sw,decrypt,16,18,820,38052
esp32c3,AES128GCM,sw,decrypt,16,18,821,37639
esp32c3,AES128GCM,sw,decrypt,16,18,822,38052
esp32c3,AES128GCM,sw,decrypt,16,18,823,37639
esp32c3,AES128GCM,sw,decrypt,16,18,824,38052
esp32c3,AES128GCM,sw,decrypt,16,18,825,37639
esp32c3,AES128GCM,sw,decrypt,16,18,826,38052
esp32c3,AES128GCM,sw,decrypt,16,18,827,37639
esp32c3,AES128GCM,sw,decrypt,16,18,828,38052
esp32c3,AES128GCM,sw,decrypt,16,18,829,37639
esp32c3,AES128GCM,sw,decrypt,16,18,830,38052
esp32c3,AES128GCM,sw,decrypt,16,18,831,37639
esp32c3,AES128GCM,sw,decrypt,16,18,832,38052
esp32c3,AES128GCM,sw,decrypt,16,18,833,37639
esp32c3,AES128GCM,sw,decrypt,16,18,834,38052
esp32c3,AES128GCM,sw,decrypt,16,18,835,37639
esp32c3,AES128GCM,sw,decrypt,16,18,836,38052
esp32c3,AES128GCM,sw,decrypt,16,18,837,37639
esp32c3,AES128GCM,sw,decrypt,16,18,838,38052
esp32c3,AES128GCM,sw,decrypt,16,18,839,37639
esp32c3,AES128GCM,sw,decrypt,16,18,840,38052
esp32c3,AES128GCM,sw,decrypt,16,18,841,37639
esp32c3,AES128GCM,sw,decrypt,16,18,842,38052
esp32c3,AES128GCM,sw,decrypt,16,18,843,37639
esp32c3,AES128GCM,sw,decrypt,16,18,844,38052
esp32c3,AES128GCM,sw,decrypt,16,18,845,37639
esp32c3,AES128GCM,sw,decrypt,16,18,846,38052
esp32c3,AES128GCM,sw,decrypt,16,18,847,37639
esp32c3,AES128GCM,sw,decrypt,16,18,848,38052
esp32c3,AES128GCM,sw,decrypt,16,18,849,37639
esp32c3,AES128GCM,sw,decrypt,16,18,850,38052
esp32c3,AES128GCM,sw,decrypt,16,18,851,37639
esp32c3,AES128GCM,sw,decrypt,16,18,852,38052
esp32c3,AES128GCM,sw,decrypt,16,18,853,37639
esp32c3,AES128GCM,sw,decrypt,16,18,854,38052
esp32c3,AES128GCM,sw,decrypt,16,18,855,37639
esp32c3,AES128GCM,sw,decrypt,16,18,856,38052
esp32c3,AES128GCM,sw,decrypt,16,18,857,37639
esp32c3,AES128GCM,sw,decrypt,16,18,858,38052
esp32c3,AES128GCM,sw,decrypt,16,18,859,37639
esp32c3,AES128GCM,sw,decrypt,16,18,860,38052
esp32c3,AES128GCM,sw,decrypt,16,18,861,37639
esp32c3,AES128GCM,sw,decrypt,16,18,862,38052
esp32c3,AES128GCM,sw,decrypt,16,18,863,37639
esp32c3,AES128GCM,sw,decrypt,16,18,864,38052
esp32c3,AES128GCM,sw,decrypt,16,18,865,37639
esp32c3,AES128GCM,sw,decrypt,16,18,866,38052
esp32c3,AES128GCM,sw,decrypt,16,18,867,37639
esp32c3,AES128GCM,sw,decrypt,16,18,868,38052
esp32c3,AES128GCM,sw,decrypt,16,18,869,37639
esp32c3,AES128GCM,sw,decrypt,16,18,870,38052
esp32c3,AES128GCM,sw,decrypt,16,18,871,37639
esp32c3,AES128GCM,sw,decrypt,16,18,872,38052
esp32c3,AES128GCM,sw,decrypt,16,18,873,37639
esp32c3,AES128GCM,sw,decrypt,16,18,874,38052
esp32c3,AES128GCM,sw,decrypt,16,18,875,37639
esp32c3,AES128GCM,sw,decrypt,16,18,876,38052
esp32c3,AES128GCM,sw,decrypt,16,18,877,37639
esp32c3,AES128GCM,sw,decrypt,16,18,878,38052
esp32c3,AES128GCM,sw,decrypt,16,18,879,37639
esp32c3,AES128GCM,sw,decrypt,16,18,880,38052
esp32c3,AES128GCM,sw,decrypt,16,18,881,37639
esp32c3,AES128GCM,sw,decrypt,16,18,882,38052
esp32c3,AES128GCM,sw,decrypt,16,18,883,37639
esp32c3,AES128GCM,sw,decrypt,16,18,884,38052
esp32c3,AES128GCM,sw,decrypt,16,18,885,37639
esp32c3,AES128GCM,sw,decrypt,16,18,886,38052
esp32c3,AES128GCM,sw,decrypt,16,18,887,37639
esp32c3,AES128GCM,sw,decrypt,16,18,888,38052
esp32c3,AES128GCM,sw,decrypt,16,18,889,37639
esp32c3,AES128GCM,sw,decrypt,16,18,890,38052
esp32c3,AES128GCM,sw,decrypt,16,18,891,37639
esp32c3,AES128GCM,sw,decrypt,16,18,892,38052
esp32c3,AES128GCM,sw,decrypt,16,18,893,37639
esp32c3,AES128GCM,sw,decrypt,16,18,894,38052
esp32c3,AES128GCM,sw,decrypt,16,18,895,37639
esp32c3,AES128GCM,sw,decrypt,16,18,896,38052
esp32c3,AES128GCM,sw,decrypt,16,18,897,37639
esp32c3,AES128GCM,sw,decrypt,16,18,898,38052
esp32c3,AES128GCM,sw,decrypt,16,18,899,37639
esp32c3,AES128GCM,sw,decrypt,16,18,900,38052
esp32c3,AES128GCM,sw,decrypt,16,18,901,37639
esp32c3,AES128GCM,sw,decrypt,16,18,902,38052
esp32c3,AES128GCM,sw,decrypt,16,18,903,37639
esp32c3,AES128GCM,sw,decrypt,16,18,904,38052
esp32c3,AES128GCM,sw,decrypt,16,18,905,37639
esp32c3,AES128GCM,sw,decrypt,16,18,906,38052
esp32c3,AES128GCM,sw,decrypt,16,18,907,37639
esp32c3,AES128GCM,sw,decrypt,16,18,908,38052
esp32c3,AES128GCM,sw,decrypt,16,18,909,37639
esp32c3,AES128GCM,sw,decrypt,16,18,910,38052
esp32c3,AES128GCM,sw,decrypt,16,18,911,37639
esp32c3,AES128GCM,sw,decrypt,16,18,912,38052
esp32c3,AES128GCM,sw,decrypt,16,18,913,37639
esp32c3,AES128GCM,sw,decrypt,16,18,914,38052
esp32c3,AES128GCM,sw,decrypt,16,18,915,37639
esp32c3,AES128GCM,sw,decrypt,16,18,916,38052
esp32c3,AES128GCM,sw,decrypt,16,18,917,37639
esp32c3,AES128GCM,sw,decrypt,16,18,918,38052
esp32c3,AES128GCM,sw,decrypt,16,18,919,37639
esp32c3,AES128GCM,sw,decrypt,16,18,920,38052
esp32c3,AES128GCM,sw,decrypt,16,18,921,37639
esp32c3,AES128GCM,sw,decrypt,16,18,922,38052
esp32c3,AES128GCM,sw,decrypt,16,18,923,37639
esp32c3,AES128GCM,sw,decrypt,16,18,924,38052
esp32c3,AES128GCM,sw,decrypt,16,18,925,37639
esp32c3,AES128GCM,sw,decrypt,16,18,926,38052
esp32c3,AES128GCM,sw,decrypt,16,18,927,37639
esp32c3,AES128GCM,sw,decrypt,16,18,928,38052
esp32c3,AES128GCM,sw,decrypt,16,18,929,37639
esp32c3,AES128GCM,sw,decrypt,16,18,930,38052
esp32c3,AES128GCM,sw,decrypt,16,18,931,37639
esp32c3,AES128GCM,sw,decrypt,16,18,932,38052
esp32c3,AES128GCM,sw,decrypt,16,18,933,37639
esp32c3,AES128GCM,sw,decrypt,16,18,934,38052
esp32c3,AES128GCM,sw,decrypt,16,18,935,37639
esp32c3,AES128GCM,sw,decrypt,16,18,936,38052
esp32c3,AES128GCM,sw,decrypt,16,18,937,37639
esp32c3,AES128GCM,sw,decrypt,16,18,938,38052
esp32c3,AES128GCM,sw,decrypt,16,18,939,37639
esp32c3,AES128GCM,sw,decrypt,16,18,940,38052
esp32c3,AES128GCM,sw,decrypt,16,18,941,37639
esp32c3,AES128GCM,sw,decrypt,16,18,942,38052
esp32c3,AES128GCM,sw,decrypt,16,18,943,37639
esp32c3,AES128GCM,sw,decrypt,16,18,944,38052
esp32c3,AES128GCM,sw,decrypt,16,18,945,37639
esp32c3,AES128GCM,sw,decrypt,16,18,946,38052
esp32c3,AES128GCM,sw,decrypt,16,18,947,37639
esp32c3,AES128GCM,sw,decrypt,16,18,948,38052
esp32c3,AES128GCM,sw,decrypt,16,18,949,37639
esp32c3,AES128GCM,sw,decrypt,16,18,950,38052
esp32c3,AES128GCM,sw,decrypt,16,18,951,37639
esp32c3,AES128GCM,sw,decrypt,16,18,952,38052
esp32c3,AES128GCM,sw,decrypt,16,18,953,37639
esp32c3,AES128GCM,sw,decrypt,16,18,954,38052
esp32c3,AES128GCM,sw,decrypt,16,18,955,37639
esp32c3,AES128GCM,sw,decrypt,16,18,956,38052
esp32c3,AES128GCM,sw,decrypt,16,18,957,37639
esp32c3,AES128GCM,sw,decrypt,16,18,958,38052
esp32c3,AES128GCM,sw,decrypt,16,18,959,37639
esp32c3,AES128GCM,sw,decrypt,16,18,960,38944
esp32c3,AES128GCM,sw,decrypt,16,18,961,37639
esp32c3,AES128GCM,sw,decrypt,16,18,962,38052
esp32c3,AES128GCM,sw,decrypt,16,18,963,37639
esp32c3,AES128GCM,sw,decrypt,16,18,964,38052
esp32c3,AES128GCM,sw,decrypt,16,18,965,38621
esp32c3,AES128GCM,sw,decrypt,16,18,966,38052
esp32c3,AES128GCM,sw,decrypt,16,18,967,37639
esp32c3,AES128GCM,sw,decrypt,16,18,968,38052
esp32c3,AES128GCM,sw,decrypt,16,18,969,37639
esp32c3,AES128GCM,sw,decrypt,16,18,970,39034
esp32c3,AES128GCM,sw,decrypt,16,18,971,37639
esp32c3,AES128GCM,sw,decrypt,16,18,972,38052
esp32c3,AES128GCM,sw,decrypt,16,18,973,37639
esp32c3,AES128GCM,sw,decrypt,16,18,974,38052
esp32c3,AES128GCM,sw,decrypt,16,18,975,38621
esp32c3,AES128GCM,sw,decrypt,16,18,976,38052
esp32c3,AES128GCM,sw,decrypt,16,18,977,37639
esp32c3,AES128GCM,sw,decrypt,16,18,978,38052
esp32c3,AES128GCM,sw,decrypt,16,18,979,37639
esp32c3,AES128GCM,sw,decrypt,16,18,980,39035
esp32c3,AES128GCM,sw,decrypt,16,18,981,37639
esp32c3,AES128GCM,sw,decrypt,16,18,982,38052
esp32c3,AES128GCM,sw,decrypt,16,18,983,37639
esp32c3,AES128GCM,sw,decrypt,16,18,984,38052
esp32c3,AES128GCM,sw,decrypt,16,18,985,38623
esp32c3,AES128GCM,sw,decrypt,16,18,986,38052
esp32c3,AES128GCM,sw,decrypt,16,18,987,37639
esp32c3,AES128GCM,sw,decrypt,16,18,988,38052
esp32c3,AES128GCM,sw,decrypt,16,18,989,37639
esp32c3,AES128GCM,sw,decrypt,16,18,990,39036
esp32c3,AES128GCM,sw,decrypt,16,18,991,37639
esp32c3,AES128GCM,sw,decrypt,16,18,992,38052
esp32c3,AES128GCM,sw,decrypt,16,18,993,37639
esp32c3,AES128GCM,sw,decrypt,16,18,994,38052
esp32c3,AES128GCM,sw,decrypt,16,18,995,37639
esp32c3,AES128GCM,sw,decrypt,16,18,996,38052
esp32c3,AES128GCM,sw,decrypt,16,18,997,37639
esp32c3,AES128GCM,sw,decrypt,16,18,998,38052
esp32c3,AES128GCM,sw,decrypt,16,18,999,37639
stack,esp32c3,AES128GCM,sw,decrypt,16,14244
esp32c3,AES128GCM,sw,encrypt,32,18,0,37754
esp32c3,AES128GCM,sw,encrypt,32,18,1,45746
esp32c3,AES128GCM,sw,encrypt,32,18,2,45233
esp32c3,AES128GCM,sw,encrypt,32,18,3,45105
esp32c3,AES128GCM,sw,encrypt,32,18,4,45233
esp32c3,AES128GCM,sw,encrypt,32,18,5,45105
esp32c3,AES128GCM,sw,encrypt,32,18,6,45233
esp32c3,AES128GCM,sw,encrypt,32,18,7,45105
esp32c3,AES128GCM,sw,encrypt,32,18,8,45233
esp32c3,AES128GCM,sw,encrypt,32,18,9,45105
esp32c3,AES128GCM,sw,encrypt,32,18,10,45233
esp32c3,AES128GCM,sw,encrypt,32,18,11,45105
esp32c3,AES128GCM,sw,encrypt,32,18,12,45233
esp32c3,AES128GCM,sw,encrypt,32,18,13,45105
esp32c3,AES128GCM,sw,encrypt,32,18,14,45233
esp32c3,AES128GCM,sw,encrypt,32,18,15,45105
esp32c3,AES128GCM,sw,encrypt,32,18,16,45233
esp32c3,AES128GCM,sw,encrypt,32,18,17,45105
esp32c3,AES128GCM,sw,encrypt,32,18,18,45233
esp32c3,AES128GCM,sw,encrypt,32,18,19,45105
esp32c3,AES128GCM,sw,encrypt,32,18,20,45233
esp32c3,AES128GCM,sw,encrypt,32,18,21,45105
esp32c3,AES128GCM,sw,encrypt,32,18,22,45233
esp32c3,AES128GCM,sw,encrypt,32,18,23,45105
esp32c3,AES128GCM,sw,encrypt,32,18,24,45233
esp32c3,AES128GCM,sw,encrypt,32,18,25,45105
esp32c3,AES128GCM,sw,encrypt,32,18,26,45233
esp32c3,AES128GCM,sw,encrypt,32,18,27,45105
esp32c3,AES128GCM,sw,encrypt,32,18,28,45233
esp32c3,AES128GCM,sw,encrypt,32,18,29,45105
esp32c3,AES128GCM,sw,encrypt,32,18,30,46215
esp32c3,AES128GCM,sw,encrypt,32,18,31,45105
esp32c3,AES128GCM,sw,encrypt,32,18,32,45233
esp32c3,AES128GCM,sw,encrypt,32,18,33,45105
esp32c3,AES128GCM,sw,encrypt,32,18,34,45233
esp32c3,AES128GCM,sw,encrypt,32,18,35,45105
esp32c3,AES128GCM,sw,encrypt,32,18,36,45233
esp32c3,AES128GCM,sw,encrypt,32,18,37,45105
esp32c3,AES128GCM,sw,encrypt,32,18,38,45233
esp32c3,AES128GCM,sw,encrypt,32,18,39,45105
esp32c3,AES128GCM,sw,encrypt,32,18,40,45233
esp32c3,AES128GCM,sw,encrypt,32,18,41,45105
esp32c3,AES128GCM,sw,encrypt,32,18,42,45233
esp32c3,AES128GCM,sw,encrypt,32,18,43,45105
esp32c3,AES128GCM,sw,encrypt,32,18,44,45233
esp32c3,AES128GCM,sw,encrypt,32,18,45,45105
esp32c3,AES128GCM,sw,encrypt,32,18,46,45233
esp32c3,AES128GCM,sw,encrypt,32,18,47,45105
esp32c3,AES128GCM,sw,encrypt,32,18,48,45233
esp32c3,AES128GCM,sw,encrypt,32,18,49,45105
esp32c3,AES128GCM,sw,encrypt,32,18,50,45233
esp32c3,AES128GCM,sw,encrypt,32,18,51,45105
esp32c3,AES128GCM,sw,encrypt,32,18,52,45233
esp32c3,AES128GCM,sw,encrypt,32,18,53,46087
esp32c3,AES128GCM,sw,encrypt,32,18,54,45233
esp32c3,AES128GCM,sw,encrypt,32,18,55,45105
esp32c3,AES128GCM,sw,encrypt,32,18,56,45233
esp32c3,AES128GCM,sw,encrypt,32,18,57,45105
esp32c3,AES128GCM,sw,encrypt,32,18,58,45233
esp32c3,AES128GCM,sw,encrypt,32,18,59,45105
esp32c3,AES128GCM,sw,encrypt,32,18,60,45233
esp32c3,AES128GCM,sw,encrypt,32,18,61,45105
esp32c3,AES128GCM,sw,encrypt,32,18,62,45233
esp32c3,AES128GCM,sw,encrypt,32,18,63,45105
esp32c3,AES128GCM,sw,encrypt,32,18,64,45233
esp32c3,AES128GCM,sw,encrypt,32,18,65,45105
esp32c3,AES128GCM,sw,encrypt,32,18,66,45233
esp32c3,AES128GCM,sw,encrypt,32,18,67,45105
esp32c3,AES128GCM,sw,encrypt,32,18,68,45233
esp32c3,AES128GCM,sw,encrypt,32,18,69,45105
esp32c3,AES128GCM,sw,encrypt,32,18,70,45233
esp32c3,AES128GCM,sw,encrypt,32,18,71,45105
esp32c3,AES128GCM,sw,encrypt,32,18,72,45233
esp32c3,AES128GCM,sw,encrypt,32,18,73,45105
esp32c3,AES128GCM,sw,encrypt,32,18,74,45233
esp32c3,AES128GCM,sw,encrypt,32,18,75,45105
esp32c3,AES128GCM,sw,encrypt,32,18,76,45233
esp32c3,AES128GCM,sw,encrypt,32,18,77,45105
esp32c3,AES128GCM,sw,encrypt,32,18,78,45233
esp32c3,AES128GCM,sw,encrypt,32,18,79,45105
esp32c3,AES128GCM,sw,encrypt,32,18,80,45233
esp32c3,AES128GCM,sw,encrypt,32,18,81,45105
esp32c3,AES128GCM,sw,encrypt,32,18,82,45233
esp32c3,AES128GCM,sw,encrypt,32,18,83,45105
esp32c3,AES128GCM,sw,encrypt,32,18,84,45233
esp32c3,AES128GCM,sw,encrypt,32,18,85,45105
esp32c3,AES128GCM,sw,encrypt,32,18,86,45233
esp32c3,AES128GCM,sw,encrypt,32,18,87,45105
esp32c3,AES128GCM,sw,encrypt,32,18,88,45233
esp32c3,AES128GCM,sw,encrypt,32,18,89,45105
esp32c3,AES128GCM,sw,encrypt,32,18,90,45233
esp32c3,AES128GCM,sw,encrypt,32,18,91,45105
esp32c3,AES128GCM,sw,encrypt,32,18,92,45233
esp32c3,AES128GCM,sw,encrypt,32,18,93,45105
esp32c3,AES128GCM,sw,encrypt,32,18,94,46215
esp32c3,AES128GCM,sw,encrypt,32,18,95,45105
esp32c3,AES128GCM,sw,encrypt,32,18,96,45233
esp32c3,AES128GCM,sw,encrypt,32,18,97,45105
esp32c3,AES128GCM,sw,encrypt,32,18,98,45233
esp32c3,AES128GCM,sw,encrypt,32,18,99,45105
esp32c3,AES128GCM,sw,encrypt,32,18,100,45233
esp32c3,AES128GCM,sw,encrypt,32,18,101,45105
esp32c3,AES128GCM,sw,encrypt,32,18,102,45233
esp32c3,AES128GCM,sw,encrypt,32,18,103,45105
esp32c3,AES128GCM,sw,encrypt,32,18,104,45233
esp32c3,AES128GCM,sw,encrypt,32,18,105,45105
esp32c3,AES128GCM,sw,encrypt,32,18,106,45233
esp32c3,AES128GCM,sw,encrypt,32,18,107,45105
esp32c3,AES128GCM,sw,encrypt,32,18,108,45233
esp32c3,AES128GCM,sw,encrypt,32,18,109,45105
esp32c3,AES128GCM,sw,encrypt,32,18,110,45233
esp32c3,AES128GCM,sw,encrypt,32,18,111,45105
esp32c3,AES128GCM,sw,encrypt,32,18,112,45233
esp32c3,AES128GCM,sw,encrypt,32,18,113,45105
esp32c3,AES128GCM,sw,encrypt,32,18,114,45233
esp32c3,AES128GCM,sw,encrypt,32,18,115,45105
esp32c3,AES128GCM,sw,encrypt,32,18,116,45233
esp32c3,AES128GCM,sw,encrypt,32,18,117,45105
esp32c3,AES128GCM,sw,encrypt,32,18,118,45233
esp32c3,AES128GCM,sw,encrypt,32,18,119,45105
esp32c3,AES128GCM,sw,encrypt,32,18,120,45233
esp32c3,AES128GCM,sw,encrypt,32,18,121,45105
esp32c3,AES128GCM,sw,encrypt,32,18,122,45233
esp32c3,AES128GCM,sw,encrypt,32,18,123,45105
esp32c3,AES128GCM,sw,encrypt,32,18,124,45233
esp32c3,AES128GCM,sw,encrypt,32,18,125,45105
esp32c3,AES128GCM,sw,encrypt,32,18,126,45233
esp32c3,AES128GCM,sw,encrypt,32,18,127,45105
esp32c3,AES128GCM,sw,encrypt,32,18,128,45233
esp32c3,AES128GCM,sw,encrypt,32,18,129,45105
esp32c3,AES128GCM,sw,encrypt,32,18,130,45233
esp32c3,AES128GCM,sw,encrypt,32,18,131,45105
esp32c3,AES128GCM,sw,encrypt,32,18,132,45233
esp32c3,AES128GCM,sw,encrypt,32,18,133,45105
esp32c3,AES128GCM,sw,encrypt,32,18,134,45233
esp32c3,AES128GCM,sw,encrypt,32,18,135,45105
esp32c3,AES128GCM,sw,encrypt,32,18,136,45233
esp32c3,AES128GCM,sw,encrypt,32,18,137,45105
esp32c3,AES128GCM,sw,encrypt,32,18,138,45233
esp32c3,AES128GCM,sw,encrypt,32,18,139,45105
esp32c3,AES128GCM,sw,encrypt,32,18,140,45233
esp32c3,AES128GCM,sw,encrypt,32,18,141,45105
esp32c3,AES128GCM,sw,encrypt,32,18,142,45233
esp32c3,AES128GCM,sw,encrypt,32,18,143,45105
esp32c3,AES128GCM,sw,encrypt,32,18,144,45233
esp32c3,AES128GCM,sw,encrypt,32,18,145,45105
esp32c3,AES128GCM,sw,encrypt,32,18,146,45233
esp32c3,AES128GCM,sw,encrypt,32,18,147,45105
esp32c3,AES128GCM,sw,encrypt,32,18,148,45233
esp32c3,AES128GCM,sw,encrypt,32,18,149,45105
esp32c3,AES128GCM,sw,encrypt,32,18,150,45233
esp32c3,AES128GCM,sw,encrypt,32,18,151,45105
esp32c3,AES128GCM,sw,encrypt,32,18,152,45233
esp32c3,AES128GCM,sw,encrypt,32,18,153,45105
esp32c3,AES128GCM,sw,encrypt,32,18,154,45233
esp32c3,AES128GCM,sw,encrypt,32,18,155,45105
esp32c3,AES128GCM,sw,encrypt,32,18,156,45233
esp32c3,AES128GCM,sw,encrypt,32,18,157,45105
esp32c3,AES128GCM,sw,encrypt,32,18,158,45233
esp32c3,AES128GCM,sw,encrypt,32,18,159,45105
esp32c3,AES128GCM,sw,encrypt,32,18,160,45233
esp32c3,AES128GCM,sw,encrypt,32,18,161,45105
esp32c3,AES128GCM,sw,encrypt,32,18,162,45233
esp32c3,AES128GCM,sw,encrypt,32,18,163,45105
esp32c3,AES128GCM,sw,encrypt,32,18,164,45233
esp32c3,AES128GCM,sw,encrypt,32,18,165,45105
esp32c3,AES128GCM,sw,encrypt,32,18,166,45233
esp32c3,AES128GCM,sw,encrypt,32,18,167,45105
esp32c3,AES128GCM,sw,encrypt,32,18,168,45233
esp32c3,AES128GCM,sw,encrypt,32,18,169,45105
esp32c3,AES128GCM,sw,encrypt,32,18,170,45233
esp32c3,AES128GCM,sw,encrypt,32,18,171,45105
esp32c3,AES128GCM,sw,encrypt,32,18,172,45233
esp32c3,AES128GCM,sw,encrypt,32,18,173,45105
esp32c3,AES128GCM,sw,encrypt,32,18,174,45233
esp32c3,AES128GCM,sw,encrypt,32,18,175,45105
esp32c3,AES128GCM,sw,encrypt,32,18,176,45233
esp32c3,AES128GCM,sw,encrypt,32,18,177,45105
esp32c3,AES128GCM,sw,encrypt,32,18,178,45233
esp32c3,AES128GCM,sw,encrypt,32,18,179,45105
esp32c3,AES128GCM,sw,encrypt,32,18,180,45233
esp32c3,AES128GCM,sw,encrypt,32,18,181,45105
esp32c3,AES128GCM,sw,encrypt,32,18,182,45233
esp32c3,AES128GCM,sw,encrypt,32,18,183,45105
esp32c3,AES128GCM,sw,encrypt,32,18,184,45233
esp32c3,AES128GCM,sw,encrypt,32,18,185,45105
esp32c3,AES128GCM,sw,encrypt,32,18,186,45233
esp32c3,AES128GCM,sw,encrypt,32,18,187,45105
esp32c3,AES128GCM,sw,encrypt,32,18,188,45233
esp32c3,AES128GCM,sw,encrypt,32,18,189,45105
esp32c3,AES128GCM,sw,encrypt,32,18,190,45233
esp32c3,AES128GCM,sw,encrypt,32,18,191,45105
esp32c3,AES128GCM,sw,encrypt,32,18,192,45233
esp32c3,AES128GCM,sw,encrypt,32,18,193,45105
esp32c3,AES128GCM,sw,encrypt,32,18,194,45233
esp32c3,AES128GCM,sw,encrypt,32,18,195,45105
esp32c3,AES128GCM,sw,encrypt,32,18,196,45233
esp32c3,AES128GCM,sw,encrypt,32,18,197,45105
esp32c3,AES128GCM,sw,encrypt,32,18,198,45233
esp32c3,AES128GCM,sw,encrypt,32,18,199,45105
esp32c3,AES128GCM,sw,encrypt,32,18,200,45233
esp32c3,AES128GCM,sw,encrypt,32,18,201,45105
esp32c3,AES128GCM,sw,encrypt,32,18,202,45233
esp32c3,AES128GCM,sw,encrypt,32,18,203,45105
esp32c3,AES128GCM,sw,encrypt,32,18,204,45233
esp32c3,AES128GCM,sw,encrypt,32,18,205,45105
esp32c3,AES128GCM,sw,encrypt,32,18,206,45233
esp32c3,AES128GCM,sw,encrypt,32,18,207,45105
esp32c3,AES128GCM,sw,encrypt,32,18,208,45233
esp32c3,AES128GCM,sw,encrypt,32,18,209,45105
esp32c3,AES128GCM,sw,encrypt,32,18,210,45233
esp32c3,AES128GCM,sw,encrypt,32,18,211,45105
esp32c3,AES128GCM,sw,encrypt,32,18,212,45233
esp32c3,AES128GCM,sw,encrypt,32,18,213,45105
esp32c3,AES128GCM,sw,encrypt,32,18,214,45233
esp32c3,AES128GCM,sw,encrypt,32,18,215,45105
esp32c3,AES128GCM,sw,encrypt,32,18,216,45233
esp32c3,AES128GCM,sw,encrypt,32,18,217,45105
esp32c3,AES128GCM,sw,encrypt,32,18,218,45233
esp32c3,AES128GCM,sw,encrypt,32,18,219,45105
esp32c3,AES128GCM,sw,encrypt,32,18,220,45233
esp32c3,AES128GCM,sw,encrypt,32,18,221,45105
esp32c3,AES128GCM,sw,encrypt,32,18,222,45233
esp32c3,AES128GCM,sw,encrypt,32,18,223,45105
esp32c3,AES128GCM,sw,encrypt,32,18,224,45233
esp32c3,AES128GCM,sw,encrypt,32,18,225,45105
esp32c3,AES128GCM,sw,encrypt,32,18,226,45233
esp32c3,AES128GCM,sw,encrypt,32,18,227,45105
esp32c3,AES128GCM,sw,encrypt,32,18,228,45233
esp32c3,AES128GCM,sw,encrypt,32,18,229,45105
esp32c3,AES128GCM,sw,encrypt,32,18,230,45233
esp32c3,AES128GCM,sw,encrypt,32,18,231,45105
esp32c3,AES128GCM,sw,encrypt,32,18,232,45233
esp32c3,AES128GCM,sw,encrypt,32,18,233,45105
esp32c3,AES128GCM,sw,encrypt,32,18,234,45233
esp32c3,AES128GCM,sw,encrypt,32,18,235,45105
esp32c3,AES128GCM,sw,encrypt,32,18,236,45233
esp32c3,AES128GCM,sw,encrypt,32,18,237,45105
esp32c3,AES128GCM,sw,encrypt,32,18,238,45233
esp32c3,AES128GCM,sw,encrypt,32,18,239,45105
esp32c3,AES128GCM,sw,encrypt,32,18,240,45233
esp32c3,AES128GCM,sw,encrypt,32,18,241,45105
esp32c3,AES128GCM,sw,encrypt,32,18,242,45233
esp32c3,AES128GCM,sw,encrypt,32,18,243,45105
esp32c3,AES128GCM,sw,encrypt,32,18,244,45233
esp32c3,AES128GCM,sw,encrypt,32,18,245,45105
esp32c3,AES128GCM,sw,encrypt,32,18,246,45233
esp32c3,AES128GCM,sw,encrypt,32,18,247,45105
esp32c3,AES128GCM,sw,encrypt,32,18,248,45233
esp32c3,AES128GCM,sw,encrypt,32,18,249,45105
esp32c3,AES128GCM,sw,encrypt,32,18,250,45233
esp32c3,AES128GCM,sw,encrypt,32,18,251,45105
esp32c3,AES128GCM,sw,encrypt,32,18,252,45233
esp32c3,AES128GCM,sw,encrypt,32,18,253,45105
esp32c3,AES128GCM,sw,encrypt,32,18,254,45233
esp32c3,AES128GCM,sw,encrypt,32,18,255,45105
esp32c3,AES128GCM,sw,encrypt,32,18,256,45233
esp32c3,AES128GCM,sw,encrypt,32,18,257,45105
esp32c3,AES128GCM,sw,encrypt,32,18,258,45233
esp32c3,AES128GCM,sw,encrypt,32,18,259,45105
esp32c3,AES128GCM,sw,encrypt,32,18,260,45233
esp32c3,AES128GCM,sw,encrypt,32,18,261,45105
esp32c3,AES128GCM,sw,encrypt,32,18,262,45233
esp32c3,AES128GCM,sw,encrypt,32,18,263,45105
esp32c3,AES128GCM,sw,encrypt,32,18,264,45233
esp32c3,AES128GCM,sw,encrypt,32,18,265,45105
esp32c3,AES128GCM,sw,encrypt,32,18,266,45233
esp32c3,AES128GCM,sw,encrypt,32,18,267,45105
esp32c3,AES128GCM,sw,encrypt,32,18,268,45233
esp32c3,AES128GCM,sw,encrypt,32,18,269,45105
esp32c3,AES128GCM,sw,encrypt,32,18,270,45233
esp32c3,AES128GCM,sw,encrypt,32,18,271,45105
esp32c3,AES128GCM,sw,encrypt,32,18,272,45233
esp32c3,AES128GCM,sw,encrypt,32,18,273,45105
esp32c3,AES128GCM,sw,encrypt,32,18,274,45233
esp32c3,AES128GCM,sw,encrypt,32,18,275,45105
esp32c3,AES128GCM,sw,encrypt,32,18,276,45233
esp32c3,AES128GCM,sw,encrypt,32,18,277,45105
esp32c3,AES128GCM,sw,encrypt,32,18,278,45233
esp32c3,AES128GCM,sw,encrypt,32,18,279,45105
esp32c3,AES128GCM,sw,encrypt,32,18,280,45233
esp32c3,AES128GCM,sw,encrypt,32,18,281,45105
esp32c3,AES128GCM,sw,encrypt,32,18,282,46169
esp32c3,AES128GCM,sw,encrypt,32,18,283,45105
esp32c3,AES128GCM,sw,encrypt,32,18,284,45233
esp32c3,AES128GCM,sw,encrypt,32,18,285,45105
esp32c3,AES128GCM,sw,encrypt,32,18,286,45233
esp32c3,AES128GCM,sw,encrypt,32,18,287,46087
esp32c3,AES128GCM,sw,encrypt,32,18,288,45233
esp32c3,AES128GCM,sw,encrypt,32,18,289,45105
esp32c3,AES128GCM,sw,encrypt,32,18,290,45233
esp32c3,AES128GCM,sw,encrypt,32,18,291,45105
esp32c3,AES128GCM,sw,encrypt,32,18,292,46217
esp32c3,AES128GCM,sw,encrypt,32,18,293,45105
esp32c3,AES128GCM,sw,encrypt,32,18,294,45233
esp32c3,AES128GCM,sw,encrypt,32,18,295,45105
esp32c3,AES128GCM,sw,encrypt,32,18,296,45233
esp32c3,AES128GCM,sw,encrypt,32,18,297,46085
esp32c3,AES128GCM,sw,encrypt,32,18,298,45233
esp32c3,AES128GCM,sw,encrypt,32,18,299,45105
esp32c3,AES128GCM,sw,encrypt,32,18,300,45233
esp32c3,AES128GCM,sw,encrypt,32,18,301,45105
esp32c3,AES128GCM,sw,encrypt,32,18,302,46217
esp32c3,AES128GCM,sw,encrypt,32,18,303,45105
esp32c3,AES128GCM,sw,encrypt,32,18,304,45233
esp32c3,AES128GCM,sw,encrypt,32,18,305,45105
esp32c3,AES128GCM,sw,encrypt,32,18,306,45233
esp32c3,AES128GCM,sw,encrypt,32,18,307,46087
esp32c3,AES128GCM,sw,encrypt,32,18,308,45233
esp32c3,AES128GCM,sw,encrypt,32,18,309,45105
esp32c3,AES128GCM,sw,encrypt,32,18,310,45233
esp32c3,AES128GCM,sw,encrypt,32,18,311,45105
esp32c3,AES128GCM,sw,encrypt,32,18,312,46215
esp32c3,AES128GCM,sw,encrypt,32,18,313,45105
esp32c3,AES128GCM,sw,encrypt,32,18,314,45233
esp32c3,AES128GCM,sw,encrypt,32,18,315,45105
esp32c3,AES128GCM,sw,encrypt,32,18,316,45233
esp32c3,AES128GCM,sw,encrypt,32,18,317,46088
esp32c3,AES128GCM,sw,encrypt,32,18,318,45233
esp32c3,AES128GCM,sw,encrypt,32,18,319,45105
esp32c3,AES128GCM,sw,encrypt,32,18,320,45233
esp32c3,AES128GCM,sw,encrypt,32,18,321,45105
esp32c3,AES128GCM,sw,encrypt,32,18,322,45233
esp32c3,AES128GCM,sw,encrypt,32,18,323,45105
esp32c3,AES128GCM,sw,encrypt,32,18,324,45233
esp32c3,AES128GCM,sw,encrypt,32,18,325,45105
esp32c3,AES128GCM,sw,encrypt,32,18,326,45233
esp32c3,AES128GCM,sw,encrypt,32,18,327,45105
esp32c3,AES128GCM,sw,encrypt,32,18,328,45233
esp32c3,AES128GCM,sw,encrypt,32,18,329,45105
esp32c3,AES128GCM,sw,encrypt,32,18,330,45233
esp32c3,AES128GCM,sw,encrypt,32,18,331,45105
esp32c3,AES128GCM,sw,encrypt,32,18,332,45233
esp32c3,AES128GCM,sw,encrypt,32,18,333,45105
esp32c3,AES128GCM,sw,encrypt,32,18,334,45233
esp32c3,AES128GCM,sw,encrypt,32,18,335,45105
esp32c3,AES128GCM,sw,encrypt,32,18,336,45233
esp32c3,AES128GCM,sw,encrypt,32,18,337,45105
esp32c3,AES128GCM,sw,encrypt,32,18,338,45233
esp32c3,AES128GCM,sw,encrypt,32,18,339,45105
esp32c3,AES128GCM,sw,encrypt,32,18,340,45233
esp32c3,AES128GCM,sw,encrypt,32,18,341,45105
esp32c3,AES128GCM,sw,encrypt,32,18,342,45233
esp32c3,AES128GCM,sw,encrypt,32,18,343,45105
esp32c3,AES128GCM,sw,encrypt,32,18,344,45233
esp32c3,AES128GCM,sw,encrypt,32,18,345,45105
esp32c3,AES128GCM,sw,encrypt,32,18,346,45233
esp32c3,AES128GCM,sw,encrypt,32,18,347,45105
esp32c3,AES128GCM,sw,encrypt,32,18,348,45233
esp32c3,AES128GCM,sw,encrypt,32,18,349,45105
esp32c3,AES128GCM,sw,encrypt,32,18,350,45233
esp32c3,AES128GCM,sw,encrypt,32,18,351,45105
esp32c3,AES128GCM,sw,encrypt,32,18,352,45233
esp32c3,AES128GCM,sw,encrypt,32,18,353,45105
esp32c3,AES128GCM,sw,encrypt,32,18,354,45233
esp32c3,AES128GCM,sw,encrypt,32,18,355,45105
esp32c3,AES128GCM,sw,encrypt,32,18,356,45233
esp32c3,AES128GCM,sw,encrypt,32,18,357,45105
esp32c3,AES128GCM,sw,encrypt,32,18,358,45233
esp32c3,AES128GCM,sw,encrypt,32,18,359,45105
esp32c3,AES128GCM,sw,encrypt,32,18,360,45233
esp32c3,AES128GCM,sw,encrypt,32,18,361,45105
esp32c3,AES128GCM,sw,encrypt,32,18,362,45233
esp32c3,AES128GCM,sw,encrypt,32,18,363,45105
esp32c3,AES128GCM,sw,encrypt,32,18,364,45233
esp32c3,AES128GCM,sw,encrypt,32,18,365,45105
esp32c3,AES128GCM,sw,encrypt,32,18,366,45233
esp32c3,AES128GCM,sw,encrypt,32,18,367,45105
esp32c3,AES128GCM,sw,encrypt,32,18,368,45233
esp32c3,AES128GCM,sw,encrypt,32,18,369,45105
esp32c3,AES128GCM,sw,encrypt,32,18,370,45233
esp32c3,AES128GCM,sw,encrypt,32,18,371,45105
esp32c3,AES128GCM,sw,encrypt,32,18,372,45233
esp32c3,AES128GCM,sw,encrypt,32,18,373,45105
esp32c3,AES128GCM,sw,encrypt,32,18,374,45233
esp32c3,AES128GCM,sw,encrypt,32,18,375,45105
esp32c3,AES128GCM,sw,encrypt,32,18,376,45233
esp32c3,AES128GCM,sw,encrypt,32,18,377,45105
esp32c3,AES128GCM,sw,encrypt,32,18,378,45233
esp32c3,AES128GCM,sw,encrypt,32,18,379,45105
esp32c3,AES128GCM,sw,encrypt,32,18,380,45233
esp32c3,AES128GCM,sw,encrypt,32,18,381,45105
esp32c3,AES128GCM,sw,encrypt,32,18,382,45233
esp32c3,AES128GCM,sw,encrypt,32,18,383,45105
esp32c3,AES128GCM,sw,encrypt,32,18,384,45233
esp32c3,AES128GCM,sw,encrypt,32,18,385,45105
esp32c3,AES128GCM,sw,encrypt,32,18,386,45233
esp32c3,AES128GCM,sw,encrypt,32,18,387,45105
esp32c3,AES128GCM,sw,encrypt,32,18,388,45233
esp32c3,AES128GCM,sw,encrypt,32,18,389,45105
esp32c3,AES128GCM,sw,encrypt,32,18,390,45233
esp32c3,AES128GCM,sw,encrypt,32,18,391,45105
esp32c3,AES128GCM,sw,encrypt,32,18,392,45233
esp32c3,AES128GCM,sw,encrypt,32,18,393,45105
esp32c3,AES128GCM,sw,encrypt,32,18,394,45233
esp32c3,AES128GCM,sw,encrypt,32,18,395,45105
esp32c3,AES128GCM,sw,encrypt,32,18,396,45233
esp32c3,AES128GCM,sw,encrypt,32,18,397,45105
esp32c3,AES128GCM,sw,encrypt,32,18,398,45233
esp32c3,AES128GCM,sw,encrypt,32,18,399,45105
esp32c3,AES128GCM,sw,encrypt,32,18,400,45233
esp32c3,AES128GCM,sw,encrypt,32,18,401,45105
esp32c3,AES128GCM,sw,encrypt,32,18,402,45233
esp32c3,AES128GCM,sw,encrypt,32,18,403,45105
esp32c3,AES128GCM,sw,encrypt,32,18,404,45233
esp32c3,AES128GCM,sw,encrypt,32,18,405,45105
esp32c3,AES128GCM,sw,encrypt,32,18,406,45233
esp32c3,AES128GCM,sw,encrypt,32,18,407,45105
esp32c3,AES128GCM,sw,encrypt,32,18,408,45233
esp32c3,AES128GCM,sw,encrypt,32,18,409,45105
esp32c3,AES128GCM,sw,encrypt,32,18,410,45233
esp32c3,AES128GCM,sw,encrypt,32,18,411,45105
esp32c3,AES128GCM,sw,encrypt,32,18,412,45233
esp32c3,AES128GCM,sw,encrypt,32,18,413,45105
esp32c3,AES128GCM,sw,encrypt,32,18,414,45233
esp32c3,AES128GCM,sw,encrypt,32,18,415,45105
esp32c3,AES128GCM,sw,encrypt,32,18,416,45233
esp32c3,AES128GCM,sw,encrypt,32,18,417,45105
esp32c3,AES128GCM,sw,encrypt,32,18,418,45233
esp32c3,AES128GCM,sw,encrypt,32,18,419,45105
esp32c3,AES128GCM,sw,encrypt,32,18,420,45233
esp32c3,AES128GCM,sw,encrypt,32,18,421,45105
esp32c3,AES128GCM,sw,encrypt,32,18,422,45233
esp32c3,AES128GCM,sw,encrypt,32,18,423,45105
esp32c3,AES128GCM,sw,encrypt,32,18,424,45233
esp32c3,AES128GCM,sw,encrypt,32,18,425,45105
esp32c3,AES128GCM,sw,encrypt,32,18,426,45233
esp32c3,AES128GCM,sw,encrypt,32,18,427,45105
esp32c3,AES128GCM,sw,encrypt,32,18,428,45233
esp32c3,AES128GCM,sw,encrypt,32,18,429,45105
esp32c3,AES128GCM,sw,encrypt,32,18,430,45233
esp32c3,AES128GCM,sw,encrypt,32,18,431,45105
esp32c3,AES128GCM,sw,encrypt,32,18,432,45233
esp32c3,AES128GCM,sw,encrypt,32,18,433,45105
esp32c3,AES128GCM,sw,encrypt,32,18,434,45233
esp32c3,AES128GCM,sw,encrypt,32,18,435,45105
esp32c3,AES128GCM,sw,encrypt,32,18,436,45233
esp32c3,AES128GCM,sw,encrypt,32,18,437,45105
esp32c3,AES128GCM,sw,encrypt,32,18,438,45233
esp32c3,AES128GCM,sw,encrypt,32,18,439,45105
esp32c3,AES128GCM,sw,encrypt,32,18,440,45233
esp32c3,AES128GCM,sw,encrypt,32,18,441,45105
esp32c3,AES128GCM,sw,encrypt,32,18,442,45233
esp32c3,AES128GCM,sw,encrypt,32,18,443,45105
esp32c3,AES128GCM,sw,encrypt,32,18,444,45233
esp32c3,AES128GCM,sw,encrypt,32,18,445,45105
esp32c3,AES128GCM,sw,encrypt,32,18,446,45233
esp32c3,AES128GCM,sw,encrypt,32,18,447,45105
esp32c3,AES128GCM,sw,encrypt,32,18,448,45233
esp32c3,AES128GCM,sw,encrypt,32,18,449,45105
esp32c3,AES128GCM,sw,encrypt,32,18,450,45233
esp32c3,AES128GCM,sw,encrypt,32,18,451,45105
esp32c3,AES128GCM,sw,encrypt,32,18,452,45233
esp32c3,AES128GCM,sw,encrypt,32,18,453,45105
esp32c3,AES128GCM,sw,encrypt,32,18,454,45233
esp32c3,AES128GCM,sw,encrypt,32,18,455,45105
esp32c3,AES128GCM,sw,encrypt,32,18,456,45233
esp32c3,AES128GCM,sw,encrypt,32,18,457,45105
esp32c3,AES128GCM,sw,encrypt,32,18,458,45233
esp32c3,AES128GCM,sw,encrypt,32,18,459,45105
esp32c3,AES128GCM,sw,encrypt,32,18,460,45233
esp32c3,AES128GCM,sw,encrypt,32,18,461,45105
esp32c3,AES128GCM,sw,encrypt,32,18,462,45233
esp32c3,AES128GCM,sw,encrypt,32,18,463,45105
esp32c3,AES128GCM,sw,encrypt,32,18,464,45233
esp32c3,AES128GCM,sw,encrypt,32,18,465,45105
esp32c3,AES128GCM,sw,encrypt,32,18,466,45233
esp32c3,AES128GCM,sw,encrypt,32,18,467,45105
esp32c3,AES128GCM,sw,encrypt,32,18,468,45233
esp32c3,AES128GCM,sw,encrypt,32,18,469,45105
esp32c3,AES128GCM,sw,encrypt,32,18,470,45233
esp32c3,AES128GCM,sw,encrypt,32,18,471,45105
esp32c3,AES128GCM,sw,encrypt,32,18,472,45233
esp32c3,AES128GCM,sw,encrypt,32,18,473,45105
esp32c3,AES128GCM,sw,encrypt,32,18,474,45233
esp32c3,AES128GCM,sw,encrypt,32,18,475,45105
esp32c3,AES128GCM,sw,encrypt,32,18,476,45233
esp32c3,AES128GCM,sw,encrypt,32,18,477,45105
esp32c3,AES128GCM,sw,encrypt,32,18,478,45233
esp32c3,AES128GCM,sw,encrypt,32,18,479,45105
esp32c3,AES128GCM,sw,encrypt,32,18,480,45233
esp32c3,AES128GCM,sw,encrypt,32,18,481,45105
esp32c3,AES128GCM,sw,encrypt,32,18,482,45233
esp32c3,AES128GCM,sw,encrypt,32,18,483,45105
esp32c3,AES128GCM,sw,encrypt,32,18,484,45233
esp32c3,AES128GCM,sw,encrypt,32,18,485,45105
esp32c3,AES128GCM,sw,encrypt,32,18,486,45233
esp32c3,AES128GCM,sw,encrypt,32,18,487,45105
esp32c3,AES128GCM,sw,encrypt,32,18,488,45233
esp32c3,AES128GCM,sw,encrypt,32,18,489,45105
esp32c3,AES128GCM,sw,encrypt,32,18,490,45233
esp32c3,AES128GCM,sw,encrypt,32,18,491,45105
esp32c3,AES128GCM,sw,encrypt,32,18,492,45233
esp32c3,AES128GCM,sw,encrypt,32,18,493,45105
esp32c3,AES128GCM,sw,encrypt,32,18,494,45233
esp32c3,AES128GCM,sw,encrypt,32,18,495,45105
esp32c3,AES128GCM,sw,encrypt,32,18,496,45233
esp32c3,AES128GCM,sw,encrypt,32,18,497,45105
esp32c3,AES128GCM,sw,encrypt,32,18,498,45233
esp32c3,AES128GCM,sw,encrypt,32,18,499,45105
esp32c3,AES128GCM,sw,encrypt,32,18,500,45233
esp32c3,AES128GCM,sw,encrypt,32,18,501,45105
esp32c3,AES128GCM,sw,encrypt,32,18,502,45233
esp32c3,AES128GCM,sw,encrypt,32,18,503,45105
esp32c3,AES128GCM,sw,encrypt,32,18,504,45233
esp32c3,AES128GCM,sw,encrypt,32,18,505,45105
esp32c3,AES128GCM,sw,encrypt,32,18,506,45233
esp32c3,AES128GCM,sw,encrypt,32,18,507,45105
esp32c3,AES128GCM,sw,encrypt,32,18,508,45233
esp32c3,AES128GCM,sw,encrypt,32,18,509,45105
esp32c3,AES128GCM,sw,encrypt,32,18,510,45233
esp32c3,AES128GCM,sw,encrypt,32,18,511,45105
esp32c3,AES128GCM,sw,encrypt,32,18,512,45233
esp32c3,AES128GCM,sw,encrypt,32,18,513,45105
esp32c3,AES128GCM,sw,encrypt,32,18,514,45233
esp32c3,AES128GCM,sw,encrypt,32,18,515,45105
esp32c3,AES128GCM,sw,encrypt,32,18,516,45233
esp32c3,AES128GCM,sw,encrypt,32,18,517,45105
esp32c3,AES128GCM,sw,encrypt,32,18,518,45233
esp32c3,AES128GCM,sw,encrypt,32,18,519,45105
esp32c3,AES128GCM,sw,encrypt,32,18,520,45233
esp32c3,AES128GCM,sw,encrypt,32,18,521,45105
esp32c3,AES128GCM,sw,encrypt,32,18,522,45233
esp32c3,AES128GCM,sw,encrypt,32,18,523,45105
esp32c3,AES128GCM,sw,encrypt,32,18,524,45233
esp32c3,AES128GCM,sw,encrypt,32,18,525,45105
esp32c3,AES128GCM,sw,encrypt,32,18,526,45233
esp32c3,AES128GCM,sw,encrypt,32,18,527,45105
esp32c3,AES128GCM,sw,encrypt,32,18,528,45233
esp32c3,AES128GCM,sw,encrypt,32,18,529,45105
esp32c3,AES128GCM,sw,encrypt,32,18,530,45233
esp32c3,AES128GCM,sw,encrypt,32,18,531,45105
esp32c3,AES128GCM,sw,encrypt,32,18,532,45233
esp32c3,AES128GCM,sw,encrypt,32,18,533,45105
esp32c3,AES128GCM,sw,encrypt,32,18,534,45233
esp32c3,AES128GCM,sw,encrypt,32,18,535,45105
esp32c3,AES128GCM,sw,encrypt,32,18,536,45233
esp32c3,AES128GCM,sw,encrypt,32,18,537,45105
esp32c3,AES128GCM,sw,encrypt,32,18,538,45233
esp32c3,AES128GCM,sw,encrypt,32,18,539,45105
esp32c3,AES128GCM,sw,encrypt,32,18,540,45233
esp32c3,AES128GCM,sw,encrypt,32,18,541,45105
esp32c3,AES128GCM,sw,encrypt,32,18,542,45233
esp32c3,AES128GCM,sw,encrypt,32,18,543,45105
esp32c3,AES128GCM,sw,encrypt,32,18,544,45233
esp32c3,AES128GCM,sw,encrypt,32,18,545,45105
esp32c3,AES128GCM,sw,encrypt,32,18,546,45233
esp32c3,AES128GCM,sw,encrypt,32,18,547,45105
esp32c3,AES128GCM,sw,encrypt,32,18,548,45233
esp32c3,AES128GCM,sw,encrypt,32,18,549,45105
esp32c3,AES128GCM,sw,encrypt,32,18,550,45233
esp32c3,AES128GCM,sw,encrypt,32,18,551,45105
esp32c3,AES128GCM,sw,encrypt,32,18,552,45233
esp32c3,AES128GCM,sw,encrypt,32,18,553,45105
esp32c3,AES128GCM,sw,encrypt,32,18,554,45233
esp32c3,AES128GCM,sw,encrypt,32,18,555,45961
esp32c3,AES128GCM,sw,encrypt,32,18,556,45233
esp32c3,AES128GCM,sw,encrypt,32,18,557,45105
esp32c3,AES128GCM,sw,encrypt,32,18,558,45233
esp32c3,AES128GCM,sw,encrypt,32,18,559,45105
esp32c3,AES128GCM,sw,encrypt,32,18,560,46215
esp32c3,AES128GCM,sw,encrypt,32,18,561,45105
esp32c3,AES128GCM,sw,encrypt,32,18,562,45233
esp32c3,AES128GCM,sw,encrypt,32,18,563,45105
esp32c3,AES128GCM,sw,encrypt,32,18,564,45233
esp32c3,AES128GCM,sw,encrypt,32,18,565,46087
esp32c3,AES128GCM,sw,encrypt,32,18,566,45233
esp32c3,AES128GCM,sw,encrypt,32,18,567,45105
esp32c3,AES128GCM,sw,encrypt,32,18,568,45233
esp32c3,AES128GCM,sw,encrypt,32,18,569,45105
esp32c3,AES128GCM,sw,encrypt,32,18,570,46215
esp32c3,AES128GCM,sw,encrypt,32,18,571,45105
esp32c3,AES128GCM,sw,encrypt,32,18,572,45233
esp32c3,AES128GCM,sw,encrypt,32,18,573,45105
esp32c3,AES128GCM,sw,encrypt,32,18,574,45233
esp32c3,AES128GCM,sw,encrypt,32,18,575,46087
esp32c3,AES128GCM,sw,encrypt,32,18,576,45233
esp32c3,AES128GCM,sw,encrypt,32,18,577,45105
esp32c3,AES128GCM,sw,encrypt,32,18,578,45233
esp32c3,AES128GCM,sw,encrypt,32,18,579,45105
esp32c3,AES128GCM,sw,encrypt,32,18,580,46215
esp32c3,AES128GCM,sw,encrypt,32,18,581,45105
esp32c3,AES128GCM,sw,encrypt,32,18,582,45233
esp32c3,AES128GCM,sw,encrypt,32,18,583,45105
esp32c3,AES128GCM,sw,encrypt,32,18,584,45233
esp32c3,AES128GCM,sw,encrypt,32,18,585,46087
esp32c3,AES128GCM,sw,encrypt,32,18,586,45233
esp32c3,AES128GCM,sw,encrypt,32,18,587,45105
esp32c3,AES128GCM,sw,encrypt,32,18,588,45233
esp32c3,AES128GCM,sw,encrypt,32,18,589,45105
esp32c3,AES128GCM,sw,encrypt,32,18,590,46215
esp32c3,AES128GCM,sw,encrypt,32,18,591,45105
esp32c3,AES128GCM,sw,encrypt,32,18,592,45233
esp32c3,AES128GCM,sw,encrypt,32,18,593,45105
esp32c3,AES128GCM,sw,encrypt,32,18,594,45233
esp32c3,AES128GCM,sw,encrypt,32,18,595,45105
esp32c3,AES128GCM,sw,encrypt,32,18,596,45233
esp32c3,AES128GCM,sw,encrypt,32,18,597,45105
esp32c3,AES128GCM,sw,encrypt,32,18,598,45233
esp32c3,AES128GCM,sw,encrypt,32,18,599,45105
esp32c3,AES128GCM,sw,encrypt,32,18,600,45233
esp32c3,AES128GCM,sw,encrypt,32,18,601,45105
esp32c3,AES128GCM,sw,encrypt,32,18,602,45233
esp32c3,AES128GCM,sw,encrypt,32,18,603,45105
esp32c3,AES128GCM,sw,encrypt,32,18,604,45233
esp32c3,AES128GCM,sw,encrypt,32,18,605,45105
esp32c3,AES128GCM,sw,encrypt,32,18,606,45233
esp32c3,AES128GCM,sw,encrypt,32,18,607,45105
esp32c3,AES128GCM,sw,encrypt,32,18,608,45233
esp32c3,AES128GCM,sw,encrypt,32,18,609,45105
esp32c3,AES128GCM,sw,encrypt,32,18,610,45233
esp32c3,AES128GCM,sw,encrypt,32,18,611,45105
esp32c3,AES128GCM,sw,encrypt,32,18,612,45233
esp32c3,AES128GCM,sw,encrypt,32,18,613,45105
esp32c3,AES128GCM,sw,encrypt,32,18,614,45233
esp32c3,AES128GCM,sw,encrypt,32,18,615,45105
esp32c3,AES128GCM,sw,encrypt,32,18,616,45233
esp32c3,AES128GCM,sw,encrypt,32,18,617,45105
esp32c3,AES128GCM,sw,encrypt,32,18,618,45233
esp32c3,AES128GCM,sw,encrypt,32,18,619,45105
esp32c3,AES128GCM,sw,encrypt,32,18,620,45233
esp32c3,AES128GCM,sw,encrypt,32,18,621,45105
esp32c3,AES128GCM,sw,encrypt,32,18,622,45233
esp32c3,AES128GCM,sw,encrypt,32,18,623,45105
esp32c3,AES128GCM,sw,encrypt,32,18,624,45233
esp32c3,AES128GCM,sw,encrypt,32,18,625,45105
esp32c3,AES128GCM,sw,encrypt,32,18,626,45233
esp32c3,AES128GCM,sw,encrypt,32,18,627,45105
esp32c3,AES128GCM,sw,encrypt,32,18,628,45233
esp32c3,AES128GCM,sw,encrypt,32,18,629,45105
esp32c3,AES128GCM,sw,encrypt,32,18,630,45233
esp32c3,AES128GCM,sw,encrypt,32,18,631,45105
esp32c3,AES128GCM,sw,encrypt,32,18,632,45233
esp32c3,AES128GCM,sw,encrypt,32,18,633,45105
esp32c3,AES128GCM,sw,encrypt,32,18,634,45233
esp32c3,AES128GCM,sw,encrypt,32,18,635,45105
esp32c3,AES128GCM,sw,encrypt,32,18,636,45233
esp32c3,AES128GCM,sw,encrypt,32,18,637,45105
esp32c3,AES128GCM,sw,encrypt,32,18,638,45233
esp32c3,AES128GCM,sw,encrypt,32,18,639,45105
esp32c3,AES128GCM,sw,encrypt,32,18,640,45233
esp32c3,AES128GCM,sw,encrypt,32,18,641,45105
esp32c3,AES128GCM,sw,encrypt,32,18,642,45233
esp32c3,AES128GCM,sw,encrypt,32,18,643,45105
esp32c3,AES128GCM,sw,encrypt,32,18,644,45233
esp32c3,AES128GCM,sw,encrypt,32,18,645,45105
esp32c3,AES128GCM,sw,encrypt,32,18,646,45233
esp32c3,AES128GCM,sw,encrypt,32,18,647,45105
esp32c3,AES128GCM,sw,encrypt,32,18,648,45233
esp32c3,AES128GCM,sw,encrypt,32,18,649,45105
esp32c3,AES128GCM,sw,encrypt,32,18,650,45233
esp32c3,AES128GCM,sw,encrypt,32,18,651,45105
esp32c3,AES128GCM,sw,encrypt,32,18,652,45233
esp32c3,AES128GCM,sw,encrypt,32,18,653,45105
esp32c3,AES128GCM,sw,encrypt,32,18,654,45233
esp32c3,AES128GCM,sw,encrypt,32,18,655,45105
esp32c3,AES128GCM,sw,encrypt,32,18,656,45233
esp32c3,AES128GCM,sw,encrypt,32,18,657,45105
esp32c3,AES128GCM,sw,encrypt,32,18,658,45233
esp32c3,AES128GCM,sw,encrypt,32,18,659,45105
esp32c3,AES128GCM,sw,encrypt,32,18,660,45233
esp32c3,AES128GCM,sw,encrypt,32,18,661,45105
esp32c3,AES128GCM,sw,encrypt,32,18,662,45233
esp32c3,AES128GCM,sw,encrypt,32,18,663,45105
esp32c3,AES128GCM,sw,encrypt,32,18,664,45233
esp32c3,AES128GCM,sw,encrypt,32,18,665,45105
esp32c3,AES128GCM,sw,encrypt,32,18,666,45233
esp32c3,AES128GCM,sw,encrypt,32,18,667,45105
esp32c3,AES128GCM,sw,encrypt,32,18,668,45233
esp32c3,AES128GCM,sw,encrypt,32,18,669,45105
esp32c3,AES128GCM,sw,encrypt,32,18,670,45233
esp32c3,AES128GCM,sw,encrypt,32,18,671,45105
esp32c3,AES128GCM,sw,encrypt,32,18,672,45233
esp32c3,AES128GCM,sw,encrypt,32,18,673,45105
esp32c3,AES128GCM,sw,encrypt,32,18,674,45233
esp32c3,AES128GCM,sw,encrypt,32,18,675,45105
esp32c3,AES128GCM,sw,encrypt,32,18,676,45233
esp32c3,AES128GCM,sw,encrypt,32,18,677,45105
esp32c3,AES128GCM,sw,encrypt,32,18,678,45233
esp32c3,AES128GCM,sw,encrypt,32,18,679,45105
esp32c3,AES128GCM,sw,encrypt,32,18,680,45233
esp32c3,AES128GCM,sw,encrypt,32,18,681,45105
esp32c3,AES128GCM,sw,encrypt,32,18,682,45233
esp32c3,AES128GCM,sw,encrypt,32,18,683,45105
esp32c3,AES128GCM,sw,encrypt,32,18,684,45233
esp32c3,AES128GCM,sw,encrypt,32,18,685,45105
esp32c3,AES128GCM,sw,encrypt,32,18,686,45233
esp32c3,AES128GCM,sw,encrypt,32,18,687,45105
esp32c3,AES128GCM,sw,encrypt,32,18,688,45233
esp32c3,AES128GCM,sw,encrypt,32,18,689,45105
esp32c3,AES128GCM,sw,encrypt,32,18,690,45233
esp32c3,AES128GCM,sw,encrypt,32,18,691,45105
esp32c3,AES128GCM,sw,encrypt,32,18,692,45233
esp32c3,AES128GCM,sw,encrypt,32,18,693,45105
esp32c3,AES128GCM,sw,encrypt,32,18,694,45233
esp32c3,AES128GCM,sw,encrypt,32,18,695,45105
esp32c3,AES128GCM,sw,encrypt,32,18,696,45233
esp32c3,AES128GCM,sw,encrypt,32,18,697,45105
esp32c3,AES128GCM,sw,encrypt,32,18,698,45233
esp32c3,AES128GCM,sw,encrypt,32,18,699,45105
esp32c3,AES128GCM,sw,encrypt,32,18,700,45233
esp32c3,AES128GCM,sw,encrypt,32,18,701,45105
esp32c3,AES128GCM,sw,encrypt,32,18,702,45233
esp32c3,AES128GCM,sw,encrypt,32,18,703,45105
esp32c3,AES128GCM,sw,encrypt,32,18,704,45233
esp32c3,AES128GCM,sw,encrypt,32,18,705,45105
esp32c3,AES128GCM,sw,encrypt,32,18,706,45233
esp32c3,AES128GCM,sw,encrypt,32,18,707,45105
esp32c3,AES128GCM,sw,encrypt,32,18,708,45233
esp32c3,AES128GCM,sw,encrypt,32,18,709,45105
esp32c3,AES128GCM,sw,encrypt,32,18,710,45233
esp32c3,AES128GCM,sw,encrypt,32,18,711,45105
esp32c3,AES128GCM,sw,encrypt,32,18,712,45233
esp32c3,AES128GCM,sw,encrypt,32,18,713,45105
esp32c3,AES128GCM,sw,encrypt,32,18,714,45233
esp32c3,AES128GCM,sw,encrypt,32,18,715,45105
esp32c3,AES128GCM,sw,encrypt,32,18,716,45233
esp32c3,AES128GCM,sw,encrypt,32,18,717,45105
esp32c3,AES128GCM,sw,encrypt,32,18,718,45233
esp32c3,AES128GCM,sw,encrypt,32,18,719,45105
esp32c3,AES128GCM,sw,encrypt,32,18,720,45233
esp32c3,AES128GCM,sw,encrypt,32,18,721,45105
esp32c3,AES128GCM,sw,encrypt,32,18,722,45233
esp32c3,AES128GCM,sw,encrypt,32,18,723,45105
esp32c3,AES128GCM,sw,encrypt,32,18,724,45233
esp32c3,AES128GCM,sw,encrypt,32,18,725,45105
esp32c3,AES128GCM,sw,encrypt,32,18,726,45233
esp32c3,AES128GCM,sw,encrypt,32,18,727,45105
esp32c3,AES128GCM,sw,encrypt,32,18,728,45233
esp32c3,AES128GCM,sw,encrypt,32,18,729,45105
esp32c3,AES128GCM,sw,encrypt,32,18,730,45233
esp32c3,AES128GCM,sw,encrypt,32,18,731,45105
esp32c3,AES128GCM,sw,encrypt,32,18,732,45233
esp32c3,AES128GCM,sw,encrypt,32,18,733,45105
esp32c3,AES128GCM,sw,encrypt,32,18,734,45233
esp32c3,AES128GCM,sw,encrypt,32,18,735,45105
esp32c3,AES128GCM,sw,encrypt,32,18,736,45233
esp32c3,AES128GCM,sw,encrypt,32,18,737,45105
esp32c3,AES128GCM,sw,encrypt,32,18,738,45233
esp32c3,AES128GCM,sw,encrypt,32,18,739,45105
esp32c3,AES128GCM,sw,encrypt,32,18,740,45233
esp32c3,AES128GCM,sw,encrypt,32,18,741,45105
esp32c3,AES128GCM,sw,encrypt,32,18,742,45233
esp32c3,AES128GCM,sw,encrypt,32,18,743,45105
esp32c3,AES128GCM,sw,encrypt,32,18,744,45233
esp32c3,AES128GCM,sw,encrypt,32,18,745,45105
esp32c3,AES128GCM,sw,encrypt,32,18,746,45233
esp32c3,AES128GCM,sw,encrypt,32,18,747,45105
esp32c3,AES128GCM,sw,encrypt,32,18,748,45233
esp32c3,AES128GCM,sw,encrypt,32,18,749,45105
esp32c3,AES128GCM,sw,encrypt,32,18,750,45233
esp32c3,AES128GCM,sw,encrypt,32,18,751,45105
esp32c3,AES128GCM,sw,encrypt,32,18,752,45233
esp32c3,AES128GCM,sw,encrypt,32,18,753,45105
esp32c3,AES128GCM,sw,encrypt,32,18,754,45233
esp32c3,AES128GCM,sw,encrypt,32,18,755,45105
esp32c3,AES128GCM,sw,encrypt,32,18,756,45233
esp32c3,AES128GCM,sw,encrypt,32,18,757,45105
esp32c3,AES128GCM,sw,encrypt,32,18,758,45233
esp32c3,AES128GCM,sw,encrypt,32,18,759,45105
esp32c3,AES128GCM,sw,encrypt,32,18,760,45233
esp32c3,AES128GCM,sw,encrypt,32,18,761,45105
esp32c3,AES128GCM,sw,encrypt,32,18,762,45233
esp32c3,AES128GCM,sw,encrypt,32,18,763,45105
esp32c3,AES128GCM,sw,encrypt,32,18,764,45233
esp32c3,AES128GCM,sw,encrypt,32,18,765,45105
esp32c3,AES128GCM,sw,encrypt,32,18,766,45233
esp32c3,AES128GCM,sw,encrypt,32,18,767,45105
esp32c3,AES128GCM,sw,encrypt,32,18,768,45233
esp32c3,AES128GCM,sw,encrypt,32,18,769,45105
esp32c3,AES128GCM,sw,encrypt,32,18,770,45233
esp32c3,AES128GCM,sw,encrypt,32,18,771,45105
esp32c3,AES128GCM,sw,encrypt,32,18,772,45233
esp32c3,AES128GCM,sw,encrypt,32,18,773,45105
esp32c3,AES128GCM,sw,encrypt,32,18,774,45233
esp32c3,AES128GCM,sw,encrypt,32,18,775,45105
esp32c3,AES128GCM,sw,encrypt,32,18,776,45233
esp32c3,AES128GCM,sw,encrypt,32,18,777,45105
esp32c3,AES128GCM,sw,encrypt,32,18,778,45233
esp32c3,AES128GCM,sw,encrypt,32,18,779,45105
esp32c3,AES128GCM,sw,encrypt,32,18,780,45233
esp32c3,AES128GCM,sw,encrypt,32,18,781,45105
esp32c3,AES128GCM,sw,encrypt,32,18,782,45233
esp32c3,AES128GCM,sw,encrypt,32,18,783,45105
esp32c3,AES128GCM,sw,encrypt,32,18,784,45233
esp32c3,AES128GCM,sw,encrypt,32,18,785,45105
esp32c3,AES128GCM,sw,encrypt,32,18,786,45233
esp32c3,AES128GCM,sw,encrypt,32,18,787,45105
esp32c3,AES128GCM,sw,encrypt,32,18,788,45233
esp32c3,AES128GCM,sw,encrypt,32,18,789,45105
esp32c3,AES128GCM,sw,encrypt,32,18,790,45233
esp32c3,AES128GCM,sw,encrypt,32,18,791,45105
esp32c3,AES128GCM,sw,encrypt,32,18,792,45233
esp32c3,AES128GCM,sw,encrypt,32,18,793,45105
esp32c3,AES128GCM,sw,encrypt,32,18,794,45233
esp32c3,AES128GCM,sw,encrypt,32,18,795,45105
esp32c3,AES128GCM,sw,encrypt,32,18,796,45233
esp32c3,AES128GCM,sw,encrypt,32,18,797,45105
esp32c3,AES128GCM,sw,encrypt,32,18,798,45233
esp32c3,AES128GCM,sw,encrypt,32,18,799,45105
esp32c3,AES128GCM,sw,encrypt,32,18,800,45233
esp32c3,AES128GCM,sw,encrypt,32,18,801,45105
esp32c3,AES128GCM,sw,encrypt,32,18,802,45233
esp32c3,AES128GCM,sw,encrypt,32,18,803,45105
esp32c3,AES128GCM,sw,encrypt,32,18,804,45233
esp32c3,AES128GCM,sw,encrypt,32,18,805,45105
esp32c3,AES128GCM,sw,encrypt,32,18,806,45233
esp32c3,AES128GCM,sw,encrypt,32,18,807,45105
esp32c3,AES128GCM,sw,encrypt,32,18,808,45233
esp32c3,AES128GCM,sw,encrypt,32,18,809,45105
esp32c3,AES128GCM,sw,encrypt,32,18,810,45233
esp32c3,AES128GCM,sw,encrypt,32,18,811,45105
esp32c3,AES128GCM,sw,encrypt,32,18,812,45233
esp32c3,AES128GCM,sw,encrypt,32,18,813,45105
esp32c3,AES128GCM,sw,encrypt,32,18,814,45233
esp32c3,AES128GCM,sw,encrypt,32,18,815,45105
esp32c3,AES128GCM,sw,encrypt,32,18,816,45233
esp32c3,AES128GCM,sw,encrypt,32,18,817,45105
esp32c3,AES128GCM,sw,encrypt,32,18,818,45233
esp32c3,AES128GCM,sw,encrypt,32,18,819,45105
esp32c3,AES128GCM,sw,encrypt,32,18,820,45233
esp32c3,AES128GCM,sw,encrypt,32,18,821,45105
esp32c3,AES128GCM,sw,encrypt,32,18,822,45233
esp32c3,AES128GCM,sw,encrypt,32,18,823,45105
esp32c3,AES128GCM,sw,encrypt,32,18,824,45233
esp32c3,AES128GCM,sw,encrypt,32,18,825,45105
esp32c3,AES128GCM,sw,encrypt,32,18,826,45233
esp32c3,AES128GCM,sw,encrypt,32,18,827,45105
esp32c3,AES128GCM,sw,encrypt,32,18,828,46021
esp32c3,AES128GCM,sw,encrypt,32,18,829,45105
esp32c3,AES128GCM,sw,encrypt,32,18,830,45233
esp32c3,AES128GCM,sw,encrypt,32,18,831,45105
esp32c3,AES128GCM,sw,encrypt,32,18,832,45233
esp32c3,AES128GCM,sw,encrypt,32,18,833,46087
esp32c3,AES128GCM,sw,encrypt,32,18,834,45233
esp32c3,AES128GCM,sw,encrypt,32,18,835,45105
esp32c3,AES128GCM,sw,encrypt,32,18,836,45233
esp32c3,AES128GCM,sw,encrypt,32,18,837,45105
esp32c3,AES128GCM,sw,encrypt,32,18,838,46215
esp32c3,AES128GCM,sw,encrypt,32,18,839,45105
esp32c3,AES128GCM,sw,encrypt,32,18,840,45233
esp32c3,AES128GCM,sw,encrypt,32,18,841,45105
esp32c3,AES128GCM,sw,encrypt,32,18,842,45233
esp32c3,AES128GCM,sw,encrypt,32,18,843,46087
esp32c3,AES128GCM,sw,encrypt,32,18,844,45233
esp32c3,AES128GCM,sw,encrypt,32,18,845,45105
esp32c3,AES128GCM,sw,encrypt,32,18,846,45233
esp32c3,AES128GCM,sw,encrypt,32,18,847,45105
esp32c3,AES128GCM,sw,encrypt,32,18,848,46217
esp32c3,AES128GCM,sw,encrypt,32,18,849,45105
esp32c3,AES128GCM,sw,encrypt,32,18,850,45233
esp32c3,AES128GCM,sw,encrypt,32,18,851,45105
esp32c3,AES128GCM,sw,encrypt,32,18,852,45233
esp32c3,AES128GCM,sw,encrypt,32,18,853,46087
esp32c3,AES128GCM,sw,encrypt,32,18,854,45233
esp32c3,AES128GCM,sw,encrypt,32,18,855,45105
esp32c3,AES128GCM,sw,encrypt,32,18,856,45233
esp32c3,AES128GCM,sw,encrypt,32,18,857,45105
esp32c3,AES128GCM,sw,encrypt,32,18,858,46215
esp32c3,AES128GCM,sw,encrypt,32,18,859,45105
esp32c3,AES128GCM,sw,encrypt,32,18,860,45233
esp32c3,AES128GCM,sw,encrypt,32,18,861,45105
esp32c3,AES128GCM,sw,encrypt,32,18,862,45233
esp32c3,AES128GCM,sw,encrypt,32,18,863,45105
esp32c3,AES128GCM,sw,encrypt,32,18,864,45233
esp32c3,AES128GCM,sw,encrypt,32,18,865,45105
esp32c3,AES128GCM,sw,encrypt,32,18,866,45233
esp32c3,AES128GCM,sw,encrypt,32,18,867,45105
esp32c3,AES128GCM,sw,encrypt,32,18,868,45233
esp32c3,AES128GCM,sw,encrypt,32,18,869,45105
esp32c3,AES128GCM,sw,encrypt,32,18,870,45233
esp32c3,AES128GCM,sw,encrypt,32,18,871,45105
esp32c3,AES128GCM,sw,encrypt,32,18,872,45233
esp32c3,AES128GCM,sw,encrypt,32,18,873,45105
esp32c3,AES128GCM,sw,encrypt,32,18,874,45233
esp32c3,AES128GCM,sw,encrypt,32,18,875,45105
esp32c3,AES128GCM,sw,encrypt,32,18,876,45233
esp32c3,AES128GCM,sw,encrypt,32,18,877,45105
esp32c3,AES128GCM,sw,encrypt,32,18,878,45233
esp32c3,AES128GCM,sw,encrypt,32,18,879,45105
esp32c3,AES128GCM,sw,encrypt,32,18,880,45233
esp32c3,AES128GCM,sw,encrypt,32,18,881,45105
esp32c3,AES128GCM,sw,encrypt,32,18,882,45233
esp32c3,AES128GCM,sw,encrypt,32,18,883,45105
esp32c3,AES128GCM,sw,encrypt,32,18,884,45233
esp32c3,AES128GCM,sw,encrypt,32,18,885,45105
esp32c3,AES128GCM,sw,encrypt,32,18,886,45233
esp32c3,AES128GCM,sw,encrypt,32,18,887,45105
esp32c3,AES128GCM,sw,encrypt,32,18,888,45233
esp32c3,AES128GCM,sw,encrypt,32,18,889,45105
esp32c3,AES128GCM,sw,encrypt,32,18,890,45233
esp32c3,AES128GCM,sw,encrypt,32,18,891,45105
esp32c3,AES128GCM,sw,encrypt,32,18,892,45233
esp32c3,AES128GCM,sw,encrypt,32,18,893,45105
esp32c3,AES128GCM,sw,encrypt,32,18,894,45233
esp32c3,AES128GCM,sw,encrypt,32,18,895,45105
esp32c3,AES128GCM,sw,encrypt,32,18,896,45233
esp32c3,AES128GCM,sw,encrypt,32,18,897,45105
esp32c3,AES128GCM,sw,encrypt,32,18,898,45233
esp32c3,AES128GCM,sw,encrypt,32,18,899,45105
esp32c3,AES128GCM,sw,encrypt,32,18,900,45233
esp32c3,AES128GCM,sw,encrypt,32,18,901,45105
esp32c3,AES128GCM,sw,encrypt,32,18,902,45233
esp32c3,AES128GCM,sw,encrypt,32,18,903,45105
esp32c3,AES128GCM,sw,encrypt,32,18,904,45233
esp32c3,AES128GCM,sw,encrypt,32,18,905,45105
esp32c3,AES128GCM,sw,encrypt,32,18,906,45233
esp32c3,AES128GCM,sw,encrypt,32,18,907,45105
esp32c3,AES128GCM,sw,encrypt,32,18,908,45233
esp32c3,AES128GCM,sw,encrypt,32,18,909,45105
esp32c3,AES128GCM,sw,encrypt,32,18,910,45233
esp32c3,AES128GCM,sw,encrypt,32,18,911,45105
esp32c3,AES128GCM,sw,encrypt,32,18,912,45233
esp32c3,AES128GCM,sw,encrypt,32,18,913,45105
esp32c3,AES128GCM,sw,encrypt,32,18,914,45233
esp32c3,AES128GCM,sw,encrypt,32,18,915,45105
esp32c3,AES128GCM,sw,encrypt,32,18,916,45233
esp32c3,AES128GCM,sw,encrypt,32,18,917,45105
esp32c3,AES128GCM,sw,encrypt,32,18,918,45233
esp32c3,AES128GCM,sw,encrypt,32,18,919,45105
esp32c3,AES128GCM,sw,encrypt,32,18,920,45233
esp32c3,AES128GCM,sw,encrypt,32,18,921,45105
esp32c3,AES128GCM,sw,encrypt,32,18,922,45233
esp32c3,AES128GCM,sw,encrypt,32,18,923,45105
esp32c3,AES128GCM,sw,encrypt,32,18,924,45233
esp32c3,AES128GCM,sw,encrypt,32,18,925,45105
esp32c3,AES128GCM,sw,encrypt,32,18,926,45233
esp32c3,AES128GCM,sw,encrypt,32,18,927,45105
esp32c3,AES128GCM,sw,encrypt,32,18,928,45233
esp32c3,AES128GCM,sw,encrypt,32,18,929,45105
esp32c3,AES128GCM,sw,encrypt,32,18,930,45233
esp32c3,AES128GCM,sw,encrypt,32,18,931,45105
esp32c3,AES128GCM,sw,encrypt,32,18,932,45233
esp32c3,AES128GCM,sw,encrypt,32,18,933,45105
esp32c3,AES128GCM,sw,encrypt,32,18,934,45233
esp32c3,AES128GCM,sw,encrypt,32,18,935,45105
esp32c3,AES128GCM,sw,encrypt,32,18,936,45233
esp32c3,AES128GCM,sw,encrypt,32,18,937,45105
esp32c3,AES128GCM,sw,encrypt,32,18,938,45233
esp32c3,AES128GCM,sw,encrypt,32,18,939,45105
esp32c3,AES128GCM,sw,encrypt,32,18,940,45233
esp32c3,AES128GCM,sw,encrypt,32,18,941,45105
esp32c3,AES128GCM,sw,encrypt,32,18,942,45233
esp32c3,AES128GCM,sw,encrypt,32,18,943,45105
esp32c3,AES128GCM,sw,encrypt,32,18,944,45233
esp32c3,AES128GCM,sw,encrypt,32,18,945,45105
esp32c3,AES128GCM,sw,encrypt,32,18,946,45233
esp32c3,AES128GCM,sw,encrypt,32,18,947,45105
esp32c3,AES128GCM,sw,encrypt,32,18,948,45233
esp32c3,AES128GCM,sw,encrypt,32,18,949,45105
esp32c3,AES128GCM,sw,encrypt,32,18,950,45233
esp32c3,AES128GCM,sw,encrypt,32,18,951,45105
esp32c3,AES128GCM,sw,encrypt,32,18,952,45233
esp32c3,AES128GCM,sw,encrypt,32,18,953,45105
esp32c3,AES128GCM,sw,encrypt,32,18,954,45233
esp32c3,AES128GCM,sw,encrypt,32,18,955,45105
esp32c3,AES128GCM,sw,encrypt,32,18,956,45233
esp32c3,AES128GCM,sw,encrypt,32,18,957,45105
esp32c3,AES128GCM,sw,encrypt,32,18,958,45233
esp32c3,AES128GCM,sw,encrypt,32,18,959,45105
esp32c3,AES128GCM,sw,encrypt,32,18,960,45233
esp32c3,AES128GCM,sw,encrypt,32,18,961,45105
esp32c3,AES128GCM,sw,encrypt,32,18,962,45233
esp32c3,AES128GCM,sw,encrypt,32,18,963,45105
esp32c3,AES128GCM,sw,encrypt,32,18,964,45233
esp32c3,AES128GCM,sw,encrypt,32,18,965,45105
esp32c3,AES128GCM,sw,encrypt,32,18,966,45233
esp32c3,AES128GCM,sw,encrypt,32,18,967,45105
esp32c3,AES128GCM,sw,encrypt,32,18,968,45233
esp32c3,AES128GCM,sw,encrypt,32,18,969,45105
esp32c3,AES128GCM,sw,encrypt,32,18,970,45233
esp32c3,AES128GCM,sw,encrypt,32,18,971,45105
esp32c3,AES128GCM,sw,encrypt,32,18,972,45233
esp32c3,AES128GCM,sw,encrypt,32,18,973,45105
esp32c3,AES128GCM,sw,encrypt,32,18,974,45233
esp32c3,AES128GCM,sw,encrypt,32,18,975,45105
esp32c3,AES128GCM,sw,encrypt,32,18,976,45233
esp32c3,AES128GCM,sw,encrypt,32,18,977,45105
esp32c3,AES128GCM,sw,encrypt,32,18,978,45233
esp32c3,AES128GCM,sw,encrypt,32,18,979,45105
esp32c3,AES128GCM,sw,encrypt,32,18,980,45233
esp32c3,AES128GCM,sw,encrypt,32,18,981,45105
esp32c3,AES128GCM,sw,encrypt,32,18,982,45233
esp32c3,AES128GCM,sw,encrypt,32,18,983,45105
esp32c3,AES128GCM,sw,encrypt,32,18,984,45233
esp32c3,AES128GCM,sw,encrypt,32,18,985,45105
esp32c3,AES128GCM,sw,encrypt,32,18,986,45233
esp32c3,AES128GCM,sw,encrypt,32,18,987,45105
esp32c3,AES128GCM,sw,encrypt,32,18,988,45233
esp32c3,AES128GCM,sw,encrypt,32,18,989,45105
esp32c3,AES128GCM,sw,encrypt,32,18,990,45233
esp32c3,AES128GCM,sw,encrypt,32,18,991,45105
esp32c3,AES128GCM,sw,encrypt,32,18,992,45233
esp32c3,AES128GCM,sw,encrypt,32,18,993,45105
esp32c3,AES128GCM,sw,encrypt,32,18,994,45233
esp32c3,AES128GCM,sw,encrypt,32,18,995,45105
esp32c3,AES128GCM,sw,encrypt,32,18,996,45233
esp32c3,AES128GCM,sw,encrypt,32,18,997,45105
esp32c3,AES128GCM,sw,encrypt,32,18,998,45233
esp32c3,AES128GCM,sw,encrypt,32,18,999,45105
stack,esp32c3,AES128GCM,sw,encrypt,32,14244
esp32c3,AES128GCM,sw,decrypt,32,18,0,37907
esp32c3,AES128GCM,sw,decrypt,32,18,1,47133
esp32c3,AES128GCM,sw,decrypt,32,18,2,47083
esp32c3,AES128GCM,sw,decrypt,32,18,3,47133
esp32c3,AES128GCM,sw,decrypt,32,18,4,47083
esp32c3,AES128GCM,sw,decrypt,32,18,5,48115
esp32c3,AES128GCM,sw,decrypt,32,18,6,47083
esp32c3,AES128GCM,sw,decrypt,32,18,7,47133
esp32c3,AES128GCM,sw,decrypt,32,18,8,47083
esp32c3,AES128GCM,sw,decrypt,32,18,9,47133
esp32c3,AES128GCM,sw,decrypt,32,18,10,47083
esp32c3,AES128GCM,sw,decrypt,32,18,11,47133
esp32c3,AES128GCM,sw,decrypt,32,18,12,47083
esp32c3,AES128GCM,sw,decrypt,32,18,13,47133
esp32c3,AES128GCM,sw,decrypt,32,18,14,47083
esp32c3,AES128GCM,sw,decrypt,32,18,15,47133
esp32c3,AES128GCM,sw,decrypt,32,18,16,47083
esp32c3,AES128GCM,sw,decrypt,32,18,17,47133
esp32c3,AES128GCM,sw,decrypt,32,18,18,47083
esp32c3,AES128GCM,sw,decrypt,32,18,19,47133
esp32c3,AES128GCM,sw,decrypt,32,18,20,47083
esp32c3,AES128GCM,sw,decrypt,32,18,21,47133
esp32c3,AES128GCM,sw,decrypt,32,18,22,47083
esp32c3,AES128GCM,sw,decrypt,32,18,23,47133
esp32c3,AES128GCM,sw,decrypt,32,18,24,47083
esp32c3,AES128GCM,sw,decrypt,32,18,25,47133
esp32c3,AES128GCM,sw,decrypt,32,18,26,47083
esp32c3,AES128GCM,sw,decrypt,32,18,27,47133
esp32c3,AES128GCM,sw,decrypt,32,18,28,47083
esp32c3,AES128GCM,sw,decrypt,32,18,29,47133
esp32c3,AES128GCM,sw,decrypt,32,18,30,47083
esp32c3,AES128GCM,sw,decrypt,32,18,31,47133
esp32c3,AES128GCM,sw,decrypt,32,18,32,47083
esp32c3,AES128GCM,sw,decrypt,32,18,33,47133
esp32c3,AES128GCM,sw,decrypt,32,18,34,47083
esp32c3,AES128GCM,sw,decrypt,32,18,35,47133
esp32c3,AES128GCM,sw,decrypt,32,18,36,47083
esp32c3,AES128GCM,sw,decrypt,32,18,37,47133
esp32c3,AES128GCM,sw,decrypt,32,18,38,47083
esp32c3,AES128GCM,sw,decrypt,32,18,39,47133
esp32c3,AES128GCM,sw,decrypt,32,18,40,47083
esp32c3,AES128GCM,sw,decrypt,32,18,41,48117
esp32c3,AES128GCM,sw,decrypt,32,18,42,47083
esp32c3,AES128GCM,sw,decrypt,32,18,43,47133
esp32c3,AES128GCM,sw,decrypt,32,18,44,47083
esp32c3,AES128GCM,sw,decrypt,32,18,45,47133
esp32c3,AES128GCM,sw,decrypt,32,18,46,47083
esp32c3,AES128GCM,sw,decrypt,32,18,47,47133
esp32c3,AES128GCM,sw,decrypt,32,18,48,47083
esp32c3,AES128GCM,sw,decrypt,32,18,49,47133
esp32c3,AES128GCM,sw,decrypt,32,18,50,47083
esp32c3,AES128GCM,sw,decrypt,32,18,51,47133
esp32c3,AES128GCM,sw,decrypt,32,18,52,47083
esp32c3,AES128GCM,sw,decrypt,32,18,53,47133
esp32c3,AES128GCM,sw,decrypt,32,18,54,47083
esp32c3,AES128GCM,sw,decrypt,32,18,55,47133
esp32c3,AES128GCM,sw,decrypt,32,18,56,47083
esp32c3,AES128GCM,sw,decrypt,32,18,57,47133
esp32c3,AES128GCM,sw,decrypt,32,18,58,47083
esp32c3,AES128GCM,sw,decrypt,32,18,59,47133
esp32c3,AES128GCM,sw,decrypt,32,18,60,47083
esp32c3,AES128GCM,sw,decrypt,32,18,61,47133
esp32c3,AES128GCM,sw,decrypt,32,18,62,47083
esp32c3,AES128GCM,sw,decrypt,32,18,63,47133
esp32c3,AES128GCM,sw,decrypt,32,18,64,48067
esp32c3,AES128GCM,sw,decrypt,32,18,65,47133
esp32c3,AES128GCM,sw,decrypt,32,18,66,47083
esp32c3,AES128GCM,sw,decrypt,32,18,67,47133
esp32c3,AES128GCM,sw,decrypt,32,18,68,47083
esp32c3,AES128GCM,sw,decrypt,32,18,69,47133
esp32c3,AES128GCM,sw,decrypt,32,18,70,47083
esp32c3,AES128GCM,sw,decrypt,32,18,71,47133
esp32c3,AES128GCM,sw,decrypt,32,18,72,47083
esp32c3,AES128GCM,sw,decrypt,32,18,73,47133
esp32c3,AES128GCM,sw,decrypt,32,18,74,47083
esp32c3,AES128GCM,sw,decrypt,32,18,75,47133
esp32c3,AES128GCM,sw,decrypt,32,18,76,47083
esp32c3,AES128GCM,sw,decrypt,32,18,77,47133
esp32c3,AES128GCM,sw,decrypt,32,18,78,47083
esp32c3,AES128GCM,sw,decrypt,32,18,79,47133
esp32c3,AES128GCM,sw,decrypt,32,18,80,47083
esp32c3,AES128GCM,sw,decrypt,32,18,81,47133
esp32c3,AES128GCM,sw,decrypt,32,18,82,47083
esp32c3,AES128GCM,sw,decrypt,32,18,83,47133
esp32c3,AES128GCM,sw,decrypt,32,18,84,47083
esp32c3,AES128GCM,sw,decrypt,32,18,85,47133
esp32c3,AES128GCM,sw,decrypt,32,18,86,47083
esp32c3,AES128GCM,sw,decrypt,32,18,87,47133
esp32c3,AES128GCM,sw,decrypt,32,18,88,47083
esp32c3,AES128GCM,sw,decrypt,32,18,89,47133
esp32c3,AES128GCM,sw,decrypt,32,18,90,47083
esp32c3,AES128GCM,sw,decrypt,32,18,91,47133
esp32c3,AES128GCM,sw,decrypt,32,18,92,47083
esp32c3,AES128GCM,sw,decrypt,32,18,93,47133
esp32c3,AES128GCM,sw,decrypt,32,18,94,47083
esp32c3,AES128GCM,sw,decrypt,32,18,95,47133
esp32c3,AES128GCM,sw,decrypt,32,18,96,47083
esp32c3,AES128GCM,sw,decrypt,32,18,97,47133
esp32c3,AES128GCM,sw,decrypt,32,18,98,47083
esp32c3,AES128GCM,sw,decrypt,32,18,99,47133
esp32c3,AES128GCM,sw,decrypt,32,18,100,47083
esp32c3,AES128GCM,sw,decrypt,32,18,101,47133
esp32c3,AES128GCM,sw,decrypt,32,18,102,47083
esp32c3,AES128GCM,sw,decrypt,32,18,103,47133
esp32c3,AES128GCM,sw,decrypt,32,18,104,47083
esp32c3,AES128GCM,sw,decrypt,32,18,105,47133
esp32c3,AES128GCM,sw,decrypt,32,18,106,47083
esp32c3,AES128GCM,sw,decrypt,32,18,107,47133
esp32c3,AES128GCM,sw,decrypt,32,18,108,47083
esp32c3,AES128GCM,sw,decrypt,32,18,109,47133
esp32c3,AES128GCM,sw,decrypt,32,18,110,47083
esp32c3,AES128GCM,sw,decrypt,32,18,111,47133
esp32c3,AES128GCM,sw,decrypt,32,18,112,47083
esp32c3,AES128GCM,sw,decrypt,32,18,113,47133
esp32c3,AES128GCM,sw,decrypt,32,18,114,47083
esp32c3,AES128GCM,sw,decrypt,32,18,115,47133
esp32c3,AES128GCM,sw,decrypt,32,18,116,47083
esp32c3,AES128GCM,sw,decrypt,32,18,117,47133
esp32c3,AES128GCM,sw,decrypt,32,18,118,47083
esp32c3,AES128GCM,sw,decrypt,32,18,119,47133
esp32c3,AES128GCM,sw,decrypt,32,18,120,47083
esp32c3,AES128GCM,sw,decrypt,32,18,121,47133
esp32c3,AES128GCM,sw,decrypt,32,18,122,47083
esp32c3,AES128GCM,sw,decrypt,32,18,123,47133
esp32c3,AES128GCM,sw,decrypt,32,18,124,47083
esp32c3,AES128GCM,sw,decrypt,32,18,125,47133
esp32c3,AES128GCM,sw,decrypt,32,18,126,47083
esp32c3,AES128GCM,sw,decrypt,32,18,127,47133
esp32c3,AES128GCM,sw,decrypt,32,18,128,47083
esp32c3,AES128GCM,sw,decrypt,32,18,129,47133
esp32c3,AES128GCM,sw,decrypt,32,18,130,47083
esp32c3,AES128GCM,sw,decrypt,32,18,131,47133
esp32c3,AES128GCM,sw,decrypt,32,18,132,47083
esp32c3,AES128GCM,sw,decrypt,32,18,133,47133
esp32c3,AES128GCM,sw,decrypt,32,18,134,47083
esp32c3,AES128GCM,sw,decrypt,32,18,135,47133
esp32c3,AES128GCM,sw,decrypt,32,18,136,47083
esp32c3,AES128GCM,sw,decrypt,32,18,137,47133
esp32c3,AES128GCM,sw,decrypt,32,18,138,47083
esp32c3,AES128GCM,sw,decrypt,32,18,139,47133
esp32c3,AES128GCM,sw,decrypt,32,18,140,47083
esp32c3,AES128GCM,sw,decrypt,32,18,141,47133
esp32c3,AES128GCM,sw,decrypt,32,18,142,47083
esp32c3,AES128GCM,sw,decrypt,32,18,143,47133
esp32c3,AES128GCM,sw,decrypt,32,18,144,47083
esp32c3,AES128GCM,sw,decrypt,32,18,145,47133
esp32c3,AES128GCM,sw,decrypt,32,18,146,47083
esp32c3,AES128GCM,sw,decrypt,32,18,147,47133
esp32c3,AES128GCM,sw,decrypt,32,18,148,47083
esp32c3,AES128GCM,sw,decrypt,32,18,149,47133
esp32c3,AES128GCM,sw,decrypt,32,18,150,47975
esp32c3,AES128GCM,sw,decrypt,32,18,151,47133
esp32c3,AES128GCM,sw,decrypt,32,18,152,47083
esp32c3,AES128GCM,sw,decrypt,32,18,153,47133
esp32c3,AES128GCM,sw,decrypt,32,18,154,47083
esp32c3,AES128GCM,sw,decrypt,32,18,155,48115
esp32c3,AES128GCM,sw,decrypt,32,18,156,47083
esp32c3,AES128GCM,sw,decrypt,32,18,157,47133
esp32c3,AES128GCM,sw,decrypt,32,18,158,47083
esp32c3,AES128GCM,sw,decrypt,32,18,159,47133
esp32c3,AES128GCM,sw,decrypt,32,18,160,48065
esp32c3,AES128GCM,sw,decrypt,32,18,161,47133
esp32c3,AES128GCM,sw,decrypt,32,18,162,47083
esp32c3,AES128GCM,sw,decrypt,32,18,163,47133
esp32c3,AES128GCM,sw,decrypt,32,18,164,47083
esp32c3,AES128GCM,sw,decrypt,32,18,165,48115
esp32c3,AES128GCM,sw,decrypt,32,18,166,47083
esp32c3,AES128GCM,sw,decrypt,32,18,167,47133
esp32c3,AES128GCM,sw,decrypt,32,18,168,47083
esp32c3,AES128GCM,sw,decrypt,32,18,169,47133
esp32c3,AES128GCM,sw,decrypt,32,18,170,48065
esp32c3,AES128GCM,sw,decrypt,32,18,171,47133
esp32c3,AES128GCM,sw,decrypt,32,18,172,47083
esp32c3,AES128GCM,sw,decrypt,32,18,173,47133
esp32c3,AES128GCM,sw,decrypt,32,18,174,47083
esp32c3,AES128GCM,sw,decrypt,32,18,175,48115
esp32c3,AES128GCM,sw,decrypt,32,18,176,47083
esp32c3,AES128GCM,sw,decrypt,32,18,177,47133
esp32c3,AES128GCM,sw,decrypt,32,18,178,47083
esp32c3,AES128GCM,sw,decrypt,32,18,179,47133
esp32c3,AES128GCM,sw,decrypt,32,18,180,48066
esp32c3,AES128GCM,sw,decrypt,32,18,181,47133
esp32c3,AES128GCM,sw,decrypt,32,18,182,47083
esp32c3,AES128GCM,sw,decrypt,32,18,183,47133
esp32c3,AES128GCM,sw,decrypt,32,18,184,47083
esp32c3,AES128GCM,sw,decrypt,32,18,185,48117
esp32c3,AES128GCM,sw,decrypt,32,18,186,47083
esp32c3,AES128GCM,sw,decrypt,32,18,187,47133
esp32c3,AES128GCM,sw,decrypt,32,18,188,47083
esp32c3,AES128GCM,sw,decrypt,32,18,189,47133
esp32c3,AES128GCM,sw,decrypt,32,18,190,47083
esp32c3,AES128GCM,sw,decrypt,32,18,191,47133
esp32c3,AES128GCM,sw,decrypt,32,18,192,47083
esp32c3,AES128GCM,sw,decrypt,32,18,193,47133
esp32c3,AES128GCM,sw,decrypt,32,18,194,47083
esp32c3,AES128GCM,sw,decrypt,32,18,195,47133
esp32c3,AES128GCM,sw,decrypt,32,18,196,47083
esp32c3,AES128GCM,sw,decrypt,32,18,197,47133
esp32c3,AES128GCM,sw,decrypt,32,18,198,47083
esp32c3,AES128GCM,sw,decrypt,32,18,199,47133
esp32c3,AES128GCM,sw,decrypt,32,18,200,47083
esp32c3,AES128GCM,sw,decrypt,32,18,201,47133
esp32c3,AES128GCM,sw,decrypt,32,18,202,47083
esp32c3,AES128GCM,sw,decrypt,32,18,203,47133
esp32c3,AES128GCM,sw,decrypt,32,18,204,47083
esp32c3,AES128GCM,sw,decrypt,32,18,205,47133
esp32c3,AES128GCM,sw,decrypt,32,18,206,47083
esp32c3,AES128GCM,sw,decrypt,32,18,207,47133
esp32c3,AES128GCM,sw,decrypt,32,18,208,47083
esp32c3,AES128GCM,sw,decrypt,32,18,209,47133
esp32c3,AES128GCM,sw,decrypt,32,18,210,47083
esp32c3,AES128GCM,sw,decrypt,32,18,211,47133
esp32c3,AES128GCM,sw,decrypt,32,18,212,47083
esp32c3,AES128GCM,sw,decrypt,32,18,213,47133
esp32c3,AES128GCM,sw,decrypt,32,18,214,47083
esp32c3,AES128GCM,sw,decrypt,32,18,215,47133
esp32c3,AES128GCM,sw,decrypt,32,18,216,47083
esp32c3,AES128GCM,sw,decrypt,32,18,217,47133
esp32c3,AES128GCM,sw,decrypt,32,18,218,47083
esp32c3,AES128GCM,sw,decrypt,32,18,219,47133
esp32c3,AES128GCM,sw,decrypt,32,18,220,47083
esp32c3,AES128GCM,sw,decrypt,32,18,221,47133
esp32c3,AES128GCM,sw,decrypt,32,18,222,47083
esp32c3,AES128GCM,sw,decrypt,32,18,223,47133
esp32c3,AES128GCM,sw,decrypt,32,18,224,47083
esp32c3,AES128GCM,sw,decrypt,32,18,225,47133
esp32c3,AES128GCM,sw,decrypt,32,18,226,47083
esp32c3,AES128GCM,sw,decrypt,32,18,227,47133
esp32c3,AES128GCM,sw,decrypt,32,18,228,47083
esp32c3,AES128GCM,sw,decrypt,32,18,229,47133
esp32c3,AES128GCM,sw,decrypt,32,18,230,47083
esp32c3,AES128GCM,sw,decrypt,32,18,231,47133
esp32c3,AES128GCM,sw,decrypt,32,18,232,47083
esp32c3,AES128GCM,sw,decrypt,32,18,233,47133
esp32c3,AES128GCM,sw,decrypt,32,18,234,47083
esp32c3,AES128GCM,sw,decrypt,32,18,235,47133
esp32c3,AES128GCM,sw,decrypt,32,18,236,47083
esp32c3,AES128GCM,sw,decrypt,32,18,237,47133
esp32c3,AES128GCM,sw,decrypt,32,18,238,47083
esp32c3,AES128GCM,sw,decrypt,32,18,239,47133
esp32c3,AES128GCM,sw,decrypt,32,18,240,47083
esp32c3,AES128GCM,sw,decrypt,32,18,241,47133
esp32c3,AES128GCM,sw,decrypt,32,18,242,47083
esp32c3,AES128GCM,sw,decrypt,32,18,243,47133
esp32c3,AES128GCM,sw,decrypt,32,18,244,47083
esp32c3,AES128GCM,sw,decrypt,32,18,245,47133
esp32c3,AES128GCM,sw,decrypt,32,18,246,47083
esp32c3,AES128GCM,sw,decrypt,32,18,247,47133
esp32c3,AES128GCM,sw,decrypt,32,18,248,47083
esp32c3,AES128GCM,sw,decrypt,32,18,249,47133
esp32c3,AES128GCM,sw,decrypt,32,18,250,47083
esp32c3,AES128GCM,sw,decrypt,32,18,251,47133
esp32c3,AES128GCM,sw,decrypt,32,18,252,47083
esp32c3,AES128GCM,sw,decrypt,32,18,253,47133
esp32c3,AES128GCM,sw,decrypt,32,18,254,47083
esp32c3,AES128GCM,sw,decrypt,32,18,255,47133
esp32c3,AES128GCM,sw,decrypt,32,18,256,47083
esp32c3,AES128GCM,sw,decrypt,32,18,257,47133
esp32c3,AES128GCM,sw,decrypt,32,18,258,47083
esp32c3,AES128GCM,sw,decrypt,32,18,259,47133
esp32c3,AES128GCM,sw,decrypt,32,18,260,47083
esp32c3,AES128GCM,sw,decrypt,32,18,261,47133
esp32c3,AES128GCM,sw,decrypt,32,18,262,47083
esp32c3,AES128GCM,sw,decrypt,32,18,263,47133
esp32c3,AES128GCM,sw,decrypt,32,18,264,47083
esp32c3,AES128GCM,sw,decrypt,32,18,265,47133
esp32c3,AES128GCM,sw,decrypt,32,18,266,47083
esp32c3,AES128GCM,sw,decrypt,32,18,267,47133
esp32c3,AES128GCM,sw,decrypt,32,18,268,47083
esp32c3,AES128GCM,sw,decrypt,32,18,269,47133
esp32c3,AES128GCM,sw,decrypt,32,18,270,47083
esp32c3,AES128GCM,sw,decrypt,32,18,271,47133
esp32c3,AES128GCM,sw,decrypt,32,18,272,47083
esp32c3,AES128GCM,sw,decrypt,32,18,273,47133
esp32c3,AES128GCM,sw,decrypt,32,18,274,47083
esp32c3,AES128GCM,sw,decrypt,32,18,275,47133
esp32c3,AES128GCM,sw,decrypt,32,18,276,47083
esp32c3,AES128GCM,sw,decrypt,32,18,277,47133
esp32c3,AES128GCM,sw,decrypt,32,18,278,47083
esp32c3,AES128GCM,sw,decrypt,32,18,279,47133
esp32c3,AES128GCM,sw,decrypt,32,18,280,47083
esp32c3,AES128GCM,sw,decrypt,32,18,281,47133
esp32c3,AES128GCM,sw,decrypt,32,18,282,47083
esp32c3,AES128GCM,sw,decrypt,32,18,283,47133
esp32c3,AES128GCM,sw,decrypt,32,18,284,47083
esp32c3,AES128GCM,sw,decrypt,32,18,285,47133
esp32c3,AES128GCM,sw,decrypt,32,18,286,47083
esp32c3,AES128GCM,sw,decrypt,32,18,287,47133
esp32c3,AES128GCM,sw,decrypt,32,18,288,47083
esp32c3,AES128GCM,sw,decrypt,32,18,289,47133
esp32c3,AES128GCM,sw,decrypt,32,18,290,47083
esp32c3,AES128GCM,sw,decrypt,32,18,291,47133
esp32c3,AES128GCM,sw,decrypt,32,18,292,47083
esp32c3,AES128GCM,sw,decrypt,32,18,293,47133
esp32c3,AES128GCM,sw,decrypt,32,18,294,47083
esp32c3,AES128GCM,sw,decrypt,32,18,295,47133
esp32c3,AES128GCM,sw,decrypt,32,18,296,47083
esp32c3,AES128GCM,sw,decrypt,32,18,297,47133
esp32c3,AES128GCM,sw,decrypt,32,18,298,47083
esp32c3,AES128GCM,sw,decrypt,32,18,299,47133
esp32c3,AES128GCM,sw,decrypt,32,18,300,47083
esp32c3,AES128GCM,sw,decrypt,32,18,301,47133
esp32c3,AES128GCM,sw,decrypt,32,18,302,47083
esp32c3,AES128GCM,sw,decrypt,32,18,303,47133
esp32c3,AES128GCM,sw,decrypt,32,18,304,47083
esp32c3,AES128GCM,sw,decrypt,32,18,305,47133
esp32c3,AES128GCM,sw,decrypt,32,18,306,47083
esp32c3,AES128GCM,sw,decrypt,32,18,307,47133
esp32c3,AES128GCM,sw,decrypt,32,18,308,47083
esp32c3,AES128GCM,sw,decrypt,32,18,309,47133
esp32c3,AES128GCM,sw,decrypt,32,18,310,47083
esp32c3,AES128GCM,sw,decrypt,32,18,311,47133
esp32c3,AES128GCM,sw,decrypt,32,18,312,47083
esp32c3,AES128GCM,sw,decrypt,32,18,313,47133
esp32c3,AES128GCM,sw,decrypt,32,18,314,47083
esp32c3,AES128GCM,sw,decrypt,32,18,315,47133
esp32c3,AES128GCM,sw,decrypt,32,18,316,47083
esp32c3,AES128GCM,sw,decrypt,32,18,317,47133
esp32c3,AES128GCM,sw,decrypt,32,18,318,47083
esp32c3,AES128GCM,sw,decrypt,32,18,319,47133
esp32c3,AES128GCM,sw,decrypt,32,18,320,47083
esp32c3,AES128GCM,sw,decrypt,32,18,321,47133
esp32c3,AES128GCM,sw,decrypt,32,18,322,47083
esp32c3,AES128GCM,sw,decrypt,32,18,323,47133
esp32c3,AES128GCM,sw,decrypt,32,18,324,47083
esp32c3,AES128GCM,sw,decrypt,32,18,325,47133
esp32c3,AES128GCM,sw,decrypt,32,18,326,47083
esp32c3,AES128GCM,sw,decrypt,32,18,327,47133
esp32c3,AES128GCM,sw,decrypt,32,18,328,47083
esp32c3,AES128GCM,sw,decrypt,32,18,329,47133
esp32c3,AES128GCM,sw,decrypt,32,18,330,47083
esp32c3,AES128GCM,sw,decrypt,32,18,331,47133
esp32c3,AES128GCM,sw,decrypt,32,18,332,47083
esp32c3,AES128GCM,sw,decrypt,32,18,333,47133
esp32c3,AES128GCM,sw,decrypt,32,18,334,47083
esp32c3,AES128GCM,sw,decrypt,32,18,335,47133
esp32c3,AES128GCM,sw,decrypt,32,18,336,47083
esp32c3,AES128GCM,sw,decrypt,32,18,337,47133
esp32c3,AES128GCM,sw,decrypt,32,18,338,47083
esp32c3,AES128GCM,sw,decrypt,32,18,339,47133
esp32c3,AES128GCM,sw,decrypt,32,18,340,47083
esp32c3,AES128GCM,sw,decrypt,32,18,341,47133
esp32c3,AES128GCM,sw,decrypt,32,18,342,47083
esp32c3,AES128GCM,sw,decrypt,32,18,343,47133
esp32c3,AES128GCM,sw,decrypt,32,18,344,47083
esp32c3,AES128GCM,sw,decrypt,32,18,345,47133
esp32c3,AES128GCM,sw,decrypt,32,18,346,47083
esp32c3,AES128GCM,sw,decrypt,32,18,347,47133
esp32c3,AES128GCM,sw,decrypt,32,18,348,47083
esp32c3,AES128GCM,sw,decrypt,32,18,349,47133
esp32c3,AES128GCM,sw,decrypt,32,18,350,47083
esp32c3,AES128GCM,sw,decrypt,32,18,351,47133
esp32c3,AES128GCM,sw,decrypt,32,18,352,47083
esp32c3,AES128GCM,sw,decrypt,32,18,353,47133
esp32c3,AES128GCM,sw,decrypt,32,18,354,47083
esp32c3,AES128GCM,sw,decrypt,32,18,355,47133
esp32c3,AES128GCM,sw,decrypt,32,18,356,47083
esp32c3,AES128GCM,sw,decrypt,32,18,357,47133
esp32c3,AES128GCM,sw,decrypt,32,18,358,47083
esp32c3,AES128GCM,sw,decrypt,32,18,359,47133
esp32c3,AES128GCM,sw,decrypt,32,18,360,47083
esp32c3,AES128GCM,sw,decrypt,32,18,361,47133
esp32c3,AES128GCM,sw,decrypt,32,18,362,47083
esp32c3,AES128GCM,sw,decrypt,32,18,363,47133
esp32c3,AES128GCM,sw,decrypt,32,18,364,47083
esp32c3,AES128GCM,sw,decrypt,32,18,365,47133
esp32c3,AES128GCM,sw,decrypt,32,18,366,47083
esp32c3,AES128GCM,sw,decrypt,32,18,367,47133
esp32c3,AES128GCM,sw,decrypt,32,18,368,47083
esp32c3,AES128GCM,sw,decrypt,32,18,369,47133
esp32c3,AES128GCM,sw,decrypt,32,18,370,47083
esp32c3,AES128GCM,sw,decrypt,32,18,371,47133
esp32c3,AES128GCM,sw,decrypt,32,18,372,47083
esp32c3,AES128GCM,sw,decrypt,32,18,373,47133
esp32c3,AES128GCM,sw,decrypt,32,18,374,47083
esp32c3,AES128GCM,sw,decrypt,32,18,375,47133
esp32c3,AES128GCM,sw,decrypt,32,18,376,47083
esp32c3,AES128GCM,sw,decrypt,32,18,377,47133
esp32c3,AES128GCM,sw,decrypt,32,18,378,47083
esp32c3,AES128GCM,sw,decrypt,32,18,379,47133
esp32c3,AES128GCM,sw,decrypt,32,18,380,47083
esp32c3,AES128GCM,sw,decrypt,32,18,381,47133
esp32c3,AES128GCM,sw,decrypt,32,18,382,47083
esp32c3,AES128GCM,sw,decrypt,32,18,383,47133
esp32c3,AES128GCM,sw,decrypt,32,18,384,47083
esp32c3,AES128GCM,sw,decrypt,32,18,385,47133
esp32c3,AES128GCM,sw,decrypt,32,18,386,47083
esp32c3,AES128GCM,sw,decrypt,32,18,387,47133
esp32c3,AES128GCM,sw,decrypt,32,18,388,47083
esp32c3,AES128GCM,sw,decrypt,32,18,389,47133
esp32c3,AES128GCM,sw,decrypt,32,18,390,47083
esp32c3,AES128GCM,sw,decrypt,32,18,391,47133
esp32c3,AES128GCM,sw,decrypt,32,18,392,47083
esp32c3,AES128GCM,sw,decrypt,32,18,393,47133
esp32c3,AES128GCM,sw,decrypt,32,18,394,47083
esp32c3,AES128GCM,sw,decrypt,32,18,395,47133
esp32c3,AES128GCM,sw,decrypt,32,18,396,47083
esp32c3,AES128GCM,sw,decrypt,32,18,397,47133
esp32c3,AES128GCM,sw,decrypt,32,18,398,47083
esp32c3,AES128GCM,sw,decrypt,32,18,399,47133
esp32c3,AES128GCM,sw,decrypt,32,18,400,47083
esp32c3,AES128GCM,sw,decrypt,32,18,401,47133
esp32c3,AES128GCM,sw,decrypt,32,18,402,47083
esp32c3,AES128GCM,sw,decrypt,32,18,403,47133
esp32c3,AES128GCM,sw,decrypt,32,18,404,47083
esp32c3,AES128GCM,sw,decrypt,32,18,405,47133
esp32c3,AES128GCM,sw,decrypt,32,18,406,47083
esp32c3,AES128GCM,sw,decrypt,32,18,407,47133
esp32c3,AES128GCM,sw,decrypt,32,18,408,47083
esp32c3,AES128GCM,sw,decrypt,32,18,409,47133
esp32c3,AES128GCM,sw,decrypt,32,18,410,47083
esp32c3,AES128GCM,sw,decrypt,32,18,411,47133
esp32c3,AES128GCM,sw,decrypt,32,18,412,47083
esp32c3,AES128GCM,sw,decrypt,32,18,413,47133
esp32c3,AES128GCM,sw,decrypt,32,18,414,47083
esp32c3,AES128GCM,sw,decrypt,32,18,415,47133
esp32c3,AES128GCM,sw,decrypt,32,18,416,47083
esp32c3,AES128GCM,sw,decrypt,32,18,417,47133
esp32c3,AES128GCM,sw,decrypt,32,18,418,48065
esp32c3,AES128GCM,sw,decrypt,32,18,419,47133
esp32c3,AES128GCM,sw,decrypt,32,18,420,47083
esp32c3,AES128GCM,sw,decrypt,32,18,421,47133
esp32c3,AES128GCM,sw,decrypt,32,18,422,47083
esp32c3,AES128GCM,sw,decrypt,32,18,423,48117
esp32c3,AES128GCM,sw,decrypt,32,18,424,47083
esp32c3,AES128GCM,sw,decrypt,32,18,425,47133
esp32c3,AES128GCM,sw,decrypt,32,18,426,47083
esp32c3,AES128GCM,sw,decrypt,32,18,427,47133
esp32c3,AES128GCM,sw,decrypt,32,18,428,48065
esp32c3,AES128GCM,sw,decrypt,32,18,429,47133
esp32c3,AES128GCM,sw,decrypt,32,18,430,47083
esp32c3,AES128GCM,sw,decrypt,32,18,431,47133
esp32c3,AES128GCM,sw,decrypt,32,18,432,47083
esp32c3,AES128GCM,sw,decrypt,32,18,433,48115
esp32c3,AES128GCM,sw,decrypt,32,18,434,47083
esp32c3,AES128GCM,sw,decrypt,32,18,435,47133
esp32c3,AES128GCM,sw,decrypt,32,18,436,47083
esp32c3,AES128GCM,sw,decrypt,32,18,437,47133
esp32c3,AES128GCM,sw,decrypt,32,18,438,48065
esp32c3,AES128GCM,sw,decrypt,32,18,439,47133
esp32c3,AES128GCM,sw,decrypt,32,18,440,47083
esp32c3,AES128GCM,sw,decrypt,32,18,441,47133
esp32c3,AES128GCM,sw,decrypt,32,18,442,47083
esp32c3,AES128GCM,sw,decrypt,32,18,443,48115
esp32c3,AES128GCM,sw,decrypt,32,18,444,47083
esp32c3,AES128GCM,sw,decrypt,32,18,445,47133
esp32c3,AES128GCM,sw,decrypt,32,18,446,47083
esp32c3,AES128GCM,sw,decrypt,32,18,447,47133
esp32c3,AES128GCM,sw,decrypt,32,18,448,48065
esp32c3,AES128GCM,sw,decrypt,32,18,449,47133
esp32c3,AES128GCM,sw,decrypt,32,18,450,47083
esp32c3,AES128GCM,sw,decrypt,32,18,451,47133
esp32c3,AES128GCM,sw,decrypt,32,18,452,47083
esp32c3,AES128GCM,sw,decrypt,32,18,453,48116
esp32c3,AES128GCM,sw,decrypt,32,18,454,47083
esp32c3,AES128GCM,sw,decrypt,32,18,455,47133
esp32c3,AES128GCM,sw,decrypt,32,18,456,47083
esp32c3,AES128GCM,sw,decrypt,32,18,457,47133
esp32c3,AES128GCM,sw,decrypt,32,18,458,47083
esp32c3,AES128GCM,sw,decrypt,32,18,459,47133
esp32c3,AES128GCM,sw,decrypt,32,18,460,47083
esp32c3,AES128GCM,sw,decrypt,32,18,461,47133
esp32c3,AES128GCM,sw,decrypt,32,18,462,47083
esp32c3,AES128GCM,sw,decrypt,32,18,463,47133
esp32c3,AES128GCM,sw,decrypt,32,18,464,47083
esp32c3,AES128GCM,sw,decrypt,32,18,465,47133
esp32c3,AES128GCM,sw,decrypt,32,18,466,47083
esp32c3,AES128GCM,sw,decrypt,32,18,467,47133
esp32c3,AES128GCM,sw,decrypt,32,18,468,47083
esp32c3,AES128GCM,sw,decrypt,32,18,469,47133
esp32c3,AES128GCM,sw,decrypt,32,18,470,47083
esp32c3,AES128GCM,sw,decrypt,32,18,471,47133
esp32c3,AES128GCM,sw,decrypt,32,18,472,47083
esp32c3,AES128GCM,sw,decrypt,32,18,473,47133
esp32c3,AES128GCM,sw,decrypt,32,18,474,47083
esp32c3,AES128GCM,sw,decrypt,32,18,475,47133
esp32c3,AES128GCM,sw,decrypt,32,18,476,47083
esp32c3,AES128GCM,sw,decrypt,32,18,477,47133
esp32c3,AES128GCM,sw,decrypt,32,18,478,47083
esp32c3,AES128GCM,sw,decrypt,32,18,479,47133
esp32c3,AES128GCM,sw,decrypt,32,18,480,47083
esp32c3,AES128GCM,sw,decrypt,32,18,481,47133
esp32c3,AES128GCM,sw,decrypt,32,18,482,47083
esp32c3,AES128GCM,sw,decrypt,32,18,483,47133
esp32c3,AES128GCM,sw,decrypt,32,18,484,47083
esp32c3,AES128GCM,sw,decrypt,32,18,485,47133
esp32c3,AES128GCM,sw,decrypt,32,18,486,47083
esp32c3,AES128GCM,sw,decrypt,32,18,487,47133
esp32c3,AES128GCM,sw,decrypt,32,18,488,47083
esp32c3,AES128GCM,sw,decrypt,32,18,489,47133
esp32c3,AES128GCM,sw,decrypt,32,18,490,47083
esp32c3,AES128GCM,sw,decrypt,32,18,491,47133
esp32c3,AES128GCM,sw,decrypt,32,18,492,47083
esp32c3,AES128GCM,sw,decrypt,32,18,493,47133
esp32c3,AES128GCM,sw,decrypt,32,18,494,47083
esp32c3,AES128GCM,sw,decrypt,32,18,495,47133
esp32c3,AES128GCM,sw,decrypt,32,18,496,47083
esp32c3,AES128GCM,sw,decrypt,32,18,497,47133
esp32c3,AES128GCM,sw,decrypt,32,18,498,47083
esp32c3,AES128GCM,sw,decrypt,32,18,499,47133
esp32c3,AES128GCM,sw,decrypt,32,18,500,47083
esp32c3,AES128GCM,sw,decrypt,32,18,501,47133
esp32c3,AES128GCM,sw,decrypt,32,18,502,47083
esp32c3,AES128GCM,sw,decrypt,32,18,503,47133
esp32c3,AES128GCM,sw,decrypt,32,18,504,47083
esp32c3,AES128GCM,sw,decrypt,32,18,505,47133
esp32c3,AES128GCM,sw,decrypt,32,18,506,47083
esp32c3,AES128GCM,sw,decrypt,32,18,507,47133
esp32c3,AES128GCM,sw,decrypt,32,18,508,47083
esp32c3,AES128GCM,sw,decrypt,32,18,509,47133
esp32c3,AES128GCM,sw,decrypt,32,18,510,47083
esp32c3,AES128GCM,sw,decrypt,32,18,511,47133
esp32c3,AES128GCM,sw,decrypt,32,18,512,47083
esp32c3,AES128GCM,sw,decrypt,32,18,513,47133
esp32c3,AES128GCM,sw,decrypt,32,18,514,47083
esp32c3,AES128GCM,sw,decrypt,32,18,515,47133
esp32c3,AES128GCM,sw,decrypt,32,18,516,47083
esp32c3,AES128GCM,sw,decrypt,32,18,517,47133
esp32c3,AES128GCM,sw,decrypt,32,18,518,47083
esp32c3,AES128GCM,sw,decrypt,32,18,519,47133
esp32c3,AES128GCM,sw,decrypt,32,18,520,47083
esp32c3,AES128GCM,sw,decrypt,32,18,521,47133
esp32c3,AES128GCM,sw,decrypt,32,18,522,47083
esp32c3,AES128GCM,sw,decrypt,32,18,523,47133
esp32c3,AES128GCM,sw,decrypt,32,18,524,47083
esp32c3,AES128GCM,sw,decrypt,32,18,525,47133
esp32c3,AES128GCM,sw,decrypt,32,18,526,47083
esp32c3,AES128GCM,sw,decrypt,32,18,527,47133
esp32c3,AES128GCM,sw,decrypt,32,18,528,47083
esp32c3,AES128GCM,sw,decrypt,32,18,529,47133
esp32c3,AES128GCM,sw,decrypt,32,18,530,47083
esp32c3,AES128GCM,sw,decrypt,32,18,531,47133
esp32c3,AES128GCM,sw,decrypt,32,18,532,47083
esp32c3,AES128GCM,sw,decrypt,32,18,533,47133
esp32c3,AES128GCM,sw,decrypt,32,18,534,47083
esp32c3,AES128GCM,sw,decrypt,32,18,535,47133
esp32c3,AES128GCM,sw,decrypt,32,18,536,47083
esp32c3,AES128GCM,sw,decrypt,32,18,537,47133
esp32c3,AES128GCM,sw,decrypt,32,18,538,47083
esp32c3,AES128GCM,sw,decrypt,32,18,539,47133
esp32c3,AES128GCM,sw,decrypt,32,18,540,47083
esp32c3,AES128GCM,sw,decrypt,32,18,541,47133
esp32c3,AES128GCM,sw,decrypt,32,18,542,47083
esp32c3,AES128GCM,sw,decrypt,32,18,543,47133
esp32c3,AES128GCM,sw,decrypt,32,18,544,47083
esp32c3,AES128GCM,sw,decrypt,32,18,545,47133
esp32c3,AES128GCM,sw,decrypt,32,18,546,47083
esp32c3,AES128GCM,sw,decrypt,32,18,547,47133
esp32c3,AES128GCM,sw,decrypt,32,18,548,47083
esp32c3,AES128GCM,sw,decrypt,32,18,549,47133
esp32c3,AES128GCM,sw,decrypt,32,18,550,47083
esp32c3,AES128GCM,sw,decrypt,32,18,551,47133
esp32c3,AES128GCM,sw,decrypt,32,18,552,47083
esp32c3,AES128GCM,sw,decrypt,32,18,553,47133
esp32c3,AES128GCM,sw,decrypt,32,18,554,47083
esp32c3,AES128GCM,sw,decrypt,32,18,555,47133
esp32c3,AES128GCM,sw,decrypt,32,18,556,47083
esp32c3,AES128GCM,sw,decrypt,32,18,557,47133
esp32c3,AES128GCM,sw,decrypt,32,18,558,47083
esp32c3,AES128GCM,sw,decrypt,32,18,559,47133
esp32c3,AES128GCM,sw,decrypt,32,18,560,47083
esp32c3,AES128GCM,sw,decrypt,32,18,561,47133
esp32c3,AES128GCM,sw,decrypt,32,18,562,47083
esp32c3,AES128GCM,sw,decrypt,32,18,563,47133
esp32c3,AES128GCM,sw,decrypt,32,18,564,47083
esp32c3,AES128GCM,sw,decrypt,32,18,565,47133
esp32c3,AES128GCM,sw,decrypt,32,18,566,47083
esp32c3,AES128GCM,sw,decrypt,32,18,567,47133
esp32c3,AES128GCM,sw,decrypt,32,18,568,47083
esp32c3,AES128GCM,sw,decrypt,32,18,569,47133
esp32c3,AES128GCM,sw,decrypt,32,18,570,47083
esp32c3,AES128GCM,sw,decrypt,32,18,571,47133
esp32c3,AES128GCM,sw,decrypt,32,18,572,47083
esp32c3,AES128GCM,sw,decrypt,32,18,573,47133
esp32c3,AES128GCM,sw,decrypt,32,18,574,47083
esp32c3,AES128GCM,sw,decrypt,32,18,575,47133
esp32c3,AES128GCM,sw,decrypt,32,18,576,47083
esp32c3,AES128GCM,sw,decrypt,32,18,577,47133
esp32c3,AES128GCM,sw,decrypt,32,18,578,47083
esp32c3,AES128GCM,sw,decrypt,32,18,579,47133
esp32c3,AES128GCM,sw,decrypt,32,18,580,47083
esp32c3,AES128GCM,sw,decrypt,32,18,581,47133
esp32c3,AES128GCM,sw,decrypt,32,18,582,47083
esp32c3,AES128GCM,sw,decrypt,32,18,583,47133
esp32c3,AES128GCM,sw,decrypt,32,18,584,47083
esp32c3,AES128GCM,sw,decrypt,32,18,585,47133
esp32c3,AES128GCM,sw,decrypt,32,18,586,47083
esp32c3,AES128GCM,sw,decrypt,32,18,587,47133
esp32c3,AES128GCM,sw,decrypt,32,18,588,47083
esp32c3,AES128GCM,sw,decrypt,32,18,589,47133
esp32c3,AES128GCM,sw,decrypt,32,18,590,47083
esp32c3,AES128GCM,sw,decrypt,32,18,591,47133
esp32c3,AES128GCM,sw,decrypt,32,18,592,47083
esp32c3,AES128GCM,sw,decrypt,32,18,593,47133
esp32c3,AES128GCM,sw,decrypt,32,18,594,47083
esp32c3,AES128GCM,sw,decrypt,32,18,595,47133
esp32c3,AES128GCM,sw,decrypt,32,18,596,47083
esp32c3,AES128GCM,sw,decrypt,32,18,597,47133
esp32c3,AES128GCM,sw,decrypt,32,18,598,47083
esp32c3,AES128GCM,sw,decrypt,32,18,599,47133
esp32c3,AES128GCM,sw,decrypt,32,18,600,47083
esp32c3,AES128GCM,sw,decrypt,32,18,601,47133
esp32c3,AES128GCM,sw,decrypt,32,18,602,47083
esp32c3,AES128GCM,sw,decrypt,32,18,603,47133
esp32c3,AES128GCM,sw,decrypt,32,18,604,47083
esp32c3,AES128GCM,sw,decrypt,32,18,605,47133
esp32c3,AES128GCM,sw,decrypt,32,18,606,47083
esp32c3,AES128GCM,sw,decrypt,32,18,607,47133
esp32c3,AES128GCM,sw,decrypt,32,18,608,47083
esp32c3,AES128GCM,sw,decrypt,32,18,609,47133
esp32c3,AES128GCM,sw,decrypt,32,18,610,47083
esp32c3,AES128GCM,sw,decrypt,32,18,611,47133
esp32c3,AES128GCM,sw,decrypt,32,18,612,47083
esp32c3,AES128GCM,sw,decrypt,32,18,613,47133
esp32c3,AES128GCM,sw,decrypt,32,18,614,47083
esp32c3,AES128GCM,sw,decrypt,32,18,615,47133
esp32c3,AES128GCM,sw,decrypt,32,18,616,47083
esp32c3,AES128GCM,sw,decrypt,32,18,617,47133
esp32c3,AES128GCM,sw,decrypt,32,18,618,47083
esp32c3,AES128GCM,sw,decrypt,32,18,619,47133
esp32c3,AES128GCM,sw,decrypt,32,18,620,47083
esp32c3,AES128GCM,sw,decrypt,32,18,621,47133
esp32c3,AES128GCM,sw,decrypt,32,18,622,47083
esp32c3,AES128GCM,sw,decrypt,32,18,623,47133
esp32c3,AES128GCM,sw,decrypt,32,18,624,47083
esp32c3,AES128GCM,sw,decrypt,32,18,625,47133
esp32c3,AES128GCM,sw,decrypt,32,18,626,47083
esp32c3,AES128GCM,sw,decrypt,32,18,627,47133
esp32c3,AES128GCM,sw,decrypt,32,18,628,47083
esp32c3,AES128GCM,sw,decrypt,32,18,629,47133
esp32c3,AES128GCM,sw,decrypt,32,18,630,47083
esp32c3,AES128GCM,sw,decrypt,32,18,631,47133
esp32c3,AES128GCM,sw,decrypt,32,18,632,47083
esp32c3,AES128GCM,sw,decrypt,32,18,633,47133
esp32c3,AES128GCM,sw,decrypt,32,18,634,47083
esp32c3,AES128GCM,sw,decrypt,32,18,635,47133
esp32c3,AES128GCM,sw,decrypt,32,18,636,47083
esp32c3,AES128GCM,sw,decrypt,32,18,637,47133
esp32c3,AES128GCM,sw,decrypt,32,18,638,47083
esp32c3,AES128GCM,sw,decrypt,32,18,639,47133
esp32c3,AES128GCM,sw,decrypt,32,18,640,47083
esp32c3,AES128GCM,sw,decrypt,32,18,641,47133
esp32c3,AES128GCM,sw,decrypt,32,18,642,47083
esp32c3,AES128GCM,sw,decrypt,32,18,643,47133
esp32c3,AES128GCM,sw,decrypt,32,18,644,47083
esp32c3,AES128GCM,sw,decrypt,32,18,645,47133
esp32c3,AES128GCM,sw,decrypt,32,18,646,47083
esp32c3,AES128GCM,sw,decrypt,32,18,647,47133
esp32c3,AES128GCM,sw,decrypt,32,18,648,47083
esp32c3,AES128GCM,sw,decrypt,32,18,649,47133
esp32c3,AES128GCM,sw,decrypt,32,18,650,47083
esp32c3,AES128GCM,sw,decrypt,32,18,651,47133
esp32c3,AES128GCM,sw,decrypt,32,18,652,47083
esp32c3,AES128GCM,sw,decrypt,32,18,653,47133
esp32c3,AES128GCM,sw,decrypt,32,18,654,47083
esp32c3,AES128GCM,sw,decrypt,32,18,655,47133
esp32c3,AES128GCM,sw,decrypt,32,18,656,47083
esp32c3,AES128GCM,sw,decrypt,32,18,657,47133
esp32c3,AES128GCM,sw,decrypt,32,18,658,47083
esp32c3,AES128GCM,sw,decrypt,32,18,659,47133
esp32c3,AES128GCM,sw,decrypt,32,18,660,47083
esp32c3,AES128GCM,sw,decrypt,32,18,661,47133
esp32c3,AES128GCM,sw,decrypt,32,18,662,47083
esp32c3,AES128GCM,sw,decrypt,32,18,663,47133
esp32c3,AES128GCM,sw,decrypt,32,18,664,47083
esp32c3,AES128GCM,sw,decrypt,32,18,665,47133
esp32c3,AES128GCM,sw,decrypt,32,18,666,47083
esp32c3,AES128GCM,sw,decrypt,32,18,667,47133
esp32c3,AES128GCM,sw,decrypt,32,18,668,47083
esp32c3,AES128GCM,sw,decrypt,32,18,669,47133
esp32c3,AES128GCM,sw,decrypt,32,18,670,47083
esp32c3,AES128GCM,sw,decrypt,32,18,671,47133
esp32c3,AES128GCM,sw,decrypt,32,18,672,47083
esp32c3,AES128GCM,sw,decrypt,32,18,673,47133
esp32c3,AES128GCM,sw,decrypt,32,18,674,47083
esp32c3,AES128GCM,sw,decrypt,32,18,675,47133
esp32c3,AES128GCM,sw,decrypt,32,18,676,47083
esp32c3,AES128GCM,sw,decrypt,32,18,677,47133
esp32c3,AES128GCM,sw,decrypt,32,18,678,47083
esp32c3,AES128GCM,sw,decrypt,32,18,679,47133
esp32c3,AES128GCM,sw,decrypt,32,18,680,47083
esp32c3,AES128GCM,sw,decrypt,32,18,681,47133
esp32c3,AES128GCM,sw,decrypt,32,18,682,47083
esp32c3,AES128GCM,sw,decrypt,32,18,683,47133
esp32c3,AES128GCM,sw,decrypt,32,18,684,47083
esp32c3,AES128GCM,sw,decrypt,32,18,685,47133
esp32c3,AES128GCM,sw,decrypt,32,18,686,47083
esp32c3,AES128GCM,sw,decrypt,32,18,687,47133
esp32c3,AES128GCM,sw,decrypt,32,18,688,47083
esp32c3,AES128GCM,sw,decrypt,32,18,689,47133
esp32c3,AES128GCM,sw,decrypt,32,18,690,47083
esp32c3,AES128GCM,sw,decrypt,32,18,691,48117
esp32c3,AES128GCM,sw,decrypt,32,18,692,47083
esp32c3,AES128GCM,sw,decrypt,32,18,693,47133
esp32c3,AES128GCM,sw,decrypt,32,18,694,47083
esp32c3,AES128GCM,sw,decrypt,32,18,695,47133
esp32c3,AES128GCM,sw,decrypt,32,18,696,48065
esp32c3,AES128GCM,sw,decrypt,32,18,697,47133
esp32c3,AES128GCM,sw,decrypt,32,18,698,47083
esp32c3,AES128GCM,sw,decrypt,32,18,699,47133
esp32c3,AES128GCM,sw,decrypt,32,18,700,47083
esp32c3,AES128GCM,sw,decrypt,32,18,701,48115
esp32c3,AES128GCM,sw,decrypt,32,18,702,47083
esp32c3,AES128GCM,sw,decrypt,32,18,703,47133
esp32c3,AES128GCM,sw,decrypt,32,18,704,47083
esp32c3,AES128GCM,sw,decrypt,32,18,705,47133
esp32c3,AES128GCM,sw,decrypt,32,18,706,48065
esp32c3,AES128GCM,sw,decrypt,32,18,707,47133
esp32c3,AES128GCM,sw,decrypt,32,18,708,47083
esp32c3,AES128GCM,sw,decrypt,32,18,709,47133
esp32c3,AES128GCM,sw,decrypt,32,18,710,47083
esp32c3,AES128GCM,sw,decrypt,32,18,711,48115
esp32c3,AES128GCM,sw,decrypt,32,18,712,47083
esp32c3,AES128GCM,sw,decrypt,32,18,713,47133
esp32c3,AES128GCM,sw,decrypt,32,18,714,47083
esp32c3,AES128GCM,sw,decrypt,32,18,715,47133
esp32c3,AES128GCM,sw,decrypt,32,18,716,48065
esp32c3,AES128GCM,sw,decrypt,32,18,717,47133
esp32c3,AES128GCM,sw,decrypt,32,18,718,47083
esp32c3,AES128GCM,sw,decrypt,32,18,719,47133
esp32c3,AES128GCM,sw,decrypt,32,18,720,47083
esp32c3,AES128GCM,sw,decrypt,32,18,721,48117
esp32c3,AES128GCM,sw,decrypt,32,18,722,47083
esp32c3,AES128GCM,sw,decrypt,32,18,723,47133
esp32c3,AES128GCM,sw,decrypt,32,18,724,47083
esp32c3,AES128GCM,sw,decrypt,32,18,725,47133
esp32c3,AES128GCM,sw,decrypt,32,18,726,48066
esp32c3,AES128GCM,sw,decrypt,32,18,727,47133
esp32c3,AES128GCM,sw,decrypt,32,18,728,47083
esp32c3,AES128GCM,sw,decrypt,32,18,729,47133
esp32c3,AES128GCM,sw,decrypt,32,18,730,47083
esp32c3,AES128GCM,sw,decrypt,32,18,731,47133
esp32c3,AES128GCM,sw,decrypt,32,18,732,47083
esp32c3,AES128GCM,sw,decrypt,32,18,733,47133
esp32c3,AES128GCM,sw,decrypt,32,18,734,47083
esp32c3,AES128GCM,sw,decrypt,32,18,735,47133
esp32c3,AES128GCM,sw,decrypt,32,18,736,47083
esp32c3,AES128GCM,sw,decrypt,32,18,737,47133
esp32c3,AES128GCM,sw,decrypt,32,18,738,47083
esp32c3,AES128GCM,sw,decrypt,32,18,739,47133
esp32c3,AES128GCM,sw,decrypt,32,18,740,47083
esp32c3,AES128GCM,sw,decrypt,32,18,741,47133
esp32c3,AES128GCM,sw,decrypt,32,18,742,47083
esp32c3,AES128GCM,sw,decrypt,32,18,743,47133
esp32c3,AES128GCM,sw,decrypt,32,18,744,47083
esp32c3,AES128GCM,sw,decrypt,32,18,745,47133
esp32c3,AES128GCM,sw,decrypt,32,18,746,47083
esp32c3,AES128GCM,sw,decrypt,32,18,747,47133
esp32c3,AES128GCM,sw,decrypt,32,18,748,47083
esp32c3,AES128GCM,sw,decrypt,32,18,749,47133
esp32c3,AES128GCM,sw,decrypt,32,18,750,47083
esp32c3,AES128GCM,sw,decrypt,32,18,751,47133
esp32c3,AES128GCM,sw,decrypt,32,18,752,47083
esp32c3,AES128GCM,sw,decrypt,32,18,753,47133
esp32c3,AES128GCM,sw,decrypt,32,18,754,47083
esp32c3,AES128GCM,sw,decrypt,32,18,755,47133
esp32c3,AES128GCM,sw,decrypt,32,18,756,47083
esp32c3,AES128GCM,sw,decrypt,32,18,757,47133
esp32c3,AES128GCM,sw,decrypt,32,18,758,47083
esp32c3,AES128GCM,sw,decrypt,32,18,759,47133
esp32c3,AES128GCM,sw,decrypt,32,18,760,47083
esp32c3,AES128GCM,sw,decrypt,32,18,761,47133
esp32c3,AES128GCM,sw,decrypt,32,18,762,47083
esp32c3,AES128GCM,sw,decrypt,32,18,763,47133
esp32c3,AES128GCM,sw,decrypt,32,18,764,47083
esp32c3,AES128GCM,sw,decrypt,32,18,765,47133
esp32c3,AES128GCM,sw,decrypt,32,18,766,47083
esp32c3,AES128GCM,sw,decrypt,32,18,767,47133
esp32c3,AES128GCM,sw,decrypt,32,18,768,47083
esp32c3,AES128GCM,sw,decrypt,32,18,769,47133
esp32c3,AES128GCM,sw,decrypt,32,18,770,47083
esp32c3,AES128GCM,sw,decrypt,32,18,771,47133
esp32c3,AES128GCM,sw,decrypt,32,18,772,47083
esp32c3,AES128GCM,sw,decrypt,32,18,773,47133
esp32c3,AES128GCM,sw,decrypt,32,18,774,47083
esp32c3,AES128GCM,sw,decrypt,32,18,775,47133
esp32c3,AES128GCM,sw,decrypt,32,18,776,47083
esp32c3,AES128GCM,sw,decrypt,32,18,777,47133
esp32c3,AES128GCM,sw,decrypt,32,18,778,47083
esp32c3,AES128GCM,sw,decrypt,32,18,779,47133
esp32c3,AES128GCM,sw,decrypt,32,18,780,47083
esp32c3,AES128GCM,sw,decrypt,32,18,781,47133
esp32c3,AES128GCM,sw,decrypt,32,18,782,47083
esp32c3,AES128GCM,sw,decrypt,32,18,783,47133
esp32c3,AES128GCM,sw,decrypt,32,18,784,47083
esp32c3,AES128GCM,sw,decrypt,32,18,785,47133
esp32c3,AES128GCM,sw,decrypt,32,18,786,47083
esp32c3,AES128GCM,sw,decrypt,32,18,787,47133
esp32c3,AES128GCM,sw,decrypt,32,18,788,47083
esp32c3,AES128GCM,sw,decrypt,32,18,789,47133
esp32c3,AES128GCM,sw,decrypt,32,18,790,47083
esp32c3,AES128GCM,sw,decrypt,32,18,791,47133
esp32c3,AES128GCM,sw,decrypt,32,18,792,47083
esp32c3,AES128GCM,sw,decrypt,32,18,793,47133
esp32c3,AES128GCM,sw,decrypt,32,18,794,47083
esp32c3,AES128GCM,sw,decrypt,32,18,795,47133
esp32c3,AES128GCM,sw,decrypt,32,18,796,47083
esp32c3,AES128GCM,sw,decrypt,32,18,797,47133
esp32c3,AES128GCM,sw,decrypt,32,18,798,47083
esp32c3,AES128GCM,sw,decrypt,32,18,799,47133
esp32c3,AES128GCM,sw,decrypt,32,18,800,47083
esp32c3,AES128GCM,sw,decrypt,32,18,801,47133
esp32c3,AES128GCM,sw,decrypt,32,18,802,47083
esp32c3,AES128GCM,sw,decrypt,32,18,803,47133
esp32c3,AES128GCM,sw,decrypt,32,18,804,47083
esp32c3,AES128GCM,sw,decrypt,32,18,805,47133
esp32c3,AES128GCM,sw,decrypt,32,18,806,47083
esp32c3,AES128GCM,sw,decrypt,32,18,807,47133
esp32c3,AES128GCM,sw,decrypt,32,18,808,47083
esp32c3,AES128GCM,sw,decrypt,32,18,809,47133
esp32c3,AES128GCM,sw,decrypt,32,18,810,47083
esp32c3,AES128GCM,sw,decrypt,32,18,811,47133
esp32c3,AES128GCM,sw,decrypt,32,18,812,47083
esp32c3,AES128GCM,sw,decrypt,32,18,813,47133
esp32c3,AES128GCM,sw,decrypt,32,18,814,47083
esp32c3,AES128GCM,sw,decrypt,32,18,815,47133
esp32c3,AES128GCM,sw,decrypt,32,18,816,47083
esp32c3,AES128GCM,sw,decrypt,32,18,817,47133
esp32c3,AES128GCM,sw,decrypt,32,18,818,47083
esp32c3,AES128GCM,sw,decrypt,32,18,819,47133
esp32c3,AES128GCM,sw,decrypt,32,18,820,47083
esp32c3,AES128GCM,sw,decrypt,32,18,821,47133
esp32c3,AES128GCM,sw,decrypt,32,18,822,47083
esp32c3,AES128GCM,sw,decrypt,32,18,823,47133
esp32c3,AES128GCM,sw,decrypt,32,18,824,47083
esp32c3,AES128GCM,sw,decrypt,32,18,825,47133
esp32c3,AES128GCM,sw,decrypt,32,18,826,47083
esp32c3,AES128GCM,sw,decrypt,32,18,827,47133
esp32c3,AES128GCM,sw,decrypt,32,18,828,47083
esp32c3,AES128GCM,sw,decrypt,32,18,829,47133
esp32c3,AES128GCM,sw,decrypt,32,18,830,47083
esp32c3,AES128GCM,sw,decrypt,32,18,831,47133
esp32c3,AES128GCM,sw,decrypt,32,18,832,47083
esp32c3,AES128GCM,sw,decrypt,32,18,833,47133
esp32c3,AES128GCM,sw,decrypt,32,18,834,47083
esp32c3,AES128GCM,sw,decrypt,32,18,835,47133
esp32c3,AES128GCM,sw,decrypt,32,18,836,47083
esp32c3,AES128GCM,sw,decrypt,32,18,837,47133
esp32c3,AES128GCM,sw,decrypt,32,18,838,47083
esp32c3,AES128GCM,sw,decrypt,32,18,839,47133
esp32c3,AES128GCM,sw,decrypt,32,18,840,47083
esp32c3,AES128GCM,sw,decrypt,32,18,841,47133
esp32c3,AES128GCM,sw,decrypt,32,18,842,47083
esp32c3,AES128GCM,sw,decrypt,32,18,843,47133
esp32c3,AES128GCM,sw,decrypt,32,18,844,47083
esp32c3,AES128GCM,sw,decrypt,32,18,845,47133
esp32c3,AES128GCM,sw,decrypt,32,18,846,47083
esp32c3,AES128GCM,sw,decrypt,32,18,847,47133
esp32c3,AES128GCM,sw,decrypt,32,18,848,47083
esp32c3,AES128GCM,sw,decrypt,32,18,849,47133
esp32c3,AES128GCM,sw,decrypt,32,18,850,47083
esp32c3,AES128GCM,sw,decrypt,32,18,851,47133
esp32c3,AES128GCM,sw,decrypt,32,18,852,47083
esp32c3,AES128GCM,sw,decrypt,32,18,853,47133
esp32c3,AES128GCM,sw,decrypt,32,18,854,47083
esp32c3,AES128GCM,sw,decrypt,32,18,855,47133
esp32c3,AES128GCM,sw,decrypt,32,18,856,47083
esp32c3,AES128GCM,sw,decrypt,32,18,857,47133
esp32c3,AES128GCM,sw,decrypt,32,18,858,47083
esp32c3,AES128GCM,sw,decrypt,32,18,859,47133
esp32c3,AES128GCM,sw,decrypt,32,18,860,47083
esp32c3,AES128GCM,sw,decrypt,32,18,861,47133
esp32c3,AES128GCM,sw,decrypt,32,18,862,47083
esp32c3,AES128GCM,sw,decrypt,32,18,863,47133
esp32c3,AES128GCM,sw,decrypt,32,18,864,47083
esp32c3,AES128GCM,sw,decrypt,32,18,865,47133
esp32c3,AES128GCM,sw,decrypt,32,18,866,47083
esp32c3,AES128GCM,sw,decrypt,32,18,867,47133
esp32c3,AES128GCM,sw,decrypt,32,18,868,47083
esp32c3,AES128GCM,sw,decrypt,32,18,869,47133
esp32c3,AES128GCM,sw,decrypt,32,18,870,47083
esp32c3,AES128GCM,sw,decrypt,32,18,871,47133
esp32c3,AES128GCM,sw,decrypt,32,18,872,47083
esp32c3,AES128GCM,sw,decrypt,32,18,873,47133
esp32c3,AES128GCM,sw,decrypt,32,18,874,47083
esp32c3,AES128GCM,sw,decrypt,32,18,875,47133
esp32c3,AES128GCM,sw,decrypt,32,18,876,47083
esp32c3,AES128GCM,sw,decrypt,32,18,877,47133
esp32c3,AES128GCM,sw,decrypt,32,18,878,47083
esp32c3,AES128GCM,sw,decrypt,32,18,879,47133
esp32c3,AES128GCM,sw,decrypt,32,18,880,47083
esp32c3,AES128GCM,sw,decrypt,32,18,881,47133
esp32c3,AES128GCM,sw,decrypt,32,18,882,47083
esp32c3,AES128GCM,sw,decrypt,32,18,883,47133
esp32c3,AES128GCM,sw,decrypt,32,18,884,47083
esp32c3,AES128GCM,sw,decrypt,32,18,885,47133
esp32c3,AES128GCM,sw,decrypt,32,18,886,47083
esp32c3,AES128GCM,sw,decrypt,32,18,887,47133
esp32c3,AES128GCM,sw,decrypt,32,18,888,47083
esp32c3,AES128GCM,sw,decrypt,32,18,889,47133
esp32c3,AES128GCM,sw,decrypt,32,18,890,47083
esp32c3,AES128GCM,sw,decrypt,32,18,891,47133
esp32c3,AES128GCM,sw,decrypt,32,18,892,47083
esp32c3,AES128GCM,sw,decrypt,32,18,893,47133
esp32c3,AES128GCM,sw,decrypt,32,18,894,47083
esp32c3,AES128GCM,sw,decrypt,32,18,895,47133
esp32c3,AES128GCM,sw,decrypt,32,18,896,47083
esp32c3,AES128GCM,sw,decrypt,32,18,897,47133
esp32c3,AES128GCM,sw,decrypt,32,18,898,47083
esp32c3,AES128GCM,sw,decrypt,32,18,899,47133
esp32c3,AES128GCM,sw,decrypt,32,18,900,47083
esp32c3,AES128GCM,sw,decrypt,32,18,901,47133
esp32c3,AES128GCM,sw,decrypt,32,18,902,47083
esp32c3,AES128GCM,sw,decrypt,32,18,903,47133
esp32c3,AES128GCM,sw,decrypt,32,18,904,47083
esp32c3,AES128GCM,sw,decrypt,32,18,905,47133
esp32c3,AES128GCM,sw,decrypt,32,18,906,47083
esp32c3,AES128GCM,sw,decrypt,32,18,907,47133
esp32c3,AES128GCM,sw,decrypt,32,18,908,47083
esp32c3,AES128GCM,sw,decrypt,32,18,909,47133
esp32c3,AES128GCM,sw,decrypt,32,18,910,47083
esp32c3,AES128GCM,sw,decrypt,32,18,911,47133
esp32c3,AES128GCM,sw,decrypt,32,18,912,47083
esp32c3,AES128GCM,sw,decrypt,32,18,913,47133
esp32c3,AES128GCM,sw,decrypt,32,18,914,47083
esp32c3,AES128GCM,sw,decrypt,32,18,915,47133
esp32c3,AES128GCM,sw,decrypt,32,18,916,47083
esp32c3,AES128GCM,sw,decrypt,32,18,917,47133
esp32c3,AES128GCM,sw,decrypt,32,18,918,47083
esp32c3,AES128GCM,sw,decrypt,32,18,919,47133
esp32c3,AES128GCM,sw,decrypt,32,18,920,47083
esp32c3,AES128GCM,sw,decrypt,32,18,921,47133
esp32c3,AES128GCM,sw,decrypt,32,18,922,47083
esp32c3,AES128GCM,sw,decrypt,32,18,923,47133
esp32c3,AES128GCM,sw,decrypt,32,18,924,47083
esp32c3,AES128GCM,sw,decrypt,32,18,925,47133
esp32c3,AES128GCM,sw,decrypt,32,18,926,47083
esp32c3,AES128GCM,sw,decrypt,32,18,927,47133
esp32c3,AES128GCM,sw,decrypt,32,18,928,47083
esp32c3,AES128GCM,sw,decrypt,32,18,929,47133
esp32c3,AES128GCM,sw,decrypt,32,18,930,47083
esp32c3,AES128GCM,sw,decrypt,32,18,931,47133
esp32c3,AES128GCM,sw,decrypt,32,18,932,47083
esp32c3,AES128GCM,sw,decrypt,32,18,933,47133
esp32c3,AES128GCM,sw,decrypt,32,18,934,47083
esp32c3,AES128GCM,sw,decrypt,32,18,935,47133
esp32c3,AES128GCM,sw,decrypt,32,18,936,47083
esp32c3,AES128GCM,sw,decrypt,32,18,937,47133
esp32c3,AES128GCM,sw,decrypt,32,18,938,47083
esp32c3,AES128GCM,sw,decrypt,32,18,939,47133
esp32c3,AES128GCM,sw,decrypt,32,18,940,47083
esp32c3,AES128GCM,sw,decrypt,32,18,941,47133
esp32c3,AES128GCM,sw,decrypt,32,18,942,47083
esp32c3,AES128GCM,sw,decrypt,32,18,943,47133
esp32c3,AES128GCM,sw,decrypt,32,18,944,47083
esp32c3,AES128GCM,sw,decrypt,32,18,945,47133
esp32c3,AES128GCM,sw,decrypt,32,18,946,47083
esp32c3,AES128GCM,sw,decrypt,32,18,947,47133
esp32c3,AES128GCM,sw,decrypt,32,18,948,47083
esp32c3,AES128GCM,sw,decrypt,32,18,949,47133
esp32c3,AES128GCM,sw,decrypt,32,18,950,47083
esp32c3,AES128GCM,sw,decrypt,32,18,951,47133
esp32c3,AES128GCM,sw,decrypt,32,18,952,47083
esp32c3,AES128GCM,sw,decrypt,32,18,953,47133
esp32c3,AES128GCM,sw,decrypt,32,18,954,47083
esp32c3,AES128GCM,sw,decrypt,32,18,955,47133
esp32c3,AES128GCM,sw,decrypt,32,18,956,47083
esp32c3,AES128GCM,sw,decrypt,32,18,957,47133
esp32c3,AES128GCM,sw,decrypt,32,18,958,47083
esp32c3,AES128GCM,sw,decrypt,32,18,959,47133
esp32c3,AES128GCM,sw,decrypt,32,18,960,47083
esp32c3,AES128GCM,sw,decrypt,32,18,961,47133
esp32c3,AES128GCM,sw,decrypt,32,18,962,47083
esp32c3,AES128GCM,sw,decrypt,32,18,963,47133
esp32c3,AES128GCM,sw,decrypt,32,18,964,47973
esp32c3,AES128GCM,sw,decrypt,32,18,965,47133
esp32c3,AES128GCM,sw,decrypt,32,18,966,47083
esp32c3,AES128GCM,sw,decrypt,32,18,967,47133
esp32c3,AES128GCM,sw,decrypt,32,18,968,47083
esp32c3,AES128GCM,sw,decrypt,32,18,969,48085
esp32c3,AES128GCM,sw,decrypt,32,18,970,47083
esp32c3,AES128GCM,sw,decrypt,32,18,971,47133
esp32c3,AES128GCM,sw,decrypt,32,18,972,47083
esp32c3,AES128GCM,sw,decrypt,32,18,973,47133
esp32c3,AES128GCM,sw,decrypt,32,18,974,48067
esp32c3,AES128GCM,sw,decrypt,32,18,975,47133
esp32c3,AES128GCM,sw,decrypt,32,18,976,47083
esp32c3,AES128GCM,sw,decrypt,32,18,977,47133
esp32c3,AES128GCM,sw,decrypt,32,18,978,47083
esp32c3,AES128GCM,sw,decrypt,32,18,979,48117
esp32c3,AES128GCM,sw,decrypt,32,18,980,47083
esp32c3,AES128GCM,sw,decrypt,32,18,981,47133
esp32c3,AES128GCM,sw,decrypt,32,18,982,47083
esp32c3,AES128GCM,sw,decrypt,32,18,983,47133
esp32c3,AES128GCM,sw,decrypt,32,18,984,48065
esp32c3,AES128GCM,sw,decrypt,32,18,985,47133
esp32c3,AES128GCM,sw,decrypt,32,18,986,47083
esp32c3,AES128GCM,sw,decrypt,32,18,987,47133
esp32c3,AES128GCM,sw,decrypt,32,18,988,47083
esp32c3,AES128GCM,sw,decrypt,32,18,989,47993
esp32c3,AES128GCM,sw,decrypt,32,18,990,47083
esp32c3,AES128GCM,sw,decrypt,32,18,991,47133
esp32c3,AES128GCM,sw,decrypt,32,18,992,47083
esp32c3,AES128GCM,sw,decrypt,32,18,993,47133
esp32c3,AES128GCM,sw,decrypt,32,18,994,48067
esp32c3,AES128GCM,sw,decrypt,32,18,995,47133
esp32c3,AES128GCM,sw,decrypt,32,18,996,47083
esp32c3,AES128GCM,sw,decrypt,32,18,997,47133
esp32c3,AES128GCM,sw,decrypt,32,18,998,47083
esp32c3,AES128GCM,sw,decrypt,32,18,999,48116
stack,esp32c3,AES128GCM,sw,decrypt,32,14244
esp32c3,AES128GCM,sw,encrypt,64,18,0,53864
esp32c3,AES128GCM,sw,encrypt,64,18,1,64890
esp32c3,AES128GCM,sw,encrypt,64,18,2,66055
esp32c3,AES128GCM,sw,encrypt,64,18,3,65501
esp32c3,AES128GCM,sw,encrypt,64,18,4,64703
esp32c3,AES128GCM,sw,encrypt,64,18,5,64191
esp32c3,AES128GCM,sw,encrypt,64,18,6,66055
esp32c3,AES128GCM,sw,encrypt,64,18,7,64517
esp32c3,AES128GCM,sw,encrypt,64,18,8,64703
esp32c3,AES128GCM,sw,encrypt,64,18,9,64191
esp32c3,AES128GCM,sw,encrypt,64,18,10,66055
esp32c3,AES128GCM,sw,encrypt,64,18,11,65499
esp32c3,AES128GCM,sw,encrypt,64,18,12,64703
esp32c3,AES128GCM,sw,encrypt,64,18,13,64191
esp32c3,AES128GCM,sw,encrypt,64,18,14,64703
esp32c3,AES128GCM,sw,encrypt,64,18,15,64191
esp32c3,AES128GCM,sw,encrypt,64,18,16,64703
esp32c3,AES128GCM,sw,encrypt,64,18,17,64191
esp32c3,AES128GCM,sw,encrypt,64,18,18,64703
esp32c3,AES128GCM,sw,encrypt,64,18,19,64191
esp32c3,AES128GCM,sw,encrypt,64,18,20,64703
esp32c3,AES128GCM,sw,encrypt,64,18,21,64191
esp32c3,AES128GCM,sw,encrypt,64,18,22,64703
esp32c3,AES128GCM,sw,encrypt,64,18,23,64191
esp32c3,AES128GCM,sw,encrypt,64,18,24,64703
esp32c3,AES128GCM,sw,encrypt,64,18,25,64191
esp32c3,AES128GCM,sw,encrypt,64,18,26,64703
esp32c3,AES128GCM,sw,encrypt,64,18,27,64191
esp32c3,AES128GCM,sw,encrypt,64,18,28,64703
esp32c3,AES128GCM,sw,encrypt,64,18,29,64191
esp32c3,AES128GCM,sw,encrypt,64,18,30,64703
esp32c3,AES128GCM,sw,encrypt,64,18,31,64191
esp32c3,AES128GCM,sw,encrypt,64,18,32,64703
esp32c3,AES128GCM,sw,encrypt,64,18,33,64191
esp32c3,AES128GCM,sw,encrypt,64,18,34,65687
esp32c3,AES128GCM,sw,encrypt,64,18,35,64191
esp32c3,AES128GCM,sw,encrypt,64,18,36,64703
esp32c3,AES128GCM,sw,encrypt,64,18,37,64191
esp32c3,AES128GCM,sw,encrypt,64,18,38,64703
esp32c3,AES128GCM,sw,encrypt,64,18,39,64191
esp32c3,AES128GCM,sw,encrypt,64,18,40,64703
esp32c3,AES128GCM,sw,encrypt,64,18,41,64191
esp32c3,AES128GCM,sw,encrypt,64,18,42,64703
esp32c3,AES128GCM,sw,encrypt,64,18,43,64191
esp32c3,AES128GCM,sw,encrypt,64,18,44,64703
esp32c3,AES128GCM,sw,encrypt,64,18,45,64191
esp32c3,AES128GCM,sw,encrypt,64,18,46,64703
esp32c3,AES128GCM,sw,encrypt,64,18,47,64191
esp32c3,AES128GCM,sw,encrypt,64,18,48,64703
esp32c3,AES128GCM,sw,encrypt,64,18,49,64191
esp32c3,AES128GCM,sw,encrypt,64,18,50,64703
esp32c3,AES128GCM,sw,encrypt,64,18,51,64191
esp32c3,AES128GCM,sw,encrypt,64,18,52,64703
esp32c3,AES128GCM,sw,encrypt,64,18,53,64191
esp32c3,AES128GCM,sw,encrypt,64,18,54,64703
esp32c3,AES128GCM,sw,encrypt,64,18,55,64191
esp32c3,AES128GCM,sw,encrypt,64,18,56,64703
esp32c3,AES128GCM,sw,encrypt,64,18,57,64191
esp32c3,AES128GCM,sw,encrypt,64,18,58,64703
esp32c3,AES128GCM,sw,encrypt,64,18,59,64191
esp32c3,AES128GCM,sw,encrypt,64,18,60,64703
esp32c3,AES128GCM,sw,encrypt,64,18,61,64191
esp32c3,AES128GCM,sw,encrypt,64,18,62,64703
esp32c3,AES128GCM,sw,encrypt,64,18,63,64191
esp32c3,AES128GCM,sw,encrypt,64,18,64,64703
esp32c3,AES128GCM,sw,encrypt,64,18,65,64191
esp32c3,AES128GCM,sw,encrypt,64,18,66,64703
esp32c3,AES128GCM,sw,encrypt,64,18,67,64191
esp32c3,AES128GCM,sw,encrypt,64,18,68,64703
esp32c3,AES128GCM,sw,encrypt,64,18,69,64191
esp32c3,AES128GCM,sw,encrypt,64,18,70,64703
esp32c3,AES128GCM,sw,encrypt,64,18,71,64191
esp32c3,AES128GCM,sw,encrypt,64,18,72,64703
esp32c3,AES128GCM,sw,encrypt,64,18,73,64191
esp32c3,AES128GCM,sw,encrypt,64,18,74,64703
esp32c3,AES128GCM,sw,encrypt,64,18,75,65173
esp32c3,AES128GCM,sw,encrypt,64,18,76,64703
esp32c3,AES128GCM,sw,encrypt,64,18,77,64191
esp32c3,AES128GCM,sw,encrypt,64,18,78,64703
esp32c3,AES128GCM,sw,encrypt,64,18,79,64191
esp32c3,AES128GCM,sw,encrypt,64,18,80,64703
esp32c3,AES128GCM,sw,encrypt,64,18,81,64191
esp32c3,AES128GCM,sw,encrypt,64,18,82,64703
esp32c3,AES128GCM,sw,encrypt,64,18,83,64191
esp32c3,AES128GCM,sw,encrypt,64,18,84,64703
esp32c3,AES128GCM,sw,encrypt,64,18,85,64191
esp32c3,AES128GCM,sw,encrypt,64,18,86,64703
esp32c3,AES128GCM,sw,encrypt,64,18,87,64191
esp32c3,AES128GCM,sw,encrypt,64,18,88,64703
esp32c3,AES128GCM,sw,encrypt,64,18,89,64191
esp32c3,AES128GCM,sw,encrypt,64,18,90,64703
esp32c3,AES128GCM,sw,encrypt,64,18,91,64191
esp32c3,AES128GCM,sw,encrypt,64,18,92,64703
esp32c3,AES128GCM,sw,encrypt,64,18,93,64191
esp32c3,AES128GCM,sw,encrypt,64,18,94,64703
esp32c3,AES128GCM,sw,encrypt,64,18,95,64191
esp32c3,AES128GCM,sw,encrypt,64,18,96,64703
esp32c3,AES128GCM,sw,encrypt,64,18,97,64191
esp32c3,AES128GCM,sw,encrypt,64,18,98,65685
esp32c3,AES128GCM,sw,encrypt,64,18,99,64191
esp32c3,AES128GCM,sw,encrypt,64,18,100,64703
esp32c3,AES128GCM,sw,encrypt,64,18,101,64191
esp32c3,AES128GCM,sw,encrypt,64,18,102,64703
esp32c3,AES128GCM,sw,encrypt,64,18,103,64191
esp32c3,AES128GCM,sw,encrypt,64,18,104,64703
esp32c3,AES128GCM,sw,encrypt,64,18,105,64191
esp32c3,AES128GCM,sw,encrypt,64,18,106,64703
esp32c3,AES128GCM,sw,encrypt,64,18,107,64191
esp32c3,AES128GCM,sw,encrypt,64,18,108,64703
esp32c3,AES128GCM,sw,encrypt,64,18,109,64191
esp32c3,AES128GCM,sw,encrypt,64,18,110,64703
esp32c3,AES128GCM,sw,encrypt,64,18,111,64191
esp32c3,AES128GCM,sw,encrypt,64,18,112,64703
esp32c3,AES128GCM,sw,encrypt,64,18,113,64191
esp32c3,AES128GCM,sw,encrypt,64,18,114,64703
esp32c3,AES128GCM,sw,encrypt,64,18,115,64191
esp32c3,AES128GCM,sw,encrypt,64,18,116,64703
esp32c3,AES128GCM,sw,encrypt,64,18,117,64191
esp32c3,AES128GCM,sw,encrypt,64,18,118,64703
esp32c3,AES128GCM,sw,encrypt,64,18,119,64191
esp32c3,AES128GCM,sw,encrypt,64,18,120,64703
esp32c3,AES128GCM,sw,encrypt,64,18,121,64191
esp32c3,AES128GCM,sw,encrypt,64,18,122,64703
esp32c3,AES128GCM,sw,encrypt,64,18,123,64191
esp32c3,AES128GCM,sw,encrypt,64,18,124,64703
esp32c3,AES128GCM,sw,encrypt,64,18,125,64191
esp32c3,AES128GCM,sw,encrypt,64,18,126,64703
esp32c3,AES128GCM,sw,encrypt,64,18,127,64191
esp32c3,AES128GCM,sw,encrypt,64,18,128,64703
esp32c3,AES128GCM,sw,encrypt,64,18,129,64191
esp32c3,AES128GCM,sw,encrypt,64,18,130,64703
esp32c3,AES128GCM,sw,encrypt,64,18,131,64191
esp32c3,AES128GCM,sw,encrypt,64,18,132,64703
esp32c3,AES128GCM,sw,encrypt,64,18,133,64191
esp32c3,AES128GCM,sw,encrypt,64,18,134,64703
esp32c3,AES128GCM,sw,encrypt,64,18,135,64191
esp32c3,AES128GCM,sw,encrypt,64,18,136,64703
esp32c3,AES128GCM,sw,encrypt,64,18,137,64191
esp32c3,AES128GCM,sw,encrypt,64,18,138,64703
esp32c3,AES128GCM,sw,encrypt,64,18,139,64191
esp32c3,AES128GCM,sw,encrypt,64,18,140,64703
esp32c3,AES128GCM,sw,encrypt,64,18,141,64191
esp32c3,AES128GCM,sw,encrypt,64,18,142,64703
esp32c3,AES128GCM,sw,encrypt,64,18,143,64191
esp32c3,AES128GCM,sw,encrypt,64,18,144,64703
esp32c3,AES128GCM,sw,encrypt,64,18,145,64191
esp32c3,AES128GCM,sw,encrypt,64,18,146,64703
esp32c3,AES128GCM,sw,encrypt,64,18,147,64191
esp32c3,AES128GCM,sw,encrypt,64,18,148,64703
esp32c3,AES128GCM,sw,encrypt,64,18,149,64191
esp32c3,AES128GCM,sw,encrypt,64,18,150,64703
esp32c3,AES128GCM,sw,encrypt,64,18,151,64191
esp32c3,AES128GCM,sw,encrypt,64,18,152,64703
esp32c3,AES128GCM,sw,encrypt,64,18,153,64191
esp32c3,AES128GCM,sw,encrypt,64,18,154,64703
esp32c3,AES128GCM,sw,encrypt,64,18,155,64191
esp32c3,AES128GCM,sw,encrypt,64,18,156,64703
esp32c3,AES128GCM,sw,encrypt,64,18,157,64191
esp32c3,AES128GCM,sw,encrypt,64,18,158,64703
esp32c3,AES128GCM,sw,encrypt,64,18,159,64191
esp32c3,AES128GCM,sw,encrypt,64,18,160,64703
esp32c3,AES128GCM,sw,encrypt,64,18,161,64191
esp32c3,AES128GCM,sw,encrypt,64,18,162,64703
esp32c3,AES128GCM,sw,encrypt,64,18,163,64191
esp32c3,AES128GCM,sw,encrypt,64,18,164,64703
esp32c3,AES128GCM,sw,encrypt,64,18,165,64191
esp32c3,AES128GCM,sw,encrypt,64,18,166,64703
esp32c3,AES128GCM,sw,encrypt,64,18,167,64191
esp32c3,AES128GCM,sw,encrypt,64,18,168,64703
esp32c3,AES128GCM,sw,encrypt,64,18,169,64191
esp32c3,AES128GCM,sw,encrypt,64,18,170,64703
esp32c3,AES128GCM,sw,encrypt,64,18,171,64191
esp32c3,AES128GCM,sw,encrypt,64,18,172,64703
esp32c3,AES128GCM,sw,encrypt,64,18,173,64191
esp32c3,AES128GCM,sw,encrypt,64,18,174,64703
esp32c3,AES128GCM,sw,encrypt,64,18,175,64191
esp32c3,AES128GCM,sw,encrypt,64,18,176,64703
esp32c3,AES128GCM,sw,encrypt,64,18,177,64191
esp32c3,AES128GCM,sw,encrypt,64,18,178,64703
esp32c3,AES128GCM,sw,encrypt,64,18,179,64191
esp32c3,AES128GCM,sw,encrypt,64,18,180,64703
esp32c3,AES128GCM,sw,encrypt,64,18,181,64191
esp32c3,AES128GCM,sw,encrypt,64,18,182,64703
esp32c3,AES128GCM,sw,encrypt,64,18,183,64191
esp32c3,AES128GCM,sw,encrypt,64,18,184,64703
esp32c3,AES128GCM,sw,encrypt,64,18,185,64191
esp32c3,AES128GCM,sw,encrypt,64,18,186,64703
esp32c3,AES128GCM,sw,encrypt,64,18,187,64191
esp32c3,AES128GCM,sw,encrypt,64,18,188,64703
esp32c3,AES128GCM,sw,encrypt,64,18,189,64191
esp32c3,AES128GCM,sw,encrypt,64,18,190,64703
esp32c3,AES128GCM,sw,encrypt,64,18,191,64191
esp32c3,AES128GCM,sw,encrypt,64,18,192,64703
esp32c3,AES128GCM,sw,encrypt,64,18,193,64191
esp32c3,AES128GCM,sw,encrypt,64,18,194,64703
esp32c3,AES128GCM,sw,encrypt,64,18,195,64191
esp32c3,AES128GCM,sw,encrypt,64,18,196,64703
esp32c3,AES128GCM,sw,encrypt,64,18,197,64191
esp32c3,AES128GCM,sw,encrypt,64,18,198,64703
esp32c3,AES128GCM,sw,encrypt,64,18,199,64191
esp32c3,AES128GCM,sw,encrypt,64,18,200,64703
esp32c3,AES128GCM,sw,encrypt,64,18,201,64191
esp32c3,AES128GCM,sw,encrypt,64,18,202,64703
esp32c3,AES128GCM,sw,encrypt,64,18,203,64191
esp32c3,AES128GCM,sw,encrypt,64,18,204,64703
esp32c3,AES128GCM,sw,encrypt,64,18,205,64191
esp32c3,AES128GCM,sw,encrypt,64,18,206,64703
esp32c3,AES128GCM,sw,encrypt,64,18,207,64191
esp32c3,AES128GCM,sw,encrypt,64,18,208,64703
esp32c3,AES128GCM,sw,encrypt,64,18,209,64191
esp32c3,AES128GCM,sw,encrypt,64,18,210,64703
esp32c3,AES128GCM,sw,encrypt,64,18,211,64191
esp32c3,AES128GCM,sw,encrypt,64,18,212,64703
esp32c3,AES128GCM,sw,encrypt,64,18,213,64191
esp32c3,AES128GCM,sw,encrypt,64,18,214,64703
esp32c3,AES128GCM,sw,encrypt,64,18,215,64191
esp32c3,AES128GCM,sw,encrypt,64,18,216,64703
esp32c3,AES128GCM,sw,encrypt,64,18,217,64191
esp32c3,AES128GCM,sw,encrypt,64,18,218,64703
esp32c3,AES128GCM,sw,encrypt,64,18,219,64191
esp32c3,AES128GCM,sw,encrypt,64,18,220,64703
esp32c3,AES128GCM,sw,encrypt,64,18,221,64191
esp32c3,AES128GCM,sw,encrypt,64,18,222,64703
esp32c3,AES128GCM,sw,encrypt,64,18,223,64191
esp32c3,AES128GCM,sw,encrypt,64,18,224,64703
esp32c3,AES128GCM,sw,encrypt,64,18,225,64191
esp32c3,AES128GCM,sw,encrypt,64,18,226,64703
esp32c3,AES128GCM,sw,encrypt,64,18,227,64191
esp32c3,AES128GCM,sw,encrypt,64,18,228,64703
esp32c3,AES128GCM,sw,encrypt,64,18,229,64191
esp32c3,AES128GCM,sw,encrypt,64,18,230,64703
esp32c3,AES128GCM,sw,encrypt,64,18,231,64191
esp32c3,AES128GCM,sw,encrypt,64,18,232,64703
esp32c3,AES128GCM,sw,encrypt,64,18,233,64191
esp32c3,AES128GCM,sw,encrypt,64,18,234,64703
esp32c3,AES128GCM,sw,encrypt,64,18,235,64191
esp32c3,AES128GCM,sw,encrypt,64,18,236,64703
esp32c3,AES128GCM,sw,encrypt,64,18,237,64191
esp32c3,AES128GCM,sw,encrypt,64,18,238,64703
esp32c3,AES128GCM,sw,encrypt,64,18,239,64191
esp32c3,AES128GCM,sw,encrypt,64,18,240,64703
esp32c3,AES128GCM,sw,encrypt,64,18,241,64191
esp32c3,AES128GCM,sw,encrypt,64,18,242,64703
esp32c3,AES128GCM,sw,encrypt,64,18,243,64191
esp32c3,AES128GCM,sw,encrypt,64,18,244,64703
esp32c3,AES128GCM,sw,encrypt,64,18,245,64191
esp32c3,AES128GCM,sw,encrypt,64,18,246,64703
esp32c3,AES128GCM,sw,encrypt,64,18,247,64191
esp32c3,AES128GCM,sw,encrypt,64,18,248,64703
esp32c3,AES128GCM,sw,encrypt,64,18,249,64191
esp32c3,AES128GCM,sw,encrypt,64,18,250,64703
esp32c3,AES128GCM,sw,encrypt,64,18,251,64191
esp32c3,AES128GCM,sw,encrypt,64,18,252,64703
esp32c3,AES128GCM,sw,encrypt,64,18,253,64191
esp32c3,AES128GCM,sw,encrypt,64,18,254,64703
esp32c3,AES128GCM,sw,encrypt,64,18,255,64191
esp32c3,AES128GCM,sw,encrypt,64,18,256,64703
esp32c3,AES128GCM,sw,encrypt,64,18,257,64191
esp32c3,AES128GCM,sw,encrypt,64,18,258,64703
esp32c3,AES128GCM,sw,encrypt,64,18,259,64191
esp32c3,AES128GCM,sw,encrypt,64,18,260,64703
esp32c3,AES128GCM,sw,encrypt,64,18,261,64191
esp32c3,AES128GCM,sw,encrypt,64,18,262,64703
esp32c3,AES128GCM,sw,encrypt,64,18,263,64191
esp32c3,AES128GCM,sw,encrypt,64,18,264,64703
esp32c3,AES128GCM,sw,encrypt,64,18,265,64191
esp32c3,AES128GCM,sw,encrypt,64,18,266,64703
esp32c3,AES128GCM,sw,encrypt,64,18,267,64191
esp32c3,AES128GCM,sw,encrypt,64,18,268,64703
esp32c3,AES128GCM,sw,encrypt,64,18,269,64191
esp32c3,AES128GCM,sw,encrypt,64,18,270,64703
esp32c3,AES128GCM,sw,encrypt,64,18,271,64191
esp32c3,AES128GCM,sw,encrypt,64,18,272,64703
esp32c3,AES128GCM,sw,encrypt,64,18,273,64191
esp32c3,AES128GCM,sw,encrypt,64,18,274,64703
esp32c3,AES128GCM,sw,encrypt,64,18,275,64191
esp32c3,AES128GCM,sw,encrypt,64,18,276,64703
esp32c3,AES128GCM,sw,encrypt,64,18,277,64191
esp32c3,AES128GCM,sw,encrypt,64,18,278,64703
esp32c3,AES128GCM,sw,encrypt,64,18,279,64191
esp32c3,AES128GCM,sw,encrypt,64,18,280,64703
esp32c3,AES128GCM,sw,encrypt,64,18,281,64191
esp32c3,AES128GCM,sw,encrypt,64,18,282,64703
esp32c3,AES128GCM,sw,encrypt,64,18,283,64191
esp32c3,AES128GCM,sw,encrypt,64,18,284,64703
esp32c3,AES128GCM,sw,encrypt,64,18,285,64191
esp32c3,AES128GCM,sw,encrypt,64,18,286,64703
esp32c3,AES128GCM,sw,encrypt,64,18,287,64191
esp32c3,AES128GCM,sw,encrypt,64,18,288,64703
esp32c3,AES128GCM,sw,encrypt,64,18,289,64191
esp32c3,AES128GCM,sw,encrypt,64,18,290,64703
esp32c3,AES128GCM,sw,encrypt,64,18,291,64191
esp32c3,AES128GCM,sw,encrypt,64,18,292,64703
esp32c3,AES128GCM,sw,encrypt,64,18,293,64191
esp32c3,AES128GCM,sw,encrypt,64,18,294,64703
esp32c3,AES128GCM,sw,encrypt,64,18,295,64191
esp32c3,AES128GCM,sw,encrypt,64,18,296,64703
esp32c3,AES128GCM,sw,encrypt,64,18,297,64191
esp32c3,AES128GCM,sw,encrypt,64,18,298,64703
esp32c3,AES128GCM,sw,encrypt,64,18,299,64191
esp32c3,AES128GCM,sw,encrypt,64,18,300,64703
esp32c3,AES128GCM,sw,encrypt,64,18,301,64191
esp32c3,AES128GCM,sw,encrypt,64,18,302,64703
esp32c3,AES128GCM,sw,encrypt,64,18,303,64191
esp32c3,AES128GCM,sw,encrypt,64,18,304,64703
esp32c3,AES128GCM,sw,encrypt,64,18,305,64191
esp32c3,AES128GCM,sw,encrypt,64,18,306,65683
esp32c3,AES128GCM,sw,encrypt,64,18,307,64191
esp32c3,AES128GCM,sw,encrypt,64,18,308,64703
esp32c3,AES128GCM,sw,encrypt,64,18,309,64191
esp32c3,AES128GCM,sw,encrypt,64,18,310,64703
esp32c3,AES128GCM,sw,encrypt,64,18,311,64991
esp32c3,AES128GCM,sw,encrypt,64,18,312,64703
esp32c3,AES128GCM,sw,encrypt,64,18,313,64191
esp32c3,AES128GCM,sw,encrypt,64,18,314,64703
esp32c3,AES128GCM,sw,encrypt,64,18,315,64191
esp32c3,AES128GCM,sw,encrypt,64,18,316,65685
esp32c3,AES128GCM,sw,encrypt,64,18,317,64191
esp32c3,AES128GCM,sw,encrypt,64,18,318,64703
esp32c3,AES128GCM,sw,encrypt,64,18,319,64191
esp32c3,AES128GCM,sw,encrypt,64,18,320,64703
esp32c3,AES128GCM,sw,encrypt,64,18,321,65173
esp32c3,AES128GCM,sw,encrypt,64,18,322,64703
esp32c3,AES128GCM,sw,encrypt,64,18,323,64191
esp32c3,AES128GCM,sw,encrypt,64,18,324,64703
esp32c3,AES128GCM,sw,encrypt,64,18,325,64191
esp32c3,AES128GCM,sw,encrypt,64,18,326,65685
esp32c3,AES128GCM,sw,encrypt,64,18,327,64191
esp32c3,AES128GCM,sw,encrypt,64,18,328,64703
esp32c3,AES128GCM,sw,encrypt,64,18,329,64191
esp32c3,AES128GCM,sw,encrypt,64,18,330,64703
esp32c3,AES128GCM,sw,encrypt,64,18,331,65175
esp32c3,AES128GCM,sw,encrypt,64,18,332,64703
esp32c3,AES128GCM,sw,encrypt,64,18,333,64191
esp32c3,AES128GCM,sw,encrypt,64,18,334,64703
esp32c3,AES128GCM,sw,encrypt,64,18,335,64191
esp32c3,AES128GCM,sw,encrypt,64,18,336,65687
esp32c3,AES128GCM,sw,encrypt,64,18,337,64191
esp32c3,AES128GCM,sw,encrypt,64,18,338,64703
esp32c3,AES128GCM,sw,encrypt,64,18,339,64191
esp32c3,AES128GCM,sw,encrypt,64,18,340,64703
esp32c3,AES128GCM,sw,encrypt,64,18,341,65175
esp32c3,AES128GCM,sw,encrypt,64,18,342,64703
esp32c3,AES128GCM,sw,encrypt,64,18,343,64191
esp32c3,AES128GCM,sw,encrypt,64,18,344,64703
esp32c3,AES128GCM,sw,encrypt,64,18,345,64191
esp32c3,AES128GCM,sw,encrypt,64,18,346,65625
esp32c3,AES128GCM,sw,encrypt,64,18,347,64191
esp32c3,AES128GCM,sw,encrypt,64,18,348,64703
esp32c3,AES128GCM,sw,encrypt,64,18,349,64191
esp32c3,AES128GCM,sw,encrypt,64,18,350,64703
esp32c3,AES128GCM,sw,encrypt,64,18,351,65173
esp32c3,AES128GCM,sw,encrypt,64,18,352,64703
esp32c3,AES128GCM,sw,encrypt,64,18,353,64191
esp32c3,AES128GCM,sw,encrypt,64,18,354,64703
esp32c3,AES128GCM,sw,encrypt,64,18,355,64191
esp32c3,AES128GCM,sw,encrypt,64,18,356,65685
esp32c3,AES128GCM,sw,encrypt,64,18,357,64191
esp32c3,AES128GCM,sw,encrypt,64,18,358,64703
esp32c3,AES128GCM,sw,encrypt,64,18,359,64191
esp32c3,AES128GCM,sw,encrypt,64,18,360,64703
esp32c3,AES128GCM,sw,encrypt,64,18,361,64191
esp32c3,AES128GCM,sw,encrypt,64,18,362,64703
esp32c3,AES128GCM,sw,encrypt,64,18,363,64191
esp32c3,AES128GCM,sw,encrypt,64,18,364,64703
esp32c3,AES128GCM,sw,encrypt,64,18,365,64191
esp32c3,AES128GCM,sw,encrypt,64,18,366,64703
esp32c3,AES128GCM,sw,encrypt,64,18,367,64191
esp32c3,AES128GCM,sw,encrypt,64,18,368,64703
esp32c3,AES128GCM,sw,encrypt,64,18,369,64191
esp32c3,AES128GCM,sw,encrypt,64,18,370,64703
esp32c3,AES128GCM,sw,encrypt,64,18,371,64191
esp32c3,AES128GCM,sw,encrypt,64,18,372,64703
esp32c3,AES128GCM,sw,encrypt,64,18,373,64191
esp32c3,AES128GCM,sw,encrypt,64,18,374,64703
esp32c3,AES128GCM,sw,encrypt,64,18,375,64191
esp32c3,AES128GCM,sw,encrypt,64,18,376,64703
esp32c3,AES128GCM,sw,encrypt,64,18,377,64191
esp32c3,AES128GCM,sw,encrypt,64,18,378,64703
esp32c3,AES128GCM,sw,encrypt,64,18,379,64191
esp32c3,AES128GCM,sw,encrypt,64,18,380,64703
esp32c3,AES128GCM,sw,encrypt,64,18,381,64191
esp32c3,AES128GCM,sw,encrypt,64,18,382,64703
esp32c3,AES128GCM,sw,encrypt,64,18,383,64191
esp32c3,AES128GCM,sw,encrypt,64,18,384,64703
esp32c3,AES128GCM,sw,encrypt,64,18,385,64191
esp32c3,AES128GCM,sw,encrypt,64,18,386,64703
esp32c3,AES128GCM,sw,encrypt,64,18,387,64191
esp32c3,AES128GCM,sw,encrypt,64,18,388,64703
esp32c3,AES128GCM,sw,encrypt,64,18,389,64191
esp32c3,AES128GCM,sw,encrypt,64,18,390,64703
esp32c3,AES128GCM,sw,encrypt,64,18,391,64191
esp32c3,AES128GCM,sw,encrypt,64,18,392,64703
esp32c3,AES128GCM,sw,encrypt,64,18,393,64191
esp32c3,AES128GCM,sw,encrypt,64,18,394,64703
esp32c3,AES128GCM,sw,encrypt,64,18,395,64191
esp32c3,AES128GCM,sw,encrypt,64,18,396,64703
esp32c3,AES128GCM,sw,encrypt,64,18,397,64191
esp32c3,AES128GCM,sw,encrypt,64,18,398,64703
esp32c3,AES128GCM,sw,encrypt,64,18,399,64191
esp32c3,AES128GCM,sw,encrypt,64,18,400,64703
esp32c3,AES128GCM,sw,encrypt,64,18,401,64191
esp32c3,AES128GCM,sw,encrypt,64,18,402,64703
esp32c3,AES128GCM,sw,encrypt,64,18,403,64191
esp32c3,AES128GCM,sw,encrypt,64,18,404,64703
esp32c3,AES128GCM,sw,encrypt,64,18,405,64191
esp32c3,AES128GCM,sw,encrypt,64,18,406,64703
esp32c3,AES128GCM,sw,encrypt,64,18,407,64191
esp32c3,AES128GCM,sw,encrypt,64,18,408,64703
esp32c3,AES128GCM,sw,encrypt,64,18,409,64191
esp32c3,AES128GCM,sw,encrypt,64,18,410,64703
esp32c3,AES128GCM,sw,encrypt,64,18,411,64191
esp32c3,AES128GCM,sw,encrypt,64,18,412,64703
esp32c3,AES128GCM,sw,encrypt,64,18,413,64191
esp32c3,AES128GCM,sw,encrypt,64,18,414,64703
esp32c3,AES128GCM,sw,encrypt,64,18,415,64191
esp32c3,AES128GCM,sw,encrypt,64,18,416,64703
esp32c3,AES128GCM,sw,encrypt,64,18,417,64191
esp32c3,AES128GCM,sw,encrypt,64,18,418,64703
esp32c3,AES128GCM,sw,encrypt,64,18,419,64191
esp32c3,AES128GCM,sw,encrypt,64,18,420,64703
esp32c3,AES128GCM,sw,encrypt,64,18,421,64191
esp32c3,AES128GCM,sw,encrypt,64,18,422,64703
esp32c3,AES128GCM,sw,encrypt,64,18,423,64191
esp32c3,AES128GCM,sw,encrypt,64,18,424,64703
esp32c3,AES128GCM,sw,encrypt,64,18,425,64191
esp32c3,AES128GCM,sw,encrypt,64,18,426,64703
esp32c3,AES128GCM,sw,encrypt,64,18,427,64191
esp32c3,AES128GCM,sw,encrypt,64,18,428,64703
esp32c3,AES128GCM,sw,encrypt,64,18,429,64191
esp32c3,AES128GCM,sw,encrypt,64,18,430,64703
esp32c3,AES128GCM,sw,encrypt,64,18,431,64191
esp32c3,AES128GCM,sw,encrypt,64,18,432,64703
esp32c3,AES128GCM,sw,encrypt,64,18,433,64191
esp32c3,AES128GCM,sw,encrypt,64,18,434,64703
esp32c3,AES128GCM,sw,encrypt,64,18,435,64191
esp32c3,AES128GCM,sw,encrypt,64,18,436,64703
esp32c3,AES128GCM,sw,encrypt,64,18,437,64191
esp32c3,AES128GCM,sw,encrypt,64,18,438,64703
esp32c3,AES128GCM,sw,encrypt,64,18,439,64191
esp32c3,AES128GCM,sw,encrypt,64,18,440,64703
esp32c3,AES128GCM,sw,encrypt,64,18,441,64191
esp32c3,AES128GCM,sw,encrypt,64,18,442,64703
esp32c3,AES128GCM,sw,encrypt,64,18,443,64191
esp32c3,AES128GCM,sw,encrypt,64,18,444,64703
esp32c3,AES128GCM,sw,encrypt,64,18,445,64191
esp32c3,AES128GCM,sw,encrypt,64,18,446,64703
esp32c3,AES128GCM,sw,encrypt,64,18,447,64191
esp32c3,AES128GCM,sw,encrypt,64,18,448,64703
esp32c3,AES128GCM,sw,encrypt,64,18,449,64191
esp32c3,AES128GCM,sw,encrypt,64,18,450,64703
esp32c3,AES128GCM,sw,encrypt,64,18,451,64191
esp32c3,AES128GCM,sw,encrypt,64,18,452,64703
esp32c3,AES128GCM,sw,encrypt,64,18,453,64191
esp32c3,AES128GCM,sw,encrypt,64,18,454,64703
esp32c3,AES128GCM,sw,encrypt,64,18,455,64191
esp32c3,AES128GCM,sw,encrypt,64,18,456,64703
esp32c3,AES128GCM,sw,encrypt,64,18,457,64191
esp32c3,AES128GCM,sw,encrypt,64,18,458,64703
esp32c3,AES128GCM,sw,encrypt,64,18,459,64191
esp32c3,AES128GCM,sw,encrypt,64,18,460,64703
esp32c3,AES128GCM,sw,encrypt,64,18,461,64191
esp32c3,AES128GCM,sw,encrypt,64,18,462,64703
esp32c3,AES128GCM,sw,encrypt,64,18,463,64191
esp32c3,AES128GCM,sw,encrypt,64,18,464,64703
esp32c3,AES128GCM,sw,encrypt,64,18,465,64191
esp32c3,AES128GCM,sw,encrypt,64,18,466,64703
esp32c3,AES128GCM,sw,encrypt,64,18,467,64191
esp32c3,AES128GCM,sw,encrypt,64,18,468,64703
esp32c3,AES128GCM,sw,encrypt,64,18,469,64191
esp32c3,AES128GCM,sw,encrypt,64,18,470,64703
esp32c3,AES128GCM,sw,encrypt,64,18,471,64191
esp32c3,AES128GCM,sw,encrypt,64,18,472,64703
esp32c3,AES128GCM,sw,encrypt,64,18,473,64191
esp32c3,AES128GCM,sw,encrypt,64,18,474,64703
esp32c3,AES128GCM,sw,encrypt,64,18,475,64191
esp32c3,AES128GCM,sw,encrypt,64,18,476,64703
esp32c3,AES128GCM,sw,encrypt,64,18,477,64191
esp32c3,AES128GCM,sw,encrypt,64,18,478,64703
esp32c3,AES128GCM,sw,encrypt,64,18,479,64191
esp32c3,AES128GCM,sw,encrypt,64,18,480,64703
esp32c3,AES128GCM,sw,encrypt,64,18,481,64191
esp32c3,AES128GCM,sw,encrypt,64,18,482,64703
esp32c3,AES128GCM,sw,encrypt,64,18,483,64191
esp32c3,AES128GCM,sw,encrypt,64,18,484,64703
esp32c3,AES128GCM,sw,encrypt,64,18,485,64191
esp32c3,AES128GCM,sw,encrypt,64,18,486,64703
esp32c3,AES128GCM,sw,encrypt,64,18,487,64191
esp32c3,AES128GCM,sw,encrypt,64,18,488,64703
esp32c3,AES128GCM,sw,encrypt,64,18,489,64191
esp32c3,AES128GCM,sw,encrypt,64,18,490,64703
esp32c3,AES128GCM,sw,encrypt,64,18,491,64191
esp32c3,AES128GCM,sw,encrypt,64,18,492,64703
esp32c3,AES128GCM,sw,encrypt,64,18,493,64191
esp32c3,AES128GCM,sw,encrypt,64,18,494,64703
esp32c3,AES128GCM,sw,encrypt,64,18,495,64191
esp32c3,AES128GCM,sw,encrypt,64,18,496,64703
esp32c3,AES128GCM,sw,encrypt,64,18,497,64191
esp32c3,AES128GCM,sw,encrypt,64,18,498,64703
esp32c3,AES128GCM,sw,encrypt,64,18,499,64191
esp32c3,AES128GCM,sw,encrypt,64,18,500,64703
esp32c3,AES128GCM,sw,encrypt,64,18,501,64191
esp32c3,AES128GCM,sw,encrypt,64,18,502,64703
esp32c3,AES128GCM,sw,encrypt,64,18,503,64191
esp32c3,AES128GCM,sw,encrypt,64,18,504,64703
esp32c3,AES128GCM,sw,encrypt,64,18,505,64191
esp32c3,AES128GCM,sw,encrypt,64,18,506,64703
esp32c3,AES128GCM,sw,encrypt,64,18,507,64191
esp32c3,AES128GCM,sw,encrypt,64,18,508,64703
esp32c3,AES128GCM,sw,encrypt,64,18,509,64191
esp32c3,AES128GCM,sw,encrypt,64,18,510,64703
esp32c3,AES128GCM,sw,encrypt,64,18,511,64191
esp32c3,AES128GCM,sw,encrypt,64,18,512,64703
esp32c3,AES128GCM,sw,encrypt,64,18,513,64191
esp32c3,AES128GCM,sw,encrypt,64,18,514,64703
esp32c3,AES128GCM,sw,encrypt,64,18,515,64191
esp32c3,AES128GCM,sw,encrypt,64,18,516,64703
esp32c3,AES128GCM,sw,encrypt,64,18,517,64191
esp32c3,AES128GCM,sw,encrypt,64,18,518,64703
esp32c3,AES128GCM,sw,encrypt,64,18,519,64191
esp32c3,AES128GCM,sw,encrypt,64,18,520,64703
esp32c3,AES128GCM,sw,encrypt,64,18,521,64191
esp32c3,AES128GCM,sw,encrypt,64,18,522,64703
esp32c3,AES128GCM,sw,encrypt,64,18,523,64191
esp32c3,AES128GCM,sw,encrypt,64,18,524,64703
esp32c3,AES128GCM,sw,encrypt,64,18,525,64191
esp32c3,AES128GCM,sw,encrypt,64,18,526,64703
esp32c3,AES128GCM,sw,encrypt,64,18,527,64191
esp32c3,AES128GCM,sw,encrypt,64,18,528,64703
esp32c3,AES128GCM,sw,encrypt,64,18,529,64191
esp32c3,AES128GCM,sw,encrypt,64,18,530,64703
esp32c3,AES128GCM,sw,encrypt,64,18,531,64191
esp32c3,AES128GCM,sw,encrypt,64,18,532,64703
esp32c3,AES128GCM,sw,encrypt,64,18,533,64191
esp32c3,AES128GCM,sw,encrypt,64,18,534,64703
esp32c3,AES128GCM,sw,encrypt,64,18,535,64191
esp32c3,AES128GCM,sw,encrypt,64,18,536,64703
esp32c3,AES128GCM,sw,encrypt,64,18,537,64191
esp32c3,AES128GCM,sw,encrypt,64,18,538,64703
esp32c3,AES128GCM,sw,encrypt,64,18,539,64191
esp32c3,AES128GCM,sw,encrypt,64,18,540,64703
esp32c3,AES128GCM,sw,encrypt,64,18,541,64191
esp32c3,AES128GCM,sw,encrypt,64,18,542,64703
esp32c3,AES128GCM,sw,encrypt,64,18,543,64191
esp32c3,AES128GCM,sw,encrypt,64,18,544,64703
esp32c3,AES128GCM,sw,encrypt,64,18,545,64191
esp32c3,AES128GCM,sw,encrypt,64,18,546,64703
esp32c3,AES128GCM,sw,encrypt,64,18,547,64191
esp32c3,AES128GCM,sw,encrypt,64,18,548,64703
esp32c3,AES128GCM,sw,encrypt,64,18,549,64191
esp32c3,AES128GCM,sw,encrypt,64,18,550,64703
esp32c3,AES128GCM,sw,encrypt,64,18,551,64191
esp32c3,AES128GCM,sw,encrypt,64,18,552,64703
esp32c3,AES128GCM,sw,encrypt,64,18,553,64191
esp32c3,AES128GCM,sw,encrypt,64,18,554,64703
esp32c3,AES128GCM,sw,encrypt,64,18,555,64191
esp32c3,AES128GCM,sw,encrypt,64,18,556,64703
esp32c3,AES128GCM,sw,encrypt,64,18,557,64191
esp32c3,AES128GCM,sw,encrypt,64,18,558,64703
esp32c3,AES128GCM,sw,encrypt,64,18,559,64191
esp32c3,AES128GCM,sw,encrypt,64,18,560,64703
esp32c3,AES128GCM,sw,encrypt,64,18,561,64191
esp32c3,AES128GCM,sw,encrypt,64,18,562,64703
esp32c3,AES128GCM,sw,encrypt,64,18,563,64191
esp32c3,AES128GCM,sw,encrypt,64,18,564,64703
esp32c3,AES128GCM,sw,encrypt,64,18,565,64191
esp32c3,AES128GCM,sw,encrypt,64,18,566,64703
esp32c3,AES128GCM,sw,encrypt,64,18,567,64191
esp32c3,AES128GCM,sw,encrypt,64,18,568,64703
esp32c3,AES128GCM,sw,encrypt,64,18,569,64191
esp32c3,AES128GCM,sw,encrypt,64,18,570,64703
esp32c3,AES128GCM,sw,encrypt,64,18,571,64191
esp32c3,AES128GCM,sw,encrypt,64,18,572,64703
esp32c3,AES128GCM,sw,encrypt,64,18,573,64191
esp32c3,AES128GCM,sw,encrypt,64,18,574,64703
esp32c3,AES128GCM,sw,encrypt,64,18,575,64191
esp32c3,AES128GCM,sw,encrypt,64,18,576,64703
esp32c3,AES128GCM,sw,encrypt,64,18,577,64191
esp32c3,AES128GCM,sw,encrypt,64,18,578,64703
esp32c3,AES128GCM,sw,encrypt,64,18,579,65035
esp32c3,AES128GCM,sw,encrypt,64,18,580,64703
esp32c3,AES128GCM,sw,encrypt,64,18,581,64191
esp32c3,AES128GCM,sw,encrypt,64,18,582,64703
esp32c3,AES128GCM,sw,encrypt,64,18,583,64191
esp32c3,AES128GCM,sw,encrypt,64,18,584,65687
esp32c3,AES128GCM,sw,encrypt,64,18,585,64191
esp32c3,AES128GCM,sw,encrypt,64,18,586,64703
esp32c3,AES128GCM,sw,encrypt,64,18,587,64191
esp32c3,AES128GCM,sw,encrypt,64,18,588,64703
esp32c3,AES128GCM,sw,encrypt,64,18,589,65175
esp32c3,AES128GCM,sw,encrypt,64,18,590,64703
esp32c3,AES128GCM,sw,encrypt,64,18,591,64191
esp32c3,AES128GCM,sw,encrypt,64,18,592,64703
esp32c3,AES128GCM,sw,encrypt,64,18,593,64191
esp32c3,AES128GCM,sw,encrypt,64,18,594,65685
esp32c3,AES128GCM,sw,encrypt,64,18,595,64191
esp32c3,AES128GCM,sw,encrypt,64,18,596,64703
esp32c3,AES128GCM,sw,encrypt,64,18,597,64191
esp32c3,AES128GCM,sw,encrypt,64,18,598,64703
esp32c3,AES128GCM,sw,encrypt,64,18,599,65173
esp32c3,AES128GCM,sw,encrypt,64,18,600,64703
esp32c3,AES128GCM,sw,encrypt,64,18,601,64191
esp32c3,AES128GCM,sw,encrypt,64,18,602,64703
esp32c3,AES128GCM,sw,encrypt,64,18,603,64191
esp32c3,AES128GCM,sw,encrypt,64,18,604,65617
esp32c3,AES128GCM,sw,encrypt,64,18,605,64191
esp32c3,AES128GCM,sw,encrypt,64,18,606,64703
esp32c3,AES128GCM,sw,encrypt,64,18,607,64191
esp32c3,AES128GCM,sw,encrypt,64,18,608,64703
esp32c3,AES128GCM,sw,encrypt,64,18,609,65175
esp32c3,AES128GCM,sw,encrypt,64,18,610,64703
esp32c3,AES128GCM,sw,encrypt,64,18,611,64191
esp32c3,AES128GCM,sw,encrypt,64,18,612,64703
esp32c3,AES128GCM,sw,encrypt,64,18,613,64191
esp32c3,AES128GCM,sw,encrypt,64,18,614,65685
esp32c3,AES128GCM,sw,encrypt,64,18,615,64191
esp32c3,AES128GCM,sw,encrypt,64,18,616,64703
esp32c3,AES128GCM,sw,encrypt,64,18,617,64191
esp32c3,AES128GCM,sw,encrypt,64,18,618,64703
esp32c3,AES128GCM,sw,encrypt,64,18,619,65173
esp32c3,AES128GCM,sw,encrypt,64,18,620,64703
esp32c3,AES128GCM,sw,encrypt,64,18,621,64191
esp32c3,AES128GCM,sw,encrypt,64,18,622,64703
esp32c3,AES128GCM,sw,encrypt,64,18,623,64191
esp32c3,AES128GCM,sw,encrypt,64,18,624,65685
esp32c3,AES128GCM,sw,encrypt,64,18,625,64191
esp32c3,AES128GCM,sw,encrypt,64,18,626,64703
esp32c3,AES128GCM,sw,encrypt,64,18,627,64191
esp32c3,AES128GCM,sw,encrypt,64,18,628,64703
esp32c3,AES128GCM,sw,encrypt,64,18,629,65173
esp32c3,AES128GCM,sw,encrypt,64,18,630,64703
esp32c3,AES128GCM,sw,encrypt,64,18,631,64191
esp32c3,AES128GCM,sw,encrypt,64,18,632,64703
esp32c3,AES128GCM,sw,encrypt,64,18,633,64191
esp32c3,AES128GCM,sw,encrypt,64,18,634,64703
esp32c3,AES128GCM,sw,encrypt,64,18,635,64191
esp32c3,AES128GCM,sw,encrypt,64,18,636,64703
esp32c3,AES128GCM,sw,encrypt,64,18,637,64191
esp32c3,AES128GCM,sw,encrypt,64,18,638,64703
esp32c3,AES128GCM,sw,encrypt,64,18,639,64191
esp32c3,AES128GCM,sw,encrypt,64,18,640,64703
esp32c3,AES128GCM,sw,encrypt,64,18,641,64191
esp32c3,AES128GCM,sw,encrypt,64,18,642,64703
esp32c3,AES128GCM,sw,encrypt,64,18,643,64191
esp32c3,AES128GCM,sw,encrypt,64,18,644,64703
esp32c3,AES128GCM,sw,encrypt,64,18,645,64191
esp32c3,AES128GCM,sw,encrypt,64,18,646,64703
esp32c3,AES128GCM,sw,encrypt,64,18,647,64191
esp32c3,AES128GCM,sw,encrypt,64,18,648,64703
esp32c3,AES128GCM,sw,encrypt,64,18,649,64191
esp32c3,AES128GCM,sw,encrypt,64,18,650,64703
esp32c3,AES128GCM,sw,encrypt,64,18,651,64191
esp32c3,AES128GCM,sw,encrypt,64,18,652,64703
esp32c3,AES128GCM,sw,encrypt,64,18,653,64191
esp32c3,AES128GCM,sw,encrypt,64,18,654,64703
esp32c3,AES128GCM,sw,encrypt,64,18,655,64191
esp32c3,AES128GCM,sw,encrypt,64,18,656,64703
esp32c3,AES128GCM,sw,encrypt,64,18,657,64191
esp32c3,AES128GCM,sw,encrypt,64,18,658,64703
esp32c3,AES128GCM,sw,encrypt,64,18,659,64191
esp32c3,AES128GCM,sw,encrypt,64,18,660,64703
esp32c3,AES128GCM,sw,encrypt,64,18,661,64191
esp32c3,AES128GCM,sw,encrypt,64,18,662,64703
esp32c3,AES128GCM,sw,encrypt,64,18,663,64191
esp32c3,AES128GCM,sw,encrypt,64,18,664,64703
esp32c3,AES128GCM,sw,encrypt,64,18,665,64191
esp32c3,AES128GCM,sw,encrypt,64,18,666,64703
esp32c3,AES128GCM,sw,encrypt,64,18,667,64191
esp32c3,AES128GCM,sw,encrypt,64,18,668,64703
esp32c3,AES128GCM,sw,encrypt,64,18,669,64191
esp32c3,AES128GCM,sw,encrypt,64,18,670,64703
esp32c3,AES128GCM,sw,encrypt,64,18,671,64191
esp32c3,AES128GCM,sw,encrypt,64,18,672,64703
esp32c3,AES128GCM,sw,encrypt,64,18,673,64191
esp32c3,AES128GCM,sw,encrypt,64,18,674,64703
esp32c3,AES128GCM,sw,encrypt,64,18,675,64191
esp32c3,AES128GCM,sw,encrypt,64,18,676,64703
esp32c3,AES128GCM,sw,encrypt,64,18,677,64191
esp32c3,AES128GCM,sw,encrypt,64,18,678,64703
esp32c3,AES128GCM,sw,encrypt,64,18,679,64191
esp32c3,AES128GCM,sw,encrypt,64,18,680,64703
esp32c3,AES128GCM,sw,encrypt,64,18,681,64191
esp32c3,AES128GCM,sw,encrypt,64,18,682,64703
esp32c3,AES128GCM,sw,encrypt,64,18,683,64191
esp32c3,AES128GCM,sw,encrypt,64,18,684,64703
esp32c3,AES128GCM,sw,encrypt,64,18,685,64191
esp32c3,AES128GCM,sw,encrypt,64,18,686,64703
esp32c3,AES128GCM,sw,encrypt,64,18,687,64191
esp32c3,AES128GCM,sw,encrypt,64,18,688,64703
esp32c3,AES128GCM,sw,encrypt,64,18,689,64191
esp32c3,AES128GCM,sw,encrypt,64,18,690,64703
esp32c3,AES128GCM,sw,encrypt,64,18,691,64191
esp32c3,AES128GCM,sw,encrypt,64,18,692,64703
esp32c3,AES128GCM,sw,encrypt,64,18,693,64191
esp32c3,AES128GCM,sw,encrypt,64,18,694,64703
esp32c3,AES128GCM,sw,encrypt,64,18,695,64191
esp32c3,AES128GCM,sw,encrypt,64,18,696,64703
esp32c3,AES128GCM,sw,encrypt,64,18,697,64191
esp32c3,AES128GCM,sw,encrypt,64,18,698,64703
esp32c3,AES128GCM,sw,encrypt,64,18,699,64191
esp32c3,AES128GCM,sw,encrypt,64,18,700,64703
esp32c3,AES128GCM,sw,encrypt,64,18,701,64191
esp32c3,AES128GCM,sw,encrypt,64,18,702,64703
esp32c3,AES128GCM,sw,encrypt,64,18,703,64191
esp32c3,AES128GCM,sw,encrypt,64,18,704,64703
esp32c3,AES128GCM,sw,encrypt,64,18,705,64191
esp32c3,AES128GCM,sw,encrypt,64,18,706,64703
esp32c3,AES128GCM,sw,encrypt,64,18,707,64191
esp32c3,AES128GCM,sw,encrypt,64,18,708,64703
esp32c3,AES128GCM,sw,encrypt,64,18,709,64191
esp32c3,AES128GCM,sw,encrypt,64,18,710,64703
esp32c3,AES128GCM,sw,encrypt,64,18,711,64191
esp32c3,AES128GCM,sw,encrypt,64,18,712,64703
esp32c3,AES128GCM,sw,encrypt,64,18,713,64191
esp32c3,AES128GCM,sw,encrypt,64,18,714,64703
esp32c3,AES128GCM,sw,encrypt,64,18,715,64191
esp32c3,AES128GCM,sw,encrypt,64,18,716,64703
esp32c3,AES128GCM,sw,encrypt,64,18,717,64191
esp32c3,AES128GCM,sw,encrypt,64,18,718,64703
esp32c3,AES128GCM,sw,encrypt,64,18,719,64191
esp32c3,AES128GCM,sw,encrypt,64,18,720,64703
esp32c3,AES128GCM,sw,encrypt,64,18,721,64191
esp32c3,AES128GCM,sw,encrypt,64,18,722,64703
esp32c3,AES128GCM,sw,encrypt,64,18,723,64191
esp32c3,AES128GCM,sw,encrypt,64,18,724,64703
esp32c3,AES128GCM,sw,encrypt,64,18,725,64191
esp32c3,AES128GCM,sw,encrypt,64,18,726,64703
esp32c3,AES128GCM,sw,encrypt,64,18,727,64191
esp32c3,AES128GCM,sw,encrypt,64,18,728,64703
esp32c3,AES128GCM,sw,encrypt,64,18,729,64191
esp32c3,AES128GCM,sw,encrypt,64,18,730,64703
esp32c3,AES128GCM,sw,encrypt,64,18,731,64191
esp32c3,AES128GCM,sw,encrypt,64,18,732,64703
esp32c3,AES128GCM,sw,encrypt,64,18,733,64191
esp32c3,AES128GCM,sw,encrypt,64,18,734,64703
esp32c3,AES128GCM,sw,encrypt,64,18,735,64191
esp32c3,AES128GCM,sw,encrypt,64,18,736,64703
esp32c3,AES128GCM,sw,encrypt,64,18,737,64191
esp32c3,AES128GCM,sw,encrypt,64,18,738,64703
esp32c3,AES128GCM,sw,encrypt,64,18,739,64191
esp32c3,AES128GCM,sw,encrypt,64,18,740,64703
esp32c3,AES128GCM,sw,encrypt,64,18,741,64191
esp32c3,AES128GCM,sw,encrypt,64,18,742,64703
esp32c3,AES128GCM,sw,encrypt,64,18,743,64191
esp32c3,AES128GCM,sw,encrypt,64,18,744,64703
esp32c3,AES128GCM,sw,encrypt,64,18,745,64191
esp32c3,AES128GCM,sw,encrypt,64,18,746,64703
esp32c3,AES128GCM,sw,encrypt,64,18,747,64191
esp32c3,AES128GCM,sw,encrypt,64,18,748,64703
esp32c3,AES128GCM,sw,encrypt,64,18,749,64191
esp32c3,AES128GCM,sw,encrypt,64,18,750,64703
esp32c3,AES128GCM,sw,encrypt,64,18,751,64191
esp32c3,AES128GCM,sw,encrypt,64,18,752,64703
esp32c3,AES128GCM,sw,encrypt,64,18,753,64191
esp32c3,AES128GCM,sw,encrypt,64,18,754,64703
esp32c3,AES128GCM,sw,encrypt,64,18,755,64191
esp32c3,AES128GCM,sw,encrypt,64,18,756,64703
esp32c3,AES128GCM,sw,encrypt,64,18,757,64191
esp32c3,AES128GCM,sw,encrypt,64,18,758,64703
esp32c3,AES128GCM,sw,encrypt,64,18,759,64191
esp32c3,AES128GCM,sw,encrypt,64,18,760,64703
esp32c3,AES128GCM,sw,encrypt,64,18,761,64191
esp32c3,AES128GCM,sw,encrypt,64,18,762,64703
esp32c3,AES128GCM,sw,encrypt,64,18,763,64191
esp32c3,AES128GCM,sw,encrypt,64,18,764,64703
esp32c3,AES128GCM,sw,encrypt,64,18,765,64191
esp32c3,AES128GCM,sw,encrypt,64,18,766,64703
esp32c3,AES128GCM,sw,encrypt,64,18,767,64191
esp32c3,AES128GCM,sw,encrypt,64,18,768,64703
esp32c3,AES128GCM,sw,encrypt,64,18,769,64191
esp32c3,AES128GCM,sw,encrypt,64,18,770,64703
esp32c3,AES128GCM,sw,encrypt,64,18,771,64191
esp32c3,AES128GCM,sw,encrypt,64,18,772,64703
esp32c3,AES128GCM,sw,encrypt,64,18,773,64191
esp32c3,AES128GCM,sw,encrypt,64,18,774,64703
esp32c3,AES128GCM,sw,encrypt,64,18,775,64191
esp32c3,AES128GCM,sw,encrypt,64,18,776,64703
esp32c3,AES128GCM,sw,encrypt,64,18,777,64191
esp32c3,AES128GCM,sw,encrypt,64,18,778,64703
esp32c3,AES128GCM,sw,encrypt,64,18,779,64191
esp32c3,AES128GCM,sw,encrypt,64,18,780,64703
esp32c3,AES128GCM,sw,encrypt,64,18,781,64191
esp32c3,AES128GCM,sw,encrypt,64,18,782,64703
esp32c3,AES128GCM,sw,encrypt,64,18,783,64191
esp32c3,AES128GCM,sw,encrypt,64,18,784,64703
esp32c3,AES128GCM,sw,encrypt,64,18,785,64191
esp32c3,AES128GCM,sw,encrypt,64,18,786,64703
esp32c3,AES128GCM,sw,encrypt,64,18,787,64191
esp32c3,AES128GCM,sw,encrypt,64,18,788,64703
esp32c3,AES128GCM,sw,encrypt,64,18,789,64191
esp32c3,AES128GCM,sw,encrypt,64,18,790,64703
esp32c3,AES128GCM,sw,encrypt,64,18,791,64191
esp32c3,AES128GCM,sw,encrypt,64,18,792,64703
esp32c3,AES128GCM,sw,encrypt,64,18,793,64191
esp32c3,AES128GCM,sw,encrypt,64,18,794,64703
esp32c3,AES128GCM,sw,encrypt,64,18,795,64191
esp32c3,AES128GCM,sw,encrypt,64,18,796,64703
esp32c3,AES128GCM,sw,encrypt,64,18,797,64191
esp32c3,AES128GCM,sw,encrypt,64,18,798,64703
esp32c3,AES128GCM,sw,encrypt,64,18,799,64191
esp32c3,AES128GCM,sw,encrypt,64,18,800,64703
esp32c3,AES128GCM,sw,encrypt,64,18,801,64191
esp32c3,AES128GCM,sw,encrypt,64,18,802,64703
esp32c3,AES128GCM,sw,encrypt,64,18,803,64191
esp32c3,AES128GCM,sw,encrypt,64,18,804,64703
esp32c3,AES128GCM,sw,encrypt,64,18,805,64191
esp32c3,AES128GCM,sw,encrypt,64,18,806,64703
esp32c3,AES128GCM,sw,encrypt,64,18,807,64191
esp32c3,AES128GCM,sw,encrypt,64,18,808,64703
esp32c3,AES128GCM,sw,encrypt,64,18,809,64191
esp32c3,AES128GCM,sw,encrypt,64,18,810,64703
esp32c3,AES128GCM,sw,encrypt,64,18,811,64191
esp32c3,AES128GCM,sw,encrypt,64,18,812,64703
esp32c3,AES128GCM,sw,encrypt,64,18,813,64191
esp32c3,AES128GCM,sw,encrypt,64,18,814,64703
esp32c3,AES128GCM,sw,encrypt,64,18,815,64191
esp32c3,AES128GCM,sw,encrypt,64,18,816,64703
esp32c3,AES128GCM,sw,encrypt,64,18,817,64191
esp32c3,AES128GCM,sw,encrypt,64,18,818,64703
esp32c3,AES128GCM,sw,encrypt,64,18,819,64191
esp32c3,AES128GCM,sw,encrypt,64,18,820,64703
esp32c3,AES128GCM,sw,encrypt,64,18,821,64191
esp32c3,AES128GCM,sw,encrypt,64,18,822,64703
esp32c3,AES128GCM,sw,encrypt,64,18,823,64191
esp32c3,AES128GCM,sw,encrypt,64,18,824,64703
esp32c3,AES128GCM,sw,encrypt,64,18,825,64191
esp32c3,AES128GCM,sw,encrypt,64,18,826,64703
esp32c3,AES128GCM,sw,encrypt,64,18,827,64191
esp32c3,AES128GCM,sw,encrypt,64,18,828,64703
esp32c3,AES128GCM,sw,encrypt,64,18,829,64191
esp32c3,AES128GCM,sw,encrypt,64,18,830,64703
esp32c3,AES128GCM,sw,encrypt,64,18,831,64191
esp32c3,AES128GCM,sw,encrypt,64,18,832,64703
esp32c3,AES128GCM,sw,encrypt,64,18,833,64191
esp32c3,AES128GCM,sw,encrypt,64,18,834,64703
esp32c3,AES128GCM,sw,encrypt,64,18,835,64191
esp32c3,AES128GCM,sw,encrypt,64,18,836,64703
esp32c3,AES128GCM,sw,encrypt,64,18,837,64191
esp32c3,AES128GCM,sw,encrypt,64,18,838,64703
esp32c3,AES128GCM,sw,encrypt,64,18,839,64191
esp32c3,AES128GCM,sw,encrypt,64,18,840,64703
esp32c3,AES128GCM,sw,encrypt,64,18,841,64191
esp32c3,AES128GCM,sw,encrypt,64,18,842,64703
esp32c3,AES128GCM,sw,encrypt,64,18,843,64191
esp32c3,AES128GCM,sw,encrypt,64,18,844,64703
esp32c3,AES128GCM,sw,encrypt,64,18,845,64191
esp32c3,AES128GCM,sw,encrypt,64,18,846,64703
esp32c3,AES128GCM,sw,encrypt,64,18,847,64191
esp32c3,AES128GCM,sw,encrypt,64,18,848,64703
esp32c3,AES128GCM,sw,encrypt,64,18,849,64191
esp32c3,AES128GCM,sw,encrypt,64,18,850,64703
esp32c3,AES128GCM,sw,encrypt,64,18,851,64191
esp32c3,AES128GCM,sw,encrypt,64,18,852,65523
esp32c3,AES128GCM,sw,encrypt,64,18,853,64191
esp32c3,AES128GCM,sw,encrypt,64,18,854,64703
esp32c3,AES128GCM,sw,encrypt,64,18,855,64191
esp32c3,AES128GCM,sw,encrypt,64,18,856,64703
esp32c3,AES128GCM,sw,encrypt,64,18,857,65175
esp32c3,AES128GCM,sw,encrypt,64,18,858,64703
esp32c3,AES128GCM,sw,encrypt,64,18,859,64191
esp32c3,AES128GCM,sw,encrypt,64,18,860,64703
esp32c3,AES128GCM,sw,encrypt,64,18,861,64191
esp32c3,AES128GCM,sw,encrypt,64,18,862,65657
esp32c3,AES128GCM,sw,encrypt,64,18,863,64191
esp32c3,AES128GCM,sw,encrypt,64,18,864,64703
esp32c3,AES128GCM,sw,encrypt,64,18,865,64191
esp32c3,AES128GCM,sw,encrypt,64,18,866,64703
esp32c3,AES128GCM,sw,encrypt,64,18,867,65175
esp32c3,AES128GCM,sw,encrypt,64,18,868,64703
esp32c3,AES128GCM,sw,encrypt,64,18,869,64191
esp32c3,AES128GCM,sw,encrypt,64,18,870,64703
esp32c3,AES128GCM,sw,encrypt,64,18,871,64191
esp32c3,AES128GCM,sw,encrypt,64,18,872,65685
esp32c3,AES128GCM,sw,encrypt,64,18,873,64191
esp32c3,AES128GCM,sw,encrypt,64,18,874,64703
esp32c3,AES128GCM,sw,encrypt,64,18,875,64191
esp32c3,AES128GCM,sw,encrypt,64,18,876,64703
esp32c3,AES128GCM,sw,encrypt,64,18,877,65173
esp32c3,AES128GCM,sw,encrypt,64,18,878,64703
esp32c3,AES128GCM,sw,encrypt,64,18,879,64191
esp32c3,AES128GCM,sw,encrypt,64,18,880,64703
esp32c3,AES128GCM,sw,encrypt,64,18,881,64191
esp32c3,AES128GCM,sw,encrypt,64,18,882,65685
esp32c3,AES128GCM,sw,encrypt,64,18,883,64191
esp32c3,AES128GCM,sw,encrypt,64,18,884,64703
esp32c3,AES128GCM,sw,encrypt,64,18,885,64191
esp32c3,AES128GCM,sw,encrypt,64,18,886,64703
esp32c3,AES128GCM,sw,encrypt,64,18,887,65173
esp32c3,AES128GCM,sw,encrypt,64,18,888,64703
esp32c3,AES128GCM,sw,encrypt,64,18,889,64191
esp32c3,AES128GCM,sw,encrypt,64,18,890,64703
esp32c3,AES128GCM,sw,encrypt,64,18,891,64191
esp32c3,AES128GCM,sw,encrypt,64,18,892,65685
esp32c3,AES128GCM,sw,encrypt,64,18,893,64191
esp32c3,AES128GCM,sw,encrypt,64,18,894,64703
esp32c3,AES128GCM,sw,encrypt,64,18,895,64191
esp32c3,AES128GCM,sw,encrypt,64,18,896,64703
esp32c3,AES128GCM,sw,encrypt,64,18,897,65173
esp32c3,AES128GCM,sw,encrypt,64,18,898,64703
esp32c3,AES128GCM,sw,encrypt,64,18,899,64191
esp32c3,AES128GCM,sw,encrypt,64,18,900,64703
esp32c3,AES128GCM,sw,encrypt,64,18,901,64191
esp32c3,AES128GCM,sw,encrypt,64,18,902,65685
esp32c3,AES128GCM,sw,encrypt,64,18,903,64191
esp32c3,AES128GCM,sw,encrypt,64,18,904,64703
esp32c3,AES128GCM,sw,encrypt,64,18,905,64191
esp32c3,AES128GCM,sw,encrypt,64,18,906,64703
esp32c3,AES128GCM,sw,encrypt,64,18,907,64191
esp32c3,AES128GCM,sw,encrypt,64,18,908,64703
esp32c3,AES128GCM,sw,encrypt,64,18,909,64191
esp32c3,AES128GCM,sw,encrypt,64,18,910,64703
esp32c3,AES128GCM,sw,encrypt,64,18,911,64191
esp32c3,AES128GCM,sw,encrypt,64,18,912,64703
esp32c3,AES128GCM,sw,encrypt,64,18,913,64191
esp32c3,AES128GCM,sw,encrypt,64,18,914,64703
esp32c3,AES128GCM,sw,encrypt,64,18,915,64191
esp32c3,AES128GCM,sw,encrypt,64,18,916,64703
esp32c3,AES128GCM,sw,encrypt,64,18,917,64191
esp32c3,AES128GCM,sw,encrypt,64,18,918,64703
esp32c3,AES128GCM,sw,encrypt,64,18,919,64191
esp32c3,AES128GCM,sw,encrypt,64,18,920,64703
esp32c3,AES128GCM,sw,encrypt,64,18,921,64191
esp32c3,AES128GCM,sw,encrypt,64,18,922,64703
esp32c3,AES128GCM,sw,encrypt,64,18,923,64191
esp32c3,AES128GCM,sw,encrypt,64,18,924,64703
esp32c3,AES128GCM,sw,encrypt,64,18,925,64191
esp32c3,AES128GCM,sw,encrypt,64,18,926,64703
esp32c3,AES128GCM,sw,encrypt,64,18,927,64191
esp32c3,AES128GCM,sw,encrypt,64,18,928,64703
esp32c3,AES128GCM,sw,encrypt,64,18,929,64191
esp32c3,AES128GCM,sw,encrypt,64,18,930,64703
esp32c3,AES128GCM,sw,encrypt,64,18,931,64191
esp32c3,AES128GCM,sw,encrypt,64,18,932,64703
esp32c3,AES128GCM,sw,encrypt,64,18,933,64191
esp32c3,AES128GCM,sw,encrypt,64,18,934,64703
esp32c3,AES128GCM,sw,encrypt,64,18,935,64191
esp32c3,AES128GCM,sw,encrypt,64,18,936,64703
esp32c3,AES128GCM,sw,encrypt,64,18,937,64191
esp32c3,AES128GCM,sw,encrypt,64,18,938,64703
esp32c3,AES128GCM,sw,encrypt,64,18,939,64191
esp32c3,AES128GCM,sw,encrypt,64,18,940,64703
esp32c3,AES128GCM,sw,encrypt,64,18,941,64191
esp32c3,AES128GCM,sw,encrypt,64,18,942,64703
esp32c3,AES128GCM,sw,encrypt,64,18,943,64191
esp32c3,AES128GCM,sw,encrypt,64,18,944,64703
esp32c3,AES128GCM,sw,encrypt,64,18,945,64191
esp32c3,AES128GCM,sw,encrypt,64,18,946,64703
esp32c3,AES128GCM,sw,encrypt,64,18,947,64191
esp32c3,AES128GCM,sw,encrypt,64,18,948,64703
esp32c3,AES128GCM,sw,encrypt,64,18,949,64191
esp32c3,AES128GCM,sw,encrypt,64,18,950,64703
esp32c3,AES128GCM,sw,encrypt,64,18,951,64191
esp32c3,AES128GCM,sw,encrypt,64,18,952,64703
esp32c3,AES128GCM,sw,encrypt,64,18,953,64191
esp32c3,AES128GCM,sw,encrypt,64,18,954,64703
esp32c3,AES128GCM,sw,encrypt,64,18,955,64191
esp32c3,AES128GCM,sw,encrypt,64,18,956,64703
esp32c3,AES128GCM,sw,encrypt,64,18,957,64191
esp32c3,AES128GCM,sw,encrypt,64,18,958,64703
esp32c3,AES128GCM,sw,encrypt,64,18,959,64191
esp32c3,AES128GCM,sw,encrypt,64,18,960,64703
esp32c3,AES128GCM,sw,encrypt,64,18,961,64191
esp32c3,AES128GCM,sw,encrypt,64,18,962,64703
esp32c3,AES128GCM,sw,encrypt,64,18,963,64191
esp32c3,AES128GCM,sw,encrypt,64,18,964,64703
esp32c3,AES128GCM,sw,encrypt,64,18,965,64191
esp32c3,AES128GCM,sw,encrypt,64,18,966,64703
esp32c3,AES128GCM,sw,encrypt,64,18,967,64191
esp32c3,AES128GCM,sw,encrypt,64,18,968,64703
esp32c3,AES128GCM,sw,encrypt,64,18,969,64191
esp32c3,AES128GCM,sw,encrypt,64,18,970,64703
esp32c3,AES128GCM,sw,encrypt,64,18,971,64191
esp32c3,AES128GCM,sw,encrypt,64,18,972,64703
esp32c3,AES128GCM,sw,encrypt,64,18,973,64191
esp32c3,AES128GCM,sw,encrypt,64,18,974,64703
esp32c3,AES128GCM,sw,encrypt,64,18,975,64191
esp32c3,AES128GCM,sw,encrypt,64,18,976,64703
esp32c3,AES128GCM,sw,encrypt,64,18,977,64191
esp32c3,AES128GCM,sw,encrypt,64,18,978,64703
esp32c3,AES128GCM,sw,encrypt,64,18,979,64191
esp32c3,AES128GCM,sw,encrypt,64,18,980,64703
esp32c3,AES128GCM,sw,encrypt,64,18,981,64191
esp32c3,AES128GCM,sw,encrypt,64,18,982,64703
esp32c3,AES128GCM,sw,encrypt,64,18,983,64191
esp32c3,AES128GCM,sw,encrypt,64,18,984,64703
esp32c3,AES128GCM,sw,encrypt,64,18,985,64191
esp32c3,AES128GCM,sw,encrypt,64,18,986,64703
esp32c3,AES128GCM,sw,encrypt,64,18,987,64191
esp32c3,AES128GCM,sw,encrypt,64,18,988,64703
esp32c3,AES128GCM,sw,encrypt,64,18,989,64191
esp32c3,AES128GCM,sw,encrypt,64,18,990,64703
esp32c3,AES128GCM,sw,encrypt,64,18,991,64191
esp32c3,AES128GCM,sw,encrypt,64,18,992,64703
esp32c3,AES128GCM,sw,encrypt,64,18,993,64191
esp32c3,AES128GCM,sw,encrypt,64,18,994,64703
esp32c3,AES128GCM,sw,encrypt,64,18,995,64191
esp32c3,AES128GCM,sw,encrypt,64,18,996,64703
esp32c3,AES128GCM,sw,encrypt,64,18,997,64191
esp32c3,AES128GCM,sw,encrypt,64,18,998,64703
esp32c3,AES128GCM,sw,encrypt,64,18,999,64191
stack,esp32c3,AES128GCM,sw,encrypt,64,14244
esp32c3,AES128GCM,sw,decrypt,64,18,0,54005
esp32c3,AES128GCM,sw,decrypt,64,18,1,65999
esp32c3,AES128GCM,sw,decrypt,64,18,2,66837
esp32c3,AES128GCM,sw,decrypt,64,18,3,66325
esp32c3,AES128GCM,sw,decrypt,64,18,4,66837
esp32c3,AES128GCM,sw,decrypt,64,18,5,66325
esp32c3,AES128GCM,sw,decrypt,64,18,6,66837
esp32c3,AES128GCM,sw,decrypt,64,18,7,66325
esp32c3,AES128GCM,sw,decrypt,64,18,8,66837
esp32c3,AES128GCM,sw,decrypt,64,18,9,67309
esp32c3,AES128GCM,sw,decrypt,64,18,10,66837
esp32c3,AES128GCM,sw,decrypt,64,18,11,66325
esp32c3,AES128GCM,sw,decrypt,64,18,12,66837
esp32c3,AES128GCM,sw,decrypt,64,18,13,66325
esp32c3,AES128GCM,sw,decrypt,64,18,14,66837
esp32c3,AES128GCM,sw,decrypt,64,18,15,66325
esp32c3,AES128GCM,sw,decrypt,64,18,16,66837
esp32c3,AES128GCM,sw,decrypt,64,18,17,66325
esp32c3,AES128GCM,sw,decrypt,64,18,18,66837
esp32c3,AES128GCM,sw,decrypt,64,18,19,66325
esp32c3,AES128GCM,sw,decrypt,64,18,20,66837
esp32c3,AES128GCM,sw,decrypt,64,18,21,66325
esp32c3,AES128GCM,sw,decrypt,64,18,22,66837
esp32c3,AES128GCM,sw,decrypt,64,18,23,66325
esp32c3,AES128GCM,sw,decrypt,64,18,24,66837
esp32c3,AES128GCM,sw,decrypt,64,18,25,66325
esp32c3,AES128GCM,sw,decrypt,64,18,26,66837
esp32c3,AES128GCM,sw,decrypt,64,18,27,67309
esp32c3,AES128GCM,sw,decrypt,64,18,28,66837
esp32c3,AES128GCM,sw,decrypt,64,18,29,66325
esp32c3,AES128GCM,sw,decrypt,64,18,30,66837
esp32c3,AES128GCM,sw,decrypt,64,18,31,66325
esp32c3,AES128GCM,sw,decrypt,64,18,32,66837
esp32c3,AES128GCM,sw,decrypt,64,18,33,66325
esp32c3,AES128GCM,sw,decrypt,64,18,34,66837
esp32c3,AES128GCM,sw,decrypt,64,18,35,66325
esp32c3,AES128GCM,sw,decrypt,64,18,36,66837
esp32c3,AES128GCM,sw,decrypt,64,18,37,66325
esp32c3,AES128GCM,sw,decrypt,64,18,38,66837
esp32c3,AES128GCM,sw,decrypt,64,18,39,66325
esp32c3,AES128GCM,sw,decrypt,64,18,40,66837
esp32c3,AES128GCM,sw,decrypt,64,18,41,66325
esp32c3,AES128GCM,sw,decrypt,64,18,42,66837
esp32c3,AES128GCM,sw,decrypt,64,18,43,66325
esp32c3,AES128GCM,sw,decrypt,64,18,44,66837
esp32c3,AES128GCM,sw,decrypt,64,18,45,66325
esp32c3,AES128GCM,sw,decrypt,64,18,46,66837
esp32c3,AES128GCM,sw,decrypt,64,18,47,66325
esp32c3,AES128GCM,sw,decrypt,64,18,48,66837
esp32c3,AES128GCM,sw,decrypt,64,18,49,66325
esp32c3,AES128GCM,sw,decrypt,64,18,50,67821
esp32c3,AES128GCM,sw,decrypt,64,18,51,66325
esp32c3,AES128GCM,sw,decrypt,64,18,52,66837
esp32c3,AES128GCM,sw,decrypt,64,18,53,66325
esp32c3,AES128GCM,sw,decrypt,64,18,54,66837
esp32c3,AES128GCM,sw,decrypt,64,18,55,66325
esp32c3,AES128GCM,sw,decrypt,64,18,56,66837
esp32c3,AES128GCM,sw,decrypt,64,18,57,66325
esp32c3,AES128GCM,sw,decrypt,64,18,58,66837
esp32c3,AES128GCM,sw,decrypt,64,18,59,66325
esp32c3,AES128GCM,sw,decrypt,64,18,60,66837
esp32c3,AES128GCM,sw,decrypt,64,18,61,66325
esp32c3,AES128GCM,sw,decrypt,64,18,62,66837
esp32c3,AES128GCM,sw,decrypt,64,18,63,66325
esp32c3,AES128GCM,sw,decrypt,64,18,64,66837
esp32c3,AES128GCM,sw,decrypt,64,18,65,66325
esp32c3,AES128GCM,sw,decrypt,64,18,66,66837
esp32c3,AES128GCM,sw,decrypt,64,18,67,66325
esp32c3,AES128GCM,sw,decrypt,64,18,68,66837
esp32c3,AES128GCM,sw,decrypt,64,18,69,66325
esp32c3,AES128GCM,sw,decrypt,64,18,70,66837
esp32c3,AES128GCM,sw,decrypt,64,18,71,66325
esp32c3,AES128GCM,sw,decrypt,64,18,72,66837
esp32c3,AES128GCM,sw,decrypt,64,18,73,66325
esp32c3,AES128GCM,sw,decrypt,64,18,74,66837
esp32c3,AES128GCM,sw,decrypt,64,18,75,66325
esp32c3,AES128GCM,sw,decrypt,64,18,76,66837
esp32c3,AES128GCM,sw,decrypt,64,18,77,66325
esp32c3,AES128GCM,sw,decrypt,64,18,78,66837
esp32c3,AES128GCM,sw,decrypt,64,18,79,66325
esp32c3,AES128GCM,sw,decrypt,64,18,80,66837
esp32c3,AES128GCM,sw,decrypt,64,18,81,66325
esp32c3,AES128GCM,sw,decrypt,64,18,82,66837
esp32c3,AES128GCM,sw,decrypt,64,18,83,66325
esp32c3,AES128GCM,sw,decrypt,64,18,84,66837
esp32c3,AES128GCM,sw,decrypt,64,18,85,66325
esp32c3,AES128GCM,sw,decrypt,64,18,86,66837
esp32c3,AES128GCM,sw,decrypt,64,18,87,66325
esp32c3,AES128GCM,sw,decrypt,64,18,88,66837
esp32c3,AES128GCM,sw,decrypt,64,18,89,66325
esp32c3,AES128GCM,sw,decrypt,64,18,90,66837
esp32c3,AES128GCM,sw,decrypt,64,18,91,67307
esp32c3,AES128GCM,sw,decrypt,64,18,92,66837
esp32c3,AES128GCM,sw,decrypt,64,18,93,66325
esp32c3,AES128GCM,sw,decrypt,64,18,94,66837
esp32c3,AES128GCM,sw,decrypt,64,18,95,66325
esp32c3,AES128GCM,sw,decrypt,64,18,96,66837
esp32c3,AES128GCM,sw,decrypt,64,18,97,66325
esp32c3,AES128GCM,sw,decrypt,64,18,98,66837
esp32c3,AES128GCM,sw,decrypt,64,18,99,66325
esp32c3,AES128GCM,sw,decrypt,64,18,100,66837
esp32c3,AES128GCM,sw,decrypt,64,18,101,66325
esp32c3,AES128GCM,sw,decrypt,64,18,102,66837
esp32c3,AES128GCM,sw,decrypt,64,18,103,66325
esp32c3,AES128GCM,sw,decrypt,64,18,104,66837
esp32c3,AES128GCM,sw,decrypt,64,18,105,66325
esp32c3,AES128GCM,sw,decrypt,64,18,106,66837
esp32c3,AES128GCM,sw,decrypt,64,18,107,66325
esp32c3,AES128GCM,sw,decrypt,64,18,108,66837
esp32c3,AES128GCM,sw,decrypt,64,18,109,66325
esp32c3,AES128GCM,sw,decrypt,64,18,110,66837
esp32c3,AES128GCM,sw,decrypt,64,18,111,66325
esp32c3,AES128GCM,sw,decrypt,64,18,112,66837
esp32c3,AES128GCM,sw,decrypt,64,18,113,66325
esp32c3,AES128GCM,sw,decrypt,64,18,114,66837
esp32c3,AES128GCM,sw,decrypt,64,18,115,66325
esp32c3,AES128GCM,sw,decrypt,64,18,116,66837
esp32c3,AES128GCM,sw,decrypt,64,18,117,66325
esp32c3,AES128GCM,sw,decrypt,64,18,118,66837
esp32c3,AES128GCM,sw,decrypt,64,18,119,66325
esp32c3,AES128GCM,sw,decrypt,64,18,120,66837
esp32c3,AES128GCM,sw,decrypt,64,18,121,66325
esp32c3,AES128GCM,sw,decrypt,64,18,122,66837
esp32c3,AES128GCM,sw,decrypt,64,18,123,66325
esp32c3,AES128GCM,sw,decrypt,64,18,124,66837
esp32c3,AES128GCM,sw,decrypt,64,18,125,66325
esp32c3,AES128GCM,sw,decrypt,64,18,126,66837
esp32c3,AES128GCM,sw,decrypt,64,18,127,66325
esp32c3,AES128GCM,sw,decrypt,64,18,128,66837
esp32c3,AES128GCM,sw,decrypt,64,18,129,66325
esp32c3,AES128GCM,sw,decrypt,64,18,130,66837
esp32c3,AES128GCM,sw,decrypt,64,18,131,66325
esp32c3,AES128GCM,sw,decrypt,64,18,132,66837
esp32c3,AES128GCM,sw,decrypt,64,18,133,66325
esp32c3,AES128GCM,sw,decrypt,64,18,134,66837
esp32c3,AES128GCM,sw,decrypt,64,18,135,66325
esp32c3,AES128GCM,sw,decrypt,64,18,136,66837
esp32c3,AES128GCM,sw,decrypt,64,18,137,66325
esp32c3,AES128GCM,sw,decrypt,64,18,138,66837
esp32c3,AES128GCM,sw,decrypt,64,18,139,66325
esp32c3,AES128GCM,sw,decrypt,64,18,140,66837
esp32c3,AES128GCM,sw,decrypt,64,18,141,66325
esp32c3,AES128GCM,sw,decrypt,64,18,142,66837
esp32c3,AES128GCM,sw,decrypt,64,18,143,66325
esp32c3,AES128GCM,sw,decrypt,64,18,144,66837
esp32c3,AES128GCM,sw,decrypt,64,18,145,66325
esp32c3,AES128GCM,sw,decrypt,64,18,146,66837
esp32c3,AES128GCM,sw,decrypt,64,18,147,66325
esp32c3,AES128GCM,sw,decrypt,64,18,148,66837
esp32c3,AES128GCM,sw,decrypt,64,18,149,66325
esp32c3,AES128GCM,sw,decrypt,64,18,150,66837
esp32c3,AES128GCM,sw,decrypt,64,18,151,66325
esp32c3,AES128GCM,sw,decrypt,64,18,152,66837
esp32c3,AES128GCM,sw,decrypt,64,18,153,66325
esp32c3,AES128GCM,sw,decrypt,64,18,154,66837
esp32c3,AES128GCM,sw,decrypt,64,18,155,66325
esp32c3,AES128GCM,sw,decrypt,64,18,156,66837
esp32c3,AES128GCM,sw,decrypt,64,18,157,66325
esp32c3,AES128GCM,sw,decrypt,64,18,158,66837
esp32c3,AES128GCM,sw,decrypt,64,18,159,66325
esp32c3,AES128GCM,sw,decrypt,64,18,160,66837
esp32c3,AES128GCM,sw,decrypt,64,18,161,66325
esp32c3,AES128GCM,sw,decrypt,64,18,162,66837
esp32c3,AES128GCM,sw,decrypt,64,18,163,66325
esp32c3,AES128GCM,sw,decrypt,64,18,164,66837
esp32c3,AES128GCM,sw,decrypt,64,18,165,66325
esp32c3,AES128GCM,sw,decrypt,64,18,166,66837
esp32c3,AES128GCM,sw,decrypt,64,18,167,66325
esp32c3,AES128GCM,sw,decrypt,64,18,168,66837
esp32c3,AES128GCM,sw,decrypt,64,18,169,66325
esp32c3,AES128GCM,sw,decrypt,64,18,170,66837
esp32c3,AES128GCM,sw,decrypt,64,18,171,66325
esp32c3,AES128GCM,sw,decrypt,64,18,172,66837
esp32c3,AES128GCM,sw,decrypt,64,18,173,66325
esp32c3,AES128GCM,sw,decrypt,64,18,174,66837
esp32c3,AES128GCM,sw,decrypt,64,18,175,66325
esp32c3,AES128GCM,sw,decrypt,64,18,176,66837
esp32c3,AES128GCM,sw,decrypt,64,18,177,66325
esp32c3,AES128GCM,sw,decrypt,64,18,178,66837
esp32c3,AES128GCM,sw,decrypt,64,18,179,66325
esp32c3,AES128GCM,sw,decrypt,64,18,180,66837
esp32c3,AES128GCM,sw,decrypt,64,18,181,66325
esp32c3,AES128GCM,sw,decrypt,64,18,182,66837
esp32c3,AES128GCM,sw,decrypt,64,18,183,66325
esp32c3,AES128GCM,sw,decrypt,64,18,184,66837
esp32c3,AES128GCM,sw,decrypt,64,18,185,66325
esp32c3,AES128GCM,sw,decrypt,64,18,186,66837
esp32c3,AES128GCM,sw,decrypt,64,18,187,66325
esp32c3,AES128GCM,sw,decrypt,64,18,188,66837
esp32c3,AES128GCM,sw,decrypt,64,18,189,66325
esp32c3,AES128GCM,sw,decrypt,64,18,190,66837
esp32c3,AES128GCM,sw,decrypt,64,18,191,66325
esp32c3,AES128GCM,sw,decrypt,64,18,192,66837
esp32c3,AES128GCM,sw,decrypt,64,18,193,66325
esp32c3,AES128GCM,sw,decrypt,64,18,194,66837
esp32c3,AES128GCM,sw,decrypt,64,18,195,66325
esp32c3,AES128GCM,sw,decrypt,64,18,196,66837
esp32c3,AES128GCM,sw,decrypt,64,18,197,66325
esp32c3,AES128GCM,sw,decrypt,64,18,198,66837
esp32c3,AES128GCM,sw,decrypt,64,18,199,66325
esp32c3,AES128GCM,sw,decrypt,64,18,200,66837
esp32c3,AES128GCM,sw,decrypt,64,18,201,66325
esp32c3,AES128GCM,sw,decrypt,64,18,202,66837
esp32c3,AES128GCM,sw,decrypt,64,18,203,66325
esp32c3,AES128GCM,sw,decrypt,64,18,204,66837
esp32c3,AES128GCM,sw,decrypt,64,18,205,66325
esp32c3,AES128GCM,sw,decrypt,64,18,206,66837
esp32c3,AES128GCM,sw,decrypt,64,18,207,66325
esp32c3,AES128GCM,sw,decrypt,64,18,208,66837
esp32c3,AES128GCM,sw,decrypt,64,18,209,66325
esp32c3,AES128GCM,sw,decrypt,64,18,210,66837
esp32c3,AES128GCM,sw,decrypt,64,18,211,66325
esp32c3,AES128GCM,sw,decrypt,64,18,212,66837
esp32c3,AES128GCM,sw,decrypt,64,18,213,66325
esp32c3,AES128GCM,sw,decrypt,64,18,214,66837
esp32c3,AES128GCM,sw,decrypt,64,18,215,66325
esp32c3,AES128GCM,sw,decrypt,64,18,216,66837
esp32c3,AES128GCM,sw,decrypt,64,18,217,66325
esp32c3,AES128GCM,sw,decrypt,64,18,218,66837
esp32c3,AES128GCM,sw,decrypt,64,18,219,66325
esp32c3,AES128GCM,sw,decrypt,64,18,220,66837
esp32c3,AES128GCM,sw,decrypt,64,18,221,66325
esp32c3,AES128GCM,sw,decrypt,64,18,222,66837
esp32c3,AES128GCM,sw,decrypt,64,18,223,66325
esp32c3,AES128GCM,sw,decrypt,64,18,224,66837
esp32c3,AES128GCM,sw,decrypt,64,18,225,66325
esp32c3,AES128GCM,sw,decrypt,64,18,226,66837
esp32c3,AES128GCM,sw,decrypt,64,18,227,66325
esp32c3,AES128GCM,sw,decrypt,64,18,228,66837
esp32c3,AES128GCM,sw,decrypt,64,18,229,66325
esp32c3,AES128GCM,sw,decrypt,64,18,230,66837
esp32c3,AES128GCM,sw,decrypt,64,18,231,66325
esp32c3,AES128GCM,sw,decrypt,64,18,232,66837
esp32c3,AES128GCM,sw,decrypt,64,18,233,66325
esp32c3,AES128GCM,sw,decrypt,64,18,234,66837
esp32c3,AES128GCM,sw,decrypt,64,18,235,66325
esp32c3,AES128GCM,sw,decrypt,64,18,236,66837
esp32c3,AES128GCM,sw,decrypt,64,18,237,66325
esp32c3,AES128GCM,sw,decrypt,64,18,238,66837
esp32c3,AES128GCM,sw,decrypt,64,18,239,66325
esp32c3,AES128GCM,sw,decrypt,64,18,240,66837
esp32c3,AES128GCM,sw,decrypt,64,18,241,66325
esp32c3,AES128GCM,sw,decrypt,64,18,242,66837
esp32c3,AES128GCM,sw,decrypt,64,18,243,66325
esp32c3,AES128GCM,sw,decrypt,64,18,244,67695
esp32c3,AES128GCM,sw,decrypt,64,18,245,66325
esp32c3,AES128GCM,sw,decrypt,64,18,246,66837
esp32c3,AES128GCM,sw,decrypt,64,18,247,66325
esp32c3,AES128GCM,sw,decrypt,64,18,248,66837
esp32c3,AES128GCM,sw,decrypt,64,18,249,67307
esp32c3,AES128GCM,sw,decrypt,64,18,250,66837
esp32c3,AES128GCM,sw,decrypt,64,18,251,66325
esp32c3,AES128GCM,sw,decrypt,64,18,252,66837
esp32c3,AES128GCM,sw,decrypt,64,18,253,66325
esp32c3,AES128GCM,sw,decrypt,64,18,254,67821
esp32c3,AES128GCM,sw,decrypt,64,18,255,66325
esp32c3,AES128GCM,sw,decrypt,64,18,256,66837
esp32c3,AES128GCM,sw,decrypt,64,18,257,66325
esp32c3,AES128GCM,sw,decrypt,64,18,258,66837
esp32c3,AES128GCM,sw,decrypt,64,18,259,67307
esp32c3,AES128GCM,sw,decrypt,64,18,260,66837
esp32c3,AES128GCM,sw,decrypt,64,18,261,66325
esp32c3,AES128GCM,sw,decrypt,64,18,262,66837
esp32c3,AES128GCM,sw,decrypt,64,18,263,66325
esp32c3,AES128GCM,sw,decrypt,64,18,264,67819
esp32c3,AES128GCM,sw,decrypt,64,18,265,66325
esp32c3,AES128GCM,sw,decrypt,64,18,266,66837
esp32c3,AES128GCM,sw,decrypt,64,18,267,66325
esp32c3,AES128GCM,sw,decrypt,64,18,268,66837
esp32c3,AES128GCM,sw,decrypt,64,18,269,67307
esp32c3,AES128GCM,sw,decrypt,64,18,270,66837
esp32c3,AES128GCM,sw,decrypt,64,18,271,66325
esp32c3,AES128GCM,sw,decrypt,64,18,272,66837
esp32c3,AES128GCM,sw,decrypt,64,18,273,66325
esp32c3,AES128GCM,sw,decrypt,64,18,274,67819
esp32c3,AES128GCM,sw,decrypt,64,18,275,66325
esp32c3,AES128GCM,sw,decrypt,64,18,276,66837
esp32c3,AES128GCM,sw,decrypt,64,18,277,66325
esp32c3,AES128GCM,sw,decrypt,64,18,278,66837
esp32c3,AES128GCM,sw,decrypt,64,18,279,67309
esp32c3,AES128GCM,sw,decrypt,64,18,280,66837
esp32c3,AES128GCM,sw,decrypt,64,18,281,66325
esp32c3,AES128GCM,sw,decrypt,64,18,282,66837
esp32c3,AES128GCM,sw,decrypt,64,18,283,66325
esp32c3,AES128GCM,sw,decrypt,64,18,284,67821
esp32c3,AES128GCM,sw,decrypt,64,18,285,66325
esp32c3,AES128GCM,sw,decrypt,64,18,286,66837
esp32c3,AES128GCM,sw,decrypt,64,18,287,66325
esp32c3,AES128GCM,sw,decrypt,64,18,288,66837
esp32c3,AES128GCM,sw,decrypt,64,18,289,67307
esp32c3,AES128GCM,sw,decrypt,64,18,290,66837
esp32c3,AES128GCM,sw,decrypt,64,18,291,66325
esp32c3,AES128GCM,sw,decrypt,64,18,292,66837
esp32c3,AES128GCM,sw,decrypt,64,18,293,66325
esp32c3,AES128GCM,sw,decrypt,64,18,294,67819
esp32c3,AES128GCM,sw,decrypt,64,18,295,66325
esp32c3,AES128GCM,sw,decrypt,64,18,296,66837
esp32c3,AES128GCM,sw,decrypt,64,18,297,66325
esp32c3,AES128GCM,sw,decrypt,64,18,298,66837
esp32c3,AES128GCM,sw,decrypt,64,18,299,66325
esp32c3,AES128GCM,sw,decrypt,64,18,300,66837
esp32c3,AES128GCM,sw,decrypt,64,18,301,66325
esp32c3,AES128GCM,sw,decrypt,64,18,302,66837
esp32c3,AES128GCM,sw,decrypt,64,18,303,66325
esp32c3,AES128GCM,sw,decrypt,64,18,304,66837
esp32c3,AES128GCM,sw,decrypt,64,18,305,66325
esp32c3,AES128GCM,sw,decrypt,64,18,306,66837
esp32c3,AES128GCM,sw,decrypt,64,18,307,66325
esp32c3,AES128GCM,sw,decrypt,64,18,308,66837
esp32c3,AES128GCM,sw,decrypt,64,18,309,66325
esp32c3,AES128GCM,sw,decrypt,64,18,310,66837
esp32c3,AES128GCM,sw,decrypt,64,18,311,66325
esp32c3,AES128GCM,sw,decrypt,64,18,312,66837
esp32c3,AES128GCM,sw,decrypt,64,18,313,66325
esp32c3,AES128GCM,sw,decrypt,64,18,314,66837
esp32c3,AES128GCM,sw,decrypt,64,18,315,66325
esp32c3,AES128GCM,sw,decrypt,64,18,316,66837
esp32c3,AES128GCM,sw,decrypt,64,18,317,66325
esp32c3,AES128GCM,sw,decrypt,64,18,318,66837
esp32c3,AES128GCM,sw,decrypt,64,18,319,66325
esp32c3,AES128GCM,sw,decrypt,64,18,320,66837
esp32c3,AES128GCM,sw,decrypt,64,18,321,66325
esp32c3,AES128GCM,sw,decrypt,64,18,322,66837
esp32c3,AES128GCM,sw,decrypt,64,18,323,66325
esp32c3,AES128GCM,sw,decrypt,64,18,324,66837
esp32c3,AES128GCM,sw,decrypt,64,18,325,66325
esp32c3,AES128GCM,sw,decrypt,64,18,326,66837
esp32c3,AES128GCM,sw,decrypt,64,18,327,66325
esp32c3,AES128GCM,sw,decrypt,64,18,328,66837
esp32c3,AES128GCM,sw,decrypt,64,18,329,66325
esp32c3,AES128GCM,sw,decrypt,64,18,330,66837
esp32c3,AES128GCM,sw,decrypt,64,18,331,66325
esp32c3,AES128GCM,sw,decrypt,64,18,332,66837
esp32c3,AES128GCM,sw,decrypt,64,18,333,66325
esp32c3,AES128GCM,sw,decrypt,64,18,334,66837
esp32c3,AES128GCM,sw,decrypt,64,18,335,66325
esp32c3,AES128GCM,sw,decrypt,64,18,336,66837
esp32c3,AES128GCM,sw,decrypt,64,18,337,66325
esp32c3,AES128GCM,sw,decrypt,64,18,338,66837
esp32c3,AES128GCM,sw,decrypt,64,18,339,66325
esp32c3,AES128GCM,sw,decrypt,64,18,340,66837
esp32c3,AES128GCM,sw,decrypt,64,18,341,66325
esp32c3,AES128GCM,sw,decrypt,64,18,342,66837
esp32c3,AES128GCM,sw,decrypt,64,18,343,66325
esp32c3,AES128GCM,sw,decrypt,64,18,344,66837
esp32c3,AES128GCM,sw,decrypt,64,18,345,66325
esp32c3,AES128GCM,sw,decrypt,64,18,346,66837
esp32c3,AES128GCM,sw,decrypt,64,18,347,66325
esp32c3,AES128GCM,sw,decrypt,64,18,348,66837
esp32c3,AES128GCM,sw,decrypt,64,18,349,66325
esp32c3,AES128GCM,sw,decrypt,64,18,350,66837
esp32c3,AES128GCM,sw,decrypt,64,18,351,66325
esp32c3,AES128GCM,sw,decrypt,64,18,352,66837
esp32c3,AES128GCM,sw,decrypt,64,18,353,66325
esp32c3,AES128GCM,sw,decrypt,64,18,354,66837
esp32c3,AES128GCM,sw,decrypt,64,18,355,66325
esp32c3,AES128GCM,sw,decrypt,64,18,356,66837
esp32c3,AES128GCM,sw,decrypt,64,18,357,66325
esp32c3,AES128GCM,sw,decrypt,64,18,358,66837
esp32c3,AES128GCM,sw,decrypt,64,18,359,66325
esp32c3,AES128GCM,sw,decrypt,64,18,360,66837
esp32c3,AES128GCM,sw,decrypt,64,18,361,66325
esp32c3,AES128GCM,sw,decrypt,64,18,362,66837
esp32c3,AES128GCM,sw,decrypt,64,18,363,66325
esp32c3,AES128GCM,sw,decrypt,64,18,364,66837
esp32c3,AES128GCM,sw,decrypt,64,18,365,66325
esp32c3,AES128GCM,sw,decrypt,64,18,366,66837
esp32c3,AES128GCM,sw,decrypt,64,18,367,66325
esp32c3,AES128GCM,sw,decrypt,64,18,368,66837
esp32c3,AES128GCM,sw,decrypt,64,18,369,66325
esp32c3,AES128GCM,sw,decrypt,64,18,370,66837
esp32c3,AES128GCM,sw,decrypt,64,18,371,66325
esp32c3,AES128GCM,sw,decrypt,64,18,372,66837
esp32c3,AES128GCM,sw,decrypt,64,18,373,66325
esp32c3,AES128GCM,sw,decrypt,64,18,374,66837
esp32c3,AES128GCM,sw,decrypt,64,18,375,66325
esp32c3,AES128GCM,sw,decrypt,64,18,376,66837
esp32c3,AES128GCM,sw,decrypt,64,18,377,66325
esp32c3,AES128GCM,sw,decrypt,64,18,378,66837
esp32c3,AES128GCM,sw,decrypt,64,18,379,66325
esp32c3,AES128GCM,sw,decrypt,64,18,380,66837
esp32c3,AES128GCM,sw,decrypt,64,18,381,66325
esp32c3,AES128GCM,sw,decrypt,64,18,382,66837
esp32c3,AES128GCM,sw,decrypt,64,18,383,66325
esp32c3,AES128GCM,sw,decrypt,64,18,384,66837
esp32c3,AES128GCM,sw,decrypt,64,18,385,66325
esp32c3,AES128GCM,sw,decrypt,64,18,386,66837
esp32c3,AES128GCM,sw,decrypt,64,18,387,66325
esp32c3,AES128GCM,sw,decrypt,64,18,388,66837
esp32c3,AES128GCM,sw,decrypt,64,18,389,66325
esp32c3,AES128GCM,sw,decrypt,64,18,390,66837
esp32c3,AES128GCM,sw,decrypt,64,18,391,66325
esp32c3,AES128GCM,sw,decrypt,64,18,392,66837
esp32c3,AES128GCM,sw,decrypt,64,18,393,66325
esp32c3,AES128GCM,sw,decrypt,64,18,394,66837
esp32c3,AES128GCM,sw,decrypt,64,18,395,66325
esp32c3,AES128GCM,sw,decrypt,64,18,396,66837
esp32c3,AES128GCM,sw,decrypt,64,18,397,66325
esp32c3,AES128GCM,sw,decrypt,64,18,398,66837
esp32c3,AES128GCM,sw,decrypt,64,18,399,66325
esp32c3,AES128GCM,sw,decrypt,64,18,400,66837
esp32c3,AES128GCM,sw,decrypt,64,18,401,66325
esp32c3,AES128GCM,sw,decrypt,64,18,402,66837
esp32c3,AES128GCM,sw,decrypt,64,18,403,66325
esp32c3,AES128GCM,sw,decrypt,64,18,404,66837
esp32c3,AES128GCM,sw,decrypt,64,18,405,66325
esp32c3,AES128GCM,sw,decrypt,64,18,406,66837
esp32c3,AES128GCM,sw,decrypt,64,18,407,66325
esp32c3,AES128GCM,sw,decrypt,64,18,408,66837
esp32c3,AES128GCM,sw,decrypt,64,18,409,66325
esp32c3,AES128GCM,sw,decrypt,64,18,410,66837
esp32c3,AES128GCM,sw,decrypt,64,18,411,66325
esp32c3,AES128GCM,sw,decrypt,64,18,412,66837
esp32c3,AES128GCM,sw,decrypt,64,18,413,66325
esp32c3,AES128GCM,sw,decrypt,64,18,414,66837
esp32c3,AES128GCM,sw,decrypt,64,18,415,66325
esp32c3,AES128GCM,sw,decrypt,64,18,416,66837
esp32c3,AES128GCM,sw,decrypt,64,18,417,66325
esp32c3,AES128GCM,sw,decrypt,64,18,418,66837
esp32c3,AES128GCM,sw,decrypt,64,18,419,66325
esp32c3,AES128GCM,sw,decrypt,64,18,420,66837
esp32c3,AES128GCM,sw,decrypt,64,18,421,66325
esp32c3,AES128GCM,sw,decrypt,64,18,422,66837
esp32c3,AES128GCM,sw,decrypt,64,18,423,66325
esp32c3,AES128GCM,sw,decrypt,64,18,424,66837
esp32c3,AES128GCM,sw,decrypt,64,18,425,66325
esp32c3,AES128GCM,sw,decrypt,64,18,426,66837
esp32c3,AES128GCM,sw,decrypt,64,18,427,66325
esp32c3,AES128GCM,sw,decrypt,64,18,428,66837
esp32c3,AES128GCM,sw,decrypt,64,18,429,66325
esp32c3,AES128GCM,sw,decrypt,64,18,430,66837
esp32c3,AES128GCM,sw,decrypt,64,18,431,66325
esp32c3,AES128GCM,sw,decrypt,64,18,432,66837
esp32c3,AES128GCM,sw,decrypt,64,18,433,66325
esp32c3,AES128GCM,sw,decrypt,64,18,434,66837
esp32c3,AES128GCM,sw,decrypt,64,18,435,66325
esp32c3,AES128GCM,sw,decrypt,64,18,436,66837
esp32c3,AES128GCM,sw,decrypt,64,18,437,66325
esp32c3,AES128GCM,sw,decrypt,64,18,438,66837
esp32c3,AES128GCM,sw,decrypt,64,18,439,66325
esp32c3,AES128GCM,sw,decrypt,64,18,440,66837
esp32c3,AES128GCM,sw,decrypt,64,18,441,66325
esp32c3,AES128GCM,sw,decrypt,64,18,442,66837
esp32c3,AES128GCM,sw,decrypt,64,18,443,66325
esp32c3,AES128GCM,sw,decrypt,64,18,444,66837
esp32c3,AES128GCM,sw,decrypt,64,18,445,66325
esp32c3,AES128GCM,sw,decrypt,64,18,446,66837
esp32c3,AES128GCM,sw,decrypt,64,18,447,66325
esp32c3,AES128GCM,sw,decrypt,64,18,448,66837
esp32c3,AES128GCM,sw,decrypt,64,18,449,66325
esp32c3,AES128GCM,sw,decrypt,64,18,450,66837
esp32c3,AES128GCM,sw,decrypt,64,18,451,66325
esp32c3,AES128GCM,sw,decrypt,64,18,452,66837
esp32c3,AES128GCM,sw,decrypt,64,18,453,66325
esp32c3,AES128GCM,sw,decrypt,64,18,454,66837
esp32c3,AES128GCM,sw,decrypt,64,18,455,66325
esp32c3,AES128GCM,sw,decrypt,64,18,456,66837
esp32c3,AES128GCM,sw,decrypt,64,18,457,66325
esp32c3,AES128GCM,sw,decrypt,64,18,458,66837
esp32c3,AES128GCM,sw,decrypt,64,18,459,66325
esp32c3,AES128GCM,sw,decrypt,64,18,460,66837
esp32c3,AES128GCM,sw,decrypt,64,18,461,66325
esp32c3,AES128GCM,sw,decrypt,64,18,462,66837
esp32c3,AES128GCM,sw,decrypt,64,18,463,66325
esp32c3,AES128GCM,sw,decrypt,64,18,464,66837
esp32c3,AES128GCM,sw,decrypt,64,18,465,66325
esp32c3,AES128GCM,sw,decrypt,64,18,466,66837
esp32c3,AES128GCM,sw,decrypt,64,18,467,66325
esp32c3,AES128GCM,sw,decrypt,64,18,468,66837
esp32c3,AES128GCM,sw,decrypt,64,18,469,66325
esp32c3,AES128GCM,sw,decrypt,64,18,470,66837
esp32c3,AES128GCM,sw,decrypt,64,18,471,66325
esp32c3,AES128GCM,sw,decrypt,64,18,472,66837
esp32c3,AES128GCM,sw,decrypt,64,18,473,66325
esp32c3,AES128GCM,sw,decrypt,64,18,474,66837
esp32c3,AES128GCM,sw,decrypt,64,18,475,66325
esp32c3,AES128GCM,sw,decrypt,64,18,476,66837
esp32c3,AES128GCM,sw,decrypt,64,18,477,66325
esp32c3,AES128GCM,sw,decrypt,64,18,478,66837
esp32c3,AES128GCM,sw,decrypt,64,18,479,66325
esp32c3,AES128GCM,sw,decrypt,64,18,480,66837
esp32c3,AES128GCM,sw,decrypt,64,18,481,66325
esp32c3,AES128GCM,sw,decrypt,64,18,482,66837
esp32c3,AES128GCM,sw,decrypt,64,18,483,66325
esp32c3,AES128GCM,sw,decrypt,64,18,484,66837
esp32c3,AES128GCM,sw,decrypt,64,18,485,66325
esp32c3,AES128GCM,sw,decrypt,64,18,486,66837
esp32c3,AES128GCM,sw,decrypt,64,18,487,66325
esp32c3,AES128GCM,sw,decrypt,64,18,488,66837
esp32c3,AES128GCM,sw,decrypt,64,18,489,66325
esp32c3,AES128GCM,sw,decrypt,64,18,490,66837
esp32c3,AES128GCM,sw,decrypt,64,18,491,66325
esp32c3,AES128GCM,sw,decrypt,64,18,492,66837
esp32c3,AES128GCM,sw,decrypt,64,18,493,66325
esp32c3,AES128GCM,sw,decrypt,64,18,494,66837
esp32c3,AES128GCM,sw,decrypt,64,18,495,66325
esp32c3,AES128GCM,sw,decrypt,64,18,496,66837
esp32c3,AES128GCM,sw,decrypt,64,18,497,66325
esp32c3,AES128GCM,sw,decrypt,64,18,498,66837
esp32c3,AES128GCM,sw,decrypt,64,18,499,66325
esp32c3,AES128GCM,sw,decrypt,64,18,500,66837
esp32c3,AES128GCM,sw,decrypt,64,18,501,66325
esp32c3,AES128GCM,sw,decrypt,64,18,502,66837
esp32c3,AES128GCM,sw,decrypt,64,18,503,66325
esp32c3,AES128GCM,sw,decrypt,64,18,504,66837
esp32c3,AES128GCM,sw,decrypt,64,18,505,66325
esp32c3,AES128GCM,sw,decrypt,64,18,506,66837
esp32c3,AES128GCM,sw,decrypt,64,18,507,66325
esp32c3,AES128GCM,sw,decrypt,64,18,508,66837
esp32c3,AES128GCM,sw,decrypt,64,18,509,66325
esp32c3,AES128GCM,sw,decrypt,64,18,510,66837
esp32c3,AES128GCM,sw,decrypt,64,18,511,66325
esp32c3,AES128GCM,sw,decrypt,64,18,512,66837
esp32c3,AES128GCM,sw,decrypt,64,18,513,66325
esp32c3,AES128GCM,sw,decrypt,64,18,514,66837
esp32c3,AES128GCM,sw,decrypt,64,18,515,66325
esp32c3,AES128GCM,sw,decrypt,64,18,516,66837
esp32c3,AES128GCM,sw,decrypt,64,18,517,67275
esp32c3,AES128GCM,sw,decrypt,64,18,518,66837
esp32c3,AES128GCM,sw,decrypt,64,18,519,66325
esp32c3,AES128GCM,sw,decrypt,64,18,520,66837
esp32c3,AES128GCM,sw,decrypt,64,18,521,66325
esp32c3,AES128GCM,sw,decrypt,64,18,522,67637
esp32c3,AES128GCM,sw,decrypt,64,18,523,66325
esp32c3,AES128GCM,sw,decrypt,64,18,524,66837
esp32c3,AES128GCM,sw,decrypt,64,18,525,66325
esp32c3,AES128GCM,sw,decrypt,64,18,526,66837
esp32c3,AES128GCM,sw,decrypt,64,18,527,67309
esp32c3,AES128GCM,sw,decrypt,64,18,528,66837
esp32c3,AES128GCM,sw,decrypt,64,18,529,66325
esp32c3,AES128GCM,sw,decrypt,64,18,530,66837
esp32c3,AES128GCM,sw,decrypt,64,18,531,66325
esp32c3,AES128GCM,sw,decrypt,64,18,532,67821
esp32c3,AES128GCM,sw,decrypt,64,18,533,66325
esp32c3,AES128GCM,sw,decrypt,64,18,534,66837
esp32c3,AES128GCM,sw,decrypt,64,18,535,66325
esp32c3,AES128GCM,sw,decrypt,64,18,536,66837
esp32c3,AES128GCM,sw,decrypt,64,18,537,67307
esp32c3,AES128GCM,sw,decrypt,64,18,538,66837
esp32c3,AES128GCM,sw,decrypt,64,18,539,66325
esp32c3,AES128GCM,sw,decrypt,64,18,540,66837
esp32c3,AES128GCM,sw,decrypt,64,18,541,66325
esp32c3,AES128GCM,sw,decrypt,64,18,542,67819
esp32c3,AES128GCM,sw,decrypt,64,18,543,66325
esp32c3,AES128GCM,sw,decrypt,64,18,544,66837
esp32c3,AES128GCM,sw,decrypt,64,18,545,66325
esp32c3,AES128GCM,sw,decrypt,64,18,546,66837
esp32c3,AES128GCM,sw,decrypt,64,18,547,67309
esp32c3,AES128GCM,sw,decrypt,64,18,548,66837
esp32c3,AES128GCM,sw,decrypt,64,18,549,66325
esp32c3,AES128GCM,sw,decrypt,64,18,550,66837
esp32c3,AES128GCM,sw,decrypt,64,18,551,66325
esp32c3,AES128GCM,sw,decrypt,64,18,552,67819
esp32c3,AES128GCM,sw,decrypt,64,18,553,66325
esp32c3,AES128GCM,sw,decrypt,64,18,554,66837
esp32c3,AES128GCM,sw,decrypt,64,18,555,66325
esp32c3,AES128GCM,sw,decrypt,64,18,556,66837
esp32c3,AES128GCM,sw,decrypt,64,18,557,67309
esp32c3,AES128GCM,sw,decrypt,64,18,558,66837
esp32c3,AES128GCM,sw,decrypt,64,18,559,66325
esp32c3,AES128GCM,sw,decrypt,64,18,560,66837
esp32c3,AES128GCM,sw,decrypt,64,18,561,66325
esp32c3,AES128GCM,sw,decrypt,64,18,562,67819
esp32c3,AES128GCM,sw,decrypt,64,18,563,66325
esp32c3,AES128GCM,sw,decrypt,64,18,564,66837
esp32c3,AES128GCM,sw,decrypt,64,18,565,66325
esp32c3,AES128GCM,sw,decrypt,64,18,566,66837
esp32c3,AES128GCM,sw,decrypt,64,18,567,67308
esp32c3,AES128GCM,sw,decrypt,64,18,568,66837
esp32c3,AES128GCM,sw,decrypt,64,18,569,66325
esp32c3,AES128GCM,sw,decrypt,64,18,570,66837
esp32c3,AES128GCM,sw,decrypt,64,18,571,66325
esp32c3,AES128GCM,sw,decrypt,64,18,572,66837
esp32c3,AES128GCM,sw,decrypt,64,18,573,66325
esp32c3,AES128GCM,sw,decrypt,64,18,574,66837
esp32c3,AES128GCM,sw,decrypt,64,18,575,66325
esp32c3,AES128GCM,sw,decrypt,64,18,576,66837
esp32c3,AES128GCM,sw,decrypt,64,18,577,66325
esp32c3,AES128GCM,sw,decrypt,64,18,578,66837
esp32c3,AES128GCM,sw,decrypt,64,18,579,66325
esp32c3,AES128GCM,sw,decrypt,64,18,580,66837
esp32c3,AES128GCM,sw,decrypt,64,18,581,66325
esp32c3,AES128GCM,sw,decrypt,64,18,582,66837
esp32c3,AES128GCM,sw,decrypt,64,18,583,66325
esp32c3,AES128GCM,sw,decrypt,64,18,584,66837
esp32c3,AES128GCM,sw,decrypt,64,18,585,66325
esp32c3,AES128GCM,sw,decrypt,64,18,586,66837
esp32c3,AES128GCM,sw,decrypt,64,18,587,66325
esp32c3,AES128GCM,sw,decrypt,64,18,588,66837
esp32c3,AES128GCM,sw,decrypt,64,18,589,66325
esp32c3,AES128GCM,sw,decrypt,64,18,590,66837
esp32c3,AES128GCM,sw,decrypt,64,18,591,66325
esp32c3,AES128GCM,sw,decrypt,64,18,592,66837
esp32c3,AES128GCM,sw,decrypt,64,18,593,66325
esp32c3,AES128GCM,sw,decrypt,64,18,594,66837
esp32c3,AES128GCM,sw,decrypt,64,18,595,66325
esp32c3,AES128GCM,sw,decrypt,64,18,596,66837
esp32c3,AES128GCM,sw,decrypt,64,18,597,66325
esp32c3,AES128GCM,sw,decrypt,64,18,598,66837
esp32c3,AES128GCM,sw,decrypt,64,18,599,66325
esp32c3,AES128GCM,sw,decrypt,64,18,600,66837
esp32c3,AES128GCM,sw,decrypt,64,18,601,66325
esp32c3,AES128GCM,sw,decrypt,64,18,602,66837
esp32c3,AES128GCM,sw,decrypt,64,18,603,66325
esp32c3,AES128GCM,sw,decrypt,64,18,604,66837
esp32c3,AES128GCM,sw,decrypt,64,18,605,66325
esp32c3,AES128GCM,sw,decrypt,64,18,606,66837
esp32c3,AES128GCM,sw,decrypt,64,18,607,66325
esp32c3,AES128GCM,sw,decrypt,64,18,608,66837
esp32c3,AES128GCM,sw,decrypt,64,18,609,66325
esp32c3,AES128GCM,sw,decrypt,64,18,610,66837
esp32c3,AES128GCM,sw,decrypt,64,18,611,66325
esp32c3,AES128GCM,sw,decrypt,64,18,612,66837
esp32c3,AES128GCM,sw,decrypt,64,18,613,66325
esp32c3,AES128GCM,sw,decrypt,64,18,614,66837
esp32c3,AES128GCM,sw,decrypt,64,18,615,66325
esp32c3,AES128GCM,sw,decrypt,64,18,616,66837
esp32c3,AES128GCM,sw,decrypt,64,18,617,66325
esp32c3,AES128GCM,sw,decrypt,64,18,618,66837
esp32c3,AES128GCM,sw,decrypt,64,18,619,66325
esp32c3,AES128GCM,sw,decrypt,64,18,620,66837
esp32c3,AES128GCM,sw,decrypt,64,18,621,66325
esp32c3,AES128GCM,sw,decrypt,64,18,622,66837
esp32c3,AES128GCM,sw,decrypt,64,18,623,66325
esp32c3,AES128GCM,sw,decrypt,64,18,624,66837
esp32c3,AES128GCM,sw,decrypt,64,18,625,66325
esp32c3,AES128GCM,sw,decrypt,64,18,626,66837
esp32c3,AES128GCM,sw,decrypt,64,18,627,66325
esp32c3,AES128GCM,sw,decrypt,64,18,628,66837
esp32c3,AES128GCM,sw,decrypt,64,18,629,66325
esp32c3,AES128GCM,sw,decrypt,64,18,630,66837
esp32c3,AES128GCM,sw,decrypt,64,18,631,66325
esp32c3,AES128GCM,sw,decrypt,64,18,632,66837
esp32c3,AES128GCM,sw,decrypt,64,18,633,66325
esp32c3,AES128GCM,sw,decrypt,64,18,634,66837
esp32c3,AES128GCM,sw,decrypt,64,18,635,66325
esp32c3,AES128GCM,sw,decrypt,64,18,636,66837
esp32c3,AES128GCM,sw,decrypt,64,18,637,66325
esp32c3,AES128GCM,sw,decrypt,64,18,638,66837
esp32c3,AES128GCM,sw,decrypt,64,18,639,66325
esp32c3,AES128GCM,sw,decrypt,64,18,640,66837
esp32c3,AES128GCM,sw,decrypt,64,18,641,66325
esp32c3,AES128GCM,sw,decrypt,64,18,642,66837
esp32c3,AES128GCM,sw,decrypt,64,18,643,66325
esp32c3,AES128GCM,sw,decrypt,64,18,644,66837
esp32c3,AES128GCM,sw,decrypt,64,18,645,66325
esp32c3,AES128GCM,sw,decrypt,64,18,646,66837
esp32c3,AES128GCM,sw,decrypt,64,18,647,66325
esp32c3,AES128GCM,sw,decrypt,64,18,648,66837
esp32c3,AES128GCM,sw,decrypt,64,18,649,66325
esp32c3,AES128GCM,sw,decrypt,64,18,650,66837
esp32c3,AES128GCM,sw,decrypt,64,18,651,66325
esp32c3,AES128GCM,sw,decrypt,64,18,652,66837
esp32c3,AES128GCM,sw,decrypt,64,18,653,66325
esp32c3,AES128GCM,sw,decrypt,64,18,654,66837
esp32c3,AES128GCM,sw,decrypt,64,18,655,66325
esp32c3,AES128GCM,sw,decrypt,64,18,656,66837
esp32c3,AES128GCM,sw,decrypt,64,18,657,66325
esp32c3,AES128GCM,sw,decrypt,64,18,658,66837
esp32c3,AES128GCM,sw,decrypt,64,18,659,66325
esp32c3,AES128GCM,sw,decrypt,64,18,660,66837
esp32c3,AES128GCM,sw,decrypt,64,18,661,66325
esp32c3,AES128GCM,sw,decrypt,64,18,662,66837
esp32c3,AES128GCM,sw,decrypt,64,18,663,66325
esp32c3,AES128GCM,sw,decrypt,64,18,664,66837
esp32c3,AES128GCM,sw,decrypt,64,18,665,66325
esp32c3,AES128GCM,sw,decrypt,64,18,666,66837
esp32c3,AES128GCM,sw,decrypt,64,18,667,66325
esp32c3,AES128GCM,sw,decrypt,64,18,668,66837
esp32c3,AES128GCM,sw,decrypt,64,18,669,66325
esp32c3,AES128GCM,sw,decrypt,64,18,670,66837
esp32c3,AES128GCM,sw,decrypt,64,18,671,66325
esp32c3,AES128GCM,sw,decrypt,64,18,672,66837
esp32c3,AES128GCM,sw,decrypt,64,18,673,66325
esp32c3,AES128GCM,sw,decrypt,64,18,674,66837
esp32c3,AES128GCM,sw,decrypt,64,18,675,66325
esp32c3,AES128GCM,sw,decrypt,64,18,676,66837
esp32c3,AES128GCM,sw,decrypt,64,18,677,66325
esp32c3,AES128GCM,sw,decrypt,64,18,678,66837
esp32c3,AES128GCM,sw,decrypt,64,18,679,66325
esp32c3,AES128GCM,sw,decrypt,64,18,680,66837
esp32c3,AES128GCM,sw,decrypt,64,18,681,66325
esp32c3,AES128GCM,sw,decrypt,64,18,682,66837
esp32c3,AES128GCM,sw,decrypt,64,18,683,66325
esp32c3,AES128GCM,sw,decrypt,64,18,684,66837
esp32c3,AES128GCM,sw,decrypt,64,18,685,66325
esp32c3,AES128GCM,sw,decrypt,64,18,686,66837
esp32c3,AES128GCM,sw,decrypt,64,18,687,66325
esp32c3,AES128GCM,sw,decrypt,64,18,688,66837
esp32c3,AES128GCM,sw,decrypt,64,18,689,66325
esp32c3,AES128GCM,sw,decrypt,64,18,690,66837
esp32c3,AES128GCM,sw,decrypt,64,18,691,66325
esp32c3,AES128GCM,sw,decrypt,64,18,692,66837
esp32c3,AES128GCM,sw,decrypt,64,18,693,66325
esp32c3,AES128GCM,sw,decrypt,64,18,694,66837
esp32c3,AES128GCM,sw,decrypt,64,18,695,66325
esp32c3,AES128GCM,sw,decrypt,64,18,696,66837
esp32c3,AES128GCM,sw,decrypt,64,18,697,66325
esp32c3,AES128GCM,sw,decrypt,64,18,698,66837
esp32c3,AES128GCM,sw,decrypt,64,18,699,66325
esp32c3,AES128GCM,sw,decrypt,64,18,700,66837
esp32c3,AES128GCM,sw,decrypt,64,18,701,66325
esp32c3,AES128GCM,sw,decrypt,64,18,702,66837
esp32c3,AES128GCM,sw,decrypt,64,18,703,66325
esp32c3,AES128GCM,sw,decrypt,64,18,704,66837
esp32c3,AES128GCM,sw,decrypt,64,18,705,66325
esp32c3,AES128GCM,sw,decrypt,64,18,706,66837
esp32c3,AES128GCM,sw,decrypt,64,18,707,66325
esp32c3,AES128GCM,sw,decrypt,64,18,708,66837
esp32c3,AES128GCM,sw,decrypt,64,18,709,66325
esp32c3,AES128GCM,sw,decrypt,64,18,710,66837
esp32c3,AES128GCM,sw,decrypt,64,18,711,66325
esp32c3,AES128GCM,sw,decrypt,64,18,712,66837
esp32c3,AES128GCM,sw,decrypt,64,18,713,66325
esp32c3,AES128GCM,sw,decrypt,64,18,714,66837
esp32c3,AES128GCM,sw,decrypt,64,18,715,66325
esp32c3,AES128GCM,sw,decrypt,64,18,716,66837
esp32c3,AES128GCM,sw,decrypt,64,18,717,66325
esp32c3,AES128GCM,sw,decrypt,64,18,718,66837
esp32c3,AES128GCM,sw,decrypt,64,18,719,66325
esp32c3,AES128GCM,sw,decrypt,64,18,720,66837
esp32c3,AES128GCM,sw,decrypt,64,18,721,66325
esp32c3,AES128GCM,sw,decrypt,64,18,722,66837
esp32c3,AES128GCM,sw,decrypt,64,18,723,66325
esp32c3,AES128GCM,sw,decrypt,64,18,724,66837
esp32c3,AES128GCM,sw,decrypt,64,18,725,66325
esp32c3,AES128GCM,sw,decrypt,64,18,726,66837
esp32c3,AES128GCM,sw,decrypt,64,18,727,66325
esp32c3,AES128GCM,sw,decrypt,64,18,728,66837
esp32c3,AES128GCM,sw,decrypt,64,18,729,66325
esp32c3,AES128GCM,sw,decrypt,64,18,730,66837
esp32c3,AES128GCM,sw,decrypt,64,18,731,66325
esp32c3,AES128GCM,sw,decrypt,64,18,732,66837
esp32c3,AES128GCM,sw,decrypt,64,18,733,66325
esp32c3,AES128GCM,sw,decrypt,64,18,734,66837
esp32c3,AES128GCM,sw,decrypt,64,18,735,66325
esp32c3,AES128GCM,sw,decrypt,64,18,736,66837
esp32c3,AES128GCM,sw,decrypt,64,18,737,66325
esp32c3,AES128GCM,sw,decrypt,64,18,738,66837
esp32c3,AES128GCM,sw,decrypt,64,18,739,66325
esp32c3,AES128GCM,sw,decrypt,64,18,740,66837
esp32c3,AES128GCM,sw,decrypt,64,18,741,66325
esp32c3,AES128GCM,sw,decrypt,64,18,742,66837
esp32c3,AES128GCM,sw,decrypt,64,18,743,66325
esp32c3,AES128GCM,sw,decrypt,64,18,744,66837
esp32c3,AES128GCM,sw,decrypt,64,18,745,66325
esp32c3,AES128GCM,sw,decrypt,64,18,746,66837
esp32c3,AES128GCM,sw,decrypt,64,18,747,66325
esp32c3,AES128GCM,sw,decrypt,64,18,748,66837
esp32c3,AES128GCM,sw,decrypt,64,18,749,66325
esp32c3,AES128GCM,sw,decrypt,64,18,750,66837
esp32c3,AES128GCM,sw,decrypt,64,18,751,66325
esp32c3,AES128GCM,sw,decrypt,64,18,752,66837
esp32c3,AES128GCM,sw,decrypt,64,18,753,66325
esp32c3,AES128GCM,sw,decrypt,64,18,754,66837
esp32c3,AES128GCM,sw,decrypt,64,18,755,66325
esp32c3,AES128GCM,sw,decrypt,64,18,756,66837
esp32c3,AES128GCM,sw,decrypt,64,18,757,66325
esp32c3,AES128GCM,sw,decrypt,64,18,758,66837
esp32c3,AES128GCM,sw,decrypt,64,18,759,66325
esp32c3,AES128GCM,sw,decrypt,64,18,760,66837
esp32c3,AES128GCM,sw,decrypt,64,18,761,66325
esp32c3,AES128GCM,sw,decrypt,64,18,762,66837
esp32c3,AES128GCM,sw,decrypt,64,18,763,66325
esp32c3,AES128GCM,sw,decrypt,64,18,764,66837
esp32c3,AES128GCM,sw,decrypt,64,18,765,66325
esp32c3,AES128GCM,sw,decrypt,64,18,766,66837
esp32c3,AES128GCM,sw,decrypt,64,18,767,66325
esp32c3,AES128GCM,sw,decrypt,64,18,768,66837
esp32c3,AES128GCM,sw,decrypt,64,18,769,66325
esp32c3,AES128GCM,sw,decrypt,64,18,770,66837
esp32c3,AES128GCM,sw,decrypt,64,18,771,66325
esp32c3,AES128GCM,sw,decrypt,64,18,772,66837
esp32c3,AES128GCM,sw,decrypt,64,18,773,66325
esp32c3,AES128GCM,sw,decrypt,64,18,774,66837
esp32c3,AES128GCM,sw,decrypt,64,18,775,66325
esp32c3,AES128GCM,sw,decrypt,64,18,776,66837
esp32c3,AES128GCM,sw,decrypt,64,18,777,66325
esp32c3,AES128GCM,sw,decrypt,64,18,778,66837
esp32c3,AES128GCM,sw,decrypt,64,18,779,66325
esp32c3,AES128GCM,sw,decrypt,64,18,780,66837
esp32c3,AES128GCM,sw,decrypt,64,18,781,66325
esp32c3,AES128GCM,sw,decrypt,64,18,782,66837
esp32c3,AES128GCM,sw,decrypt,64,18,783,66325
esp32c3,AES128GCM,sw,decrypt,64,18,784,66837
esp32c3,AES128GCM,sw,decrypt,64,18,785,66325
esp32c3,AES128GCM,sw,decrypt,64,18,786,66837
esp32c3,AES128GCM,sw,decrypt,64,18,787,66325
esp32c3,AES128GCM,sw,decrypt,64,18,788,66837
esp32c3,AES128GCM,sw,decrypt,64,18,789,66325
esp32c3,AES128GCM,sw,decrypt,64,18,790,67639
esp32c3,AES128GCM,sw,decrypt,64,18,791,66325
esp32c3,AES128GCM,sw,decrypt,64,18,792,66837
esp32c3,AES128GCM,sw,decrypt,64,18,793,66325
esp32c3,AES128GCM,sw,decrypt,64,18,794,66837
esp32c3,AES128GCM,sw,decrypt,64,18,795,67309
esp32c3,AES128GCM,sw,decrypt,64,18,796,66837
esp32c3,AES128GCM,sw,decrypt,64,18,797,66325
esp32c3,AES128GCM,sw,decrypt,64,18,798,66837
esp32c3,AES128GCM,sw,decrypt,64,18,799,66325
esp32c3,AES128GCM,sw,decrypt,64,18,800,67821
esp32c3,AES128GCM,sw,decrypt,64,18,801,66325
esp32c3,AES128GCM,sw,decrypt,64,18,802,66837
esp32c3,AES128GCM,sw,decrypt,64,18,803,66325
esp32c3,AES128GCM,sw,decrypt,64,18,804,66837
esp32c3,AES128GCM,sw,decrypt,64,18,805,67307
esp32c3,AES128GCM,sw,decrypt,64,18,806,66837
esp32c3,AES128GCM,sw,decrypt,64,18,807,66325
esp32c3,AES128GCM,sw,decrypt,64,18,808,66837
esp32c3,AES128GCM,sw,decrypt,64,18,809,66325
esp32c3,AES128GCM,sw,decrypt,64,18,810,67819
esp32c3,AES128GCM,sw,decrypt,64,18,811,66325
esp32c3,AES128GCM,sw,decrypt,64,18,812,66837
esp32c3,AES128GCM,sw,decrypt,64,18,813,66325
esp32c3,AES128GCM,sw,decrypt,64,18,814,66837
esp32c3,AES128GCM,sw,decrypt,64,18,815,67309
esp32c3,AES128GCM,sw,decrypt,64,18,816,66837
esp32c3,AES128GCM,sw,decrypt,64,18,817,66325
esp32c3,AES128GCM,sw,decrypt,64,18,818,66837
esp32c3,AES128GCM,sw,decrypt,64,18,819,66325
esp32c3,AES128GCM,sw,decrypt,64,18,820,67819
esp32c3,AES128GCM,sw,decrypt,64,18,821,66325
esp32c3,AES128GCM,sw,decrypt,64,18,822,66837
esp32c3,AES128GCM,sw,decrypt,64,18,823,66325
esp32c3,AES128GCM,sw,decrypt,64,18,824,66837
esp32c3,AES128GCM,sw,decrypt,64,18,825,67309
esp32c3,AES128GCM,sw,decrypt,64,18,826,66837
esp32c3,AES128GCM,sw,decrypt,64,18,827,66325
esp32c3,AES128GCM,sw,decrypt,64,18,828,66837
esp32c3,AES128GCM,sw,decrypt,64,18,829,66325
esp32c3,AES128GCM,sw,decrypt,64,18,830,67789
esp32c3,AES128GCM,sw,decrypt,64,18,831,66325
esp32c3,AES128GCM,sw,decrypt,64,18,832,66837
esp32c3,AES128GCM,sw,decrypt,64,18,833,66325
esp32c3,AES128GCM,sw,decrypt,64,18,834,66837
esp32c3,AES128GCM,sw,decrypt,64,18,835,67309
esp32c3,AES128GCM,sw,decrypt,64,18,836,66837
esp32c3,AES128GCM,sw,decrypt,64,18,837,66325
esp32c3,AES128GCM,sw,decrypt,64,18,838,66837
esp32c3,AES128GCM,sw,decrypt,64,18,839,66325
esp32c3,AES128GCM,sw,decrypt,64,18,840,67819
esp32c3,AES128GCM,sw,decrypt,64,18,841,66325
esp32c3,AES128GCM,sw,decrypt,64,18,842,66837
esp32c3,AES128GCM,sw,decrypt,64,18,843,66325
esp32c3,AES128GCM,sw,decrypt,64,18,844,66837
esp32c3,AES128GCM,sw,decrypt,64,18,845,66325
esp32c3,AES128GCM,sw,decrypt,64,18,846,66837
esp32c3,AES128GCM,sw,decrypt,64,18,847,66325
esp32c3,AES128GCM,sw,decrypt,64,18,848,66837
esp32c3,AES128GCM,sw,decrypt,64,18,849,66325
esp32c3,AES128GCM,sw,decrypt,64,18,850,66837
esp32c3,AES128GCM,sw,decrypt,64,18,851,66325
esp32c3,AES128GCM,sw,decrypt,64,18,852,66837
esp32c3,AES128GCM,sw,decrypt,64,18,853,66325
esp32c3,AES128GCM,sw,decrypt,64,18,854,66837
esp32c3,AES128GCM,sw,decrypt,64,18,855,66325
esp32c3,AES128GCM,sw,decrypt,64,18,856,66837
esp32c3,AES128GCM,sw,decrypt,64,18,857,66325
esp32c3,AES128GCM,sw,decrypt,64,18,858,66837
esp32c3,AES128GCM,sw,decrypt,64,18,859,66325
esp32c3,AES128GCM,sw,decrypt,64,18,860,66837
esp32c3,AES128GCM,sw,decrypt,64,18,861,66325
esp32c3,AES128GCM,sw,decrypt,64,18,862,66837
esp32c3,AES128GCM,sw,decrypt,64,18,863,66325
esp32c3,AES128GCM,sw,decrypt,64,18,864,66837
esp32c3,AES128GCM,sw,decrypt,64,18,865,66325
esp32c3,AES128GCM,sw,decrypt,64,18,866,66837
esp32c3,AES128GCM,sw,decrypt,64,18,867,66325
esp32c3,AES128GCM,sw,decrypt,64,18,868,66837
esp32c3,AES128GCM,sw,decrypt,64,18,869,66325
esp32c3,AES128GCM,sw,decrypt,64,18,870,66837
esp32c3,AES128GCM,sw,decrypt,64,18,871,66325
esp32c3,AES128GCM,sw,decrypt,64,18,872,66837
esp32c3,AES128GCM,sw,decrypt,64,18,873,66325
esp32c3,AES128GCM,sw,decrypt,64,18,874,66837
esp32c3,AES128GCM,sw,decrypt,64,18,875,66325
esp32c3,AES128GCM,sw,decrypt,64,18,876,66837
esp32c3,AES128GCM,sw,decrypt,64,18,877,66325
esp32c3,AES128GCM,sw,decrypt,64,18,878,66837
esp32c3,AES128GCM,sw,decrypt,64,18,879,66325
esp32c3,AES128GCM,sw,decrypt,64,18,880,66837
esp32c3,AES128GCM,sw,decrypt,64,18,881,66325
esp32c3,AES128GCM,sw,decrypt,64,18,882,66837
esp32c3,AES128GCM,sw,decrypt,64,18,883,66325
esp32c3,AES128GCM,sw,decrypt,64,18,884,66837
esp32c3,AES128GCM,sw,decrypt,64,18,885,66325
esp32c3,AES128GCM,sw,decrypt,64,18,886,66837
esp32c3,AES128GCM,sw,decrypt,64,18,887,66325
esp32c3,AES128GCM,sw,decrypt,64,18,888,66837
esp32c3,AES128GCM,sw,decrypt,64,18,889,66325
esp32c3,AES128GCM,sw,decrypt,64,18,890,66837
esp32c3,AES128GCM,sw,decrypt,64,18,891,66325
esp32c3,AES128GCM,sw,decrypt,64,18,892,66837
esp32c3,AES128GCM,sw,decrypt,64,18,893,66325
esp32c3,AES128GCM,sw,decrypt,64,18,894,66837
esp32c3,AES128GCM,sw,decrypt,64,18,895,66325
esp32c3,AES128GCM,sw,decrypt,64,18,896,66837
esp32c3,AES128GCM,sw,decrypt,64,18,897,66325
esp32c3,AES128GCM,sw,decrypt,64,18,898,66837
esp32c3,AES128GCM,sw,decrypt,64,18,899,66325
esp32c3,AES128GCM,sw,decrypt,64,18,900,66837
esp32c3,AES128GCM,sw,decrypt,64,18,901,66325
esp32c3,AES128GCM,sw,decrypt,64,18,902,66837
esp32c3,AES128GCM,sw,decrypt,64,18,903,66325
esp32c3,AES128GCM,sw,decrypt,64,18,904,66837
esp32c3,AES128GCM,sw,decrypt,64,18,905,66325
esp32c3,AES128GCM,sw,decrypt,64,18,906,66837
esp32c3,AES128GCM,sw,decrypt,64,18,907,66325
esp32c3,AES128GCM,sw,decrypt,64,18,908,66837
esp32c3,AES128GCM,sw,decrypt,64,18,909,66325
esp32c3,AES128GCM,sw,decrypt,64,18,910,66837
esp32c3,AES128GCM,sw,decrypt,64,18,911,66325
esp32c3,AES128GCM,sw,decrypt,64,18,912,66837
esp32c3,AES128GCM,sw,decrypt,64,18,913,66325
esp32c3,AES128GCM,sw,decrypt,64,18,914,66837
esp32c3,AES128GCM,sw,decrypt,64,18,915,66325
esp32c3,AES128GCM,sw,decrypt,64,18,916,66837
esp32c3,AES128GCM,sw,decrypt,64,18,917,66325
esp32c3,AES128GCM,sw,decrypt,64,18,918,66837
esp32c3,AES128GCM,sw,decrypt,64,18,919,66325
esp32c3,AES128GCM,sw,decrypt,64,18,920,66837
esp32c3,AES128GCM,sw,decrypt,64,18,921,66325
esp32c3,AES128GCM,sw,decrypt,64,18,922,66837
esp32c3,AES128GCM,sw,decrypt,64,18,923,66325
esp32c3,AES128GCM,sw,decrypt,64,18,924,66837
esp32c3,AES128GCM,sw,decrypt,64,18,925,66325
esp32c3,AES128GCM,sw,decrypt,64,18,926,66837
esp32c3,AES128GCM,sw,decrypt,64,18,927,66325
esp32c3,AES128GCM,sw,decrypt,64,18,928,66837
esp32c3,AES128GCM,sw,decrypt,64,18,929,66325
esp32c3,AES128GCM,sw,decrypt,64,18,930,66837
esp32c3,AES128GCM,sw,decrypt,64,18,931,66325
esp32c3,AES128GCM,sw,decrypt,64,18,932,66837
esp32c3,AES128GCM,sw,decrypt,64,18,933,66325
esp32c3,AES128GCM,sw,decrypt,64,18,934,66837
esp32c3,AES128GCM,sw,decrypt,64,18,935,66325
esp32c3,AES128GCM,sw,decrypt,64,18,936,66837
esp32c3,AES128GCM,sw,decrypt,64,18,937,66325
esp32c3,AES128GCM,sw,decrypt,64,18,938,66837
esp32c3,AES128GCM,sw,decrypt,64,18,939,66325
esp32c3,AES128GCM,sw,decrypt,64,18,940,66837
esp32c3,AES128GCM,sw,decrypt,64,18,941,66325
esp32c3,AES128GCM,sw,decrypt,64,18,942,66837
esp32c3,AES128GCM,sw,decrypt,64,18,943,66325
esp32c3,AES128GCM,sw,decrypt,64,18,944,66837
esp32c3,AES128GCM,sw,decrypt,64,18,945,66325
esp32c3,AES128GCM,sw,decrypt,64,18,946,66837
esp32c3,AES128GCM,sw,decrypt,64,18,947,66325
esp32c3,AES128GCM,sw,decrypt,64,18,948,66837
esp32c3,AES128GCM,sw,decrypt,64,18,949,66325
esp32c3,AES128GCM,sw,decrypt,64,18,950,66837
esp32c3,AES128GCM,sw,decrypt,64,18,951,66325
esp32c3,AES128GCM,sw,decrypt,64,18,952,66837
esp32c3,AES128GCM,sw,decrypt,64,18,953,66325
esp32c3,AES128GCM,sw,decrypt,64,18,954,66837
esp32c3,AES128GCM,sw,decrypt,64,18,955,66325
esp32c3,AES128GCM,sw,decrypt,64,18,956,66837
esp32c3,AES128GCM,sw,decrypt,64,18,957,66325
esp32c3,AES128GCM,sw,decrypt,64,18,958,66837
esp32c3,AES128GCM,sw,decrypt,64,18,959,66325
esp32c3,AES128GCM,sw,decrypt,64,18,960,66837
esp32c3,AES128GCM,sw,decrypt,64,18,961,66325
esp32c3,AES128GCM,sw,decrypt,64,18,962,66837
esp32c3,AES128GCM,sw,decrypt,64,18,963,66325
esp32c3,AES128GCM,sw,decrypt,64,18,964,66837
esp32c3,AES128GCM,sw,decrypt,64,18,965,66325
esp32c3,AES128GCM,sw,decrypt,64,18,966,66837
esp32c3,AES128GCM,sw,decrypt,64,18,967,66325
esp32c3,AES128GCM,sw,decrypt,64,18,968,66837
esp32c3,AES128GCM,sw,decrypt,64,18,969,66325
esp32c3,AES128GCM,sw,decrypt,64,18,970,66837
esp32c3,AES128GCM,sw,decrypt,64,18,971,66325
esp32c3,AES128GCM,sw,decrypt,64,18,972,66837
esp32c3,AES128GCM,sw,decrypt,64,18,973,66325
esp32c3,AES128GCM,sw,decrypt,64,18,974,66837
esp32c3,AES128GCM,sw,decrypt,64,18,975,66325
esp32c3,AES128GCM,sw,decrypt,64,18,976,66837
esp32c3,AES128GCM,sw,decrypt,64,18,977,66325
esp32c3,AES128GCM,sw,decrypt,64,18,978,66837
esp32c3,AES128GCM,sw,decrypt,64,18,979,66325
esp32c3,AES128GCM,sw,decrypt,64,18,980,66837
esp32c3,AES128GCM,sw,decrypt,64,18,981,66325
esp32c3,AES128GCM,sw,decrypt,64,18,982,66837
esp32c3,AES128GCM,sw,decrypt,64,18,983,66325
esp32c3,AES128GCM,sw,decrypt,64,18,984,66837
esp32c3,AES128GCM,sw,decrypt,64,18,985,66325
esp32c3,AES128GCM,sw,decrypt,64,18,986,66837
esp32c3,AES128GCM,sw,decrypt,64,18,987,66325
esp32c3,AES128GCM,sw,decrypt,64,18,988,66837
esp32c3,AES128GCM,sw,decrypt,64,18,989,66325
esp32c3,AES128GCM,sw,decrypt,64,18,990,66837
esp32c3,AES128GCM,sw,decrypt,64,18,991,66325
esp32c3,AES128GCM,sw,decrypt,64,18,992,66837
esp32c3,AES128GCM,sw,decrypt,64,18,993,66325
esp32c3,AES128GCM,sw,decrypt,64,18,994,66837
esp32c3,AES128GCM,sw,decrypt,64,18,995,66325
esp32c3,AES128GCM,sw,decrypt,64,18,996,66837
esp32c3,AES128GCM,sw,decrypt,64,18,997,66325
esp32c3,AES128GCM,sw,decrypt,64,18,998,66837
esp32c3,AES128GCM,sw,decrypt,64,18,999,66325
stack,esp32c3,AES128GCM,sw,decrypt,64,14244
esp32c3,AES128GCM,sw,encrypt,128,18,0,87066
esp32c3,AES128GCM,sw,encrypt,128,18,1,95770
esp32c3,AES128GCM,sw,encrypt,128,18,2,96741
esp32c3,AES128GCM,sw,encrypt,128,18,3,95071
esp32c3,AES128GCM,sw,encrypt,128,18,4,96741
esp32c3,AES128GCM,sw,encrypt,128,18,5,95071
esp32c3,AES128GCM,sw,encrypt,128,18,6,96741
esp32c3,AES128GCM,sw,encrypt,128,18,7,95071
esp32c3,AES128GCM,sw,encrypt,128,18,8,96741
esp32c3,AES128GCM,sw,encrypt,128,18,9,95071
esp32c3,AES128GCM,sw,encrypt,128,18,10,96741
esp32c3,AES128GCM,sw,encrypt,128,18,11,95071
esp32c3,AES128GCM,sw,encrypt,128,18,12,95273
esp32c3,AES128GCM,sw,encrypt,128,18,13,95071
esp32c3,AES128GCM,sw,encrypt,128,18,14,95273
esp32c3,AES128GCM,sw,encrypt,128,18,15,95071
esp32c3,AES128GCM,sw,encrypt,128,18,16,95273
esp32c3,AES128GCM,sw,encrypt,128,18,17,95071
esp32c3,AES128GCM,sw,encrypt,128,18,18,95273
esp32c3,AES128GCM,sw,encrypt,128,18,19,95071
esp32c3,AES128GCM,sw,encrypt,128,18,20,95273
esp32c3,AES128GCM,sw,encrypt,128,18,21,95071
esp32c3,AES128GCM,sw,encrypt,128,18,22,95273
esp32c3,AES128GCM,sw,encrypt,128,18,23,95071
esp32c3,AES128GCM,sw,encrypt,128,18,24,95273
esp32c3,AES128GCM,sw,encrypt,128,18,25,95071
esp32c3,AES128GCM,sw,encrypt,128,18,26,95273
esp32c3,AES128GCM,sw,encrypt,128,18,27,95071
esp32c3,AES128GCM,sw,encrypt,128,18,28,95273
esp32c3,AES128GCM,sw,encrypt,128,18,29,95071
esp32c3,AES128GCM,sw,encrypt,128,18,30,95273
esp32c3,AES128GCM,sw,encrypt,128,18,31,95071
esp32c3,AES128GCM,sw,encrypt,128,18,32,95273
esp32c3,AES128GCM,sw,encrypt,128,18,33,95071
esp32c3,AES128GCM,sw,encrypt,128,18,34,95273
esp32c3,AES128GCM,sw,encrypt,128,18,35,95071
esp32c3,AES128GCM,sw,encrypt,128,18,36,95273
esp32c3,AES128GCM,sw,encrypt,128,18,37,95071
esp32c3,AES128GCM,sw,encrypt,128,18,38,95273
esp32c3,AES128GCM,sw,encrypt,128,18,39,95071
esp32c3,AES128GCM,sw,encrypt,128,18,40,95273
esp32c3,AES128GCM,sw,encrypt,128,18,41,95071
esp32c3,AES128GCM,sw,encrypt,128,18,42,95273
esp32c3,AES128GCM,sw,encrypt,128,18,43,95863
esp32c3,AES128GCM,sw,encrypt,128,18,44,95273
esp32c3,AES128GCM,sw,encrypt,128,18,45,95071
esp32c3,AES128GCM,sw,encrypt,128,18,46,95273
esp32c3,AES128GCM,sw,encrypt,128,18,47,95071
esp32c3,AES128GCM,sw,encrypt,128,18,48,96255
esp32c3,AES128GCM,sw,encrypt,128,18,49,95071
esp32c3,AES128GCM,sw,encrypt,128,18,50,95273
esp32c3,AES128GCM,sw,encrypt,128,18,51,95071
esp32c3,AES128GCM,sw,encrypt,128,18,52,95273
esp32c3,AES128GCM,sw,encrypt,128,18,53,96055
esp32c3,AES128GCM,sw,encrypt,128,18,54,95273
esp32c3,AES128GCM,sw,encrypt,128,18,55,95071
esp32c3,AES128GCM,sw,encrypt,128,18,56,95273
esp32c3,AES128GCM,sw,encrypt,128,18,57,95071
esp32c3,AES128GCM,sw,encrypt,128,18,58,96097
esp32c3,AES128GCM,sw,encrypt,128,18,59,95071
esp32c3,AES128GCM,sw,encrypt,128,18,60,95273
esp32c3,AES128GCM,sw,encrypt,128,18,61,95071
esp32c3,AES128GCM,sw,encrypt,128,18,62,95273
esp32c3,AES128GCM,sw,encrypt,128,18,63,96053
esp32c3,AES128GCM,sw,encrypt,128,18,64,95273
esp32c3,AES128GCM,sw,encrypt,128,18,65,95071
esp32c3,AES128GCM,sw,encrypt,128,18,66,95273
esp32c3,AES128GCM,sw,encrypt,128,18,67,95071
esp32c3,AES128GCM,sw,encrypt,128,18,68,96255
esp32c3,AES128GCM,sw,encrypt,128,18,69,95071
esp32c3,AES128GCM,sw,encrypt,128,18,70,95273
esp32c3,AES128GCM,sw,encrypt,128,18,71,95071
esp32c3,AES128GCM,sw,encrypt,128,18,72,95273
esp32c3,AES128GCM,sw,encrypt,128,18,73,96053
esp32c3,AES128GCM,sw,encrypt,128,18,74,95273
esp32c3,AES128GCM,sw,encrypt,128,18,75,95071
esp32c3,AES128GCM,sw,encrypt,128,18,76,95273
esp32c3,AES128GCM,sw,encrypt,128,18,77,95071
esp32c3,AES128GCM,sw,encrypt,128,18,78,96257
esp32c3,AES128GCM,sw,encrypt,128,18,79,95071
esp32c3,AES128GCM,sw,encrypt,128,18,80,95273
esp32c3,AES128GCM,sw,encrypt,128,18,81,95071
esp32c3,AES128GCM,sw,encrypt,128,18,82,95273
esp32c3,AES128GCM,sw,encrypt,128,18,83,96055
esp32c3,AES128GCM,sw,encrypt,128,18,84,95273
esp32c3,AES128GCM,sw,encrypt,128,18,85,95071
esp32c3,AES128GCM,sw,encrypt,128,18,86,95273
esp32c3,AES128GCM,sw,encrypt,128,18,87,95071
esp32c3,AES128GCM,sw,encrypt,128,18,88,96255
esp32c3,AES128GCM,sw,encrypt,128,18,89,95071
esp32c3,AES128GCM,sw,encrypt,128,18,90,95273
esp32c3,AES128GCM,sw,encrypt,128,18,91,95071
esp32c3,AES128GCM,sw,encrypt,128,18,92,95273
esp32c3,AES128GCM,sw,encrypt,128,18,93,96053
esp32c3,AES128GCM,sw,encrypt,128,18,94,95273
esp32c3,AES128GCM,sw,encrypt,128,18,95,95071
esp32c3,AES128GCM,sw,encrypt,128,18,96,95273
esp32c3,AES128GCM,sw,encrypt,128,18,97,95071
esp32c3,AES128GCM,sw,encrypt,128,18,98,96255
esp32c3,AES128GCM,sw,encrypt,128,18,99,95071
esp32c3,AES128GCM,sw,encrypt,128,18,100,95273
esp32c3,AES128GCM,sw,encrypt,128,18,101,95071
esp32c3,AES128GCM,sw,encrypt,128,18,102,95273
esp32c3,AES128GCM,sw,encrypt,128,18,103,96055
esp32c3,AES128GCM,sw,encrypt,128,18,104,95273
esp32c3,AES128GCM,sw,encrypt,128,18,105,95071
esp32c3,AES128GCM,sw,encrypt,128,18,106,95273
esp32c3,AES128GCM,sw,encrypt,128,18,107,95071
esp32c3,AES128GCM,sw,encrypt,128,18,108,95273
esp32c3,AES128GCM,sw,encrypt,128,18,109,95071
esp32c3,AES128GCM,sw,encrypt,128,18,110,95273
esp32c3,AES128GCM,sw,encrypt,128,18,111,95071
esp32c3,AES128GCM,sw,encrypt,128,18,112,95273
esp32c3,AES128GCM,sw,encrypt,128,18,113,95071
esp32c3,AES128GCM,sw,encrypt,128,18,114,95273
esp32c3,AES128GCM,sw,encrypt,128,18,115,95071
esp32c3,AES128GCM,sw,encrypt,128,18,116,95273
esp32c3,AES128GCM,sw,encrypt,128,18,117,95071
esp32c3,AES128GCM,sw,encrypt,128,18,118,95273
esp32c3,AES128GCM,sw,encrypt,128,18,119,95071
esp32c3,AES128GCM,sw,encrypt,128,18,120,95273
esp32c3,AES128GCM,sw,encrypt,128,18,121,95071
esp32c3,AES128GCM,sw,encrypt,128,18,122,95273
esp32c3,AES128GCM,sw,encrypt,128,18,123,95071
esp32c3,AES128GCM,sw,encrypt,128,18,124,95273
esp32c3,AES128GCM,sw,encrypt,128,18,125,96053
esp32c3,AES128GCM,sw,encrypt,128,18,126,95273
esp32c3,AES128GCM,sw,encrypt,128,18,127,95071
esp32c3,AES128GCM,sw,encrypt,128,18,128,95273
esp32c3,AES128GCM,sw,encrypt,128,18,129,95071
esp32c3,AES128GCM,sw,encrypt,128,18,130,96257
esp32c3,AES128GCM,sw,encrypt,128,18,131,95071
esp32c3,AES128GCM,sw,encrypt,128,18,132,95273
esp32c3,AES128GCM,sw,encrypt,128,18,133,95071
esp32c3,AES128GCM,sw,encrypt,128,18,134,95273
esp32c3,AES128GCM,sw,encrypt,128,18,135,95071
esp32c3,AES128GCM,sw,encrypt,128,18,136,95273
esp32c3,AES128GCM,sw,encrypt,128,18,137,95071
esp32c3,AES128GCM,sw,encrypt,128,18,138,95273
esp32c3,AES128GCM,sw,encrypt,128,18,139,95071
esp32c3,AES128GCM,sw,encrypt,128,18,140,95273
esp32c3,AES128GCM,sw,encrypt,128,18,141,95071
esp32c3,AES128GCM,sw,encrypt,128,18,142,95273
esp32c3,AES128GCM,sw,encrypt,128,18,143,95071
esp32c3,AES128GCM,sw,encrypt,128,18,144,95273
esp32c3,AES128GCM,sw,encrypt,128,18,145,95071
esp32c3,AES128GCM,sw,encrypt,128,18,146,95273
esp32c3,AES128GCM,sw,encrypt,128,18,147,95071
esp32c3,AES128GCM,sw,encrypt,128,18,148,95273
esp32c3,AES128GCM,sw,encrypt,128,18,149,95071
esp32c3,AES128GCM,sw,encrypt,128,18,150,95273
esp32c3,AES128GCM,sw,encrypt,128,18,151,95071
esp32c3,AES128GCM,sw,encrypt,128,18,152,96257
esp32c3,AES128GCM,sw,encrypt,128,18,153,95071
esp32c3,AES128GCM,sw,encrypt,128,18,154,95273
esp32c3,AES128GCM,sw,encrypt,128,18,155,95071
esp32c3,AES128GCM,sw,encrypt,128,18,156,95273
esp32c3,AES128GCM,sw,encrypt,128,18,157,95071
esp32c3,AES128GCM,sw,encrypt,128,18,158,95273
esp32c3,AES128GCM,sw,encrypt,128,18,159,95071
esp32c3,AES128GCM,sw,encrypt,128,18,160,95273
esp32c3,AES128GCM,sw,encrypt,128,18,161,95071
esp32c3,AES128GCM,sw,encrypt,128,18,162,95273
esp32c3,AES128GCM,sw,encrypt,128,18,163,95071
esp32c3,AES128GCM,sw,encrypt,128,18,164,95273
esp32c3,AES128GCM,sw,encrypt,128,18,165,95071
esp32c3,AES128GCM,sw,encrypt,128,18,166,95273
esp32c3,AES128GCM,sw,encrypt,128,18,167,95071
esp32c3,AES128GCM,sw,encrypt,128,18,168,95273
esp32c3,AES128GCM,sw,encrypt,128,18,169,95071
esp32c3,AES128GCM,sw,encrypt,128,18,170,95273
esp32c3,AES128GCM,sw,encrypt,128,18,171,95071
esp32c3,AES128GCM,sw,encrypt,128,18,172,95273
esp32c3,AES128GCM,sw,encrypt,128,18,173,95071
esp32c3,AES128GCM,sw,encrypt,128,18,174,96256
esp32c3,AES128GCM,sw,encrypt,128,18,175,95071
esp32c3,AES128GCM,sw,encrypt,128,18,176,95273
esp32c3,AES128GCM,sw,encrypt,128,18,177,95071
esp32c3,AES128GCM,sw,encrypt,128,18,178,95273
esp32c3,AES128GCM,sw,encrypt,128,18,179,96053
esp32c3,AES128GCM,sw,encrypt,128,18,180,95273
esp32c3,AES128GCM,sw,encrypt,128,18,181,95071
esp32c3,AES128GCM,sw,encrypt,128,18,182,95273
esp32c3,AES128GCM,sw,encrypt,128,18,183,95071
esp32c3,AES128GCM,sw,encrypt,128,18,184,95273
esp32c3,AES128GCM,sw,encrypt,128,18,185,95071
esp32c3,AES128GCM,sw,encrypt,128,18,186,95273
esp32c3,AES128GCM,sw,encrypt,128,18,187,95071
esp32c3,AES128GCM,sw,encrypt,128,18,188,95273
esp32c3,AES128GCM,sw,encrypt,128,18,189,95071
esp32c3,AES128GCM,sw,encrypt,128,18,190,95273
esp32c3,AES128GCM,sw,encrypt,128,18,191,95071
esp32c3,AES128GCM,sw,encrypt,128,18,192,95273
esp32c3,AES128GCM,sw,encrypt,128,18,193,95071
esp32c3,AES128GCM,sw,encrypt,128,18,194,95273
esp32c3,AES128GCM,sw,encrypt,128,18,195,95071
esp32c3,AES128GCM,sw,encrypt,128,18,196,95273
esp32c3,AES128GCM,sw,encrypt,128,18,197,95071
esp32c3,AES128GCM,sw,encrypt,128,18,198,95273
esp32c3,AES128GCM,sw,encrypt,128,18,199,95071
esp32c3,AES128GCM,sw,encrypt,128,18,200,95273
esp32c3,AES128GCM,sw,encrypt,128,18,201,96053
esp32c3,AES128GCM,sw,encrypt,128,18,202,95273
esp32c3,AES128GCM,sw,encrypt,128,18,203,95071
esp32c3,AES128GCM,sw,encrypt,128,18,204,95273
esp32c3,AES128GCM,sw,encrypt,128,18,205,95071
esp32c3,AES128GCM,sw,encrypt,128,18,206,96069
esp32c3,AES128GCM,sw,encrypt,128,18,207,95071
esp32c3,AES128GCM,sw,encrypt,128,18,208,95273
esp32c3,AES128GCM,sw,encrypt,128,18,209,95071
esp32c3,AES128GCM,sw,encrypt,128,18,210,95273
esp32c3,AES128GCM,sw,encrypt,128,18,211,95071
esp32c3,AES128GCM,sw,encrypt,128,18,212,95273
esp32c3,AES128GCM,sw,encrypt,128,18,213,95071
esp32c3,AES128GCM,sw,encrypt,128,18,214,95273
esp32c3,AES128GCM,sw,encrypt,128,18,215,95071
esp32c3,AES128GCM,sw,encrypt,128,18,216,95273
esp32c3,AES128GCM,sw,encrypt,128,18,217,95071
esp32c3,AES128GCM,sw,encrypt,128,18,218,95273
esp32c3,AES128GCM,sw,encrypt,128,18,219,95071
esp32c3,AES128GCM,sw,encrypt,128,18,220,95273
esp32c3,AES128GCM,sw,encrypt,128,18,221,95071
esp32c3,AES128GCM,sw,encrypt,128,18,222,95273
esp32c3,AES128GCM,sw,encrypt,128,18,223,95071
esp32c3,AES128GCM,sw,encrypt,128,18,224,95273
esp32c3,AES128GCM,sw,encrypt,128,18,225,95071
esp32c3,AES128GCM,sw,encrypt,128,18,226,95273
esp32c3,AES128GCM,sw,encrypt,128,18,227,95071
esp32c3,AES128GCM,sw,encrypt,128,18,228,96255
esp32c3,AES128GCM,sw,encrypt,128,18,229,95071
esp32c3,AES128GCM,sw,encrypt,128,18,230,95273
esp32c3,AES128GCM,sw,encrypt,128,18,231,95071
esp32c3,AES128GCM,sw,encrypt,128,18,232,95273
esp32c3,AES128GCM,sw,encrypt,128,18,233,95071
esp32c3,AES128GCM,sw,encrypt,128,18,234,95273
esp32c3,AES128GCM,sw,encrypt,128,18,235,95071
esp32c3,AES128GCM,sw,encrypt,128,18,236,95273
esp32c3,AES128GCM,sw,encrypt,128,18,237,95071
esp32c3,AES128GCM,sw,encrypt,128,18,238,95273
esp32c3,AES128GCM,sw,encrypt,128,18,239,95071
esp32c3,AES128GCM,sw,encrypt,128,18,240,95273
esp32c3,AES128GCM,sw,encrypt,128,18,241,95071
esp32c3,AES128GCM,sw,encrypt,128,18,242,95273
esp32c3,AES128GCM,sw,encrypt,128,18,243,95071
esp32c3,AES128GCM,sw,encrypt,128,18,244,95273
esp32c3,AES128GCM,sw,encrypt,128,18,245,95071
esp32c3,AES128GCM,sw,encrypt,128,18,246,95273
esp32c3,AES128GCM,sw,encrypt,128,18,247,95071
esp32c3,AES128GCM,sw,encrypt,128,18,248,95273
esp32c3,AES128GCM,sw,encrypt,128,18,249,95071
esp32c3,AES128GCM,sw,encrypt,128,18,250,96257
esp32c3,AES128GCM,sw,encrypt,128,18,251,95071
esp32c3,AES128GCM,sw,encrypt,128,18,252,95273
esp32c3,AES128GCM,sw,encrypt,128,18,253,95071
esp32c3,AES128GCM,sw,encrypt,128,18,254,95273
esp32c3,AES128GCM,sw,encrypt,128,18,255,96023
esp32c3,AES128GCM,sw,encrypt,128,18,256,95273
esp32c3,AES128GCM,sw,encrypt,128,18,257,95071
esp32c3,AES128GCM,sw,encrypt,128,18,258,95273
esp32c3,AES128GCM,sw,encrypt,128,18,259,95071
esp32c3,AES128GCM,sw,encrypt,128,18,260,95273
esp32c3,AES128GCM,sw,encrypt,128,18,261,95071
esp32c3,AES128GCM,sw,encrypt,128,18,262,95273
esp32c3,AES128GCM,sw,encrypt,128,18,263,95071
esp32c3,AES128GCM,sw,encrypt,128,18,264,95273
esp32c3,AES128GCM,sw,encrypt,128,18,265,95071
esp32c3,AES128GCM,sw,encrypt,128,18,266,95273
esp32c3,AES128GCM,sw,encrypt,128,18,267,95071
esp32c3,AES128GCM,sw,encrypt,128,18,268,95273
esp32c3,AES128GCM,sw,encrypt,128,18,269,95071
esp32c3,AES128GCM,sw,encrypt,128,18,270,95273
esp32c3,AES128GCM,sw,encrypt,128,18,271,95071
esp32c3,AES128GCM,sw,encrypt,128,18,272,95273
esp32c3,AES128GCM,sw,encrypt,128,18,273,95071
esp32c3,AES128GCM,sw,encrypt,128,18,274,95273
esp32c3,AES128GCM,sw,encrypt,128,18,275,95071
esp32c3,AES128GCM,sw,encrypt,128,18,276,95273
esp32c3,AES128GCM,sw,encrypt,128,18,277,96053
esp32c3,AES128GCM,sw,encrypt,128,18,278,95273
esp32c3,AES128GCM,sw,encrypt,128,18,279,95071
esp32c3,AES128GCM,sw,encrypt,128,18,280,95273
esp32c3,AES128GCM,sw,encrypt,128,18,281,95071
esp32c3,AES128GCM,sw,encrypt,128,18,282,95273
esp32c3,AES128GCM,sw,encrypt,128,18,283,95071
esp32c3,AES128GCM,sw,encrypt,128,18,284,95273
esp32c3,AES128GCM,sw,encrypt,128,18,285,95071
esp32c3,AES128GCM,sw,encrypt,128,18,286,95273
esp32c3,AES128GCM,sw,encrypt,128,18,287,95071
esp32c3,AES128GCM,sw,encrypt,128,18,288,95273
esp32c3,AES128GCM,sw,encrypt,128,18,289,95071
esp32c3,AES128GCM,sw,encrypt,128,18,290,95273
esp32c3,AES128GCM,sw,encrypt,128,18,291,95071
esp32c3,AES128GCM,sw,encrypt,128,18,292,95273
esp32c3,AES128GCM,sw,encrypt,128,18,293,95071
esp32c3,AES128GCM,sw,encrypt,128,18,294,95273
esp32c3,AES128GCM,sw,encrypt,128,18,295,95071
esp32c3,AES128GCM,sw,encrypt,128,18,296,95273
esp32c3,AES128GCM,sw,encrypt,128,18,297,95071
esp32c3,AES128GCM,sw,encrypt,128,18,298,95273
esp32c3,AES128GCM,sw,encrypt,128,18,299,95071
esp32c3,AES128GCM,sw,encrypt,128,18,300,95273
esp32c3,AES128GCM,sw,encrypt,128,18,301,95071
esp32c3,AES128GCM,sw,encrypt,128,18,302,95273
esp32c3,AES128GCM,sw,encrypt,128,18,303,95071
esp32c3,AES128GCM,sw,encrypt,128,18,304,96257
esp32c3,AES128GCM,sw,encrypt,128,18,305,95071
esp32c3,AES128GCM,sw,encrypt,128,18,306,95273
esp32c3,AES128GCM,sw,encrypt,128,18,307,95071
esp32c3,AES128GCM,sw,encrypt,128,18,308,95273
esp32c3,AES128GCM,sw,encrypt,128,18,309,95071
esp32c3,AES128GCM,sw,encrypt,128,18,310,95273
esp32c3,AES128GCM,sw,encrypt,128,18,311,95071
esp32c3,AES128GCM,sw,encrypt,128,18,312,95273
esp32c3,AES128GCM,sw,encrypt,128,18,313,95071
esp32c3,AES128GCM,sw,encrypt,128,18,314,95273
esp32c3,AES128GCM,sw,encrypt,128,18,315,95071
esp32c3,AES128GCM,sw,encrypt,128,18,316,95273
esp32c3,AES128GCM,sw,encrypt,128,18,317,95071
esp32c3,AES128GCM,sw,encrypt,128,18,318,95273
esp32c3,AES128GCM,sw,encrypt,128,18,319,95071
esp32c3,AES128GCM,sw,encrypt,128,18,320,95273
esp32c3,AES128GCM,sw,encrypt,128,18,321,95071
esp32c3,AES128GCM,sw,encrypt,128,18,322,95273
esp32c3,AES128GCM,sw,encrypt,128,18,323,95071
esp32c3,AES128GCM,sw,encrypt,128,18,324,95273
esp32c3,AES128GCM,sw,encrypt,128,18,325,95071
esp32c3,AES128GCM,sw,encrypt,128,18,326,96255
esp32c3,AES128GCM,sw,encrypt,128,18,327,95071
esp32c3,AES128GCM,sw,encrypt,128,18,328,95273
esp32c3,AES128GCM,sw,encrypt,128,18,329,95071
esp32c3,AES128GCM,sw,encrypt,128,18,330,95273
esp32c3,AES128GCM,sw,encrypt,128,18,331,96053
esp32c3,AES128GCM,sw,encrypt,128,18,332,95273
esp32c3,AES128GCM,sw,encrypt,128,18,333,95071
esp32c3,AES128GCM,sw,encrypt,128,18,334,95273
esp32c3,AES128GCM,sw,encrypt,128,18,335,95071
esp32c3,AES128GCM,sw,encrypt,128,18,336,95273
esp32c3,AES128GCM,sw,encrypt,128,18,337,95071
esp32c3,AES128GCM,sw,encrypt,128,18,338,95273
esp32c3,AES128GCM,sw,encrypt,128,18,339,95071
esp32c3,AES128GCM,sw,encrypt,128,18,340,95273
esp32c3,AES128GCM,sw,encrypt,128,18,341,95071
esp32c3,AES128GCM,sw,encrypt,128,18,342,95273
esp32c3,AES128GCM,sw,encrypt,128,18,343,95071
esp32c3,AES128GCM,sw,encrypt,128,18,344,95273
esp32c3,AES128GCM,sw,encrypt,128,18,345,95071
esp32c3,AES128GCM,sw,encrypt,128,18,346,95273
esp32c3,AES128GCM,sw,encrypt,128,18,347,95071
esp32c3,AES128GCM,sw,encrypt,128,18,348,95273
esp32c3,AES128GCM,sw,encrypt,128,18,349,95071
esp32c3,AES128GCM,sw,encrypt,128,18,350,95273
esp32c3,AES128GCM,sw,encrypt,128,18,351,95071
esp32c3,AES128GCM,sw,encrypt,128,18,352,95273
esp32c3,AES128GCM,sw,encrypt,128,18,353,96053
esp32c3,AES128GCM,sw,encrypt,128,18,354,95273
esp32c3,AES128GCM,sw,encrypt,128,18,355,95071
esp32c3,AES128GCM,sw,encrypt,128,18,356,95273
esp32c3,AES128GCM,sw,encrypt,128,18,357,95071
esp32c3,AES128GCM,sw,encrypt,128,18,358,95273
esp32c3,AES128GCM,sw,encrypt,128,18,359,95071
esp32c3,AES128GCM,sw,encrypt,128,18,360,95273
esp32c3,AES128GCM,sw,encrypt,128,18,361,95071
esp32c3,AES128GCM,sw,encrypt,128,18,362,95273
esp32c3,AES128GCM,sw,encrypt,128,18,363,95071
esp32c3,AES128GCM,sw,encrypt,128,18,364,95273
esp32c3,AES128GCM,sw,encrypt,128,18,365,95071
esp32c3,AES128GCM,sw,encrypt,128,18,366,95273
esp32c3,AES128GCM,sw,encrypt,128,18,367,95071
esp32c3,AES128GCM,sw,encrypt,128,18,368,95273
esp32c3,AES128GCM,sw,encrypt,128,18,369,95071
esp32c3,AES128GCM,sw,encrypt,128,18,370,95273
esp32c3,AES128GCM,sw,encrypt,128,18,371,95071
esp32c3,AES128GCM,sw,encrypt,128,18,372,95273
esp32c3,AES128GCM,sw,encrypt,128,18,373,95071
esp32c3,AES128GCM,sw,encrypt,128,18,374,95273
esp32c3,AES128GCM,sw,encrypt,128,18,375,95071
esp32c3,AES128GCM,sw,encrypt,128,18,376,95273
esp32c3,AES128GCM,sw,encrypt,128,18,377,95071
esp32c3,AES128GCM,sw,encrypt,128,18,378,95273
esp32c3,AES128GCM,sw,encrypt,128,18,379,95071
esp32c3,AES128GCM,sw,encrypt,128,18,380,96255
esp32c3,AES128GCM,sw,encrypt,128,18,381,95071
esp32c3,AES128GCM,sw,encrypt,128,18,382,95273
esp32c3,AES128GCM,sw,encrypt,128,18,383,95071
esp32c3,AES128GCM,sw,encrypt,128,18,384,95273
esp32c3,AES128GCM,sw,encrypt,128,18,385,95071
esp32c3,AES128GCM,sw,encrypt,128,18,386,95273
esp32c3,AES128GCM,sw,encrypt,128,18,387,95071
esp32c3,AES128GCM,sw,encrypt,128,18,388,95273
esp32c3,AES128GCM,sw,encrypt,128,18,389,95071
esp32c3,AES128GCM,sw,encrypt,128,18,390,95273
esp32c3,AES128GCM,sw,encrypt,128,18,391,95071
esp32c3,AES128GCM,sw,encrypt,128,18,392,95273
esp32c3,AES128GCM,sw,encrypt,128,18,393,95071
esp32c3,AES128GCM,sw,encrypt,128,18,394,95273
esp32c3,AES128GCM,sw,encrypt,128,18,395,95071
esp32c3,AES128GCM,sw,encrypt,128,18,396,95273
esp32c3,AES128GCM,sw,encrypt,128,18,397,95071
esp32c3,AES128GCM,sw,encrypt,128,18,398,95273
esp32c3,AES128GCM,sw,encrypt,128,18,399,95071
esp32c3,AES128GCM,sw,encrypt,128,18,400,95273
esp32c3,AES128GCM,sw,encrypt,128,18,401,95071
esp32c3,AES128GCM,sw,encrypt,128,18,402,96255
esp32c3,AES128GCM,sw,encrypt,128,18,403,95071
esp32c3,AES128GCM,sw,encrypt,128,18,404,95273
esp32c3,AES128GCM,sw,encrypt,128,18,405,95071
esp32c3,AES128GCM,sw,encrypt,128,18,406,95273
esp32c3,AES128GCM,sw,encrypt,128,18,407,96053
esp32c3,AES128GCM,sw,encrypt,128,18,408,95273
esp32c3,AES128GCM,sw,encrypt,128,18,409,95071
esp32c3,AES128GCM,sw,encrypt,128,18,410,95273
esp32c3,AES128GCM,sw,encrypt,128,18,411,95071
esp32c3,AES128GCM,sw,encrypt,128,18,412,95273
esp32c3,AES128GCM,sw,encrypt,128,18,413,95071
esp32c3,AES128GCM,sw,encrypt,128,18,414,95273
esp32c3,AES128GCM,sw,encrypt,128,18,415,95071
esp32c3,AES128GCM,sw,encrypt,128,18,416,95273
esp32c3,AES128GCM,sw,encrypt,128,18,417,95071
esp32c3,AES128GCM,sw,encrypt,128,18,418,95273
esp32c3,AES128GCM,sw,encrypt,128,18,419,95071
esp32c3,AES128GCM,sw,encrypt,128,18,420,95273
esp32c3,AES128GCM,sw,encrypt,128,18,421,95071
esp32c3,AES128GCM,sw,encrypt,128,18,422,95273
esp32c3,AES128GCM,sw,encrypt,128,18,423,95071
esp32c3,AES128GCM,sw,encrypt,128,18,424,95273
esp32c3,AES128GCM,sw,encrypt,128,18,425,95071
esp32c3,AES128GCM,sw,encrypt,128,18,426,95273
esp32c3,AES128GCM,sw,encrypt,128,18,427,95071
esp32c3,AES128GCM,sw,encrypt,128,18,428,95273
esp32c3,AES128GCM,sw,encrypt,128,18,429,96053
esp32c3,AES128GCM,sw,encrypt,128,18,430,95273
esp32c3,AES128GCM,sw,encrypt,128,18,431,95071
esp32c3,AES128GCM,sw,encrypt,128,18,432,95273
esp32c3,AES128GCM,sw,encrypt,128,18,433,95071
esp32c3,AES128GCM,sw,encrypt,128,18,434,95273
esp32c3,AES128GCM,sw,encrypt,128,18,435,95071
esp32c3,AES128GCM,sw,encrypt,128,18,436,95273
esp32c3,AES128GCM,sw,encrypt,128,18,437,95071
esp32c3,AES128GCM,sw,encrypt,128,18,438,95273
esp32c3,AES128GCM,sw,encrypt,128,18,439,95071
esp32c3,AES128GCM,sw,encrypt,128,18,440,95273
esp32c3,AES128GCM,sw,encrypt,128,18,441,95071
esp32c3,AES128GCM,sw,encrypt,128,18,442,95273
esp32c3,AES128GCM,sw,encrypt,128,18,443,95071
esp32c3,AES128GCM,sw,encrypt,128,18,444,95273
esp32c3,AES128GCM,sw,encrypt,128,18,445,95071
esp32c3,AES128GCM,sw,encrypt,128,18,446,95273
esp32c3,AES128GCM,sw,encrypt,128,18,447,95071
esp32c3,AES128GCM,sw,encrypt,128,18,448,95273
esp32c3,AES128GCM,sw,encrypt,128,18,449,95071
esp32c3,AES128GCM,sw,encrypt,128,18,450,95273
esp32c3,AES128GCM,sw,encrypt,128,18,451,96054
esp32c3,AES128GCM,sw,encrypt,128,18,452,95273
esp32c3,AES128GCM,sw,encrypt,128,18,453,95071
esp32c3,AES128GCM,sw,encrypt,128,18,454,95273
esp32c3,AES128GCM,sw,encrypt,128,18,455,95071
esp32c3,AES128GCM,sw,encrypt,128,18,456,96255
esp32c3,AES128GCM,sw,encrypt,128,18,457,95071
esp32c3,AES128GCM,sw,encrypt,128,18,458,95273
esp32c3,AES128GCM,sw,encrypt,128,18,459,95071
esp32c3,AES128GCM,sw,encrypt,128,18,460,95273
esp32c3,AES128GCM,sw,encrypt,128,18,461,95071
esp32c3,AES128GCM,sw,encrypt,128,18,462,95273
esp32c3,AES128GCM,sw,encrypt,128,18,463,95071
esp32c3,AES128GCM,sw,encrypt,128,18,464,95273
esp32c3,AES128GCM,sw,encrypt,128,18,465,95071
esp32c3,AES128GCM,sw,encrypt,128,18,466,95273
esp32c3,AES128GCM,sw,encrypt,128,18,467,95071
esp32c3,AES128GCM,sw,encrypt,128,18,468,95273
esp32c3,AES128GCM,sw,encrypt,128,18,469,95071
esp32c3,AES128GCM,sw,encrypt,128,18,470,95273
esp32c3,AES128GCM,sw,encrypt,128,18,471,95071
esp32c3,AES128GCM,sw,encrypt,128,18,472,95273
esp32c3,AES128GCM,sw,encrypt,128,18,473,95071
esp32c3,AES128GCM,sw,encrypt,128,18,474,95273
esp32c3,AES128GCM,sw,encrypt,128,18,475,95071
esp32c3,AES128GCM,sw,encrypt,128,18,476,95273
esp32c3,AES128GCM,sw,encrypt,128,18,477,95071
esp32c3,AES128GCM,sw,encrypt,128,18,478,96257
esp32c3,AES128GCM,sw,encrypt,128,18,479,95071
esp32c3,AES128GCM,sw,encrypt,128,18,480,95273
esp32c3,AES128GCM,sw,encrypt,128,18,481,95071
esp32c3,AES128GCM,sw,encrypt,128,18,482,95273
esp32c3,AES128GCM,sw,encrypt,128,18,483,96053
esp32c3,AES128GCM,sw,encrypt,128,18,484,95273
esp32c3,AES128GCM,sw,encrypt,128,18,485,95071
esp32c3,AES128GCM,sw,encrypt,128,18,486,95273
esp32c3,AES128GCM,sw,encrypt,128,18,487,95071
esp32c3,AES128GCM,sw,encrypt,128,18,488,95273
esp32c3,AES128GCM,sw,encrypt,128,18,489,95071
esp32c3,AES128GCM,sw,encrypt,128,18,490,95273
esp32c3,AES128GCM,sw,encrypt,128,18,491,95071
esp32c3,AES128GCM,sw,encrypt,128,18,492,95273
esp32c3,AES128GCM,sw,encrypt,128,18,493,95071
esp32c3,AES128GCM,sw,encrypt,128,18,494,95273
esp32c3,AES128GCM,sw,encrypt,128,18,495,95071
esp32c3,AES128GCM,sw,encrypt,128,18,496,95273
esp32c3,AES128GCM,sw,encrypt,128,18,497,95071
esp32c3,AES128GCM,sw,encrypt,128,18,498,95273
esp32c3,AES128GCM,sw,encrypt,128,18,499,95071
esp32c3,AES128GCM,sw,encrypt,128,18,500,95273
esp32c3,AES128GCM,sw,encrypt,128,18,501,95071
esp32c3,AES128GCM,sw,encrypt,128,18,502,95273
esp32c3,AES128GCM,sw,encrypt,128,18,503,95071
esp32c3,AES128GCM,sw,encrypt,128,18,504,95273
esp32c3,AES128GCM,sw,encrypt,128,18,505,96053
esp32c3,AES128GCM,sw,encrypt,128,18,506,95273
esp32c3,AES128GCM,sw,encrypt,128,18,507,95071
esp32c3,AES128GCM,sw,encrypt,128,18,508,95273
esp32c3,AES128GCM,sw,encrypt,128,18,509,95071
esp32c3,AES128GCM,sw,encrypt,128,18,510,95273
esp32c3,AES128GCM,sw,encrypt,128,18,511,95071
esp32c3,AES128GCM,sw,encrypt,128,18,512,95273
esp32c3,AES128GCM,sw,encrypt,128,18,513,95071
esp32c3,AES128GCM,sw,encrypt,128,18,514,95273
esp32c3,AES128GCM,sw,encrypt,128,18,515,95071
esp32c3,AES128GCM,sw,encrypt,128,18,516,95273
esp32c3,AES128GCM,sw,encrypt,128,18,517,95071
esp32c3,AES128GCM,sw,encrypt,128,18,518,95273
esp32c3,AES128GCM,sw,encrypt,128,18,519,95071
esp32c3,AES128GCM,sw,encrypt,128,18,520,95273
esp32c3,AES128GCM,sw,encrypt,128,18,521,95071
esp32c3,AES128GCM,sw,encrypt,128,18,522,95273
esp32c3,AES128GCM,sw,encrypt,128,18,523,95071
esp32c3,AES128GCM,sw,encrypt,128,18,524,95273
esp32c3,AES128GCM,sw,encrypt,128,18,525,95071
esp32c3,AES128GCM,sw,encrypt,128,18,526,95273
esp32c3,AES128GCM,sw,encrypt,128,18,527,96053
esp32c3,AES128GCM,sw,encrypt,128,18,528,95273
esp32c3,AES128GCM,sw,encrypt,128,18,529,95071
esp32c3,AES128GCM,sw,encrypt,128,18,530,95273
esp32c3,AES128GCM,sw,encrypt,128,18,531,95071
esp32c3,AES128GCM,sw,encrypt,128,18,532,96255
esp32c3,AES128GCM,sw,encrypt,128,18,533,95071
esp32c3,AES128GCM,sw,encrypt,128,18,534,95273
esp32c3,AES128GCM,sw,encrypt,128,18,535,95071
esp32c3,AES128GCM,sw,encrypt,128,18,536,95273
esp32c3,AES128GCM,sw,encrypt,128,18,537,95071
esp32c3,AES128GCM,sw,encrypt,128,18,538,95273
esp32c3,AES128GCM,sw,encrypt,128,18,539,95071
esp32c3,AES128GCM,sw,encrypt,128,18,540,95273
esp32c3,AES128GCM,sw,encrypt,128,18,541,95071
esp32c3,AES128GCM,sw,encrypt,128,18,542,95273
esp32c3,AES128GCM,sw,encrypt,128,18,543,95071
esp32c3,AES128GCM,sw,encrypt,128,18,544,95273
esp32c3,AES128GCM,sw,encrypt,128,18,545,95071
esp32c3,AES128GCM,sw,encrypt,128,18,546,95273
esp32c3,AES128GCM,sw,encrypt,128,18,547,95071
esp32c3,AES128GCM,sw,encrypt,128,18,548,95273
esp32c3,AES128GCM,sw,encrypt,128,18,549,95071
esp32c3,AES128GCM,sw,encrypt,128,18,550,95273
esp32c3,AES128GCM,sw,encrypt,128,18,551,95071
esp32c3,AES128GCM,sw,encrypt,128,18,552,95273
esp32c3,AES128GCM,sw,encrypt,128,18,553,95071
esp32c3,AES128GCM,sw,encrypt,128,18,554,96255
esp32c3,AES128GCM,sw,encrypt,128,18,555,95071
esp32c3,AES128GCM,sw,encrypt,128,18,556,95273
esp32c3,AES128GCM,sw,encrypt,128,18,557,95071
esp32c3,AES128GCM,sw,encrypt,128,18,558,95273
esp32c3,AES128GCM,sw,encrypt,128,18,559,95071
esp32c3,AES128GCM,sw,encrypt,128,18,560,95273
esp32c3,AES128GCM,sw,encrypt,128,18,561,95071
esp32c3,AES128GCM,sw,encrypt,128,18,562,95273
esp32c3,AES128GCM,sw,encrypt,128,18,563,95071
esp32c3,AES128GCM,sw,encrypt,128,18,564,95273
esp32c3,AES128GCM,sw,encrypt,128,18,565,95071
esp32c3,AES128GCM,sw,encrypt,128,18,566,95273
esp32c3,AES128GCM,sw,encrypt,128,18,567,95071
esp32c3,AES128GCM,sw,encrypt,128,18,568,95273
esp32c3,AES128GCM,sw,encrypt,128,18,569,95071
esp32c3,AES128GCM,sw,encrypt,128,18,570,95273
esp32c3,AES128GCM,sw,encrypt,128,18,571,95071
esp32c3,AES128GCM,sw,encrypt,128,18,572,95273
esp32c3,AES128GCM,sw,encrypt,128,18,573,95071
esp32c3,AES128GCM,sw,encrypt,128,18,574,95273
esp32c3,AES128GCM,sw,encrypt,128,18,575,95071
esp32c3,AES128GCM,sw,encrypt,128,18,576,95273
esp32c3,AES128GCM,sw,encrypt,128,18,577,95071
esp32c3,AES128GCM,sw,encrypt,128,18,578,95273
esp32c3,AES128GCM,sw,encrypt,128,18,579,95071
esp32c3,AES128GCM,sw,encrypt,128,18,580,95273
esp32c3,AES128GCM,sw,encrypt,128,18,581,96053
esp32c3,AES128GCM,sw,encrypt,128,18,582,95273
esp32c3,AES128GCM,sw,encrypt,128,18,583,95071
esp32c3,AES128GCM,sw,encrypt,128,18,584,95273
esp32c3,AES128GCM,sw,encrypt,128,18,585,95071
esp32c3,AES128GCM,sw,encrypt,128,18,586,95273
esp32c3,AES128GCM,sw,encrypt,128,18,587,95071
esp32c3,AES128GCM,sw,encrypt,128,18,588,95273
esp32c3,AES128GCM,sw,encrypt,128,18,589,95071
esp32c3,AES128GCM,sw,encrypt,128,18,590,95273
esp32c3,AES128GCM,sw,encrypt,128,18,591,95071
esp32c3,AES128GCM,sw,encrypt,128,18,592,95273
esp32c3,AES128GCM,sw,encrypt,128,18,593,95071
esp32c3,AES128GCM,sw,encrypt,128,18,594,95273
esp32c3,AES128GCM,sw,encrypt,128,18,595,95071
esp32c3,AES128GCM,sw,encrypt,128,18,596,95273
esp32c3,AES128GCM,sw,encrypt,128,18,597,95071
esp32c3,AES128GCM,sw,encrypt,128,18,598,95273
esp32c3,AES128GCM,sw,encrypt,128,18,599,95071
esp32c3,AES128GCM,sw,encrypt,128,18,600,95273
esp32c3,AES128GCM,sw,encrypt,128,18,601,95071
esp32c3,AES128GCM,sw,encrypt,128,18,602,95273
esp32c3,AES128GCM,sw,encrypt,128,18,603,96053
esp32c3,AES128GCM,sw,encrypt,128,18,604,95273
esp32c3,AES128GCM,sw,encrypt,128,18,605,95071
esp32c3,AES128GCM,sw,encrypt,128,18,606,95273
esp32c3,AES128GCM,sw,encrypt,128,18,607,95071
esp32c3,AES128GCM,sw,encrypt,128,18,608,96255
esp32c3,AES128GCM,sw,encrypt,128,18,609,95071
esp32c3,AES128GCM,sw,encrypt,128,18,610,95273
esp32c3,AES128GCM,sw,encrypt,128,18,611,95071
esp32c3,AES128GCM,sw,encrypt,128,18,612,95273
esp32c3,AES128GCM,sw,encrypt,128,18,613,95071
esp32c3,AES128GCM,sw,encrypt,128,18,614,95273
esp32c3,AES128GCM,sw,encrypt,128,18,615,95071
esp32c3,AES128GCM,sw,encrypt,128,18,616,95273
esp32c3,AES128GCM,sw,encrypt,128,18,617,95071
esp32c3,AES128GCM,sw,encrypt,128,18,618,95273
esp32c3,AES128GCM,sw,encrypt,128,18,619,95071
esp32c3,AES128GCM,sw,encrypt,128,18,620,95273
esp32c3,AES128GCM,sw,encrypt,128,18,621,95071
esp32c3,AES128GCM,sw,encrypt,128,18,622,95273
esp32c3,AES128GCM,sw,encrypt,128,18,623,95071
esp32c3,AES128GCM,sw,encrypt,128,18,624,95273
esp32c3,AES128GCM,sw,encrypt,128,18,625,95071
esp32c3,AES128GCM,sw,encrypt,128,18,626,95273
esp32c3,AES128GCM,sw,encrypt,128,18,627,95071
esp32c3,AES128GCM,sw,encrypt,128,18,628,95273
esp32c3,AES128GCM,sw,encrypt,128,18,629,95071
esp32c3,AES128GCM,sw,encrypt,128,18,630,96255
esp32c3,AES128GCM,sw,encrypt,128,18,631,95071
esp32c3,AES128GCM,sw,encrypt,128,18,632,95273
esp32c3,AES128GCM,sw,encrypt,128,18,633,95071
esp32c3,AES128GCM,sw,encrypt,128,18,634,95273
esp32c3,AES128GCM,sw,encrypt,128,18,635,95071
esp32c3,AES128GCM,sw,encrypt,128,18,636,95273
esp32c3,AES128GCM,sw,encrypt,128,18,637,95071
esp32c3,AES128GCM,sw,encrypt,128,18,638,95273
esp32c3,AES128GCM,sw,encrypt,128,18,639,95071
esp32c3,AES128GCM,sw,encrypt,128,18,640,95273
esp32c3,AES128GCM,sw,encrypt,128,18,641,95071
esp32c3,AES128GCM,sw,encrypt,128,18,642,95273
esp32c3,AES128GCM,sw,encrypt,128,18,643,95071
esp32c3,AES128GCM,sw,encrypt,128,18,644,95273
esp32c3,AES128GCM,sw,encrypt,128,18,645,95071
esp32c3,AES128GCM,sw,encrypt,128,18,646,95273
esp32c3,AES128GCM,sw,encrypt,128,18,647,95071
esp32c3,AES128GCM,sw,encrypt,128,18,648,95273
esp32c3,AES128GCM,sw,encrypt,128,18,649,95071
esp32c3,AES128GCM,sw,encrypt,128,18,650,95273
esp32c3,AES128GCM,sw,encrypt,128,18,651,95071
esp32c3,AES128GCM,sw,encrypt,128,18,652,96255
esp32c3,AES128GCM,sw,encrypt,128,18,653,95071
esp32c3,AES128GCM,sw,encrypt,128,18,654,95273
esp32c3,AES128GCM,sw,encrypt,128,18,655,95071
esp32c3,AES128GCM,sw,encrypt,128,18,656,95273
esp32c3,AES128GCM,sw,encrypt,128,18,657,95963
esp32c3,AES128GCM,sw,encrypt,128,18,658,95273
esp32c3,AES128GCM,sw,encrypt,128,18,659,95071
esp32c3,AES128GCM,sw,encrypt,128,18,660,95273
esp32c3,AES128GCM,sw,encrypt,128,18,661,95071
esp32c3,AES128GCM,sw,encrypt,128,18,662,95273
esp32c3,AES128GCM,sw,encrypt,128,18,663,95071
esp32c3,AES128GCM,sw,encrypt,128,18,664,95273
esp32c3,AES128GCM,sw,encrypt,128,18,665,95071
esp32c3,AES128GCM,sw,encrypt,128,18,666,95273
esp32c3,AES128GCM,sw,encrypt,128,18,667,95071
esp32c3,AES128GCM,sw,encrypt,128,18,668,95273
esp32c3,AES128GCM,sw,encrypt,128,18,669,95071
esp32c3,AES128GCM,sw,encrypt,128,18,670,95273
esp32c3,AES128GCM,sw,encrypt,128,18,671,95071
esp32c3,AES128GCM,sw,encrypt,128,18,672,95273
esp32c3,AES128GCM,sw,encrypt,128,18,673,95071
esp32c3,AES128GCM,sw,encrypt,128,18,674,95273
esp32c3,AES128GCM,sw,encrypt,128,18,675,95071
esp32c3,AES128GCM,sw,encrypt,128,18,676,95273
esp32c3,AES128GCM,sw,encrypt,128,18,677,95071
esp32c3,AES128GCM,sw,encrypt,128,18,678,95273
esp32c3,AES128GCM,sw,encrypt,128,18,679,96053
esp32c3,AES128GCM,sw,encrypt,128,18,680,95273
esp32c3,AES128GCM,sw,encrypt,128,18,681,95071
esp32c3,AES128GCM,sw,encrypt,128,18,682,95273
esp32c3,AES128GCM,sw,encrypt,128,18,683,95071
esp32c3,AES128GCM,sw,encrypt,128,18,684,96255
esp32c3,AES128GCM,sw,encrypt,128,18,685,95071
esp32c3,AES128GCM,sw,encrypt,128,18,686,95273
esp32c3,AES128GCM,sw,encrypt,128,18,687,95071
esp32c3,AES128GCM,sw,encrypt,128,18,688,95273
esp32c3,AES128GCM,sw,encrypt,128,18,689,95071
esp32c3,AES128GCM,sw,encrypt,128,18,690,95273
esp32c3,AES128GCM,sw,encrypt,128,18,691,95071
esp32c3,AES128GCM,sw,encrypt,128,18,692,95273
esp32c3,AES128GCM,sw,encrypt,128,18,693,95071
esp32c3,AES128GCM,sw,encrypt,128,18,694,95273
esp32c3,AES128GCM,sw,encrypt,128,18,695,95071
esp32c3,AES128GCM,sw,encrypt,128,18,696,95273
esp32c3,AES128GCM,sw,encrypt,128,18,697,95071
esp32c3,AES128GCM,sw,encrypt,128,18,698,95273
esp32c3,AES128GCM,sw,encrypt,128,18,699,95071
esp32c3,AES128GCM,sw,encrypt,128,18,700,95273
esp32c3,AES128GCM,sw,encrypt,128,18,701,95071
esp32c3,AES128GCM,sw,encrypt,128,18,702,95273
esp32c3,AES128GCM,sw,encrypt,128,18,703,95071
esp32c3,AES128GCM,sw,encrypt,128,18,704,95273
esp32c3,AES128GCM,sw,encrypt,128,18,705,95071
esp32c3,AES128GCM,sw,encrypt,128,18,706,96255
esp32c3,AES128GCM,sw,encrypt,128,18,707,95071
esp32c3,AES128GCM,sw,encrypt,128,18,708,95273
esp32c3,AES128GCM,sw,encrypt,128,18,709,95071
esp32c3,AES128GCM,sw,encrypt,128,18,710,95273
esp32c3,AES128GCM,sw,encrypt,128,18,711,95071
esp32c3,AES128GCM,sw,encrypt,128,18,712,95273
esp32c3,AES128GCM,sw,encrypt,128,18,713,95071
esp32c3,AES128GCM,sw,encrypt,128,18,714,95273
esp32c3,AES128GCM,sw,encrypt,128,18,715,95071
esp32c3,AES128GCM,sw,encrypt,128,18,716,95273
esp32c3,AES128GCM,sw,encrypt,128,18,717,95071
esp32c3,AES128GCM,sw,encrypt,128,18,718,95273
esp32c3,AES128GCM,sw,encrypt,128,18,719,95071
esp32c3,AES128GCM,sw,encrypt,128,18,720,95273
esp32c3,AES128GCM,sw,encrypt,128,18,721,95071
esp32c3,AES128GCM,sw,encrypt,128,18,722,95273
esp32c3,AES128GCM,sw,encrypt,128,18,723,95071
esp32c3,AES128GCM,sw,encrypt,128,18,724,95273
esp32c3,AES128GCM,sw,encrypt,128,18,725,95071
esp32c3,AES128GCM,sw,encrypt,128,18,726,95273
esp32c3,AES128GCM,sw,encrypt,128,18,727,95071
esp32c3,AES128GCM,sw,encrypt,128,18,728,96255
esp32c3,AES128GCM,sw,encrypt,128,18,729,95071
esp32c3,AES128GCM,sw,encrypt,128,18,730,95273
esp32c3,AES128GCM,sw,encrypt,128,18,731,95071
esp32c3,AES128GCM,sw,encrypt,128,18,732,95273
esp32c3,AES128GCM,sw,encrypt,128,18,733,96055
esp32c3,AES128GCM,sw,encrypt,128,18,734,95273
esp32c3,AES128GCM,sw,encrypt,128,18,735,95071
esp32c3,AES128GCM,sw,encrypt,128,18,736,95273
esp32c3,AES128GCM,sw,encrypt,128,18,737,95071
esp32c3,AES128GCM,sw,encrypt,128,18,738,95273
esp32c3,AES128GCM,sw,encrypt,128,18,739,95071
esp32c3,AES128GCM,sw,encrypt,128,18,740,95273
esp32c3,AES128GCM,sw,encrypt,128,18,741,95071
esp32c3,AES128GCM,sw,encrypt,128,18,742,95273
esp32c3,AES128GCM,sw,encrypt,128,18,743,95071
esp32c3,AES128GCM,sw,encrypt,128,18,744,95273
esp32c3,AES128GCM,sw,encrypt,128,18,745,95071
esp32c3,AES128GCM,sw,encrypt,128,18,746,95273
esp32c3,AES128GCM,sw,encrypt,128,18,747,95071
esp32c3,AES128GCM,sw,encrypt,128,18,748,95273
esp32c3,AES128GCM,sw,encrypt,128,18,749,95071
esp32c3,AES128GCM,sw,encrypt,128,18,750,95273
esp32c3,AES128GCM,sw,encrypt,128,18,751,95071
esp32c3,AES128GCM,sw,encrypt,128,18,752,95273
esp32c3,AES128GCM,sw,encrypt,128,18,753,95071
esp32c3,AES128GCM,sw,encrypt,128,18,754,95273
esp32c3,AES128GCM,sw,encrypt,128,18,755,96053
esp32c3,AES128GCM,sw,encrypt,128,18,756,95273
esp32c3,AES128GCM,sw,encrypt,128,18,757,95071
esp32c3,AES128GCM,sw,encrypt,128,18,758,95273
esp32c3,AES128GCM,sw,encrypt,128,18,759,95071
esp32c3,AES128GCM,sw,encrypt,128,18,760,96069
esp32c3,AES128GCM,sw,encrypt,128,18,761,95071
esp32c3,AES128GCM,sw,encrypt,128,18,762,95273
esp32c3,AES128GCM,sw,encrypt,128,18,763,95071
esp32c3,AES128GCM,sw,encrypt,128,18,764,95273
esp32c3,AES128GCM,sw,encrypt,128,18,765,95071
esp32c3,AES128GCM,sw,encrypt,128,18,766,95273
esp32c3,AES128GCM,sw,encrypt,128,18,767,95071
esp32c3,AES128GCM,sw,encrypt,128,18,768,95273
esp32c3,AES128GCM,sw,encrypt,128,18,769,95071
esp32c3,AES128GCM,sw,encrypt,128,18,770,95273
esp32c3,AES128GCM,sw,encrypt,128,18,771,95071
esp32c3,AES128GCM,sw,encrypt,128,18,772,95273
esp32c3,AES128GCM,sw,encrypt,128,18,773,95071
esp32c3,AES128GCM,sw,encrypt,128,18,774,95273
esp32c3,AES128GCM,sw,encrypt,128,18,775,95071
esp32c3,AES128GCM,sw,encrypt,128,18,776,95273
esp32c3,AES128GCM,sw,encrypt,128,18,777,95071
esp32c3,AES128GCM,sw,encrypt,128,18,778,95273
esp32c3,AES128GCM,sw,encrypt,128,18,779,95071
esp32c3,AES128GCM,sw,encrypt,128,18,780,95273
esp32c3,AES128GCM,sw,encrypt,128,18,781,95071
esp32c3,AES128GCM,sw,encrypt,128,18,782,96255
esp32c3,AES128GCM,sw,encrypt,128,18,783,95071
esp32c3,AES128GCM,sw,encrypt,128,18,784,95273
esp32c3,AES128GCM,sw,encrypt,128,18,785,95071
esp32c3,AES128GCM,sw,encrypt,128,18,786,95273
esp32c3,AES128GCM,sw,encrypt,128,18,787,95071
esp32c3,AES128GCM,sw,encrypt,128,18,788,95273
esp32c3,AES128GCM,sw,encrypt,128,18,789,95071
esp32c3,AES128GCM,sw,encrypt,128,18,790,95273
esp32c3,AES128GCM,sw,encrypt,128,18,791,95071
esp32c3,AES128GCM,sw,encrypt,128,18,792,95273
esp32c3,AES128GCM,sw,encrypt,128,18,793,95071
esp32c3,AES128GCM,sw,encrypt,128,18,794,95273
esp32c3,AES128GCM,sw,encrypt,128,18,795,95071
esp32c3,AES128GCM,sw,encrypt,128,18,796,95273
esp32c3,AES128GCM,sw,encrypt,128,18,797,95071
esp32c3,AES128GCM,sw,encrypt,128,18,798,95273
esp32c3,AES128GCM,sw,encrypt,128,18,799,95071
esp32c3,AES128GCM,sw,encrypt,128,18,800,95273
esp32c3,AES128GCM,sw,encrypt,128,18,801,95071
esp32c3,AES128GCM,sw,encrypt,128,18,802,95273
esp32c3,AES128GCM,sw,encrypt,128,18,803,95071
esp32c3,AES128GCM,sw,encrypt,128,18,804,96255
esp32c3,AES128GCM,sw,encrypt,128,18,805,95071
esp32c3,AES128GCM,sw,encrypt,128,18,806,95273
esp32c3,AES128GCM,sw,encrypt,128,18,807,95071
esp32c3,AES128GCM,sw,encrypt,128,18,808,95273
esp32c3,AES128GCM,sw,encrypt,128,18,809,96053
esp32c3,AES128GCM,sw,encrypt,128,18,810,95273
esp32c3,AES128GCM,sw,encrypt,128,18,811,95071
esp32c3,AES128GCM,sw,encrypt,128,18,812,95273
esp32c3,AES128GCM,sw,encrypt,128,18,813,95071
esp32c3,AES128GCM,sw,encrypt,128,18,814,95273
esp32c3,AES128GCM,sw,encrypt,128,18,815,95071
esp32c3,AES128GCM,sw,encrypt,128,18,816,95273
esp32c3,AES128GCM,sw,encrypt,128,18,817,95071
esp32c3,AES128GCM,sw,encrypt,128,18,818,95273
esp32c3,AES128GCM,sw,encrypt,128,18,819,95071
esp32c3,AES128GCM,sw,encrypt,128,18,820,95273
esp32c3,AES128GCM,sw,encrypt,128,18,821,95071
esp32c3,AES128GCM,sw,encrypt,128,18,822,95273
esp32c3,AES128GCM,sw,encrypt,128,18,823,95071
esp32c3,AES128GCM,sw,encrypt,128,18,824,95273
esp32c3,AES128GCM,sw,encrypt,128,18,825,95071
esp32c3,AES128GCM,sw,encrypt,128,18,826,95273
esp32c3,AES128GCM,sw,encrypt,128,18,827,95071
esp32c3,AES128GCM,sw,encrypt,128,18,828,95273
esp32c3,AES128GCM,sw,encrypt,128,18,829,95071
esp32c3,AES128GCM,sw,encrypt,128,18,830,95273
esp32c3,AES128GCM,sw,encrypt,128,18,831,96053
esp32c3,AES128GCM,sw,encrypt,128,18,832,95273
esp32c3,AES128GCM,sw,encrypt,128,18,833,95071
esp32c3,AES128GCM,sw,encrypt,128,18,834,95273
esp32c3,AES128GCM,sw,encrypt,128,18,835,95071
esp32c3,AES128GCM,sw,encrypt,128,18,836,95273
esp32c3,AES128GCM,sw,encrypt,128,18,837,95071
esp32c3,AES128GCM,sw,encrypt,128,18,838,95273
esp32c3,AES128GCM,sw,encrypt,128,18,839,95071
esp32c3,AES128GCM,sw,encrypt,128,18,840,95273
esp32c3,AES128GCM,sw,encrypt,128,18,841,95071
esp32c3,AES128GCM,sw,encrypt,128,18,842,95273
esp32c3,AES128GCM,sw,encrypt,128,18,843,95071
esp32c3,AES128GCM,sw,encrypt,128,18,844,95273
esp32c3,AES128GCM,sw,encrypt,128,18,845,95071
esp32c3,AES128GCM,sw,encrypt,128,18,846,95273
esp32c3,AES128GCM,sw,encrypt,128,18,847,95071
esp32c3,AES128GCM,sw,encrypt,128,18,848,95273
esp32c3,AES128GCM,sw,encrypt,128,18,849,95071
esp32c3,AES128GCM,sw,encrypt,128,18,850,95273
esp32c3,AES128GCM,sw,encrypt,128,18,851,95071
esp32c3,AES128GCM,sw,encrypt,128,18,852,95273
esp32c3,AES128GCM,sw,encrypt,128,18,853,95071
esp32c3,AES128GCM,sw,encrypt,128,18,854,95273
esp32c3,AES128GCM,sw,encrypt,128,18,855,95071
esp32c3,AES128GCM,sw,encrypt,128,18,856,95273
esp32c3,AES128GCM,sw,encrypt,128,18,857,95071
esp32c3,AES128GCM,sw,encrypt,128,18,858,96255
esp32c3,AES128GCM,sw,encrypt,128,18,859,95071
esp32c3,AES128GCM,sw,encrypt,128,18,860,95273
esp32c3,AES128GCM,sw,encrypt,128,18,861,95071
esp32c3,AES128GCM,sw,encrypt,128,18,862,95273
esp32c3,AES128GCM,sw,encrypt,128,18,863,95071
esp32c3,AES128GCM,sw,encrypt,128,18,864,95273
esp32c3,AES128GCM,sw,encrypt,128,18,865,95071
esp32c3,AES128GCM,sw,encrypt,128,18,866,95273
esp32c3,AES128GCM,sw,encrypt,128,18,867,95071
esp32c3,AES128GCM,sw,encrypt,128,18,868,95273
esp32c3,AES128GCM,sw,encrypt,128,18,869,95071
esp32c3,AES128GCM,sw,encrypt,128,18,870,95273
esp32c3,AES128GCM,sw,encrypt,128,18,871,95071
esp32c3,AES128GCM,sw,encrypt,128,18,872,95273
esp32c3,AES128GCM,sw,encrypt,128,18,873,95071
esp32c3,AES128GCM,sw,encrypt,128,18,874,95273
esp32c3,AES128GCM,sw,encrypt,128,18,875,95071
esp32c3,AES128GCM,sw,encrypt,128,18,876,95273
esp32c3,AES128GCM,sw,encrypt,128,18,877,95071
esp32c3,AES128GCM,sw,encrypt,128,18,878,95273
esp32c3,AES128GCM,sw,encrypt,128,18,879,95071
esp32c3,AES128GCM,sw,encrypt,128,18,880,96255
esp32c3,AES128GCM,sw,encrypt,128,18,881,95071
esp32c3,AES128GCM,sw,encrypt,128,18,882,95273
esp32c3,AES128GCM,sw,encrypt,128,18,883,95071
esp32c3,AES128GCM,sw,encrypt,128,18,884,95273
esp32c3,AES128GCM,sw,encrypt,128,18,885,96055
esp32c3,AES128GCM,sw,encrypt,128,18,886,95273
esp32c3,AES128GCM,sw,encrypt,128,18,887,95071
esp32c3,AES128GCM,sw,encrypt,128,18,888,95273
esp32c3,AES128GCM,sw,encrypt,128,18,889,95071
esp32c3,AES128GCM,sw,encrypt,128,18,890,95273
esp32c3,AES128GCM,sw,encrypt,128,18,891,95071
esp32c3,AES128GCM,sw,encrypt,128,18,892,95273
esp32c3,AES128GCM,sw,encrypt,128,18,893,95071
esp32c3,AES128GCM,sw,encrypt,128,18,894,95273
esp32c3,AES128GCM,sw,encrypt,128,18,895,95071
esp32c3,AES128GCM,sw,encrypt,128,18,896,95273
esp32c3,AES128GCM,sw,encrypt,128,18,897,95071
esp32c3,AES128GCM,sw,encrypt,128,18,898,95273
esp32c3,AES128GCM,sw,encrypt,128,18,899,95071
esp32c3,AES128GCM,sw,encrypt,128,18,900,95273
esp32c3,AES128GCM,sw,encrypt,128,18,901,95071
esp32c3,AES128GCM,sw,encrypt,128,18,902,95273
esp32c3,AES128GCM,sw,encrypt,128,18,903,95071
esp32c3,AES128GCM,sw,encrypt,128,18,904,95273
esp32c3,AES128GCM,sw,encrypt,128,18,905,95071
esp32c3,AES128GCM,sw,encrypt,128,18,906,95273
esp32c3,AES128GCM,sw,encrypt,128,18,907,96055
esp32c3,AES128GCM,sw,encrypt,128,18,908,95273
esp32c3,AES128GCM,sw,encrypt,128,18,909,95071
esp32c3,AES128GCM,sw,encrypt,128,18,910,95273
esp32c3,AES128GCM,sw,encrypt,128,18,911,95071
esp32c3,AES128GCM,sw,encrypt,128,18,912,95273
esp32c3,AES128GCM,sw,encrypt,128,18,913,95071
esp32c3,AES128GCM,sw,encrypt,128,18,914,95273
esp32c3,AES128GCM,sw,encrypt,128,18,915,95071
esp32c3,AES128GCM,sw,encrypt,128,18,916,95273
esp32c3,AES128GCM,sw,encrypt,128,18,917,95071
esp32c3,AES128GCM,sw,encrypt,128,18,918,95273
esp32c3,AES128GCM,sw,encrypt,128,18,919,95071
esp32c3,AES128GCM,sw,encrypt,128,18,920,95273
esp32c3,AES128GCM,sw,encrypt,128,18,921,95071
esp32c3,AES128GCM,sw,encrypt,128,18,922,95273
esp32c3,AES128GCM,sw,encrypt,128,18,923,95071
esp32c3,AES128GCM,sw,encrypt,128,18,924,95273
esp32c3,AES128GCM,sw,encrypt,128,18,925,95071
esp32c3,AES128GCM,sw,encrypt,128,18,926,95273
esp32c3,AES128GCM,sw,encrypt,128,18,927,95071
esp32c3,AES128GCM,sw,encrypt,128,18,928,95273
esp32c3,AES128GCM,sw,encrypt,128,18,929,96053
esp32c3,AES128GCM,sw,encrypt,128,18,930,95273
esp32c3,AES128GCM,sw,encrypt,128,18,931,95071
esp32c3,AES128GCM,sw,encrypt,128,18,932,95273
esp32c3,AES128GCM,sw,encrypt,128,18,933,95071
esp32c3,AES128GCM,sw,encrypt,128,18,934,96257
esp32c3,AES128GCM,sw,encrypt,128,18,935,95071
esp32c3,AES128GCM,sw,encrypt,128,18,936,95273
esp32c3,AES128GCM,sw,encrypt,128,18,937,95071
esp32c3,AES128GCM,sw,encrypt,128,18,938,95273
esp32c3,AES128GCM,sw,encrypt,128,18,939,95071
esp32c3,AES128GCM,sw,encrypt,128,18,940,95273
esp32c3,AES128GCM,sw,encrypt,128,18,941,95071
esp32c3,AES128GCM,sw,encrypt,128,18,942,95273
esp32c3,AES128GCM,sw,encrypt,128,18,943,95071
esp32c3,AES128GCM,sw,encrypt,128,18,944,95273
esp32c3,AES128GCM,sw,encrypt,128,18,945,95071
esp32c3,AES128GCM,sw,encrypt,128,18,946,95273
esp32c3,AES128GCM,sw,encrypt,128,18,947,95071
esp32c3,AES128GCM,sw,encrypt,128,18,948,95273
esp32c3,AES128GCM,sw,encrypt,128,18,949,95071
esp32c3,AES128GCM,sw,encrypt,128,18,950,95273
esp32c3,AES128GCM,sw,encrypt,128,18,951,95071
esp32c3,AES128GCM,sw,encrypt,128,18,952,95273
esp32c3,AES128GCM,sw,encrypt,128,18,953,95071
esp32c3,AES128GCM,sw,encrypt,128,18,954,95273
esp32c3,AES128GCM,sw,encrypt,128,18,955,95071
esp32c3,AES128GCM,sw,encrypt,128,18,956,96255
esp32c3,AES128GCM,sw,encrypt,128,18,957,95071
esp32c3,AES128GCM,sw,encrypt,128,18,958,95273
esp32c3,AES128GCM,sw,encrypt,128,18,959,95071
esp32c3,AES128GCM,sw,encrypt,128,18,960,95273
esp32c3,AES128GCM,sw,encrypt,128,18,961,96053
esp32c3,AES128GCM,sw,encrypt,128,18,962,95273
esp32c3,AES128GCM,sw,encrypt,128,18,963,95071
esp32c3,AES128GCM,sw,encrypt,128,18,964,95273
esp32c3,AES128GCM,sw,encrypt,128,18,965,95071
esp32c3,AES128GCM,sw,encrypt,128,18,966,95273
esp32c3,AES128GCM,sw,encrypt,128,18,967,95071
esp32c3,AES128GCM,sw,encrypt,128,18,968,95273
esp32c3,AES128GCM,sw,encrypt,128,18,969,95071
esp32c3,AES128GCM,sw,encrypt,128,18,970,95273
esp32c3,AES128GCM,sw,encrypt,128,18,971,95071
esp32c3,AES128GCM,sw,encrypt,128,18,972,95273
esp32c3,AES128GCM,sw,encrypt,128,18,973,95071
esp32c3,AES128GCM,sw,encrypt,128,18,974,95273
esp32c3,AES128GCM,sw,encrypt,128,18,975,95071
esp32c3,AES128GCM,sw,encrypt,128,18,976,95273
esp32c3,AES128GCM,sw,encrypt,128,18,977,95071
esp32c3,AES128GCM,sw,encrypt,128,18,978,95273
esp32c3,AES128GCM,sw,encrypt,128,18,979,95071
esp32c3,AES128GCM,sw,encrypt,128,18,980,95273
esp32c3,AES128GCM,sw,encrypt,128,18,981,95071
esp32c3,AES128GCM,sw,encrypt,128,18,982,95273
esp32c3,AES128GCM,sw,encrypt,128,18,983,96055
esp32c3,AES128GCM,sw,encrypt,128,18,984,95273
esp32c3,AES128GCM,sw,encrypt,128,18,985,95071
esp32c3,AES128GCM,sw,encrypt,128,18,986,95273
esp32c3,AES128GCM,sw,encrypt,128,18,987,95071
esp32c3,AES128GCM,sw,encrypt,128,18,988,95273
esp32c3,AES128GCM,sw,encrypt,128,18,989,95071
esp32c3,AES128GCM,sw,encrypt,128,18,990,95273
esp32c3,AES128GCM,sw,encrypt,128,18,991,95071
esp32c3,AES128GCM,sw,encrypt,128,18,992,95273
esp32c3,AES128GCM,sw,encrypt,128,18,993,95071
esp32c3,AES128GCM,sw,encrypt,128,18,994,95273
esp32c3,AES128GCM,sw,encrypt,128,18,995,95071
esp32c3,AES128GCM,sw,encrypt,128,18,996,95273
esp32c3,AES128GCM,sw,encrypt,128,18,997,95071
esp32c3,AES128GCM,sw,encrypt,128,18,998,95273
esp32c3,AES128GCM,sw,encrypt,128,18,999,95071
stack,esp32c3,AES128GCM,sw,encrypt,128,14244
esp32c3,AES128GCM,sw,decrypt,128,18,0,86201
esp32c3,AES128GCM,sw,decrypt,128,18,1,96985
esp32c3,AES128GCM,sw,decrypt,128,18,2,97169
esp32c3,AES128GCM,sw,decrypt,128,18,3,97043
esp32c3,AES128GCM,sw,decrypt,128,18,4,97169
esp32c3,AES128GCM,sw,decrypt,128,18,5,98025
esp32c3,AES128GCM,sw,decrypt,128,18,6,97169
esp32c3,AES128GCM,sw,decrypt,128,18,7,97043
esp32c3,AES128GCM,sw,decrypt,128,18,8,97169
esp32c3,AES128GCM,sw,decrypt,128,18,9,97043
esp32c3,AES128GCM,sw,decrypt,128,18,10,98151
esp32c3,AES128GCM,sw,decrypt,128,18,11,97043
esp32c3,AES128GCM,sw,decrypt,128,18,12,97169
esp32c3,AES128GCM,sw,decrypt,128,18,13,97043
esp32c3,AES128GCM,sw,decrypt,128,18,14,97169
esp32c3,AES128GCM,sw,decrypt,128,18,15,98025
esp32c3,AES128GCM,sw,decrypt,128,18,16,97169
esp32c3,AES128GCM,sw,decrypt,128,18,17,97043
esp32c3,AES128GCM,sw,decrypt,128,18,18,97169
esp32c3,AES128GCM,sw,decrypt,128,18,19,97043
esp32c3,AES128GCM,sw,decrypt,128,18,20,98153
esp32c3,AES128GCM,sw,decrypt,128,18,21,97043
esp32c3,AES128GCM,sw,decrypt,128,18,22,97169
esp32c3,AES128GCM,sw,decrypt,128,18,23,97043
esp32c3,AES128GCM,sw,decrypt,128,18,24,97169
esp32c3,AES128GCM,sw,decrypt,128,18,25,97043
esp32c3,AES128GCM,sw,decrypt,128,18,26,97169
esp32c3,AES128GCM,sw,decrypt,128,18,27,97043
esp32c3,AES128GCM,sw,decrypt,128,18,28,97169
esp32c3,AES128GCM,sw,decrypt,128,18,29,97043
esp32c3,AES128GCM,sw,decrypt,128,18,30,97169
esp32c3,AES128GCM,sw,decrypt,128,18,31,97043
esp32c3,AES128GCM,sw,decrypt,128,18,32,97169
esp32c3,AES128GCM,sw,decrypt,128,18,33,97043
esp32c3,AES128GCM,sw,decrypt,128,18,34,97169
esp32c3,AES128GCM,sw,decrypt,128,18,35,97043
esp32c3,AES128GCM,sw,decrypt,128,18,36,97169
esp32c3,AES128GCM,sw,decrypt,128,18,37,97043
esp32c3,AES128GCM,sw,decrypt,128,18,38,97169
esp32c3,AES128GCM,sw,decrypt,128,18,39,97043
esp32c3,AES128GCM,sw,decrypt,128,18,40,97169
esp32c3,AES128GCM,sw,decrypt,128,18,41,97043
esp32c3,AES128GCM,sw,decrypt,128,18,42,97169
esp32c3,AES128GCM,sw,decrypt,128,18,43,97043
esp32c3,AES128GCM,sw,decrypt,128,18,44,97169
esp32c3,AES128GCM,sw,decrypt,128,18,45,97043
esp32c3,AES128GCM,sw,decrypt,128,18,46,97169
esp32c3,AES128GCM,sw,decrypt,128,18,47,97043
esp32c3,AES128GCM,sw,decrypt,128,18,48,97169
esp32c3,AES128GCM,sw,decrypt,128,18,49,97043
esp32c3,AES128GCM,sw,decrypt,128,18,50,97169
esp32c3,AES128GCM,sw,decrypt,128,18,51,97043
esp32c3,AES128GCM,sw,decrypt,128,18,52,97169
esp32c3,AES128GCM,sw,decrypt,128,18,53,97043
esp32c3,AES128GCM,sw,decrypt,128,18,54,97169
esp32c3,AES128GCM,sw,decrypt,128,18,55,97043
esp32c3,AES128GCM,sw,decrypt,128,18,56,97169
esp32c3,AES128GCM,sw,decrypt,128,18,57,97043
esp32c3,AES128GCM,sw,decrypt,128,18,58,97169
esp32c3,AES128GCM,sw,decrypt,128,18,59,97043
esp32c3,AES128GCM,sw,decrypt,128,18,60,97169
esp32c3,AES128GCM,sw,decrypt,128,18,61,97043
esp32c3,AES128GCM,sw,decrypt,128,18,62,97169
esp32c3,AES128GCM,sw,decrypt,128,18,63,97043
esp32c3,AES128GCM,sw,decrypt,128,18,64,97169
esp32c3,AES128GCM,sw,decrypt,128,18,65,97043
esp32c3,AES128GCM,sw,decrypt,128,18,66,97169
esp32c3,AES128GCM,sw,decrypt,128,18,67,97043
esp32c3,AES128GCM,sw,decrypt,128,18,68,97169
esp32c3,AES128GCM,sw,decrypt,128,18,69,97043
esp32c3,AES128GCM,sw,decrypt,128,18,70,97169
esp32c3,AES128GCM,sw,decrypt,128,18,71,97043
esp32c3,AES128GCM,sw,decrypt,128,18,72,97169
esp32c3,AES128GCM,sw,decrypt,128,18,73,97043
esp32c3,AES128GCM,sw,decrypt,128,18,74,97169
esp32c3,AES128GCM,sw,decrypt,128,18,75,97043
esp32c3,AES128GCM,sw,decrypt,128,18,76,97169
esp32c3,AES128GCM,sw,decrypt,128,18,77,97043
esp32c3,AES128GCM,sw,decrypt,128,18,78,97169
esp32c3,AES128GCM,sw,decrypt,128,18,79,97043
esp32c3,AES128GCM,sw,decrypt,128,18,80,97169
esp32c3,AES128GCM,sw,decrypt,128,18,81,97043
esp32c3,AES128GCM,sw,decrypt,128,18,82,97169
esp32c3,AES128GCM,sw,decrypt,128,18,83,97043
esp32c3,AES128GCM,sw,decrypt,128,18,84,97169
esp32c3,AES128GCM,sw,decrypt,128,18,85,97043
esp32c3,AES128GCM,sw,decrypt,128,18,86,97169
esp32c3,AES128GCM,sw,decrypt,128,18,87,97043
esp32c3,AES128GCM,sw,decrypt,128,18,88,97169
esp32c3,AES128GCM,sw,decrypt,128,18,89,97043
esp32c3,AES128GCM,sw,decrypt,128,18,90,97169
esp32c3,AES128GCM,sw,decrypt,128,18,91,97043
esp32c3,AES128GCM,sw,decrypt,128,18,92,97169
esp32c3,AES128GCM,sw,decrypt,128,18,93,97043
esp32c3,AES128GCM,sw,decrypt,128,18,94,97169
esp32c3,AES128GCM,sw,decrypt,128,18,95,97043
esp32c3,AES128GCM,sw,decrypt,128,18,96,97169
esp32c3,AES128GCM,sw,decrypt,128,18,97,97043
esp32c3,AES128GCM,sw,decrypt,128,18,98,97169
esp32c3,AES128GCM,sw,decrypt,128,18,99,97043
esp32c3,AES128GCM,sw,decrypt,128,18,100,97169
esp32c3,AES128GCM,sw,decrypt,128,18,101,97043
esp32c3,AES128GCM,sw,decrypt,128,18,102,97169
esp32c3,AES128GCM,sw,decrypt,128,18,103,97043
esp32c3,AES128GCM,sw,decrypt,128,18,104,97169
esp32c3,AES128GCM,sw,decrypt,128,18,105,97043
esp32c3,AES128GCM,sw,decrypt,128,18,106,97169
esp32c3,AES128GCM,sw,decrypt,128,18,107,97043
esp32c3,AES128GCM,sw,decrypt,128,18,108,97169
esp32c3,AES128GCM,sw,decrypt,128,18,109,97043
esp32c3,AES128GCM,sw,decrypt,128,18,110,98153
esp32c3,AES128GCM,sw,decrypt,128,18,111,97043
esp32c3,AES128GCM,sw,decrypt,128,18,112,97169
esp32c3,AES128GCM,sw,decrypt,128,18,113,97043
esp32c3,AES128GCM,sw,decrypt,128,18,114,97169
esp32c3,AES128GCM,sw,decrypt,128,18,115,97043
esp32c3,AES128GCM,sw,decrypt,128,18,116,97169
esp32c3,AES128GCM,sw,decrypt,128,18,117,97043
esp32c3,AES128GCM,sw,decrypt,128,18,118,97169
esp32c3,AES128GCM,sw,decrypt,128,18,119,97043
esp32c3,AES128GCM,sw,decrypt,128,18,120,97169
esp32c3,AES128GCM,sw,decrypt,128,18,121,97043
esp32c3,AES128GCM,sw,decrypt,128,18,122,97169
esp32c3,AES128GCM,sw,decrypt,128,18,123,97043
esp32c3,AES128GCM,sw,decrypt,128,18,124,97169
esp32c3,AES128GCM,sw,decrypt,128,18,125,97043
esp32c3,AES128GCM,sw,decrypt,128,18,126,97169
esp32c3,AES128GCM,sw,decrypt,128,18,127,97043
esp32c3,AES128GCM,sw,decrypt,128,18,128,97169
esp32c3,AES128GCM,sw,decrypt,128,18,129,97043
esp32c3,AES128GCM,sw,decrypt,128,18,130,97169
esp32c3,AES128GCM,sw,decrypt,128,18,131,97043
esp32c3,AES128GCM,sw,decrypt,128,18,132,97169
esp32c3,AES128GCM,sw,decrypt,128,18,133,97043
esp32c3,AES128GCM,sw,decrypt,128,18,134,97169
esp32c3,AES128GCM,sw,decrypt,128,18,135,97043
esp32c3,AES128GCM,sw,decrypt,128,18,136,97169
esp32c3,AES128GCM,sw,decrypt,128,18,137,98025
esp32c3,AES128GCM,sw,decrypt,128,18,138,97169
esp32c3,AES128GCM,sw,decrypt,128,18,139,97043
esp32c3,AES128GCM,sw,decrypt,128,18,140,97169
esp32c3,AES128GCM,sw,decrypt,128,18,141,97043
esp32c3,AES128GCM,sw,decrypt,128,18,142,97169
esp32c3,AES128GCM,sw,decrypt,128,18,143,97043
esp32c3,AES128GCM,sw,decrypt,128,18,144,97169
esp32c3,AES128GCM,sw,decrypt,128,18,145,97043
esp32c3,AES128GCM,sw,decrypt,128,18,146,97169
esp32c3,AES128GCM,sw,decrypt,128,18,147,97043
esp32c3,AES128GCM,sw,decrypt,128,18,148,97169
esp32c3,AES128GCM,sw,decrypt,128,18,149,97043
esp32c3,AES128GCM,sw,decrypt,128,18,150,97169
esp32c3,AES128GCM,sw,decrypt,128,18,151,97043
esp32c3,AES128GCM,sw,decrypt,128,18,152,97169
esp32c3,AES128GCM,sw,decrypt,128,18,153,97043
esp32c3,AES128GCM,sw,decrypt,128,18,154,97169
esp32c3,AES128GCM,sw,decrypt,128,18,155,97043
esp32c3,AES128GCM,sw,decrypt,128,18,156,97169
esp32c3,AES128GCM,sw,decrypt,128,18,157,97043
esp32c3,AES128GCM,sw,decrypt,128,18,158,97169
esp32c3,AES128GCM,sw,decrypt,128,18,159,98025
esp32c3,AES128GCM,sw,decrypt,128,18,160,97169
esp32c3,AES128GCM,sw,decrypt,128,18,161,97043
esp32c3,AES128GCM,sw,decrypt,128,18,162,97169
esp32c3,AES128GCM,sw,decrypt,128,18,163,97043
esp32c3,AES128GCM,sw,decrypt,128,18,164,98151
esp32c3,AES128GCM,sw,decrypt,128,18,165,97043
esp32c3,AES128GCM,sw,decrypt,128,18,166,97169
esp32c3,AES128GCM,sw,decrypt,128,18,167,97043
esp32c3,AES128GCM,sw,decrypt,128,18,168,97169
esp32c3,AES128GCM,sw,decrypt,128,18,169,97043
esp32c3,AES128GCM,sw,decrypt,128,18,170,97169
esp32c3,AES128GCM,sw,decrypt,128,18,171,97043
esp32c3,AES128GCM,sw,decrypt,128,18,172,97169
esp32c3,AES128GCM,sw,decrypt,128,18,173,97043
esp32c3,AES128GCM,sw,decrypt,128,18,174,97169
esp32c3,AES128GCM,sw,decrypt,128,18,175,97043
esp32c3,AES128GCM,sw,decrypt,128,18,176,97169
esp32c3,AES128GCM,sw,decrypt,128,18,177,97043
esp32c3,AES128GCM,sw,decrypt,128,18,178,97169
esp32c3,AES128GCM,sw,decrypt,128,18,179,97043
esp32c3,AES128GCM,sw,decrypt,128,18,180,97169
esp32c3,AES128GCM,sw,decrypt,128,18,181,97043
esp32c3,AES128GCM,sw,decrypt,128,18,182,97169
esp32c3,AES128GCM,sw,decrypt,128,18,183,97043
esp32c3,AES128GCM,sw,decrypt,128,18,184,97169
esp32c3,AES128GCM,sw,decrypt,128,18,185,97043
esp32c3,AES128GCM,sw,decrypt,128,18,186,98151
esp32c3,AES128GCM,sw,decrypt,128,18,187,97043
esp32c3,AES128GCM,sw,decrypt,128,18,188,97169
esp32c3,AES128GCM,sw,decrypt,128,18,189,97043
esp32c3,AES128GCM,sw,decrypt,128,18,190,97169
esp32c3,AES128GCM,sw,decrypt,128,18,191,97043
esp32c3,AES128GCM,sw,decrypt,128,18,192,97169
esp32c3,AES128GCM,sw,decrypt,128,18,193,97043
esp32c3,AES128GCM,sw,decrypt,128,18,194,97169
esp32c3,AES128GCM,sw,decrypt,128,18,195,97043
esp32c3,AES128GCM,sw,decrypt,128,18,196,97169
esp32c3,AES128GCM,sw,decrypt,128,18,197,97043
esp32c3,AES128GCM,sw,decrypt,128,18,198,97169
esp32c3,AES128GCM,sw,decrypt,128,18,199,97043
esp32c3,AES128GCM,sw,decrypt,128,18,200,97169
esp32c3,AES128GCM,sw,decrypt,128,18,201,97043
esp32c3,AES128GCM,sw,decrypt,128,18,202,97169
esp32c3,AES128GCM,sw,decrypt,128,18,203,97043
esp32c3,AES128GCM,sw,decrypt,128,18,204,97169
esp32c3,AES128GCM,sw,decrypt,128,18,205,97043
esp32c3,AES128GCM,sw,decrypt,128,18,206,97169
esp32c3,AES128GCM,sw,decrypt,128,18,207,97043
esp32c3,AES128GCM,sw,decrypt,128,18,208,98152
esp32c3,AES128GCM,sw,decrypt,128,18,209,97043
esp32c3,AES128GCM,sw,decrypt,128,18,210,97169
esp32c3,AES128GCM,sw,decrypt,128,18,211,97043
esp32c3,AES128GCM,sw,decrypt,128,18,212,97169
esp32c3,AES128GCM,sw,decrypt,128,18,213,97963
esp32c3,AES128GCM,sw,decrypt,128,18,214,97169
esp32c3,AES128GCM,sw,decrypt,128,18,215,97043
esp32c3,AES128GCM,sw,decrypt,128,18,216,97169
esp32c3,AES128GCM,sw,decrypt,128,18,217,97043
esp32c3,AES128GCM,sw,decrypt,128,18,218,97169
esp32c3,AES128GCM,sw,decrypt,128,18,219,97043
esp32c3,AES128GCM,sw,decrypt,128,18,220,97169
esp32c3,AES128GCM,sw,decrypt,128,18,221,97043
esp32c3,AES128GCM,sw,decrypt,128,18,222,97169
esp32c3,AES128GCM,sw,decrypt,128,18,223,97043
esp32c3,AES128GCM,sw,decrypt,128,18,224,97169
esp32c3,AES128GCM,sw,decrypt,128,18,225,97043
esp32c3,AES128GCM,sw,decrypt,128,18,226,97169
esp32c3,AES128GCM,sw,decrypt,128,18,227,97043
esp32c3,AES128GCM,sw,decrypt,128,18,228,97169
esp32c3,AES128GCM,sw,decrypt,128,18,229,97043
esp32c3,AES128GCM,sw,decrypt,128,18,230,97169
esp32c3,AES128GCM,sw,decrypt,128,18,231,97043
esp32c3,AES128GCM,sw,decrypt,128,18,232,97169
esp32c3,AES128GCM,sw,decrypt,128,18,233,97043
esp32c3,AES128GCM,sw,decrypt,128,18,234,97169
esp32c3,AES128GCM,sw,decrypt,128,18,235,98025
esp32c3,AES128GCM,sw,decrypt,128,18,236,97169
esp32c3,AES128GCM,sw,decrypt,128,18,237,97043
esp32c3,AES128GCM,sw,decrypt,128,18,238,97169
esp32c3,AES128GCM,sw,decrypt,128,18,239,97043
esp32c3,AES128GCM,sw,decrypt,128,18,240,98151
esp32c3,AES128GCM,sw,decrypt,128,18,241,97043
esp32c3,AES128GCM,sw,decrypt,128,18,242,97169
esp32c3,AES128GCM,sw,decrypt,128,18,243,97043
esp32c3,AES128GCM,sw,decrypt,128,18,244,97169
esp32c3,AES128GCM,sw,decrypt,128,18,245,97043
esp32c3,AES128GCM,sw,decrypt,128,18,246,97169
esp32c3,AES128GCM,sw,decrypt,128,18,247,97043
esp32c3,AES128GCM,sw,decrypt,128,18,248,97169
esp32c3,AES128GCM,sw,decrypt,128,18,249,97043
esp32c3,AES128GCM,sw,decrypt,128,18,250,97169
esp32c3,AES128GCM,sw,decrypt,128,18,251,97043
esp32c3,AES128GCM,sw,decrypt,128,18,252,97169
esp32c3,AES128GCM,sw,decrypt,128,18,253,97043
esp32c3,AES128GCM,sw,decrypt,128,18,254,97169
esp32c3,AES128GCM,sw,decrypt,128,18,255,97043
esp32c3,AES128GCM,sw,decrypt,128,18,256,97169
esp32c3,AES128GCM,sw,decrypt,128,18,257,97043
esp32c3,AES128GCM,sw,decrypt,128,18,258,97169
esp32c3,AES128GCM,sw,decrypt,128,18,259,97043
esp32c3,AES128GCM,sw,decrypt,128,18,260,97169
esp32c3,AES128GCM,sw,decrypt,128,18,261,97043
esp32c3,AES128GCM,sw,decrypt,128,18,262,98151
esp32c3,AES128GCM,sw,decrypt,128,18,263,97043
esp32c3,AES128GCM,sw,decrypt,128,18,264,97169
esp32c3,AES128GCM,sw,decrypt,128,18,265,97043
esp32c3,AES128GCM,sw,decrypt,128,18,266,97169
esp32c3,AES128GCM,sw,decrypt,128,18,267,97043
esp32c3,AES128GCM,sw,decrypt,128,18,268,97169
esp32c3,AES128GCM,sw,decrypt,128,18,269,97043
esp32c3,AES128GCM,sw,decrypt,128,18,270,97169
esp32c3,AES128GCM,sw,decrypt,128,18,271,97043
esp32c3,AES128GCM,sw,decrypt,128,18,272,97169
esp32c3,AES128GCM,sw,decrypt,128,18,273,97043
esp32c3,AES128GCM,sw,decrypt,128,18,274,97169
esp32c3,AES128GCM,sw,decrypt,128,18,275,97043
esp32c3,AES128GCM,sw,decrypt,128,18,276,97169
esp32c3,AES128GCM,sw,decrypt,128,18,277,97043
esp32c3,AES128GCM,sw,decrypt,128,18,278,97169
esp32c3,AES128GCM,sw,decrypt,128,18,279,97043
esp32c3,AES128GCM,sw,decrypt,128,18,280,97169
esp32c3,AES128GCM,sw,decrypt,128,18,281,97043
esp32c3,AES128GCM,sw,decrypt,128,18,282,97169
esp32c3,AES128GCM,sw,decrypt,128,18,283,97043
esp32c3,AES128GCM,sw,decrypt,128,18,284,98151
esp32c3,AES128GCM,sw,decrypt,128,18,285,97043
esp32c3,AES128GCM,sw,decrypt,128,18,286,97169
esp32c3,AES128GCM,sw,decrypt,128,18,287,97043
esp32c3,AES128GCM,sw,decrypt,128,18,288,97169
esp32c3,AES128GCM,sw,decrypt,128,18,289,98025
esp32c3,AES128GCM,sw,decrypt,128,18,290,97169
esp32c3,AES128GCM,sw,decrypt,128,18,291,97043
esp32c3,AES128GCM,sw,decrypt,128,18,292,97169
esp32c3,AES128GCM,sw,decrypt,128,18,293,97043
esp32c3,AES128GCM,sw,decrypt,128,18,294,97169
esp32c3,AES128GCM,sw,decrypt,128,18,295,97043
esp32c3,AES128GCM,sw,decrypt,128,18,296,97169
esp32c3,AES128GCM,sw,decrypt,128,18,297,97043
esp32c3,AES128GCM,sw,decrypt,128,18,298,97169
esp32c3,AES128GCM,sw,decrypt,128,18,299,97043
esp32c3,AES128GCM,sw,decrypt,128,18,300,97169
esp32c3,AES128GCM,sw,decrypt,128,18,301,97043
esp32c3,AES128GCM,sw,decrypt,128,18,302,97169
esp32c3,AES128GCM,sw,decrypt,128,18,303,97043
esp32c3,AES128GCM,sw,decrypt,128,18,304,97169
esp32c3,AES128GCM,sw,decrypt,128,18,305,97043
esp32c3,AES128GCM,sw,decrypt,128,18,306,97169
esp32c3,AES128GCM,sw,decrypt,128,18,307,97043
esp32c3,AES128GCM,sw,decrypt,128,18,308,97169
esp32c3,AES128GCM,sw,decrypt,128,18,309,97043
esp32c3,AES128GCM,sw,decrypt,128,18,310,97169
esp32c3,AES128GCM,sw,decrypt,128,18,311,98029
esp32c3,AES128GCM,sw,decrypt,128,18,312,97169
esp32c3,AES128GCM,sw,decrypt,128,18,313,97043
esp32c3,AES128GCM,sw,decrypt,128,18,314,97169
esp32c3,AES128GCM,sw,decrypt,128,18,315,97043
esp32c3,AES128GCM,sw,decrypt,128,18,316,98147
esp32c3,AES128GCM,sw,decrypt,128,18,317,97043
esp32c3,AES128GCM,sw,decrypt,128,18,318,97169
esp32c3,AES128GCM,sw,decrypt,128,18,319,97043
esp32c3,AES128GCM,sw,decrypt,128,18,320,97169
esp32c3,AES128GCM,sw,decrypt,128,18,321,97043
esp32c3,AES128GCM,sw,decrypt,128,18,322,97169
esp32c3,AES128GCM,sw,decrypt,128,18,323,97043
esp32c3,AES128GCM,sw,decrypt,128,18,324,97169
esp32c3,AES128GCM,sw,decrypt,128,18,325,97043
esp32c3,AES128GCM,sw,decrypt,128,18,326,97169
esp32c3,AES128GCM,sw,decrypt,128,18,327,97043
esp32c3,AES128GCM,sw,decrypt,128,18,328,97169
esp32c3,AES128GCM,sw,decrypt,128,18,329,97043
esp32c3,AES128GCM,sw,decrypt,128,18,330,97169
esp32c3,AES128GCM,sw,decrypt,128,18,331,97043
esp32c3,AES128GCM,sw,decrypt,128,18,332,97169
esp32c3,AES128GCM,sw,decrypt,128,18,333,97043
esp32c3,AES128GCM,sw,decrypt,128,18,334,97169
esp32c3,AES128GCM,sw,decrypt,128,18,335,97043
esp32c3,AES128GCM,sw,decrypt,128,18,336,97169
esp32c3,AES128GCM,sw,decrypt,128,18,337,97043
esp32c3,AES128GCM,sw,decrypt,128,18,338,98151
esp32c3,AES128GCM,sw,decrypt,128,18,339,97043
esp32c3,AES128GCM,sw,decrypt,128,18,340,97169
esp32c3,AES128GCM,sw,decrypt,128,18,341,97043
esp32c3,AES128GCM,sw,decrypt,128,18,342,97169
esp32c3,AES128GCM,sw,decrypt,128,18,343,97043
esp32c3,AES128GCM,sw,decrypt,128,18,344,97169
esp32c3,AES128GCM,sw,decrypt,128,18,345,97043
esp32c3,AES128GCM,sw,decrypt,128,18,346,97169
esp32c3,AES128GCM,sw,decrypt,128,18,347,97043
esp32c3,AES128GCM,sw,decrypt,128,18,348,97169
esp32c3,AES128GCM,sw,decrypt,128,18,349,97043
esp32c3,AES128GCM,sw,decrypt,128,18,350,97169
esp32c3,AES128GCM,sw,decrypt,128,18,351,97043
esp32c3,AES128GCM,sw,decrypt,128,18,352,97169
esp32c3,AES128GCM,sw,decrypt,128,18,353,97043
esp32c3,AES128GCM,sw,decrypt,128,18,354,97169
esp32c3,AES128GCM,sw,decrypt,128,18,355,97043
esp32c3,AES128GCM,sw,decrypt,128,18,356,97169
esp32c3,AES128GCM,sw,decrypt,128,18,357,97043
esp32c3,AES128GCM,sw,decrypt,128,18,358,97169
esp32c3,AES128GCM,sw,decrypt,128,18,359,97043
esp32c3,AES128GCM,sw,decrypt,128,18,360,98151
esp32c3,AES128GCM,sw,decrypt,128,18,361,97043
esp32c3,AES128GCM,sw,decrypt,128,18,362,97169
esp32c3,AES128GCM,sw,decrypt,128,18,363,97043
esp32c3,AES128GCM,sw,decrypt,128,18,364,97169
esp32c3,AES128GCM,sw,decrypt,128,18,365,98025
esp32c3,AES128GCM,sw,decrypt,128,18,366,97169
esp32c3,AES128GCM,sw,decrypt,128,18,367,97043
esp32c3,AES128GCM,sw,decrypt,128,18,368,97169
esp32c3,AES128GCM,sw,decrypt,128,18,369,97043
esp32c3,AES128GCM,sw,decrypt,128,18,370,97169
esp32c3,AES128GCM,sw,decrypt,128,18,371,97043
esp32c3,AES128GCM,sw,decrypt,128,18,372,97169
esp32c3,AES128GCM,sw,decrypt,128,18,373,97043
esp32c3,AES128GCM,sw,decrypt,128,18,374,97169
esp32c3,AES128GCM,sw,decrypt,128,18,375,97043
esp32c3,AES128GCM,sw,decrypt,128,18,376,97169
esp32c3,AES128GCM,sw,decrypt,128,18,377,97043
esp32c3,AES128GCM,sw,decrypt,128,18,378,97169
esp32c3,AES128GCM,sw,decrypt,128,18,379,97043
esp32c3,AES128GCM,sw,decrypt,128,18,380,97169
esp32c3,AES128GCM,sw,decrypt,128,18,381,97043
esp32c3,AES128GCM,sw,decrypt,128,18,382,97169
esp32c3,AES128GCM,sw,decrypt,128,18,383,97043
esp32c3,AES128GCM,sw,decrypt,128,18,384,97169
esp32c3,AES128GCM,sw,decrypt,128,18,385,97043
esp32c3,AES128GCM,sw,decrypt,128,18,386,97169
esp32c3,AES128GCM,sw,decrypt,128,18,387,98025
esp32c3,AES128GCM,sw,decrypt,128,18,388,97169
esp32c3,AES128GCM,sw,decrypt,128,18,389,97043
esp32c3,AES128GCM,sw,decrypt,128,18,390,97169
esp32c3,AES128GCM,sw,decrypt,128,18,391,97043
esp32c3,AES128GCM,sw,decrypt,128,18,392,97169
esp32c3,AES128GCM,sw,decrypt,128,18,393,97043
esp32c3,AES128GCM,sw,decrypt,128,18,394,97169
esp32c3,AES128GCM,sw,decrypt,128,18,395,97043
esp32c3,AES128GCM,sw,decrypt,128,18,396,97169
esp32c3,AES128GCM,sw,decrypt,128,18,397,97043
esp32c3,AES128GCM,sw,decrypt,128,18,398,97169
esp32c3,AES128GCM,sw,decrypt,128,18,399,97043
esp32c3,AES128GCM,sw,decrypt,128,18,400,97169
esp32c3,AES128GCM,sw,decrypt,128,18,401,97043
esp32c3,AES128GCM,sw,decrypt,128,18,402,97169
esp32c3,AES128GCM,sw,decrypt,128,18,403,97043
esp32c3,AES128GCM,sw,decrypt,128,18,404,97169
esp32c3,AES128GCM,sw,decrypt,128,18,405,97043
esp32c3,AES128GCM,sw,decrypt,128,18,406,97169
esp32c3,AES128GCM,sw,decrypt,128,18,407,97043
esp32c3,AES128GCM,sw,decrypt,128,18,408,97169
esp32c3,AES128GCM,sw,decrypt,128,18,409,97043
esp32c3,AES128GCM,sw,decrypt,128,18,410,97169
esp32c3,AES128GCM,sw,decrypt,128,18,411,97043
esp32c3,AES128GCM,sw,decrypt,128,18,412,97169
esp32c3,AES128GCM,sw,decrypt,128,18,413,97043
esp32c3,AES128GCM,sw,decrypt,128,18,414,98151
esp32c3,AES128GCM,sw,decrypt,128,18,415,97043
esp32c3,AES128GCM,sw,decrypt,128,18,416,97169
esp32c3,AES128GCM,sw,decrypt,128,18,417,97043
esp32c3,AES128GCM,sw,decrypt,128,18,418,97169
esp32c3,AES128GCM,sw,decrypt,128,18,419,97043
esp32c3,AES128GCM,sw,decrypt,128,18,420,97169
esp32c3,AES128GCM,sw,decrypt,128,18,421,97043
esp32c3,AES128GCM,sw,decrypt,128,18,422,97169
esp32c3,AES128GCM,sw,decrypt,128,18,423,97043
esp32c3,AES128GCM,sw,decrypt,128,18,424,97169
esp32c3,AES128GCM,sw,decrypt,128,18,425,97043
esp32c3,AES128GCM,sw,decrypt,128,18,426,97169
esp32c3,AES128GCM,sw,decrypt,128,18,427,97043
esp32c3,AES128GCM,sw,decrypt,128,18,428,97169
esp32c3,AES128GCM,sw,decrypt,128,18,429,97043
esp32c3,AES128GCM,sw,decrypt,128,18,430,97169
esp32c3,AES128GCM,sw,decrypt,128,18,431,97043
esp32c3,AES128GCM,sw,decrypt,128,18,432,97169
esp32c3,AES128GCM,sw,decrypt,128,18,433,97043
esp32c3,AES128GCM,sw,decrypt,128,18,434,97169
esp32c3,AES128GCM,sw,decrypt,128,18,435,97043
esp32c3,AES128GCM,sw,decrypt,128,18,436,98151
esp32c3,AES128GCM,sw,decrypt,128,18,437,97043
esp32c3,AES128GCM,sw,decrypt,128,18,438,97169
esp32c3,AES128GCM,sw,decrypt,128,18,439,97043
esp32c3,AES128GCM,sw,decrypt,128,18,440,97169
esp32c3,AES128GCM,sw,decrypt,128,18,441,98025
esp32c3,AES128GCM,sw,decrypt,128,18,442,97169
esp32c3,AES128GCM,sw,decrypt,128,18,443,97043
esp32c3,AES128GCM,sw,decrypt,128,18,444,97169
esp32c3,AES128GCM,sw,decrypt,128,18,445,97043
esp32c3,AES128GCM,sw,decrypt,128,18,446,97169
esp32c3,AES128GCM,sw,decrypt,128,18,447,97043
esp32c3,AES128GCM,sw,decrypt,128,18,448,97169
esp32c3,AES128GCM,sw,decrypt,128,18,449,97043
esp32c3,AES128GCM,sw,decrypt,128,18,450,97169
esp32c3,AES128GCM,sw,decrypt,128,18,451,97043
esp32c3,AES128GCM,sw,decrypt,128,18,452,97169
esp32c3,AES128GCM,sw,decrypt,128,18,453,97043
esp32c3,AES128GCM,sw,decrypt,128,18,454,97169
esp32c3,AES128GCM,sw,decrypt,128,18,455,97043
esp32c3,AES128GCM,sw,decrypt,128,18,456,97169
esp32c3,AES128GCM,sw,decrypt,128,18,457,97043
esp32c3,AES128GCM,sw,decrypt,128,18,458,97169
esp32c3,AES128GCM,sw,decrypt,128,18,459,97043
esp32c3,AES128GCM,sw,decrypt,128,18,460,97169
esp32c3,AES128GCM,sw,decrypt,128,18,461,97043
esp32c3,AES128GCM,sw,decrypt,128,18,462,97169
esp32c3,AES128GCM,sw,decrypt,128,18,463,98025
esp32c3,AES128GCM,sw,decrypt,128,18,464,97169
esp32c3,AES128GCM,sw,decrypt,128,18,465,97043
esp32c3,AES128GCM,sw,decrypt,128,18,466,97169
esp32c3,AES128GCM,sw,decrypt,128,18,467,97043
esp32c3,AES128GCM,sw,decrypt,128,18,468,97169
esp32c3,AES128GCM,sw,decrypt,128,18,469,97043
esp32c3,AES128GCM,sw,decrypt,128,18,470,97169
esp32c3,AES128GCM,sw,decrypt,128,18,471,97043
esp32c3,AES128GCM,sw,decrypt,128,18,472,97169
esp32c3,AES128GCM,sw,decrypt,128,18,473,97043
esp32c3,AES128GCM,sw,decrypt,128,18,474,97169
esp32c3,AES128GCM,sw,decrypt,128,18,475,97043
esp32c3,AES128GCM,sw,decrypt,128,18,476,97169
esp32c3,AES128GCM,sw,decrypt,128,18,477,97043
esp32c3,AES128GCM,sw,decrypt,128,18,478,97169
esp32c3,AES128GCM,sw,decrypt,128,18,479,97043
esp32c3,AES128GCM,sw,decrypt,128,18,480,97169
esp32c3,AES128GCM,sw,decrypt,128,18,481,97043
esp32c3,AES128GCM,sw,decrypt,128,18,482,97169
esp32c3,AES128GCM,sw,decrypt,128,18,483,97043
esp32c3,AES128GCM,sw,decrypt,128,18,484,97169
esp32c3,AES128GCM,sw,decrypt,128,18,485,98025
esp32c3,AES128GCM,sw,decrypt,128,18,486,97169
esp32c3,AES128GCM,sw,decrypt,128,18,487,97043
esp32c3,AES128GCM,sw,decrypt,128,18,488,97169
esp32c3,AES128GCM,sw,decrypt,128,18,489,97043
esp32c3,AES128GCM,sw,decrypt,128,18,490,98151
esp32c3,AES128GCM,sw,decrypt,128,18,491,97043
esp32c3,AES128GCM,sw,decrypt,128,18,492,97169
esp32c3,AES128GCM,sw,decrypt,128,18,493,97043
esp32c3,AES128GCM,sw,decrypt,128,18,494,97169
esp32c3,AES128GCM,sw,decrypt,128,18,495,97043
esp32c3,AES128GCM,sw,decrypt,128,18,496,97169
esp32c3,AES128GCM,sw,decrypt,128,18,497,97043
esp32c3,AES128GCM,sw,decrypt,128,18,498,97169
esp32c3,AES128GCM,sw,decrypt,128,18,499,97043
esp32c3,AES128GCM,sw,decrypt,128,18,500,97169
esp32c3,AES128GCM,sw,decrypt,128,18,501,97043
esp32c3,AES128GCM,sw,decrypt,128,18,502,97169
esp32c3,AES128GCM,sw,decrypt,128,18,503,97043
esp32c3,AES128GCM,sw,decrypt,128,18,504,97169
esp32c3,AES128GCM,sw,decrypt,128,18,505,97043
esp32c3,AES128GCM,sw,decrypt,128,18,506,97169
esp32c3,AES128GCM,sw,decrypt,128,18,507,97043
esp32c3,AES128GCM,sw,decrypt,128,18,508,97169
esp32c3,AES128GCM,sw,decrypt,128,18,509,97043
esp32c3,AES128GCM,sw,decrypt,128,18,510,97169
esp32c3,AES128GCM,sw,decrypt,128,18,511,97043
esp32c3,AES128GCM,sw,decrypt,128,18,512,98151
esp32c3,AES128GCM,sw,decrypt,128,18,513,97043
esp32c3,AES128GCM,sw,decrypt,128,18,514,97169
esp32c3,AES128GCM,sw,decrypt,128,18,515,97043
esp32c3,AES128GCM,sw,decrypt,128,18,516,97169
esp32c3,AES128GCM,sw,decrypt,128,18,517,98025
esp32c3,AES128GCM,sw,decrypt,128,18,518,97169
esp32c3,AES128GCM,sw,decrypt,128,18,519,97043
esp32c3,AES128GCM,sw,decrypt,128,18,520,97169
esp32c3,AES128GCM,sw,decrypt,128,18,521,97043
esp32c3,AES128GCM,sw,decrypt,128,18,522,97169
esp32c3,AES128GCM,sw,decrypt,128,18,523,97043
esp32c3,AES128GCM,sw,decrypt,128,18,524,97169
esp32c3,AES128GCM,sw,decrypt,128,18,525,97043
esp32c3,AES128GCM,sw,decrypt,128,18,526,97169
esp32c3,AES128GCM,sw,decrypt,128,18,527,97043
esp32c3,AES128GCM,sw,decrypt,128,18,528,97169
esp32c3,AES128GCM,sw,decrypt,128,18,529,97043
esp32c3,AES128GCM,sw,decrypt,128,18,530,97169
esp32c3,AES128GCM,sw,decrypt,128,18,531,97043
esp32c3,AES128GCM,sw,decrypt,128,18,532,97169
esp32c3,AES128GCM,sw,decrypt,128,18,533,97043
esp32c3,AES128GCM,sw,decrypt,128,18,534,97169
esp32c3,AES128GCM,sw,decrypt,128,18,535,97043
esp32c3,AES128GCM,sw,decrypt,128,18,536,97169
esp32c3,AES128GCM,sw,decrypt,128,18,537,97043
esp32c3,AES128GCM,sw,decrypt,128,18,538,97169
esp32c3,AES128GCM,sw,decrypt,128,18,539,98025
esp32c3,AES128GCM,sw,decrypt,128,18,540,97169
esp32c3,AES128GCM,sw,decrypt,128,18,541,97043
esp32c3,AES128GCM,sw,decrypt,128,18,542,97169
esp32c3,AES128GCM,sw,decrypt,128,18,543,97043
esp32c3,AES128GCM,sw,decrypt,128,18,544,97169
esp32c3,AES128GCM,sw,decrypt,128,18,545,97043
esp32c3,AES128GCM,sw,decrypt,128,18,546,97169
esp32c3,AES128GCM,sw,decrypt,128,18,547,97043
esp32c3,AES128GCM,sw,decrypt,128,18,548,97169
esp32c3,AES128GCM,sw,decrypt,128,18,549,97043
esp32c3,AES128GCM,sw,decrypt,128,18,550,97169
esp32c3,AES128GCM,sw,decrypt,128,18,551,97043
esp32c3,AES128GCM,sw,decrypt,128,18,552,97169
esp32c3,AES128GCM,sw,decrypt,128,18,553,97043
esp32c3,AES128GCM,sw,decrypt,128,18,554,97169
esp32c3,AES128GCM,sw,decrypt,128,18,555,97043
esp32c3,AES128GCM,sw,decrypt,128,18,556,97169
esp32c3,AES128GCM,sw,decrypt,128,18,557,97043
esp32c3,AES128GCM,sw,decrypt,128,18,558,97169
esp32c3,AES128GCM,sw,decrypt,128,18,559,97043
esp32c3,AES128GCM,sw,decrypt,128,18,560,97169
esp32c3,AES128GCM,sw,decrypt,128,18,561,98025
esp32c3,AES128GCM,sw,decrypt,128,18,562,97169
esp32c3,AES128GCM,sw,decrypt,128,18,563,97043
esp32c3,AES128GCM,sw,decrypt,128,18,564,97169
esp32c3,AES128GCM,sw,decrypt,128,18,565,97043
esp32c3,AES128GCM,sw,decrypt,128,18,566,97967
esp32c3,AES128GCM,sw,decrypt,128,18,567,97043
esp32c3,AES128GCM,sw,decrypt,128,18,568,97169
esp32c3,AES128GCM,sw,decrypt,128,18,569,97043
esp32c3,AES128GCM,sw,decrypt,128,18,570,97169
esp32c3,AES128GCM,sw,decrypt,128,18,571,97043
esp32c3,AES128GCM,sw,decrypt,128,18,572,97169
esp32c3,AES128GCM,sw,decrypt,128,18,573,97043
esp32c3,AES128GCM,sw,decrypt,128,18,574,97169
esp32c3,AES128GCM,sw,decrypt,128,18,575,97043
esp32c3,AES128GCM,sw,decrypt,128,18,576,97169
esp32c3,AES128GCM,sw,decrypt,128,18,577,97043
esp32c3,AES128GCM,sw,decrypt,128,18,578,97169
esp32c3,AES128GCM,sw,decrypt,128,18,579,97043
esp32c3,AES128GCM,sw,decrypt,128,18,580,97169
esp32c3,AES128GCM,sw,decrypt,128,18,581,97043
esp32c3,AES128GCM,sw,decrypt,128,18,582,97169
esp32c3,AES128GCM,sw,decrypt,128,18,583,97043
esp32c3,AES128GCM,sw,decrypt,128,18,584,97169
esp32c3,AES128GCM,sw,decrypt,128,18,585,97043
esp32c3,AES128GCM,sw,decrypt,128,18,586,97169
esp32c3,AES128GCM,sw,decrypt,128,18,587,97043
esp32c3,AES128GCM,sw,decrypt,128,18,588,98151
esp32c3,AES128GCM,sw,decrypt,128,18,589,97043
esp32c3,AES128GCM,sw,decrypt,128,18,590,97169
esp32c3,AES128GCM,sw,decrypt,128,18,591,97043
esp32c3,AES128GCM,sw,decrypt,128,18,592,97169
esp32c3,AES128GCM,sw,decrypt,128,18,593,97905
esp32c3,AES128GCM,sw,decrypt,128,18,594,97169
esp32c3,AES128GCM,sw,decrypt,128,18,595,97043
esp32c3,AES128GCM,sw,decrypt,128,18,596,97169
esp32c3,AES128GCM,sw,decrypt,128,18,597,97043
esp32c3,AES128GCM,sw,decrypt,128,18,598,97169
esp32c3,AES128GCM,sw,decrypt,128,18,599,97043
esp32c3,AES128GCM,sw,decrypt,128,18,600,97169
esp32c3,AES128GCM,sw,decrypt,128,18,601,97043
esp32c3,AES128GCM,sw,decrypt,128,18,602,97169
esp32c3,AES128GCM,sw,decrypt,128,18,603,97043
esp32c3,AES128GCM,sw,decrypt,128,18,604,97169
esp32c3,AES128GCM,sw,decrypt,128,18,605,97043
esp32c3,AES128GCM,sw,decrypt,128,18,606,97169
esp32c3,AES128GCM,sw,decrypt,128,18,607,97043
esp32c3,AES128GCM,sw,decrypt,128,18,608,97169
esp32c3,AES128GCM,sw,decrypt,128,18,609,97043
esp32c3,AES128GCM,sw,decrypt,128,18,610,97169
esp32c3,AES128GCM,sw,decrypt,128,18,611,97043
esp32c3,AES128GCM,sw,decrypt,128,18,612,97169
esp32c3,AES128GCM,sw,decrypt,128,18,613,97043
esp32c3,AES128GCM,sw,decrypt,128,18,614,97169
esp32c3,AES128GCM,sw,decrypt,128,18,615,98019
esp32c3,AES128GCM,sw,decrypt,128,18,616,97169
esp32c3,AES128GCM,sw,decrypt,128,18,617,97043
esp32c3,AES128GCM,sw,decrypt,128,18,618,97169
esp32c3,AES128GCM,sw,decrypt,128,18,619,97043
esp32c3,AES128GCM,sw,decrypt,128,18,620,97169
esp32c3,AES128GCM,sw,decrypt,128,18,621,97043
esp32c3,AES128GCM,sw,decrypt,128,18,622,97169
esp32c3,AES128GCM,sw,decrypt,128,18,623,97043
esp32c3,AES128GCM,sw,decrypt,128,18,624,97169
esp32c3,AES128GCM,sw,decrypt,128,18,625,97043
esp32c3,AES128GCM,sw,decrypt,128,18,626,97169
esp32c3,AES128GCM,sw,decrypt,128,18,627,97043
esp32c3,AES128GCM,sw,decrypt,128,18,628,97169
esp32c3,AES128GCM,sw,decrypt,128,18,629,97043
esp32c3,AES128GCM,sw,decrypt,128,18,630,97169
esp32c3,AES128GCM,sw,decrypt,128,18,631,97043
esp32c3,AES128GCM,sw,decrypt,128,18,632,97169
esp32c3,AES128GCM,sw,decrypt,128,18,633,97043
esp32c3,AES128GCM,sw,decrypt,128,18,634,97169
esp32c3,AES128GCM,sw,decrypt,128,18,635,97043
esp32c3,AES128GCM,sw,decrypt,128,18,636,97169
esp32c3,AES128GCM,sw,decrypt,128,18,637,98025
esp32c3,AES128GCM,sw,decrypt,128,18,638,97169
esp32c3,AES128GCM,sw,decrypt,128,18,639,97043
esp32c3,AES128GCM,sw,decrypt,128,18,640,97169
esp32c3,AES128GCM,sw,decrypt,128,18,641,97043
esp32c3,AES128GCM,sw,decrypt,128,18,642,98151
esp32c3,AES128GCM,sw,decrypt,128,18,643,97043
esp32c3,AES128GCM,sw,decrypt,128,18,644,97169
esp32c3,AES128GCM,sw,decrypt,128,18,645,97043
esp32c3,AES128GCM,sw,decrypt,128,18,646,97169
esp32c3,AES128GCM,sw,decrypt,128,18,647,97043
esp32c3,AES128GCM,sw,decrypt,128,18,648,97169
esp32c3,AES128GCM,sw,decrypt,128,18,649,97043
esp32c3,AES128GCM,sw,decrypt,128,18,650,97169
esp32c3,AES128GCM,sw,decrypt,128,18,651,97043
esp32c3,AES128GCM,sw,decrypt,128,18,652,97169
esp32c3,AES128GCM,sw,decrypt,128,18,653,97043
esp32c3,AES128GCM,sw,decrypt,128,18,654,97169
esp32c3,AES128GCM,sw,decrypt,128,18,655,97043
esp32c3,AES128GCM,sw,decrypt,128,18,656,97169
esp32c3,AES128GCM,sw,decrypt,128,18,657,97043
esp32c3,AES128GCM,sw,decrypt,128,18,658,97169
esp32c3,AES128GCM,sw,decrypt,128,18,659,97043
esp32c3,AES128GCM,sw,decrypt,128,18,660,97169
esp32c3,AES128GCM,sw,decrypt,128,18,661,97043
esp32c3,AES128GCM,sw,decrypt,128,18,662,97169
esp32c3,AES128GCM,sw,decrypt,128,18,663,97043
esp32c3,AES128GCM,sw,decrypt,128,18,664,98151
esp32c3,AES128GCM,sw,decrypt,128,18,665,97043
esp32c3,AES128GCM,sw,decrypt,128,18,666,97169
esp32c3,AES128GCM,sw,decrypt,128,18,667,97043
esp32c3,AES128GCM,sw,decrypt,128,18,668,97169
esp32c3,AES128GCM,sw,decrypt,128,18,669,97043
esp32c3,AES128GCM,sw,decrypt,128,18,670,97169
esp32c3,AES128GCM,sw,decrypt,128,18,671,97043
esp32c3,AES128GCM,sw,decrypt,128,18,672,97169
esp32c3,AES128GCM,sw,decrypt,128,18,673,97043
esp32c3,AES128GCM,sw,decrypt,128,18,674,97169
esp32c3,AES128GCM,sw,decrypt,128,18,675,97043
esp32c3,AES128GCM,sw,decrypt,128,18,676,97169
esp32c3,AES128GCM,sw,decrypt,128,18,677,97043
esp32c3,AES128GCM,sw,decrypt,128,18,678,97169
esp32c3,AES128GCM,sw,decrypt,128,18,679,97043
esp32c3,AES128GCM,sw,decrypt,128,18,680,97169
esp32c3,AES128GCM,sw,decrypt,128,18,681,97043
esp32c3,AES128GCM,sw,decrypt,128,18,682,97169
esp32c3,AES128GCM,sw,decrypt,128,18,683,97043
esp32c3,AES128GCM,sw,decrypt,128,18,684,97169
esp32c3,AES128GCM,sw,decrypt,128,18,685,97043
esp32c3,AES128GCM,sw,decrypt,128,18,686,97169
esp32c3,AES128GCM,sw,decrypt,128,18,687,97043
esp32c3,AES128GCM,sw,decrypt,128,18,688,97169
esp32c3,AES128GCM,sw,decrypt,128,18,689,97043
esp32c3,AES128GCM,sw,decrypt,128,18,690,97169
esp32c3,AES128GCM,sw,decrypt,128,18,691,98025
esp32c3,AES128GCM,sw,decrypt,128,18,692,97169
esp32c3,AES128GCM,sw,decrypt,128,18,693,97043
esp32c3,AES128GCM,sw,decrypt,128,18,694,97169
esp32c3,AES128GCM,sw,decrypt,128,18,695,97043
esp32c3,AES128GCM,sw,decrypt,128,18,696,97169
esp32c3,AES128GCM,sw,decrypt,128,18,697,97043
esp32c3,AES128GCM,sw,decrypt,128,18,698,97169
esp32c3,AES128GCM,sw,decrypt,128,18,699,97043
esp32c3,AES128GCM,sw,decrypt,128,18,700,97169
esp32c3,AES128GCM,sw,decrypt,128,18,701,97043
esp32c3,AES128GCM,sw,decrypt,128,18,702,97169
esp32c3,AES128GCM,sw,decrypt,128,18,703,97043
esp32c3,AES128GCM,sw,decrypt,128,18,704,97169
esp32c3,AES128GCM,sw,decrypt,128,18,705,97043
esp32c3,AES128GCM,sw,decrypt,128,18,706,97169
esp32c3,AES128GCM,sw,decrypt,128,18,707,97043
esp32c3,AES128GCM,sw,decrypt,128,18,708,97169
esp32c3,AES128GCM,sw,decrypt,128,18,709,97043
esp32c3,AES128GCM,sw,decrypt,128,18,710,97169
esp32c3,AES128GCM,sw,decrypt,128,18,711,97043
esp32c3,AES128GCM,sw,decrypt,128,18,712,97169
esp32c3,AES128GCM,sw,decrypt,128,18,713,98027
esp32c3,AES128GCM,sw,decrypt,128,18,714,97169
esp32c3,AES128GCM,sw,decrypt,128,18,715,97043
esp32c3,AES128GCM,sw,decrypt,128,18,716,97169
esp32c3,AES128GCM,sw,decrypt,128,18,717,97043
esp32c3,AES128GCM,sw,decrypt,128,18,718,98151
esp32c3,AES128GCM,sw,decrypt,128,18,719,97043
esp32c3,AES128GCM,sw,decrypt,128,18,720,97169
esp32c3,AES128GCM,sw,decrypt,128,18,721,97043
esp32c3,AES128GCM,sw,decrypt,128,18,722,97169
esp32c3,AES128GCM,sw,decrypt,128,18,723,97043
esp32c3,AES128GCM,sw,decrypt,128,18,724,97169
esp32c3,AES128GCM,sw,decrypt,128,18,725,97043
esp32c3,AES128GCM,sw,decrypt,128,18,726,97169
esp32c3,AES128GCM,sw,decrypt,128,18,727,97043
esp32c3,AES128GCM,sw,decrypt,128,18,728,97169
esp32c3,AES128GCM,sw,decrypt,128,18,729,97043
esp32c3,AES128GCM,sw,decrypt,128,18,730,97169
esp32c3,AES128GCM,sw,decrypt,128,18,731,97043
esp32c3,AES128GCM,sw,decrypt,128,18,732,97169
esp32c3,AES128GCM,sw,decrypt,128,18,733,97043
esp32c3,AES128GCM,sw,decrypt,128,18,734,97169
esp32c3,AES128GCM,sw,decrypt,128,18,735,97043
esp32c3,AES128GCM,sw,decrypt,128,18,736,97169
esp32c3,AES128GCM,sw,decrypt,128,18,737,97043
esp32c3,AES128GCM,sw,decrypt,128,18,738,97169
esp32c3,AES128GCM,sw,decrypt,128,18,739,97043
esp32c3,AES128GCM,sw,decrypt,128,18,740,98153
esp32c3,AES128GCM,sw,decrypt,128,18,741,97043
esp32c3,AES128GCM,sw,decrypt,128,18,742,97169
esp32c3,AES128GCM,sw,decrypt,128,18,743,97043
esp32c3,AES128GCM,sw,decrypt,128,18,744,97169
esp32c3,AES128GCM,sw,decrypt,128,18,745,97043
esp32c3,AES128GCM,sw,decrypt,128,18,746,97169
esp32c3,AES128GCM,sw,decrypt,128,18,747,97043
esp32c3,AES128GCM,sw,decrypt,128,18,748,97169
esp32c3,AES128GCM,sw,decrypt,128,18,749,97043
esp32c3,AES128GCM,sw,decrypt,128,18,750,97169
esp32c3,AES128GCM,sw,decrypt,128,18,751,97043
esp32c3,AES128GCM,sw,decrypt,128,18,752,97169
esp32c3,AES128GCM,sw,decrypt,128,18,753,97043
esp32c3,AES128GCM,sw,decrypt,128,18,754,97169
esp32c3,AES128GCM,sw,decrypt,128,18,755,97043
esp32c3,AES128GCM,sw,decrypt,128,18,756,97169
esp32c3,AES128GCM,sw,decrypt,128,18,757,97043
esp32c3,AES128GCM,sw,decrypt,128,18,758,97169
esp32c3,AES128GCM,sw,decrypt,128,18,759,97043
esp32c3,AES128GCM,sw,decrypt,128,18,760,97169
esp32c3,AES128GCM,sw,decrypt,128,18,761,97043
esp32c3,AES128GCM,sw,decrypt,128,18,762,98153
esp32c3,AES128GCM,sw,decrypt,128,18,763,97043
esp32c3,AES128GCM,sw,decrypt,128,18,764,97169
esp32c3,AES128GCM,sw,decrypt,128,18,765,97043
esp32c3,AES128GCM,sw,decrypt,128,18,766,97169
esp32c3,AES128GCM,sw,decrypt,128,18,767,98025
esp32c3,AES128GCM,sw,decrypt,128,18,768,97169
esp32c3,AES128GCM,sw,decrypt,128,18,769,97043
esp32c3,AES128GCM,sw,decrypt,128,18,770,97169
esp32c3,AES128GCM,sw,decrypt,128,18,771,97043
esp32c3,AES128GCM,sw,decrypt,128,18,772,97169
esp32c3,AES128GCM,sw,decrypt,128,18,773,97043
esp32c3,AES128GCM,sw,decrypt,128,18,774,97169
esp32c3,AES128GCM,sw,decrypt,128,18,775,97043
esp32c3,AES128GCM,sw,decrypt,128,18,776,97169
esp32c3,AES128GCM,sw,decrypt,128,18,777,97043
esp32c3,AES128GCM,sw,decrypt,128,18,778,97169
esp32c3,AES128GCM,sw,decrypt,128,18,779,97043
esp32c3,AES128GCM,sw,decrypt,128,18,780,97169
esp32c3,AES128GCM,sw,decrypt,128,18,781,97043
esp32c3,AES128GCM,sw,decrypt,128,18,782,97169
esp32c3,AES128GCM,sw,decrypt,128,18,783,97043
esp32c3,AES128GCM,sw,decrypt,128,18,784,97169
esp32c3,AES128GCM,sw,decrypt,128,18,785,97043
esp32c3,AES128GCM,sw,decrypt,128,18,786,97169
esp32c3,AES128GCM,sw,decrypt,128,18,787,97043
esp32c3,AES128GCM,sw,decrypt,128,18,788,97169
esp32c3,AES128GCM,sw,decrypt,128,18,789,98025
esp32c3,AES128GCM,sw,decrypt,128,18,790,97169
esp32c3,AES128GCM,sw,decrypt,128,18,791,97043
esp32c3,AES128GCM,sw,decrypt,128,18,792,97169
esp32c3,AES128GCM,sw,decrypt,128,18,793,97043
esp32c3,AES128GCM,sw,decrypt,128,18,794,98001
esp32c3,AES128GCM,sw,decrypt,128,18,795,97043
esp32c3,AES128GCM,sw,decrypt,128,18,796,97169
esp32c3,AES128GCM,sw,decrypt,128,18,797,97043
esp32c3,AES128GCM,sw,decrypt,128,18,798,97169
esp32c3,AES128GCM,sw,decrypt,128,18,799,97043
esp32c3,AES128GCM,sw,decrypt,128,18,800,97169
esp32c3,AES128GCM,sw,decrypt,128,18,801,97043
esp32c3,AES128GCM,sw,decrypt,128,18,802,97169
esp32c3,AES128GCM,sw,decrypt,128,18,803,97043
esp32c3,AES128GCM,sw,decrypt,128,18,804,97169
esp32c3,AES128GCM,sw,decrypt,128,18,805,97043
esp32c3,AES128GCM,sw,decrypt,128,18,806,97169
esp32c3,AES128GCM,sw,decrypt,128,18,807,97043
esp32c3,AES128GCM,sw,decrypt,128,18,808,97169
esp32c3,AES128GCM,sw,decrypt,128,18,809,97043
esp32c3,AES128GCM,sw,decrypt,128,18,810,97169
esp32c3,AES128GCM,sw,decrypt,128,18,811,97043
esp32c3,AES128GCM,sw,decrypt,128,18,812,97169
esp32c3,AES128GCM,sw,decrypt,128,18,813,97043
esp32c3,AES128GCM,sw,decrypt,128,18,814,97169
esp32c3,AES128GCM,sw,decrypt,128,18,815,97043
esp32c3,AES128GCM,sw,decrypt,128,18,816,98151
esp32c3,AES128GCM,sw,decrypt,128,18,817,97043
esp32c3,AES128GCM,sw,decrypt,128,18,818,97169
esp32c3,AES128GCM,sw,decrypt,128,18,819,97043
esp32c3,AES128GCM,sw,decrypt,128,18,820,97169
esp32c3,AES128GCM,sw,decrypt,128,18,821,97043
esp32c3,AES128GCM,sw,decrypt,128,18,822,97169
esp32c3,AES128GCM,sw,decrypt,128,18,823,97043
esp32c3,AES128GCM,sw,decrypt,128,18,824,97169
esp32c3,AES128GCM,sw,decrypt,128,18,825,97043
esp32c3,AES128GCM,sw,decrypt,128,18,826,97169
esp32c3,AES128GCM,sw,decrypt,128,18,827,97043
esp32c3,AES128GCM,sw,decrypt,128,18,828,97169
esp32c3,AES128GCM,sw,decrypt,128,18,829,97043
esp32c3,AES128GCM,sw,decrypt,128,18,830,97169
esp32c3,AES128GCM,sw,decrypt,128,18,831,97043
esp32c3,AES128GCM,sw,decrypt,128,18,832,97169
esp32c3,AES128GCM,sw,decrypt,128,18,833,97043
esp32c3,AES128GCM,sw,decrypt,128,18,834,97169
esp32c3,AES128GCM,sw,decrypt,128,18,835,97043
esp32c3,AES128GCM,sw,decrypt,128,18,836,97169
esp32c3,AES128GCM,sw,decrypt,128,18,837,97043
esp32c3,AES128GCM,sw,decrypt,128,18,838,98151
esp32c3,AES128GCM,sw,decrypt,128,18,839,97043
esp32c3,AES128GCM,sw,decrypt,128,18,840,97169
esp32c3,AES128GCM,sw,decrypt,128,18,841,97043
esp32c3,AES128GCM,sw,decrypt,128,18,842,97169
esp32c3,AES128GCM,sw,decrypt,128,18,843,97905
esp32c3,AES128GCM,sw,decrypt,128,18,844,97169
esp32c3,AES128GCM,sw,decrypt,128,18,845,97043
esp32c3,AES128GCM,sw,decrypt,128,18,846,97169
esp32c3,AES128GCM,sw,decrypt,128,18,847,97043
esp32c3,AES128GCM,sw,decrypt,128,18,848,97169
esp32c3,AES128GCM,sw,decrypt,128,18,849,97043
esp32c3,AES128GCM,sw,decrypt,128,18,850,97169
esp32c3,AES128GCM,sw,decrypt,128,18,851,97043
esp32c3,AES128GCM,sw,decrypt,128,18,852,97169
esp32c3,AES128GCM,sw,decrypt,128,18,853,97043
esp32c3,AES128GCM,sw,decrypt,128,18,854,97169
esp32c3,AES128GCM,sw,decrypt,128,18,855,97043
esp32c3,AES128GCM,sw,decrypt,128,18,856,97169
esp32c3,AES128GCM,sw,decrypt,128,18,857,97043
esp32c3,AES128GCM,sw,decrypt,128,18,858,97169
esp32c3,AES128GCM,sw,decrypt,128,18,859,97043
esp32c3,AES128GCM,sw,decrypt,128,18,860,97169
esp32c3,AES128GCM,sw,decrypt,128,18,861,97043
esp32c3,AES128GCM,sw,decrypt,128,18,862,97169
esp32c3,AES128GCM,sw,decrypt,128,18,863,97043
esp32c3,AES128GCM,sw,decrypt,128,18,864,97169
esp32c3,AES128GCM,sw,decrypt,128,18,865,98025
esp32c3,AES128GCM,sw,decrypt,128,18,866,97169
esp32c3,AES128GCM,sw,decrypt,128,18,867,97043
esp32c3,AES128GCM,sw,decrypt,128,18,868,97169
esp32c3,AES128GCM,sw,decrypt,128,18,869,97043
esp32c3,AES128GCM,sw,decrypt,128,18,870,97169
esp32c3,AES128GCM,sw,decrypt,128,18,871,97043
esp32c3,AES128GCM,sw,decrypt,128,18,872,97169
esp32c3,AES128GCM,sw,decrypt,128,18,873,97043
esp32c3,AES128GCM,sw,decrypt,128,18,874,97169
esp32c3,AES128GCM,sw,decrypt,128,18,875,97043
esp32c3,AES128GCM,sw,decrypt,128,18,876,97169
esp32c3,AES128GCM,sw,decrypt,128,18,877,97043
esp32c3,AES128GCM,sw,decrypt,128,18,878,97169
esp32c3,AES128GCM,sw,decrypt,128,18,879,97043
esp32c3,AES128GCM,sw,decrypt,128,18,880,97169
esp32c3,AES128GCM,sw,decrypt,128,18,881,97043
esp32c3,AES128GCM,sw,decrypt,128,18,882,97169
esp32c3,AES128GCM,sw,decrypt,128,18,883,97043
esp32c3,AES128GCM,sw,decrypt,128,18,884,97169
esp32c3,AES128GCM,sw,decrypt,128,18,885,97043
esp32c3,AES128GCM,sw,decrypt,128,18,886,97169
esp32c3,AES128GCM,sw,decrypt,128,18,887,97043
esp32c3,AES128GCM,sw,decrypt,128,18,888,97169
esp32c3,AES128GCM,sw,decrypt,128,18,889,97043
esp32c3,AES128GCM,sw,decrypt,128,18,890,97169
esp32c3,AES128GCM,sw,decrypt,128,18,891,97043
esp32c3,AES128GCM,sw,decrypt,128,18,892,98151
esp32c3,AES128GCM,sw,decrypt,128,18,893,97043
esp32c3,AES128GCM,sw,decrypt,128,18,894,97169
esp32c3,AES128GCM,sw,decrypt,128,18,895,97043
esp32c3,AES128GCM,sw,decrypt,128,18,896,97169
esp32c3,AES128GCM,sw,decrypt,128,18,897,97043
esp32c3,AES128GCM,sw,decrypt,128,18,898,97169
esp32c3,AES128GCM,sw,decrypt,128,18,899,97043
esp32c3,AES128GCM,sw,decrypt,128,18,900,97169
esp32c3,AES128GCM,sw,decrypt,128,18,901,97043
esp32c3,AES128GCM,sw,decrypt,128,18,902,97169
esp32c3,AES128GCM,sw,decrypt,128,18,903,97043
esp32c3,AES128GCM,sw,decrypt,128,18,904,97169
esp32c3,AES128GCM,sw,decrypt,128,18,905,97043
esp32c3,AES128GCM,sw,decrypt,128,18,906,97169
esp32c3,AES128GCM,sw,decrypt,128,18,907,97043
esp32c3,AES128GCM,sw,decrypt,128,18,908,97169
esp32c3,AES128GCM,sw,decrypt,128,18,909,97043
esp32c3,AES128GCM,sw,decrypt,128,18,910,97169
esp32c3,AES128GCM,sw,decrypt,128,18,911,97043
esp32c3,AES128GCM,sw,decrypt,128,18,912,97169
esp32c3,AES128GCM,sw,decrypt,128,18,913,97043
esp32c3,AES128GCM,sw,decrypt,128,18,914,98151
esp32c3,AES128GCM,sw,decrypt,128,18,915,97043
esp32c3,AES128GCM,sw,decrypt,128,18,916,97169
esp32c3,AES128GCM,sw,decrypt,128,18,917,97043
esp32c3,AES128GCM,sw,decrypt,128,18,918,97169
esp32c3,AES128GCM,sw,decrypt,128,18,919,98027
esp32c3,AES128GCM,sw,decrypt,128,18,920,97169
esp32c3,AES128GCM,sw,decrypt,128,18,921,97043
esp32c3,AES128GCM,sw,decrypt,128,18,922,97169
esp32c3,AES128GCM,sw,decrypt,128,18,923,97043
esp32c3,AES128GCM,sw,decrypt,128,18,924,97169
esp32c3,AES128GCM,sw,decrypt,128,18,925,97043
esp32c3,AES128GCM,sw,decrypt,128,18,926,97169
esp32c3,AES128GCM,sw,decrypt,128,18,927,97043
esp32c3,AES128GCM,sw,decrypt,128,18,928,97169
esp32c3,AES128GCM,sw,decrypt,128,18,929,97043
esp32c3,AES128GCM,sw,decrypt,128,18,930,97169
esp32c3,AES128GCM,sw,decrypt,128,18,931,97043
esp32c3,AES128GCM,sw,decrypt,128,18,932,97169
esp32c3,AES128GCM,sw,decrypt,128,18,933,97043
esp32c3,AES128GCM,sw,decrypt,128,18,934,97169
esp32c3,AES128GCM,sw,decrypt,128,18,935,97043
esp32c3,AES128GCM,sw,decrypt,128,18,936,97169
esp32c3,AES128GCM,sw,decrypt,128,18,937,97043
esp32c3,AES128GCM,sw,decrypt,128,18,938,97169
esp32c3,AES128GCM,sw,decrypt,128,18,939,97043
esp32c3,AES128GCM,sw,decrypt,128,18,940,97169
esp32c3,AES128GCM,sw,decrypt,128,18,941,98025
esp32c3,AES128GCM,sw,decrypt,128,18,942,97169
esp32c3,AES128GCM,sw,decrypt,128,18,943,97043
esp32c3,AES128GCM,sw,decrypt,128,18,944,97169
esp32c3,AES128GCM,sw,decrypt,128,18,945,97043
esp32c3,AES128GCM,sw,decrypt,128,18,946,97169
esp32c3,AES128GCM,sw,decrypt,128,18,947,97043
esp32c3,AES128GCM,sw,decrypt,128,18,948,97169
esp32c3,AES128GCM,sw,decrypt,128,18,949,97043
esp32c3,AES128GCM,sw,decrypt,128,18,950,97169
esp32c3,AES128GCM,sw,decrypt,128,18,951,97043
esp32c3,AES128GCM,sw,decrypt,128,18,952,97169
esp32c3,AES128GCM,sw,decrypt,128,18,953,97043
esp32c3,AES128GCM,sw,decrypt,128,18,954,97169
esp32c3,AES128GCM,sw,decrypt,128,18,955,97043
esp32c3,AES128GCM,sw,decrypt,128,18,956,97169
esp32c3,AES128GCM,sw,decrypt,128,18,957,97043
esp32c3,AES128GCM,sw,decrypt,128,18,958,97169
esp32c3,AES128GCM,sw,decrypt,128,18,959,97043
esp32c3,AES128GCM,sw,decrypt,128,18,960,97169
esp32c3,AES128GCM,sw,decrypt,128,18,961,97043
esp32c3,AES128GCM,sw,decrypt,128,18,962,97169
esp32c3,AES128GCM,sw,decrypt,128,18,963,97043
esp32c3,AES128GCM,sw,decrypt,128,18,964,97169
esp32c3,AES128GCM,sw,decrypt,128,18,965,97043
esp32c3,AES128GCM,sw,decrypt,128,18,966,97169
esp32c3,AES128GCM,sw,decrypt,128,18,967,97043
esp32c3,AES128GCM,sw,decrypt,128,18,968,98151
esp32c3,AES128GCM,sw,decrypt,128,18,969,97043
esp32c3,AES128GCM,sw,decrypt,128,18,970,97169
esp32c3,AES128GCM,sw,decrypt,128,18,971,97043
esp32c3,AES128GCM,sw,decrypt,128,18,972,97169
esp32c3,AES128GCM,sw,decrypt,128,18,973,97043
esp32c3,AES128GCM,sw,decrypt,128,18,974,97169
esp32c3,AES128GCM,sw,decrypt,128,18,975,97043
esp32c3,AES128GCM,sw,decrypt,128,18,976,97169
esp32c3,AES128GCM,sw,decrypt,128,18,977,97043
esp32c3,AES128GCM,sw,decrypt,128,18,978,97169
esp32c3,AES128GCM,sw,decrypt,128,18,979,97043
esp32c3,AES128GCM,sw,decrypt,128,18,980,97169
esp32c3,AES128GCM,sw,decrypt,128,18,981,97043
esp32c3,AES128GCM,sw,decrypt,128,18,982,97169
esp32c3,AES128GCM,sw,decrypt,128,18,983,97043
esp32c3,AES128GCM,sw,decrypt,128,18,984,97169
esp32c3,AES128GCM,sw,decrypt,128,18,985,97043
esp32c3,AES128GCM,sw,decrypt,128,18,986,97169
esp32c3,AES128GCM,sw,decrypt,128,18,987,97043
esp32c3,AES128GCM,sw,decrypt,128,18,988,97169
esp32c3,AES128GCM,sw,decrypt,128,18,989,97043
esp32c3,AES128GCM,sw,decrypt,128,18,990,98151
esp32c3,AES128GCM,sw,decrypt,128,18,991,97043
esp32c3,AES128GCM,sw,decrypt,128,18,992,97169
esp32c3,AES128GCM,sw,decrypt,128,18,993,97043
esp32c3,AES128GCM,sw,decrypt,128,18,994,97169
esp32c3,AES128GCM,sw,decrypt,128,18,995,98027
esp32c3,AES128GCM,sw,decrypt,128,18,996,97169
esp32c3,AES128GCM,sw,decrypt,128,18,997,97043
esp32c3,AES128GCM,sw,decrypt,128,18,998,97169
esp32c3,AES128GCM,sw,decrypt,128,18,999,97043
stack,esp32c3,AES128GCM,sw,decrypt,128,14244
esp32c3,AES128GCM,sw,encrypt,256,18,0,150524
esp32c3,AES128GCM,sw,encrypt,256,18,1,160730
esp32c3,AES128GCM,sw,encrypt,256,18,2,161805
esp32c3,AES128GCM,sw,encrypt,256,18,3,160031
esp32c3,AES128GCM,sw,encrypt,256,18,4,161805
esp32c3,AES128GCM,sw,encrypt,256,18,5,160031
esp32c3,AES128GCM,sw,encrypt,256,18,6,161805
esp32c3,AES128GCM,sw,encrypt,256,18,7,160031
esp32c3,AES128GCM,sw,encrypt,256,18,8,161805
esp32c3,AES128GCM,sw,encrypt,256,18,9,160031
esp32c3,AES128GCM,sw,encrypt,256,18,10,161805
esp32c3,AES128GCM,sw,encrypt,256,18,11,160031
esp32c3,AES128GCM,sw,encrypt,256,18,12,160243
esp32c3,AES128GCM,sw,encrypt,256,18,13,160031
esp32c3,AES128GCM,sw,encrypt,256,18,14,160243
esp32c3,AES128GCM,sw,encrypt,256,18,15,160031
esp32c3,AES128GCM,sw,encrypt,256,18,16,160243
esp32c3,AES128GCM,sw,encrypt,256,18,17,160031
esp32c3,AES128GCM,sw,encrypt,256,18,18,160243
esp32c3,AES128GCM,sw,encrypt,256,18,19,160031
esp32c3,AES128GCM,sw,encrypt,256,18,20,160243
esp32c3,AES128GCM,sw,encrypt,256,18,21,161013
esp32c3,AES128GCM,sw,encrypt,256,18,22,160243
esp32c3,AES128GCM,sw,encrypt,256,18,23,160031
esp32c3,AES128GCM,sw,encrypt,256,18,24,160243
esp32c3,AES128GCM,sw,encrypt,256,18,25,160031
esp32c3,AES128GCM,sw,encrypt,256,18,26,161225
esp32c3,AES128GCM,sw,encrypt,256,18,27,160031
esp32c3,AES128GCM,sw,encrypt,256,18,28,160243
esp32c3,AES128GCM,sw,encrypt,256,18,29,160031
esp32c3,AES128GCM,sw,encrypt,256,18,30,160243
esp32c3,AES128GCM,sw,encrypt,256,18,31,160031
esp32c3,AES128GCM,sw,encrypt,256,18,32,160243
esp32c3,AES128GCM,sw,encrypt,256,18,33,160031
esp32c3,AES128GCM,sw,encrypt,256,18,34,160243
esp32c3,AES128GCM,sw,encrypt,256,18,35,160031
esp32c3,AES128GCM,sw,encrypt,256,18,36,160243
esp32c3,AES128GCM,sw,encrypt,256,18,37,160031
esp32c3,AES128GCM,sw,encrypt,256,18,38,160243
esp32c3,AES128GCM,sw,encrypt,256,18,39,160031
esp32c3,AES128GCM,sw,encrypt,256,18,40,160243
esp32c3,AES128GCM,sw,encrypt,256,18,41,160031
esp32c3,AES128GCM,sw,encrypt,256,18,42,160243
esp32c3,AES128GCM,sw,encrypt,256,18,43,160031
esp32c3,AES128GCM,sw,encrypt,256,18,44,160243
esp32c3,AES128GCM,sw,encrypt,256,18,45,160031
esp32c3,AES128GCM,sw,encrypt,256,18,46,160243
esp32c3,AES128GCM,sw,encrypt,256,18,47,160031
esp32c3,AES128GCM,sw,encrypt,256,18,48,161227
esp32c3,AES128GCM,sw,encrypt,256,18,49,160031
esp32c3,AES128GCM,sw,encrypt,256,18,50,160243
esp32c3,AES128GCM,sw,encrypt,256,18,51,160031
esp32c3,AES128GCM,sw,encrypt,256,18,52,160243
esp32c3,AES128GCM,sw,encrypt,256,18,53,161013
esp32c3,AES128GCM,sw,encrypt,256,18,54,160243
esp32c3,AES128GCM,sw,encrypt,256,18,55,160031
esp32c3,AES128GCM,sw,encrypt,256,18,56,160243
esp32c3,AES128GCM,sw,encrypt,256,18,57,160031
esp32c3,AES128GCM,sw,encrypt,256,18,58,160243
esp32c3,AES128GCM,sw,encrypt,256,18,59,160031
esp32c3,AES128GCM,sw,encrypt,256,18,60,160243
esp32c3,AES128GCM,sw,encrypt,256,18,61,160031
esp32c3,AES128GCM,sw,encrypt,256,18,62,160243
esp32c3,AES128GCM,sw,encrypt,256,18,63,160031
esp32c3,AES128GCM,sw,encrypt,256,18,64,160243
esp32c3,AES128GCM,sw,encrypt,256,18,65,160031
esp32c3,AES128GCM,sw,encrypt,256,18,66,160243
esp32c3,AES128GCM,sw,encrypt,256,18,67,160031
esp32c3,AES128GCM,sw,encrypt,256,18,68,160243
esp32c3,AES128GCM,sw,encrypt,256,18,69,160031
esp32c3,AES128GCM,sw,encrypt,256,18,70,161227
esp32c3,AES128GCM,sw,encrypt,256,18,71,160031
esp32c3,AES128GCM,sw,encrypt,256,18,72,160243
esp32c3,AES128GCM,sw,encrypt,256,18,73,160031
esp32c3,AES128GCM,sw,encrypt,256,18,74,160243
esp32c3,AES128GCM,sw,encrypt,256,18,75,161013
esp32c3,AES128GCM,sw,encrypt,256,18,76,160243
esp32c3,AES128GCM,sw,encrypt,256,18,77,160031
esp32c3,AES128GCM,sw,encrypt,256,18,78,160243
esp32c3,AES128GCM,sw,encrypt,256,18,79,160031
esp32c3,AES128GCM,sw,encrypt,256,18,80,161225
esp32c3,AES128GCM,sw,encrypt,256,18,81,160031
esp32c3,AES128GCM,sw,encrypt,256,18,82,160243
esp32c3,AES128GCM,sw,encrypt,256,18,83,160031
esp32c3,AES128GCM,sw,encrypt,256,18,84,160243
esp32c3,AES128GCM,sw,encrypt,256,18,85,160031
esp32c3,AES128GCM,sw,encrypt,256,18,86,160243
esp32c3,AES128GCM,sw,encrypt,256,18,87,160031
esp32c3,AES128GCM,sw,encrypt,256,18,88,160243
esp32c3,AES128GCM,sw,encrypt,256,18,89,160031
esp32c3,AES128GCM,sw,encrypt,256,18,90,160243
esp32c3,AES128GCM,sw,encrypt,256,18,91,160031
esp32c3,AES128GCM,sw,encrypt,256,18,92,160243
esp32c3,AES128GCM,sw,encrypt,256,18,93,160031
esp32c3,AES128GCM,sw,encrypt,256,18,94,160243
esp32c3,AES128GCM,sw,encrypt,256,18,95,160031
esp32c3,AES128GCM,sw,encrypt,256,18,96,160243
esp32c3,AES128GCM,sw,encrypt,256,18,97,161015
esp32c3,AES128GCM,sw,encrypt,256,18,98,160243
esp32c3,AES128GCM,sw,encrypt,256,18,99,160031
esp32c3,AES128GCM,sw,encrypt,256,18,100,160243
esp32c3,AES128GCM,sw,encrypt,256,18,101,160031
esp32c3,AES128GCM,sw,encrypt,256,18,102,161043
esp32c3,AES128GCM,sw,encrypt,256,18,103,160031
esp32c3,AES128GCM,sw,encrypt,256,18,104,160243
esp32c3,AES128GCM,sw,encrypt,256,18,105,160031
esp32c3,AES128GCM,sw,encrypt,256,18,106,160243
esp32c3,AES128GCM,sw,encrypt,256,18,107,160031
esp32c3,AES128GCM,sw,encrypt,256,18,108,160243
esp32c3,AES128GCM,sw,encrypt,256,18,109,161014
esp32c3,AES128GCM,sw,encrypt,256,18,110,160243
esp32c3,AES128GCM,sw,encrypt,256,18,111,160031
esp32c3,AES128GCM,sw,encrypt,256,18,112,160243
esp32c3,AES128GCM,sw,encrypt,256,18,113,160031
esp32c3,AES128GCM,sw,encrypt,256,18,114,161227
esp32c3,AES128GCM,sw,encrypt,256,18,115,160031
esp32c3,AES128GCM,sw,encrypt,256,18,116,160243
esp32c3,AES128GCM,sw,encrypt,256,18,117,160031
esp32c3,AES128GCM,sw,encrypt,256,18,118,160243
esp32c3,AES128GCM,sw,encrypt,256,18,119,160031
esp32c3,AES128GCM,sw,encrypt,256,18,120,160243
esp32c3,AES128GCM,sw,encrypt,256,18,121,161014
esp32c3,AES128GCM,sw,encrypt,256,18,122,160243
esp32c3,AES128GCM,sw,encrypt,256,18,123,160031
esp32c3,AES128GCM,sw,encrypt,256,18,124,160243
esp32c3,AES128GCM,sw,encrypt,256,18,125,160031
esp32c3,AES128GCM,sw,encrypt,256,18,126,161227
esp32c3,AES128GCM,sw,encrypt,256,18,127,160031
esp32c3,AES128GCM,sw,encrypt,256,18,128,160243
esp32c3,AES128GCM,sw,encrypt,256,18,129,160031
esp32c3,AES128GCM,sw,encrypt,256,18,130,160243
esp32c3,AES128GCM,sw,encrypt,256,18,131,160031
esp32c3,AES128GCM,sw,encrypt,256,18,132,160243
esp32c3,AES128GCM,sw,encrypt,256,18,133,161014
esp32c3,AES128GCM,sw,encrypt,256,18,134,160243
esp32c3,AES128GCM,sw,encrypt,256,18,135,160031
esp32c3,AES128GCM,sw,encrypt,256,18,136,160243
esp32c3,AES128GCM,sw,encrypt,256,18,137,160031
esp32c3,AES128GCM,sw,encrypt,256,18,138,161225
esp32c3,AES128GCM,sw,encrypt,256,18,139,160031
esp32c3,AES128GCM,sw,encrypt,256,18,140,160243
esp32c3,AES128GCM,sw,encrypt,256,18,141,160031
esp32c3,AES128GCM,sw,encrypt,256,18,142,160243
esp32c3,AES128GCM,sw,encrypt,256,18,143,160031
esp32c3,AES128GCM,sw,encrypt,256,18,144,160243
esp32c3,AES128GCM,sw,encrypt,256,18,145,161014
esp32c3,AES128GCM,sw,encrypt,256,18,146,160243
esp32c3,AES128GCM,sw,encrypt,256,18,147,160031
esp32c3,AES128GCM,sw,encrypt,256,18,148,160243
esp32c3,AES128GCM,sw,encrypt,256,18,149,160031
esp32c3,AES128GCM,sw,encrypt,256,18,150,161225
esp32c3,AES128GCM,sw,encrypt,256,18,151,160031
esp32c3,AES128GCM,sw,encrypt,256,18,152,160243
esp32c3,AES128GCM,sw,encrypt,256,18,153,160031
esp32c3,AES128GCM,sw,encrypt,256,18,154,160243
esp32c3,AES128GCM,sw,encrypt,256,18,155,160031
esp32c3,AES128GCM,sw,encrypt,256,18,156,160243
esp32c3,AES128GCM,sw,encrypt,256,18,157,160031
esp32c3,AES128GCM,sw,encrypt,256,18,158,160243
esp32c3,AES128GCM,sw,encrypt,256,18,159,160031
esp32c3,AES128GCM,sw,encrypt,256,18,160,160243
esp32c3,AES128GCM,sw,encrypt,256,18,161,160031
esp32c3,AES128GCM,sw,encrypt,256,18,162,161227
esp32c3,AES128GCM,sw,encrypt,256,18,163,160031
esp32c3,AES128GCM,sw,encrypt,256,18,164,160243
esp32c3,AES128GCM,sw,encrypt,256,18,165,160031
esp32c3,AES128GCM,sw,encrypt,256,18,166,160243
esp32c3,AES128GCM,sw,encrypt,256,18,167,160031
esp32c3,AES128GCM,sw,encrypt,256,18,168,160243
esp32c3,AES128GCM,sw,encrypt,256,18,169,160031
esp32c3,AES128GCM,sw,encrypt,256,18,170,160243
esp32c3,AES128GCM,sw,encrypt,256,18,171,160031
esp32c3,AES128GCM,sw,encrypt,256,18,172,160243
esp32c3,AES128GCM,sw,encrypt,256,18,173,160031
esp32c3,AES128GCM,sw,encrypt,256,18,174,161225
esp32c3,AES128GCM,sw,encrypt,256,18,175,160031
esp32c3,AES128GCM,sw,encrypt,256,18,176,160243
esp32c3,AES128GCM,sw,encrypt,256,18,177,160031
esp32c3,AES128GCM,sw,encrypt,256,18,178,160243
esp32c3,AES128GCM,sw,encrypt,256,18,179,160031
esp32c3,AES128GCM,sw,encrypt,256,18,180,160243
esp32c3,AES128GCM,sw,encrypt,256,18,181,160031
esp32c3,AES128GCM,sw,encrypt,256,18,182,160243
esp32c3,AES128GCM,sw,encrypt,256,18,183,160031
esp32c3,AES128GCM,sw,encrypt,256,18,184,160243
esp32c3,AES128GCM,sw,encrypt,256,18,185,160031
esp32c3,AES128GCM,sw,encrypt,256,18,186,161225
esp32c3,AES128GCM,sw,encrypt,256,18,187,160031
esp32c3,AES128GCM,sw,encrypt,256,18,188,160243
esp32c3,AES128GCM,sw,encrypt,256,18,189,160031
esp32c3,AES128GCM,sw,encrypt,256,18,190,160243
esp32c3,AES128GCM,sw,encrypt,256,18,191,160031
esp32c3,AES128GCM,sw,encrypt,256,18,192,160243
esp32c3,AES128GCM,sw,encrypt,256,18,193,160031
esp32c3,AES128GCM,sw,encrypt,256,18,194,160243
esp32c3,AES128GCM,sw,encrypt,256,18,195,160031
esp32c3,AES128GCM,sw,encrypt,256,18,196,160243
esp32c3,AES128GCM,sw,encrypt,256,18,197,160031
esp32c3,AES128GCM,sw,encrypt,256,18,198,161225
esp32c3,AES128GCM,sw,encrypt,256,18,199,160031
esp32c3,AES128GCM,sw,encrypt,256,18,200,160243
esp32c3,AES128GCM,sw,encrypt,256,18,201,160031
esp32c3,AES128GCM,sw,encrypt,256,18,202,160243
esp32c3,AES128GCM,sw,encrypt,256,18,203,160031
esp32c3,AES128GCM,sw,encrypt,256,18,204,160243
esp32c3,AES128GCM,sw,encrypt,256,18,205,160031
esp32c3,AES128GCM,sw,encrypt,256,18,206,160243
esp32c3,AES128GCM,sw,encrypt,256,18,207,160031
esp32c3,AES128GCM,sw,encrypt,256,18,208,160243
esp32c3,AES128GCM,sw,encrypt,256,18,209,160031
esp32c3,AES128GCM,sw,encrypt,256,18,210,161227
esp32c3,AES128GCM,sw,encrypt,256,18,211,160031
esp32c3,AES128GCM,sw,encrypt,256,18,212,160243
esp32c3,AES128GCM,sw,encrypt,256,18,213,160031
esp32c3,AES128GCM,sw,encrypt,256,18,214,160243
esp32c3,AES128GCM,sw,encrypt,256,18,215,160031
esp32c3,AES128GCM,sw,encrypt,256,18,216,160243
esp32c3,AES128GCM,sw,encrypt,256,18,217,160031
esp32c3,AES128GCM,sw,encrypt,256,18,218,160243
esp32c3,AES128GCM,sw,encrypt,256,18,219,160031
esp32c3,AES128GCM,sw,encrypt,256,18,220,160243
esp32c3,AES128GCM,sw,encrypt,256,18,221,160031
esp32c3,AES128GCM,sw,encrypt,256,18,222,161227
esp32c3,AES128GCM,sw,encrypt,256,18,223,160031
esp32c3,AES128GCM,sw,encrypt,256,18,224,160243
esp32c3,AES128GCM,sw,encrypt,256,18,225,160031
esp32c3,AES128GCM,sw,encrypt,256,18,226,160243
esp32c3,AES128GCM,sw,encrypt,256,18,227,160031
esp32c3,AES128GCM,sw,encrypt,256,18,228,160243
esp32c3,AES128GCM,sw,encrypt,256,18,229,160031
esp32c3,AES128GCM,sw,encrypt,256,18,230,160243
esp32c3,AES128GCM,sw,encrypt,256,18,231,160031
esp32c3,AES128GCM,sw,encrypt,256,18,232,160243
esp32c3,AES128GCM,sw,encrypt,256,18,233,160031
esp32c3,AES128GCM,sw,encrypt,256,18,234,161225
esp32c3,AES128GCM,sw,encrypt,256,18,235,160031
esp32c3,AES128GCM,sw,encrypt,256,18,236,160243
esp32c3,AES128GCM,sw,encrypt,256,18,237,160031
esp32c3,AES128GCM,sw,encrypt,256,18,238,160243
esp32c3,AES128GCM,sw,encrypt,256,18,239,160031
esp32c3,AES128GCM,sw,encrypt,256,18,240,160243
esp32c3,AES128GCM,sw,encrypt,256,18,241,160031
esp32c3,AES128GCM,sw,encrypt,256,18,242,160243
esp32c3,AES128GCM,sw,encrypt,256,18,243,160031
esp32c3,AES128GCM,sw,encrypt,256,18,244,160243
esp32c3,AES128GCM,sw,encrypt,256,18,245,160031
esp32c3,AES128GCM,sw,encrypt,256,18,246,161225
esp32c3,AES128GCM,sw,encrypt,256,18,247,160031
esp32c3,AES128GCM,sw,encrypt,256,18,248,160243
esp32c3,AES128GCM,sw,encrypt,256,18,249,160031
esp32c3,AES128GCM,sw,encrypt,256,18,250,160243
esp32c3,AES128GCM,sw,encrypt,256,18,251,160031
esp32c3,AES128GCM,sw,encrypt,256,18,252,160243
esp32c3,AES128GCM,sw,encrypt,256,18,253,160031
esp32c3,AES128GCM,sw,encrypt,256,18,254,160243
esp32c3,AES128GCM,sw,encrypt,256,18,255,160031
esp32c3,AES128GCM,sw,encrypt,256,18,256,160243
esp32c3,AES128GCM,sw,encrypt,256,18,257,160031
esp32c3,AES128GCM,sw,encrypt,256,18,258,161225
esp32c3,AES128GCM,sw,encrypt,256,18,259,160031
esp32c3,AES128GCM,sw,encrypt,256,18,260,160243
esp32c3,AES128GCM,sw,encrypt,256,18,261,160031
esp32c3,AES128GCM,sw,encrypt,256,18,262,160243
esp32c3,AES128GCM,sw,encrypt,256,18,263,160031
esp32c3,AES128GCM,sw,encrypt,256,18,264,160243
esp32c3,AES128GCM,sw,encrypt,256,18,265,160031
esp32c3,AES128GCM,sw,encrypt,256,18,266,160243
esp32c3,AES128GCM,sw,encrypt,256,18,267,160031
esp32c3,AES128GCM,sw,encrypt,256,18,268,160243
esp32c3,AES128GCM,sw,encrypt,256,18,269,160031
esp32c3,AES128GCM,sw,encrypt,256,18,270,161225
esp32c3,AES128GCM,sw,encrypt,256,18,271,160031
esp32c3,AES128GCM,sw,encrypt,256,18,272,160243
esp32c3,AES128GCM,sw,encrypt,256,18,273,160031
esp32c3,AES128GCM,sw,encrypt,256,18,274,160243
esp32c3,AES128GCM,sw,encrypt,256,18,275,160031
esp32c3,AES128GCM,sw,encrypt,256,18,276,160243
esp32c3,AES128GCM,sw,encrypt,256,18,277,160031
esp32c3,AES128GCM,sw,encrypt,256,18,278,160243
esp32c3,AES128GCM,sw,encrypt,256,18,279,160031
esp32c3,AES128GCM,sw,encrypt,256,18,280,160243
esp32c3,AES128GCM,sw,encrypt,256,18,281,160031
esp32c3,AES128GCM,sw,encrypt,256,18,282,161225
esp32c3,AES128GCM,sw,encrypt,256,18,283,160031
esp32c3,AES128GCM,sw,encrypt,256,18,284,160243
esp32c3,AES128GCM,sw,encrypt,256,18,285,160031
esp32c3,AES128GCM,sw,encrypt,256,18,286,160243
esp32c3,AES128GCM,sw,encrypt,256,18,287,160031
esp32c3,AES128GCM,sw,encrypt,256,18,288,160243
esp32c3,AES128GCM,sw,encrypt,256,18,289,160031
esp32c3,AES128GCM,sw,encrypt,256,18,290,160243
esp32c3,AES128GCM,sw,encrypt,256,18,291,160031
esp32c3,AES128GCM,sw,encrypt,256,18,292,160243
esp32c3,AES128GCM,sw,encrypt,256,18,293,160031
esp32c3,AES128GCM,sw,encrypt,256,18,294,161225
esp32c3,AES128GCM,sw,encrypt,256,18,295,160031
esp32c3,AES128GCM,sw,encrypt,256,18,296,160243
esp32c3,AES128GCM,sw,encrypt,256,18,297,160031
esp32c3,AES128GCM,sw,encrypt,256,18,298,160243
esp32c3,AES128GCM,sw,encrypt,256,18,299,160031
esp32c3,AES128GCM,sw,encrypt,256,18,300,160243
esp32c3,AES128GCM,sw,encrypt,256,18,301,160031
esp32c3,AES128GCM,sw,encrypt,256,18,302,160243
esp32c3,AES128GCM,sw,encrypt,256,18,303,160031
esp32c3,AES128GCM,sw,encrypt,256,18,304,160243
esp32c3,AES128GCM,sw,encrypt,256,18,305,160031
esp32c3,AES128GCM,sw,encrypt,256,18,306,161225
esp32c3,AES128GCM,sw,encrypt,256,18,307,160031
esp32c3,AES128GCM,sw,encrypt,256,18,308,160243
esp32c3,AES128GCM,sw,encrypt,256,18,309,160031
esp32c3,AES128GCM,sw,encrypt,256,18,310,160243
esp32c3,AES128GCM,sw,encrypt,256,18,311,160031
esp32c3,AES128GCM,sw,encrypt,256,18,312,160243
esp32c3,AES128GCM,sw,encrypt,256,18,313,160031
esp32c3,AES128GCM,sw,encrypt,256,18,314,160243
esp32c3,AES128GCM,sw,encrypt,256,18,315,160031
esp32c3,AES128GCM,sw,encrypt,256,18,316,160243
esp32c3,AES128GCM,sw,encrypt,256,18,317,160031
esp32c3,AES128GCM,sw,encrypt,256,18,318,161225
esp32c3,AES128GCM,sw,encrypt,256,18,319,160031
esp32c3,AES128GCM,sw,encrypt,256,18,320,160243
esp32c3,AES128GCM,sw,encrypt,256,18,321,160031
esp32c3,AES128GCM,sw,encrypt,256,18,322,160243
esp32c3,AES128GCM,sw,encrypt,256,18,323,160031
esp32c3,AES128GCM,sw,encrypt,256,18,324,160243
esp32c3,AES128GCM,sw,encrypt,256,18,325,160031
esp32c3,AES128GCM,sw,encrypt,256,18,326,160243
esp32c3,AES128GCM,sw,encrypt,256,18,327,160031
esp32c3,AES128GCM,sw,encrypt,256,18,328,160243
esp32c3,AES128GCM,sw,encrypt,256,18,329,160031
esp32c3,AES128GCM,sw,encrypt,256,18,330,161225
esp32c3,AES128GCM,sw,encrypt,256,18,331,160031
esp32c3,AES128GCM,sw,encrypt,256,18,332,160243
esp32c3,AES128GCM,sw,encrypt,256,18,333,160031
esp32c3,AES128GCM,sw,encrypt,256,18,334,160243
esp32c3,AES128GCM,sw,encrypt,256,18,335,160031
esp32c3,AES128GCM,sw,encrypt,256,18,336,160243
esp32c3,AES128GCM,sw,encrypt,256,18,337,160031
esp32c3,AES128GCM,sw,encrypt,256,18,338,160243
esp32c3,AES128GCM,sw,encrypt,256,18,339,160031
esp32c3,AES128GCM,sw,encrypt,256,18,340,160243
esp32c3,AES128GCM,sw,encrypt,256,18,341,160031
esp32c3,AES128GCM,sw,encrypt,256,18,342,161225
esp32c3,AES128GCM,sw,encrypt,256,18,343,160031
esp32c3,AES128GCM,sw,encrypt,256,18,344,160243
esp32c3,AES128GCM,sw,encrypt,256,18,345,160031
esp32c3,AES128GCM,sw,encrypt,256,18,346,160243
esp32c3,AES128GCM,sw,encrypt,256,18,347,160031
esp32c3,AES128GCM,sw,encrypt,256,18,348,160243
esp32c3,AES128GCM,sw,encrypt,256,18,349,160031
esp32c3,AES128GCM,sw,encrypt,256,18,350,160243
esp32c3,AES128GCM,sw,encrypt,256,18,351,160031
esp32c3,AES128GCM,sw,encrypt,256,18,352,160243
esp32c3,AES128GCM,sw,encrypt,256,18,353,160031
esp32c3,AES128GCM,sw,encrypt,256,18,354,161225
esp32c3,AES128GCM,sw,encrypt,256,18,355,160031
esp32c3,AES128GCM,sw,encrypt,256,18,356,160243
esp32c3,AES128GCM,sw,encrypt,256,18,357,160031
esp32c3,AES128GCM,sw,encrypt,256,18,358,160243
esp32c3,AES128GCM,sw,encrypt,256,18,359,160031
esp32c3,AES128GCM,sw,encrypt,256,18,360,160243
esp32c3,AES128GCM,sw,encrypt,256,18,361,160031
esp32c3,AES128GCM,sw,encrypt,256,18,362,160243
esp32c3,AES128GCM,sw,encrypt,256,18,363,160031
esp32c3,AES128GCM,sw,encrypt,256,18,364,160243
esp32c3,AES128GCM,sw,encrypt,256,18,365,160031
esp32c3,AES128GCM,sw,encrypt,256,18,366,161227
esp32c3,AES128GCM,sw,encrypt,256,18,367,160031
esp32c3,AES128GCM,sw,encrypt,256,18,368,160243
esp32c3,AES128GCM,sw,encrypt,256,18,369,160031
esp32c3,AES128GCM,sw,encrypt,256,18,370,160243
esp32c3,AES128GCM,sw,encrypt,256,18,371,160031
esp32c3,AES128GCM,sw,encrypt,256,18,372,160243
esp32c3,AES128GCM,sw,encrypt,256,18,373,160031
esp32c3,AES128GCM,sw,encrypt,256,18,374,160243
esp32c3,AES128GCM,sw,encrypt,256,18,375,160031
esp32c3,AES128GCM,sw,encrypt,256,18,376,160243
esp32c3,AES128GCM,sw,encrypt,256,18,377,160031
esp32c3,AES128GCM,sw,encrypt,256,18,378,161225
esp32c3,AES128GCM,sw,encrypt,256,18,379,160031
esp32c3,AES128GCM,sw,encrypt,256,18,380,160243
esp32c3,AES128GCM,sw,encrypt,256,18,381,160031
esp32c3,AES128GCM,sw,encrypt,256,18,382,160243
esp32c3,AES128GCM,sw,encrypt,256,18,383,160031
esp32c3,AES128GCM,sw,encrypt,256,18,384,160243
esp32c3,AES128GCM,sw,encrypt,256,18,385,160031
esp32c3,AES128GCM,sw,encrypt,256,18,386,160243
esp32c3,AES128GCM,sw,encrypt,256,18,387,160031
esp32c3,AES128GCM,sw,encrypt,256,18,388,160243
esp32c3,AES128GCM,sw,encrypt,256,18,389,160031
esp32c3,AES128GCM,sw,encrypt,256,18,390,161225
esp32c3,AES128GCM,sw,encrypt,256,18,391,160031
esp32c3,AES128GCM,sw,encrypt,256,18,392,160243
esp32c3,AES128GCM,sw,encrypt,256,18,393,160031
esp32c3,AES128GCM,sw,encrypt,256,18,394,160243
esp32c3,AES128GCM,sw,encrypt,256,18,395,160031
esp32c3,AES128GCM,sw,encrypt,256,18,396,160243
esp32c3,AES128GCM,sw,encrypt,256,18,397,160031
esp32c3,AES128GCM,sw,encrypt,256,18,398,160243
esp32c3,AES128GCM,sw,encrypt,256,18,399,160031
esp32c3,AES128GCM,sw,encrypt,256,18,400,160243
esp32c3,AES128GCM,sw,encrypt,256,18,401,160031
esp32c3,AES128GCM,sw,encrypt,256,18,402,161227
esp32c3,AES128GCM,sw,encrypt,256,18,403,160031
esp32c3,AES128GCM,sw,encrypt,256,18,404,160243
esp32c3,AES128GCM,sw,encrypt,256,18,405,160031
esp32c3,AES128GCM,sw,encrypt,256,18,406,160243
esp32c3,AES128GCM,sw,encrypt,256,18,407,160031
esp32c3,AES128GCM,sw,encrypt,256,18,408,160243
esp32c3,AES128GCM,sw,encrypt,256,18,409,160031
esp32c3,AES128GCM,sw,encrypt,256,18,410,160243
esp32c3,AES128GCM,sw,encrypt,256,18,411,160031
esp32c3,AES128GCM,sw,encrypt,256,18,412,160243
esp32c3,AES128GCM,sw,encrypt,256,18,413,160031
esp32c3,AES128GCM,sw,encrypt,256,18,414,161225
esp32c3,AES128GCM,sw,encrypt,256,18,415,160031
esp32c3,AES128GCM,sw,encrypt,256,18,416,160243
esp32c3,AES128GCM,sw,encrypt,256,18,417,160031
esp32c3,AES128GCM,sw,encrypt,256,18,418,160243
esp32c3,AES128GCM,sw,encrypt,256,18,419,160031
esp32c3,AES128GCM,sw,encrypt,256,18,420,160243
esp32c3,AES128GCM,sw,encrypt,256,18,421,160031
esp32c3,AES128GCM,sw,encrypt,256,18,422,160243
esp32c3,AES128GCM,sw,encrypt,256,18,423,160031
esp32c3,AES128GCM,sw,encrypt,256,18,424,160243
esp32c3,AES128GCM,sw,encrypt,256,18,425,160031
esp32c3,AES128GCM,sw,encrypt,256,18,426,161227
esp32c3,AES128GCM,sw,encrypt,256,18,427,160031
esp32c3,AES128GCM,sw,encrypt,256,18,428,160243
esp32c3,AES128GCM,sw,encrypt,256,18,429,160031
esp32c3,AES128GCM,sw,encrypt,256,18,430,160243
esp32c3,AES128GCM,sw,encrypt,256,18,431,160031
esp32c3,AES128GCM,sw,encrypt,256,18,432,160243
esp32c3,AES128GCM,sw,encrypt,256,18,433,160031
esp32c3,AES128GCM,sw,encrypt,256,18,434,160243
esp32c3,AES128GCM,sw,encrypt,256,18,435,160031
esp32c3,AES128GCM,sw,encrypt,256,18,436,160243
esp32c3,AES128GCM,sw,encrypt,256,18,437,160031
esp32c3,AES128GCM,sw,encrypt,256,18,438,161227
esp32c3,AES128GCM,sw,encrypt,256,18,439,160031
esp32c3,AES128GCM,sw,encrypt,256,18,440,160243
esp32c3,AES128GCM,sw,encrypt,256,18,441,160031
esp32c3,AES128GCM,sw,encrypt,256,18,442,160243
esp32c3,AES128GCM,sw,encrypt,256,18,443,160031
esp32c3,AES128GCM,sw,encrypt,256,18,444,160243
esp32c3,AES128GCM,sw,encrypt,256,18,445,160031
esp32c3,AES128GCM,sw,encrypt,256,18,446,160243
esp32c3,AES128GCM,sw,encrypt,256,18,447,160031
esp32c3,AES128GCM,sw,encrypt,256,18,448,160243
esp32c3,AES128GCM,sw,encrypt,256,18,449,160031
esp32c3,AES128GCM,sw,encrypt,256,18,450,161227
esp32c3,AES128GCM,sw,encrypt,256,18,451,160031
esp32c3,AES128GCM,sw,encrypt,256,18,452,160243
esp32c3,AES128GCM,sw,encrypt,256,18,453,160031
esp32c3,AES128GCM,sw,encrypt,256,18,454,160243
esp32c3,AES128GCM,sw,encrypt,256,18,455,160031
esp32c3,AES128GCM,sw,encrypt,256,18,456,160243
esp32c3,AES128GCM,sw,encrypt,256,18,457,160031
esp32c3,AES128GCM,sw,encrypt,256,18,458,160243
esp32c3,AES128GCM,sw,encrypt,256,18,459,160031
esp32c3,AES128GCM,sw,encrypt,256,18,460,160243
esp32c3,AES128GCM,sw,encrypt,256,18,461,160031
esp32c3,AES128GCM,sw,encrypt,256,18,462,161225
esp32c3,AES128GCM,sw,encrypt,256,18,463,160031
esp32c3,AES128GCM,sw,encrypt,256,18,464,160243
esp32c3,AES128GCM,sw,encrypt,256,18,465,160031
esp32c3,AES128GCM,sw,encrypt,256,18,466,160243
esp32c3,AES128GCM,sw,encrypt,256,18,467,160031
esp32c3,AES128GCM,sw,encrypt,256,18,468,160243
esp32c3,AES128GCM,sw,encrypt,256,18,469,160031
esp32c3,AES128GCM,sw,encrypt,256,18,470,160243
esp32c3,AES128GCM,sw,encrypt,256,18,471,160031
esp32c3,AES128GCM,sw,encrypt,256,18,472,160243
esp32c3,AES128GCM,sw,encrypt,256,18,473,160031
esp32c3,AES128GCM,sw,encrypt,256,18,474,161163
esp32c3,AES128GCM,sw,encrypt,256,18,475,160031
esp32c3,AES128GCM,sw,encrypt,256,18,476,160243
esp32c3,AES128GCM,sw,encrypt,256,18,477,160031
esp32c3,AES128GCM,sw,encrypt,256,18,478,160243
esp32c3,AES128GCM,sw,encrypt,256,18,479,160031
esp32c3,AES128GCM,sw,encrypt,256,18,480,160243
esp32c3,AES128GCM,sw,encrypt,256,18,481,160031
esp32c3,AES128GCM,sw,encrypt,256,18,482,160243
esp32c3,AES128GCM,sw,encrypt,256,18,483,160031
esp32c3,AES128GCM,sw,encrypt,256,18,484,160243
esp32c3,AES128GCM,sw,encrypt,256,18,485,160031
esp32c3,AES128GCM,sw,encrypt,256,18,486,161227
esp32c3,AES128GCM,sw,encrypt,256,18,487,160031
esp32c3,AES128GCM,sw,encrypt,256,18,488,160243
esp32c3,AES128GCM,sw,encrypt,256,18,489,160031
esp32c3,AES128GCM,sw,encrypt,256,18,490,160243
esp32c3,AES128GCM,sw,encrypt,256,18,491,160031
esp32c3,AES128GCM,sw,encrypt,256,18,492,160243
esp32c3,AES128GCM,sw,encrypt,256,18,493,160031
esp32c3,AES128GCM,sw,encrypt,256,18,494,160243
esp32c3,AES128GCM,sw,encrypt,256,18,495,160031
esp32c3,AES128GCM,sw,encrypt,256,18,496,160243
esp32c3,AES128GCM,sw,encrypt,256,18,497,160031
esp32c3,AES128GCM,sw,encrypt,256,18,498,161225
esp32c3,AES128GCM,sw,encrypt,256,18,499,160031
esp32c3,AES128GCM,sw,encrypt,256,18,500,160243
esp32c3,AES128GCM,sw,encrypt,256,18,501,160031
esp32c3,AES128GCM,sw,encrypt,256,18,502,160243
esp32c3,AES128GCM,sw,encrypt,256,18,503,160031
esp32c3,AES128GCM,sw,encrypt,256,18,504,160243
esp32c3,AES128GCM,sw,encrypt,256,18,505,160031
esp32c3,AES128GCM,sw,encrypt,256,18,506,160243
esp32c3,AES128GCM,sw,encrypt,256,18,507,160031
esp32c3,AES128GCM,sw,encrypt,256,18,508,160243
esp32c3,AES128GCM,sw,encrypt,256,18,509,160031
esp32c3,AES128GCM,sw,encrypt,256,18,510,161225
esp32c3,AES128GCM,sw,encrypt,256,18,511,160031
esp32c3,AES128GCM,sw,encrypt,256,18,512,160243
esp32c3,AES128GCM,sw,encrypt,256,18,513,160031
esp32c3,AES128GCM,sw,encrypt,256,18,514,160243
esp32c3,AES128GCM,sw,encrypt,256,18,515,160031
esp32c3,AES128GCM,sw,encrypt,256,18,516,160243
esp32c3,AES128GCM,sw,encrypt,256,18,517,160031
esp32c3,AES128GCM,sw,encrypt,256,18,518,160243
esp32c3,AES128GCM,sw,encrypt,256,18,519,160031
esp32c3,AES128GCM,sw,encrypt,256,18,520,160243
esp32c3,AES128GCM,sw,encrypt,256,18,521,160031
esp32c3,AES128GCM,sw,encrypt,256,18,522,161227
esp32c3,AES128GCM,sw,encrypt,256,18,523,160031
esp32c3,AES128GCM,sw,encrypt,256,18,524,160243
esp32c3,AES128GCM,sw,encrypt,256,18,525,160031
esp32c3,AES128GCM,sw,encrypt,256,18,526,160243
esp32c3,AES128GCM,sw,encrypt,256,18,527,160031
esp32c3,AES128GCM,sw,encrypt,256,18,528,160243
esp32c3,AES128GCM,sw,encrypt,256,18,529,160031
esp32c3,AES128GCM,sw,encrypt,256,18,530,160243
esp32c3,AES128GCM,sw,encrypt,256,18,531,160031
esp32c3,AES128GCM,sw,encrypt,256,18,532,160243
esp32c3,AES128GCM,sw,encrypt,256,18,533,160031
esp32c3,AES128GCM,sw,encrypt,256,18,534,161227
esp32c3,AES128GCM,sw,encrypt,256,18,535,160031
esp32c3,AES128GCM,sw,encrypt,256,18,536,160243
esp32c3,AES128GCM,sw,encrypt,256,18,537,160031
esp32c3,AES128GCM,sw,encrypt,256,18,538,160243
esp32c3,AES128GCM,sw,encrypt,256,18,539,160031
esp32c3,AES128GCM,sw,encrypt,256,18,540,160243
esp32c3,AES128GCM,sw,encrypt,256,18,541,160031
esp32c3,AES128GCM,sw,encrypt,256,18,542,160243
esp32c3,AES128GCM,sw,encrypt,256,18,543,160031
esp32c3,AES128GCM,sw,encrypt,256,18,544,160243
esp32c3,AES128GCM,sw,encrypt,256,18,545,160031
esp32c3,AES128GCM,sw,encrypt,256,18,546,161225
esp32c3,AES128GCM,sw,encrypt,256,18,547,160031
esp32c3,AES128GCM,sw,encrypt,256,18,548,160243
esp32c3,AES128GCM,sw,encrypt,256,18,549,160031
esp32c3,AES128GCM,sw,encrypt,256,18,550,160243
esp32c3,AES128GCM,sw,encrypt,256,18,551,160031
esp32c3,AES128GCM,sw,encrypt,256,18,552,160243
esp32c3,AES128GCM,sw,encrypt,256,18,553,160031
esp32c3,AES128GCM,sw,encrypt,256,18,554,160243
esp32c3,AES128GCM,sw,encrypt,256,18,555,160031
esp32c3,AES128GCM,sw,encrypt,256,18,556,160243
esp32c3,AES128GCM,sw,encrypt,256,18,557,160031
esp32c3,AES128GCM,sw,encrypt,256,18,558,161225
esp32c3,AES128GCM,sw,encrypt,256,18,559,160031
esp32c3,AES128GCM,sw,encrypt,256,18,560,160243
esp32c3,AES128GCM,sw,encrypt,256,18,561,160031
esp32c3,AES128GCM,sw,encrypt,256,18,562,160243
esp32c3,AES128GCM,sw,encrypt,256,18,563,160031
esp32c3,AES128GCM,sw,encrypt,256,18,564,160243
esp32c3,AES128GCM,sw,encrypt,256,18,565,160031
esp32c3,AES128GCM,sw,encrypt,256,18,566,160243
esp32c3,AES128GCM,sw,encrypt,256,18,567,160031
esp32c3,AES128GCM,sw,encrypt,256,18,568,160243
esp32c3,AES128GCM,sw,encrypt,256,18,569,160031
esp32c3,AES128GCM,sw,encrypt,256,18,570,161227
esp32c3,AES128GCM,sw,encrypt,256,18,571,160031
esp32c3,AES128GCM,sw,encrypt,256,18,572,160243
esp32c3,AES128GCM,sw,encrypt,256,18,573,160031
esp32c3,AES128GCM,sw,encrypt,256,18,574,160243
esp32c3,AES128GCM,sw,encrypt,256,18,575,160031
esp32c3,AES128GCM,sw,encrypt,256,18,576,160243
esp32c3,AES128GCM,sw,encrypt,256,18,577,160031
esp32c3,AES128GCM,sw,encrypt,256,18,578,160243
esp32c3,AES128GCM,sw,encrypt,256,18,579,160031
esp32c3,AES128GCM,sw,encrypt,256,18,580,160243
esp32c3,AES128GCM,sw,encrypt,256,18,581,160031
esp32c3,AES128GCM,sw,encrypt,256,18,582,161225
esp32c3,AES128GCM,sw,encrypt,256,18,583,160031
esp32c3,AES128GCM,sw,encrypt,256,18,584,160243
esp32c3,AES128GCM,sw,encrypt,256,18,585,160031
esp32c3,AES128GCM,sw,encrypt,256,18,586,160243
esp32c3,AES128GCM,sw,encrypt,256,18,587,160031
esp32c3,AES128GCM,sw,encrypt,256,18,588,160243
esp32c3,AES128GCM,sw,encrypt,256,18,589,160031
esp32c3,AES128GCM,sw,encrypt,256,18,590,160243
esp32c3,AES128GCM,sw,encrypt,256,18,591,160031
esp32c3,AES128GCM,sw,encrypt,256,18,592,160243
esp32c3,AES128GCM,sw,encrypt,256,18,593,160031
esp32c3,AES128GCM,sw,encrypt,256,18,594,161225
esp32c3,AES128GCM,sw,encrypt,256,18,595,160031
esp32c3,AES128GCM,sw,encrypt,256,18,596,160243
esp32c3,AES128GCM,sw,encrypt,256,18,597,160031
esp32c3,AES128GCM,sw,encrypt,256,18,598,160243
esp32c3,AES128GCM,sw,encrypt,256,18,599,160031
esp32c3,AES128GCM,sw,encrypt,256,18,600,160243
esp32c3,AES128GCM,sw,encrypt,256,18,601,160031
esp32c3,AES128GCM,sw,encrypt,256,18,602,160243
esp32c3,AES128GCM,sw,encrypt,256,18,603,160031
esp32c3,AES128GCM,sw,encrypt,256,18,604,160243
esp32c3,AES128GCM,sw,encrypt,256,18,605,160031
esp32c3,AES128GCM,sw,encrypt,256,18,606,161225
esp32c3,AES128GCM,sw,encrypt,256,18,607,160031
esp32c3,AES128GCM,sw,encrypt,256,18,608,160243
esp32c3,AES128GCM,sw,encrypt,256,18,609,160031
esp32c3,AES128GCM,sw,encrypt,256,18,610,160243
esp32c3,AES128GCM,sw,encrypt,256,18,611,160031
esp32c3,AES128GCM,sw,encrypt,256,18,612,160243
esp32c3,AES128GCM,sw,encrypt,256,18,613,160031
esp32c3,AES128GCM,sw,encrypt,256,18,614,160243
esp32c3,AES128GCM,sw,encrypt,256,18,615,160031
esp32c3,AES128GCM,sw,encrypt,256,18,616,160243
esp32c3,AES128GCM,sw,encrypt,256,18,617,160031
esp32c3,AES128GCM,sw,encrypt,256,18,618,161227
esp32c3,AES128GCM,sw,encrypt,256,18,619,160031
esp32c3,AES128GCM,sw,encrypt,256,18,620,160243
esp32c3,AES128GCM,sw,encrypt,256,18,621,160031
esp32c3,AES128GCM,sw,encrypt,256,18,622,160243
esp32c3,AES128GCM,sw,encrypt,256,18,623,160031
esp32c3,AES128GCM,sw,encrypt,256,18,624,160243
esp32c3,AES128GCM,sw,encrypt,256,18,625,160031
esp32c3,AES128GCM,sw,encrypt,256,18,626,160243
esp32c3,AES128GCM,sw,encrypt,256,18,627,160031
esp32c3,AES128GCM,sw,encrypt,256,18,628,160243
esp32c3,AES128GCM,sw,encrypt,256,18,629,160031
esp32c3,AES128GCM,sw,encrypt,256,18,630,161225
esp32c3,AES128GCM,sw,encrypt,256,18,631,160031
esp32c3,AES128GCM,sw,encrypt,256,18,632,160243
esp32c3,AES128GCM,sw,encrypt,256,18,633,160031
esp32c3,AES128GCM,sw,encrypt,256,18,634,160243
esp32c3,AES128GCM,sw,encrypt,256,18,635,160031
esp32c3,AES128GCM,sw,encrypt,256,18,636,160243
esp32c3,AES128GCM,sw,encrypt,256,18,637,160031
esp32c3,AES128GCM,sw,encrypt,256,18,638,160243
esp32c3,AES128GCM,sw,encrypt,256,18,639,160031
esp32c3,AES128GCM,sw,encrypt,256,18,640,160243
esp32c3,AES128GCM,sw,encrypt,256,18,641,160031
esp32c3,AES128GCM,sw,encrypt,256,18,642,161227
esp32c3,AES128GCM,sw,encrypt,256,18,643,160031
esp32c3,AES128GCM,sw,encrypt,256,18,644,160243
esp32c3,AES128GCM,sw,encrypt,256,18,645,160031
esp32c3,AES128GCM,sw,encrypt,256,18,646,160243
esp32c3,AES128GCM,sw,encrypt,256,18,647,160031
esp32c3,AES128GCM,sw,encrypt,256,18,648,160243
esp32c3,AES128GCM,sw,encrypt,256,18,649,160031
esp32c3,AES128GCM,sw,encrypt,256,18,650,160243
esp32c3,AES128GCM,sw,encrypt,256,18,651,160031
esp32c3,AES128GCM,sw,encrypt,256,18,652,160243
esp32c3,AES128GCM,sw,encrypt,256,18,653,160031
esp32c3,AES128GCM,sw,encrypt,256,18,654,161227
esp32c3,AES128GCM,sw,encrypt,256,18,655,160031
esp32c3,AES128GCM,sw,encrypt,256,18,656,160243
esp32c3,AES128GCM,sw,encrypt,256,18,657,160031
esp32c3,AES128GCM,sw,encrypt,256,18,658,160243
esp32c3,AES128GCM,sw,encrypt,256,18,659,160031
esp32c3,AES128GCM,sw,encrypt,256,18,660,160243
esp32c3,AES128GCM,sw,encrypt,256,18,661,160031
esp32c3,AES128GCM,sw,encrypt,256,18,662,160243
esp32c3,AES128GCM,sw,encrypt,256,18,663,160031
esp32c3,AES128GCM,sw,encrypt,256,18,664,160243
esp32c3,AES128GCM,sw,encrypt,256,18,665,160031
esp32c3,AES128GCM,sw,encrypt,256,18,666,161227
esp32c3,AES128GCM,sw,encrypt,256,18,667,160031
esp32c3,AES128GCM,sw,encrypt,256,18,668,160243
esp32c3,AES128GCM,sw,encrypt,256,18,669,160031
esp32c3,AES128GCM,sw,encrypt,256,18,670,160243
esp32c3,AES128GCM,sw,encrypt,256,18,671,160031
esp32c3,AES128GCM,sw,encrypt,256,18,672,160243
esp32c3,AES128GCM,sw,encrypt,256,18,673,160031
esp32c3,AES128GCM,sw,encrypt,256,18,674,160243
esp32c3,AES128GCM,sw,encrypt,256,18,675,160031
esp32c3,AES128GCM,sw,encrypt,256,18,676,160243
esp32c3,AES128GCM,sw,encrypt,256,18,677,160031
esp32c3,AES128GCM,sw,encrypt,256,18,678,161227
esp32c3,AES128GCM,sw,encrypt,256,18,679,160031
esp32c3,AES128GCM,sw,encrypt,256,18,680,160243
esp32c3,AES128GCM,sw,encrypt,256,18,681,160031
esp32c3,AES128GCM,sw,encrypt,256,18,682,160243
esp32c3,AES128GCM,sw,encrypt,256,18,683,160031
esp32c3,AES128GCM,sw,encrypt,256,18,684,160243
esp32c3,AES128GCM,sw,encrypt,256,18,685,160031
esp32c3,AES128GCM,sw,encrypt,256,18,686,160243
esp32c3,AES128GCM,sw,encrypt,256,18,687,160031
esp32c3,AES128GCM,sw,encrypt,256,18,688,160243
esp32c3,AES128GCM,sw,encrypt,256,18,689,160031
esp32c3,AES128GCM,sw,encrypt,256,18,690,161225
esp32c3,AES128GCM,sw,encrypt,256,18,691,160031
esp32c3,AES128GCM,sw,encrypt,256,18,692,160243
esp32c3,AES128GCM,sw,encrypt,256,18,693,160031
esp32c3,AES128GCM,sw,encrypt,256,18,694,160243
esp32c3,AES128GCM,sw,encrypt,256,18,695,160031
esp32c3,AES128GCM,sw,encrypt,256,18,696,160243
esp32c3,AES128GCM,sw,encrypt,256,18,697,160031
esp32c3,AES128GCM,sw,encrypt,256,18,698,160243
esp32c3,AES128GCM,sw,encrypt,256,18,699,160031
esp32c3,AES128GCM,sw,encrypt,256,18,700,160243
esp32c3,AES128GCM,sw,encrypt,256,18,701,160031
esp32c3,AES128GCM,sw,encrypt,256,18,702,161225
esp32c3,AES128GCM,sw,encrypt,256,18,703,160031
esp32c3,AES128GCM,sw,encrypt,256,18,704,160243
esp32c3,AES128GCM,sw,encrypt,256,18,705,160031
esp32c3,AES128GCM,sw,encrypt,256,18,706,160243
esp32c3,AES128GCM,sw,encrypt,256,18,707,160031
esp32c3,AES128GCM,sw,encrypt,256,18,708,160243
esp32c3,AES128GCM,sw,encrypt,256,18,709,160031
esp32c3,AES128GCM,sw,encrypt,256,18,710,160243
esp32c3,AES128GCM,sw,encrypt,256,18,711,160031
esp32c3,AES128GCM,sw,encrypt,256,18,712,160243
esp32c3,AES128GCM,sw,encrypt,256,18,713,160031
esp32c3,AES128GCM,sw,encrypt,256,18,714,161227
esp32c3,AES128GCM,sw,encrypt,256,18,715,160031
esp32c3,AES128GCM,sw,encrypt,256,18,716,160243
esp32c3,AES128GCM,sw,encrypt,256,18,717,160031
esp32c3,AES128GCM,sw,encrypt,256,18,718,160243
esp32c3,AES128GCM,sw,encrypt,256,18,719,160031
esp32c3,AES128GCM,sw,encrypt,256,18,720,160243
esp32c3,AES128GCM,sw,encrypt,256,18,721,160031
esp32c3,AES128GCM,sw,encrypt,256,18,722,160243
esp32c3,AES128GCM,sw,encrypt,256,18,723,160031
esp32c3,AES128GCM,sw,encrypt,256,18,724,160243
esp32c3,AES128GCM,sw,encrypt,256,18,725,160031
esp32c3,AES128GCM,sw,encrypt,256,18,726,161227
esp32c3,AES128GCM,sw,encrypt,256,18,727,160031
esp32c3,AES128GCM,sw,encrypt,256,18,728,160243
esp32c3,AES128GCM,sw,encrypt,256,18,729,160031
esp32c3,AES128GCM,sw,encrypt,256,18,730,160243
esp32c3,AES128GCM,sw,encrypt,256,18,731,160031
esp32c3,AES128GCM,sw,encrypt,256,18,732,160243
esp32c3,AES128GCM,sw,encrypt,256,18,733,160031
esp32c3,AES128GCM,sw,encrypt,256,18,734,160243
esp32c3,AES128GCM,sw,encrypt,256,18,735,160031
esp32c3,AES128GCM,sw,encrypt,256,18,736,160243
esp32c3,AES128GCM,sw,encrypt,256,18,737,160031
esp32c3,AES128GCM,sw,encrypt,256,18,738,162021
esp32c3,AES128GCM,sw,encrypt,256,18,739,160627
esp32c3,AES128GCM,sw,encrypt,256,18,740,160245
esp32c3,AES128GCM,sw,encrypt,256,18,741,160031
esp32c3,AES128GCM,sw,encrypt,256,18,742,160243
esp32c3,AES128GCM,sw,encrypt,256,18,743,160031
esp32c3,AES128GCM,sw,encrypt,256,18,744,160243
esp32c3,AES128GCM,sw,encrypt,256,18,745,160031
esp32c3,AES128GCM,sw,encrypt,256,18,746,160243
esp32c3,AES128GCM,sw,encrypt,256,18,747,160031
esp32c3,AES128GCM,sw,encrypt,256,18,748,160243
esp32c3,AES128GCM,sw,encrypt,256,18,749,160031
esp32c3,AES128GCM,sw,encrypt,256,18,750,161225
esp32c3,AES128GCM,sw,encrypt,256,18,751,160031
esp32c3,AES128GCM,sw,encrypt,256,18,752,160243
esp32c3,AES128GCM,sw,encrypt,256,18,753,160031
esp32c3,AES128GCM,sw,encrypt,256,18,754,160243
esp32c3,AES128GCM,sw,encrypt,256,18,755,160031
esp32c3,AES128GCM,sw,encrypt,256,18,756,160243
esp32c3,AES128GCM,sw,encrypt,256,18,757,160031
esp32c3,AES128GCM,sw,encrypt,256,18,758,160243
esp32c3,AES128GCM,sw,encrypt,256,18,759,160031
esp32c3,AES128GCM,sw,encrypt,256,18,760,160243
esp32c3,AES128GCM,sw,encrypt,256,18,761,160031
esp32c3,AES128GCM,sw,encrypt,256,18,762,161225
esp32c3,AES128GCM,sw,encrypt,256,18,763,160031
esp32c3,AES128GCM,sw,encrypt,256,18,764,160243
esp32c3,AES128GCM,sw,encrypt,256,18,765,160031
esp32c3,AES128GCM,sw,encrypt,256,18,766,160243
esp32c3,AES128GCM,sw,encrypt,256,18,767,160031
esp32c3,AES128GCM,sw,encrypt,256,18,768,160243
esp32c3,AES128GCM,sw,encrypt,256,18,769,160031
esp32c3,AES128GCM,sw,encrypt,256,18,770,160243
esp32c3,AES128GCM,sw,encrypt,256,18,771,160031
esp32c3,AES128GCM,sw,encrypt,256,18,772,160243
esp32c3,AES128GCM,sw,encrypt,256,18,773,160031
esp32c3,AES128GCM,sw,encrypt,256,18,774,161227
esp32c3,AES128GCM,sw,encrypt,256,18,775,160031
esp32c3,AES128GCM,sw,encrypt,256,18,776,160243
esp32c3,AES128GCM,sw,encrypt,256,18,777,160031
esp32c3,AES128GCM,sw,encrypt,256,18,778,160243
esp32c3,AES128GCM,sw,encrypt,256,18,779,160031
esp32c3,AES128GCM,sw,encrypt,256,18,780,160243
esp32c3,AES128GCM,sw,encrypt,256,18,781,160031
esp32c3,AES128GCM,sw,encrypt,256,18,782,160243
esp32c3,AES128GCM,sw,encrypt,256,18,783,160031
esp32c3,AES128GCM,sw,encrypt,256,18,784,160243
esp32c3,AES128GCM,sw,encrypt,256,18,785,160031
esp32c3,AES128GCM,sw,encrypt,256,18,786,161227
esp32c3,AES128GCM,sw,encrypt,256,18,787,160031
esp32c3,AES128GCM,sw,encrypt,256,18,788,160243
esp32c3,AES128GCM,sw,encrypt,256,18,789,160031
esp32c3,AES128GCM,sw,encrypt,256,18,790,160243
esp32c3,AES128GCM,sw,encrypt,256,18,791,160031
esp32c3,AES128GCM,sw,encrypt,256,18,792,160243
esp32c3,AES128GCM,sw,encrypt,256,18,793,160031
esp32c3,AES128GCM,sw,encrypt,256,18,794,160243
esp32c3,AES128GCM,sw,encrypt,256,18,795,160031
esp32c3,AES128GCM,sw,encrypt,256,18,796,160243
esp32c3,AES128GCM,sw,encrypt,256,18,797,160031
esp32c3,AES128GCM,sw,encrypt,256,18,798,161227
esp32c3,AES128GCM,sw,encrypt,256,18,799,160031
esp32c3,AES128GCM,sw,encrypt,256,18,800,160243
esp32c3,AES128GCM,sw,encrypt,256,18,801,160031
esp32c3,AES128GCM,sw,encrypt,256,18,802,160243
esp32c3,AES128GCM,sw,encrypt,256,18,803,160031
esp32c3,AES128GCM,sw,encrypt,256,18,804,160243
esp32c3,AES128GCM,sw,encrypt,256,18,805,160031
esp32c3,AES128GCM,sw,encrypt,256,18,806,160243
esp32c3,AES128GCM,sw,encrypt,256,18,807,160031
esp32c3,AES128GCM,sw,encrypt,256,18,808,160243
esp32c3,AES128GCM,sw,encrypt,256,18,809,160031
esp32c3,AES128GCM,sw,encrypt,256,18,810,161227
esp32c3,AES128GCM,sw,encrypt,256,18,811,160031
esp32c3,AES128GCM,sw,encrypt,256,18,812,160243
esp32c3,AES128GCM,sw,encrypt,256,18,813,160031
esp32c3,AES128GCM,sw,encrypt,256,18,814,160243
esp32c3,AES128GCM,sw,encrypt,256,18,815,160031
esp32c3,AES128GCM,sw,encrypt,256,18,816,160243
esp32c3,AES128GCM,sw,encrypt,256,18,817,160031
esp32c3,AES128GCM,sw,encrypt,256,18,818,160243
esp32c3,AES128GCM,sw,encrypt,256,18,819,160031
esp32c3,AES128GCM,sw,encrypt,256,18,820,160243
esp32c3,AES128GCM,sw,encrypt,256,18,821,160031
esp32c3,AES128GCM,sw,encrypt,256,18,822,161227
esp32c3,AES128GCM,sw,encrypt,256,18,823,160031
esp32c3,AES128GCM,sw,encrypt,256,18,824,160243
esp32c3,AES128GCM,sw,encrypt,256,18,825,160031
esp32c3,AES128GCM,sw,encrypt,256,18,826,160243
esp32c3,AES128GCM,sw,encrypt,256,18,827,160031
esp32c3,AES128GCM,sw,encrypt,256,18,828,160243
esp32c3,AES128GCM,sw,encrypt,256,18,829,160031
esp32c3,AES128GCM,sw,encrypt,256,18,830,160243
esp32c3,AES128GCM,sw,encrypt,256,18,831,160031
esp32c3,AES128GCM,sw,encrypt,256,18,832,160243
esp32c3,AES128GCM,sw,encrypt,256,18,833,160031
esp32c3,AES128GCM,sw,encrypt,256,18,834,161227
esp32c3,AES128GCM,sw,encrypt,256,18,835,160031
esp32c3,AES128GCM,sw,encrypt,256,18,836,160243
esp32c3,AES128GCM,sw,encrypt,256,18,837,160031
esp32c3,AES128GCM,sw,encrypt,256,18,838,160243
esp32c3,AES128GCM,sw,encrypt,256,18,839,160031
esp32c3,AES128GCM,sw,encrypt,256,18,840,160243
esp32c3,AES128GCM,sw,encrypt,256,18,841,160031
esp32c3,AES128GCM,sw,encrypt,256,18,842,160243
esp32c3,AES128GCM,sw,encrypt,256,18,843,160031
esp32c3,AES128GCM,sw,encrypt,256,18,844,160243
esp32c3,AES128GCM,sw,encrypt,256,18,845,160031
esp32c3,AES128GCM,sw,encrypt,256,18,846,161225
esp32c3,AES128GCM,sw,encrypt,256,18,847,160031
esp32c3,AES128GCM,sw,encrypt,256,18,848,160243
esp32c3,AES128GCM,sw,encrypt,256,18,849,160031
esp32c3,AES128GCM,sw,encrypt,256,18,850,160243
esp32c3,AES128GCM,sw,encrypt,256,18,851,160031
esp32c3,AES128GCM,sw,encrypt,256,18,852,160243
esp32c3,AES128GCM,sw,encrypt,256,18,853,160031
esp32c3,AES128GCM,sw,encrypt,256,18,854,160243
esp32c3,AES128GCM,sw,encrypt,256,18,855,160031
esp32c3,AES128GCM,sw,encrypt,256,18,856,160243
esp32c3,AES128GCM,sw,encrypt,256,18,857,160031
esp32c3,AES128GCM,sw,encrypt,256,18,858,161225
esp32c3,AES128GCM,sw,encrypt,256,18,859,160031
esp32c3,AES128GCM,sw,encrypt,256,18,860,160243
esp32c3,AES128GCM,sw,encrypt,256,18,861,160031
esp32c3,AES128GCM,sw,encrypt,256,18,862,160243
esp32c3,AES128GCM,sw,encrypt,256,18,863,160031
esp32c3,AES128GCM,sw,encrypt,256,18,864,160243
esp32c3,AES128GCM,sw,encrypt,256,18,865,160031
esp32c3,AES128GCM,sw,encrypt,256,18,866,160243
esp32c3,AES128GCM,sw,encrypt,256,18,867,160031
esp32c3,AES128GCM,sw,encrypt,256,18,868,160243
esp32c3,AES128GCM,sw,encrypt,256,18,869,160031
esp32c3,AES128GCM,sw,encrypt,256,18,870,161227
esp32c3,AES128GCM,sw,encrypt,256,18,871,160031
esp32c3,AES128GCM,sw,encrypt,256,18,872,160243
esp32c3,AES128GCM,sw,encrypt,256,18,873,160031
esp32c3,AES128GCM,sw,encrypt,256,18,874,160243
esp32c3,AES128GCM,sw,encrypt,256,18,875,160031
esp32c3,AES128GCM,sw,encrypt,256,18,876,160243
esp32c3,AES128GCM,sw,encrypt,256,18,877,160031
esp32c3,AES128GCM,sw,encrypt,256,18,878,160243
esp32c3,AES128GCM,sw,encrypt,256,18,879,160031
esp32c3,AES128GCM,sw,encrypt,256,18,880,160243
esp32c3,AES128GCM,sw,encrypt,256,18,881,160031
esp32c3,AES128GCM,sw,encrypt,256,18,882,161225
esp32c3,AES128GCM,sw,encrypt,256,18,883,160031
esp32c3,AES128GCM,sw,encrypt,256,18,884,160243
esp32c3,AES128GCM,sw,encrypt,256,18,885,160031
esp32c3,AES128GCM,sw,encrypt,256,18,886,160243
esp32c3,AES128GCM,sw,encrypt,256,18,887,160031
esp32c3,AES128GCM,sw,encrypt,256,18,888,160243
esp32c3,AES128GCM,sw,encrypt,256,18,889,160031
esp32c3,AES128GCM,sw,encrypt,256,18,890,160243
esp32c3,AES128GCM,sw,encrypt,256,18,891,160031
esp32c3,AES128GCM,sw,encrypt,256,18,892,160243
esp32c3,AES128GCM,sw,encrypt,256,18,893,160031
esp32c3,AES128GCM,sw,encrypt,256,18,894,161227
esp32c3,AES128GCM,sw,encrypt,256,18,895,160031
esp32c3,AES128GCM,sw,encrypt,256,18,896,160243
esp32c3,AES128GCM,sw,encrypt,256,18,897,160031
esp32c3,AES128GCM,sw,encrypt,256,18,898,160243
esp32c3,AES128GCM,sw,encrypt,256,18,899,160031
esp32c3,AES128GCM,sw,encrypt,256,18,900,160243
esp32c3,AES128GCM,sw,encrypt,256,18,901,160031
esp32c3,AES128GCM,sw,encrypt,256,18,902,160243
esp32c3,AES128GCM,sw,encrypt,256,18,903,160031
esp32c3,AES128GCM,sw,encrypt,256,18,904,160243
esp32c3,AES128GCM,sw,encrypt,256,18,905,160031
esp32c3,AES128GCM,sw,encrypt,256,18,906,161225
esp32c3,AES128GCM,sw,encrypt,256,18,907,160031
esp32c3,AES128GCM,sw,encrypt,256,18,908,160243
esp32c3,AES128GCM,sw,encrypt,256,18,909,160031
esp32c3,AES128GCM,sw,encrypt,256,18,910,160243
esp32c3,AES128GCM,sw,encrypt,256,18,911,160031
esp32c3,AES128GCM,sw,encrypt,256,18,912,160243
esp32c3,AES128GCM,sw,encrypt,256,18,913,160031
esp32c3,AES128GCM,sw,encrypt,256,18,914,160243
esp32c3,AES128GCM,sw,encrypt,256,18,915,160031
esp32c3,AES128GCM,sw,encrypt,256,18,916,160243
esp32c3,AES128GCM,sw,encrypt,256,18,917,160031
esp32c3,AES128GCM,sw,encrypt,256,18,918,161227
esp32c3,AES128GCM,sw,encrypt,256,18,919,160031
esp32c3,AES128GCM,sw,encrypt,256,18,920,160243
esp32c3,AES128GCM,sw,encrypt,256,18,921,160031
esp32c3,AES128GCM,sw,encrypt,256,18,922,160243
esp32c3,AES128GCM,sw,encrypt,256,18,923,160031
esp32c3,AES128GCM,sw,encrypt,256,18,924,160243
esp32c3,AES128GCM,sw,encrypt,256,18,925,160031
esp32c3,AES128GCM,sw,encrypt,256,18,926,160243
esp32c3,AES128GCM,sw,encrypt,256,18,927,160031
esp32c3,AES128GCM,sw,encrypt,256,18,928,160243
esp32c3,AES128GCM,sw,encrypt,256,18,929,160031
esp32c3,AES128GCM,sw,encrypt,256,18,930,161227
esp32c3,AES128GCM,sw,encrypt,256,18,931,160031
esp32c3,AES128GCM,sw,encrypt,256,18,932,160243
esp32c3,AES128GCM,sw,encrypt,256,18,933,160031
esp32c3,AES128GCM,sw,encrypt,256,18,934,160243
esp32c3,AES128GCM,sw,encrypt,256,18,935,160031
esp32c3,AES128GCM,sw,encrypt,256,18,936,160243
esp32c3,AES128GCM,sw,encrypt,256,18,937,160031
esp32c3,AES128GCM,sw,encrypt,256,18,938,160243
esp32c3,AES128GCM,sw,encrypt,256,18,939,160031
esp32c3,AES128GCM,sw,encrypt,256,18,940,160243
esp32c3,AES128GCM,sw,encrypt,256,18,941,160031
esp32c3,AES128GCM,sw,encrypt,256,18,942,161225
esp32c3,AES128GCM,sw,encrypt,256,18,943,160031
esp32c3,AES128GCM,sw,encrypt,256,18,944,160243
esp32c3,AES128GCM,sw,encrypt,256,18,945,160031
esp32c3,AES128GCM,sw,encrypt,256,18,946,160243
esp32c3,AES128GCM,sw,encrypt,256,18,947,160031
esp32c3,AES128GCM,sw,encrypt,256,18,948,160243
esp32c3,AES128GCM,sw,encrypt,256,18,949,160031
esp32c3,AES128GCM,sw,encrypt,256,18,950,160243
esp32c3,AES128GCM,sw,encrypt,256,18,951,160031
esp32c3,AES128GCM,sw,encrypt,256,18,952,160243
esp32c3,AES128GCM,sw,encrypt,256,18,953,160031
esp32c3,AES128GCM,sw,encrypt,256,18,954,161225
esp32c3,AES128GCM,sw,encrypt,256,18,955,160031
esp32c3,AES128GCM,sw,encrypt,256,18,956,160243
esp32c3,AES128GCM,sw,encrypt,256,18,957,160031
esp32c3,AES128GCM,sw,encrypt,256,18,958,160243
esp32c3,AES128GCM,sw,encrypt,256,18,959,160031
esp32c3,AES128GCM,sw,encrypt,256,18,960,160243
esp32c3,AES128GCM,sw,encrypt,256,18,961,160031
esp32c3,AES128GCM,sw,encrypt,256,18,962,160243
esp32c3,AES128GCM,sw,encrypt,256,18,963,160031
esp32c3,AES128GCM,sw,encrypt,256,18,964,160243
esp32c3,AES128GCM,sw,encrypt,256,18,965,160031
esp32c3,AES128GCM,sw,encrypt,256,18,966,161225
esp32c3,AES128GCM,sw,encrypt,256,18,967,160031
esp32c3,AES128GCM,sw,encrypt,256,18,968,160243
esp32c3,AES128GCM,sw,encrypt,256,18,969,160031
esp32c3,AES128GCM,sw,encrypt,256,18,970,160243
esp32c3,AES128GCM,sw,encrypt,256,18,971,160031
esp32c3,AES128GCM,sw,encrypt,256,18,972,160243
esp32c3,AES128GCM,sw,encrypt,256,18,973,160031
esp32c3,AES128GCM,sw,encrypt,256,18,974,160243
esp32c3,AES128GCM,sw,encrypt,256,18,975,160031
esp32c3,AES128GCM,sw,encrypt,256,18,976,160243
esp32c3,AES128GCM,sw,encrypt,256,18,977,160031
esp32c3,AES128GCM,sw,encrypt,256,18,978,161225
esp32c3,AES128GCM,sw,encrypt,256,18,979,160031
esp32c3,AES128GCM,sw,encrypt,256,18,980,160243
esp32c3,AES128GCM,sw,encrypt,256,18,981,160031
esp32c3,AES128GCM,sw,encrypt,256,18,982,160243
esp32c3,AES128GCM,sw,encrypt,256,18,983,160031
esp32c3,AES128GCM,sw,encrypt,256,18,984,160243
esp32c3,AES128GCM,sw,encrypt,256,18,985,160031
esp32c3,AES128GCM,sw,encrypt,256,18,986,160243
esp32c3,AES128GCM,sw,encrypt,256,18,987,160031
esp32c3,AES128GCM,sw,encrypt,256,18,988,160243
esp32c3,AES128GCM,sw,encrypt,256,18,989,160031
esp32c3,AES128GCM,sw,encrypt,256,18,990,161227
esp32c3,AES128GCM,sw,encrypt,256,18,991,160031
esp32c3,AES128GCM,sw,encrypt,256,18,992,160243
esp32c3,AES128GCM,sw,encrypt,256,18,993,160031
esp32c3,AES128GCM,sw,encrypt,256,18,994,160243
esp32c3,AES128GCM,sw,encrypt,256,18,995,160031
esp32c3,AES128GCM,sw,encrypt,256,18,996,160243
esp32c3,AES128GCM,sw,encrypt,256,18,997,160031
esp32c3,AES128GCM,sw,encrypt,256,18,998,160243
esp32c3,AES128GCM,sw,encrypt,256,18,999,160031
stack,esp32c3,AES128GCM,sw,encrypt,256,14180
esp32c3,AES128GCM,sw,decrypt,256,18,0,150593
esp32c3,AES128GCM,sw,decrypt,256,18,1,162113
esp32c3,AES128GCM,sw,decrypt,256,18,2,162189
esp32c3,AES128GCM,sw,decrypt,256,18,3,163095
esp32c3,AES128GCM,sw,decrypt,256,18,4,162189
esp32c3,AES128GCM,sw,decrypt,256,18,5,162113
esp32c3,AES128GCM,sw,decrypt,256,18,6,162189
esp32c3,AES128GCM,sw,decrypt,256,18,7,162113
esp32c3,AES128GCM,sw,decrypt,256,18,8,162189
esp32c3,AES128GCM,sw,decrypt,256,18,9,162113
esp32c3,AES128GCM,sw,decrypt,256,18,10,162189
esp32c3,AES128GCM,sw,decrypt,256,18,11,162113
esp32c3,AES128GCM,sw,decrypt,256,18,12,162189
esp32c3,AES128GCM,sw,decrypt,256,18,13,162113
esp32c3,AES128GCM,sw,decrypt,256,18,14,162189
esp32c3,AES128GCM,sw,decrypt,256,18,15,162113
esp32c3,AES128GCM,sw,decrypt,256,18,16,162189
esp32c3,AES128GCM,sw,decrypt,256,18,17,162113
esp32c3,AES128GCM,sw,decrypt,256,18,18,162189
esp32c3,AES128GCM,sw,decrypt,256,18,19,162113
esp32c3,AES128GCM,sw,decrypt,256,18,20,162189
esp32c3,AES128GCM,sw,decrypt,256,18,21,162113
esp32c3,AES128GCM,sw,decrypt,256,18,22,162189
esp32c3,AES128GCM,sw,decrypt,256,18,23,163097
esp32c3,AES128GCM,sw,decrypt,256,18,24,162189
esp32c3,AES128GCM,sw,decrypt,256,18,25,162113
esp32c3,AES128GCM,sw,decrypt,256,18,26,162189
esp32c3,AES128GCM,sw,decrypt,256,18,27,162113
esp32c3,AES128GCM,sw,decrypt,256,18,28,163171
esp32c3,AES128GCM,sw,decrypt,256,18,29,162113
esp32c3,AES128GCM,sw,decrypt,256,18,30,162189
esp32c3,AES128GCM,sw,decrypt,256,18,31,162113
esp32c3,AES128GCM,sw,decrypt,256,18,32,162189
esp32c3,AES128GCM,sw,decrypt,256,18,33,162887
esp32c3,AES128GCM,sw,decrypt,256,18,34,162189
esp32c3,AES128GCM,sw,decrypt,256,18,35,162113
esp32c3,AES128GCM,sw,decrypt,256,18,36,162189
esp32c3,AES128GCM,sw,decrypt,256,18,37,162113
esp32c3,AES128GCM,sw,decrypt,256,18,38,162189
esp32c3,AES128GCM,sw,decrypt,256,18,39,162113
esp32c3,AES128GCM,sw,decrypt,256,18,40,162189
esp32c3,AES128GCM,sw,decrypt,256,18,41,162113
esp32c3,AES128GCM,sw,decrypt,256,18,42,162189
esp32c3,AES128GCM,sw,decrypt,256,18,43,162113
esp32c3,AES128GCM,sw,decrypt,256,18,44,162189
esp32c3,AES128GCM,sw,decrypt,256,18,45,162113
esp32c3,AES128GCM,sw,decrypt,256,18,46,162189
esp32c3,AES128GCM,sw,decrypt,256,18,47,162113
esp32c3,AES128GCM,sw,decrypt,256,18,48,162189
esp32c3,AES128GCM,sw,decrypt,256,18,49,162113
esp32c3,AES128GCM,sw,decrypt,256,18,50,163171
esp32c3,AES128GCM,sw,decrypt,256,18,51,162113
esp32c3,AES128GCM,sw,decrypt,256,18,52,162189
esp32c3,AES128GCM,sw,decrypt,256,18,53,162113
esp32c3,AES128GCM,sw,decrypt,256,18,54,162189
esp32c3,AES128GCM,sw,decrypt,256,18,55,163095
esp32c3,AES128GCM,sw,decrypt,256,18,56,162189
esp32c3,AES128GCM,sw,decrypt,256,18,57,162113
esp32c3,AES128GCM,sw,decrypt,256,18,58,162189
esp32c3,AES128GCM,sw,decrypt,256,18,59,162113
esp32c3,AES128GCM,sw,decrypt,256,18,60,162189
esp32c3,AES128GCM,sw,decrypt,256,18,61,162113
esp32c3,AES128GCM,sw,decrypt,256,18,62,162189
esp32c3,AES128GCM,sw,decrypt,256,18,63,162113
esp32c3,AES128GCM,sw,decrypt,256,18,64,162189
esp32c3,AES128GCM,sw,decrypt,256,18,65,162113
esp32c3,AES128GCM,sw,decrypt,256,18,66,162189
esp32c3,AES128GCM,sw,decrypt,256,18,67,162113
esp32c3,AES128GCM,sw,decrypt,256,18,68,162189
esp32c3,AES128GCM,sw,decrypt,256,18,69,162113
esp32c3,AES128GCM,sw,decrypt,256,18,70,162189
esp32c3,AES128GCM,sw,decrypt,256,18,71,162113
esp32c3,AES128GCM,sw,decrypt,256,18,72,163171
esp32c3,AES128GCM,sw,decrypt,256,18,73,162113
esp32c3,AES128GCM,sw,decrypt,256,18,74,162189
esp32c3,AES128GCM,sw,decrypt,256,18,75,162113
esp32c3,AES128GCM,sw,decrypt,256,18,76,162189
esp32c3,AES128GCM,sw,decrypt,256,18,77,163097
esp32c3,AES128GCM,sw,decrypt,256,18,78,162189
esp32c3,AES128GCM,sw,decrypt,256,18,79,162113
esp32c3,AES128GCM,sw,decrypt,256,18,80,162189
esp32c3,AES128GCM,sw,decrypt,256,18,81,162113
esp32c3,AES128GCM,sw,decrypt,256,18,82,162985
esp32c3,AES128GCM,sw,decrypt,256,18,83,162113
esp32c3,AES128GCM,sw,decrypt,256,18,84,162189
esp32c3,AES128GCM,sw,decrypt,256,18,85,162113
esp32c3,AES128GCM,sw,decrypt,256,18,86,162189
esp32c3,AES128GCM,sw,decrypt,256,18,87,162113
esp32c3,AES128GCM,sw,decrypt,256,18,88,162189
esp32c3,AES128GCM,sw,decrypt,256,18,89,162113
esp32c3,AES128GCM,sw,decrypt,256,18,90,162189
esp32c3,AES128GCM,sw,decrypt,256,18,91,162113
esp32c3,AES128GCM,sw,decrypt,256,18,92,162189
esp32c3,AES128GCM,sw,decrypt,256,18,93,162113
esp32c3,AES128GCM,sw,decrypt,256,18,94,162189
esp32c3,AES128GCM,sw,decrypt,256,18,95,162113
esp32c3,AES128GCM,sw,decrypt,256,18,96,162189
esp32c3,AES128GCM,sw,decrypt,256,18,97,162113
esp32c3,AES128GCM,sw,decrypt,256,18,98,162189
esp32c3,AES128GCM,sw,decrypt,256,18,99,163097
esp32c3,AES128GCM,sw,decrypt,256,18,100,162189
esp32c3,AES128GCM,sw,decrypt,256,18,101,162113
esp32c3,AES128GCM,sw,decrypt,256,18,102,162189
esp32c3,AES128GCM,sw,decrypt,256,18,103,162113
esp32c3,AES128GCM,sw,decrypt,256,18,104,163129
esp32c3,AES128GCM,sw,decrypt,256,18,105,162113
esp32c3,AES128GCM,sw,decrypt,256,18,106,162189
esp32c3,AES128GCM,sw,decrypt,256,18,107,162113
esp32c3,AES128GCM,sw,decrypt,256,18,108,162189
esp32c3,AES128GCM,sw,decrypt,256,18,109,162113
esp32c3,AES128GCM,sw,decrypt,256,18,110,162189
esp32c3,AES128GCM,sw,decrypt,256,18,111,163095
esp32c3,AES128GCM,sw,decrypt,256,18,112,162189
esp32c3,AES128GCM,sw,decrypt,256,18,113,162113
esp32c3,AES128GCM,sw,decrypt,256,18,114,162189
esp32c3,AES128GCM,sw,decrypt,256,18,115,162113
esp32c3,AES128GCM,sw,decrypt,256,18,116,163171
esp32c3,AES128GCM,sw,decrypt,256,18,117,162113
esp32c3,AES128GCM,sw,decrypt,256,18,118,162189
esp32c3,AES128GCM,sw,decrypt,256,18,119,162113
esp32c3,AES128GCM,sw,decrypt,256,18,120,162189
esp32c3,AES128GCM,sw,decrypt,256,18,121,162113
esp32c3,AES128GCM,sw,decrypt,256,18,122,162189
esp32c3,AES128GCM,sw,decrypt,256,18,123,163097
esp32c3,AES128GCM,sw,decrypt,256,18,124,162189
esp32c3,AES128GCM,sw,decrypt,256,18,125,162113
esp32c3,AES128GCM,sw,decrypt,256,18,126,162189
esp32c3,AES128GCM,sw,decrypt,256,18,127,162113
esp32c3,AES128GCM,sw,decrypt,256,18,128,163173
esp32c3,AES128GCM,sw,decrypt,256,18,129,162113
esp32c3,AES128GCM,sw,decrypt,256,18,130,162189
esp32c3,AES128GCM,sw,decrypt,256,18,131,162113
esp32c3,AES128GCM,sw,decrypt,256,18,132,162189
esp32c3,AES128GCM,sw,decrypt,256,18,133,162113
esp32c3,AES128GCM,sw,decrypt,256,18,134,162189
esp32c3,AES128GCM,sw,decrypt,256,18,135,163095
esp32c3,AES128GCM,sw,decrypt,256,18,136,162189
esp32c3,AES128GCM,sw,decrypt,256,18,137,162113
esp32c3,AES128GCM,sw,decrypt,256,18,138,162189
esp32c3,AES128GCM,sw,decrypt,256,18,139,162113
esp32c3,AES128GCM,sw,decrypt,256,18,140,163173
esp32c3,AES128GCM,sw,decrypt,256,18,141,162113
esp32c3,AES128GCM,sw,decrypt,256,18,142,162189
esp32c3,AES128GCM,sw,decrypt,256,18,143,162113
esp32c3,AES128GCM,sw,decrypt,256,18,144,162189
esp32c3,AES128GCM,sw,decrypt,256,18,145,162113
esp32c3,AES128GCM,sw,decrypt,256,18,146,162189
esp32c3,AES128GCM,sw,decrypt,256,18,147,163095
esp32c3,AES128GCM,sw,decrypt,256,18,148,162189
esp32c3,AES128GCM,sw,decrypt,256,18,149,162113
esp32c3,AES128GCM,sw,decrypt,256,18,150,162189
esp32c3,AES128GCM,sw,decrypt,256,18,151,162113
esp32c3,AES128GCM,sw,decrypt,256,18,152,163171
esp32c3,AES128GCM,sw,decrypt,256,18,153,162113
esp32c3,AES128GCM,sw,decrypt,256,18,154,162189
esp32c3,AES128GCM,sw,decrypt,256,18,155,162113
esp32c3,AES128GCM,sw,decrypt,256,18,156,162189
esp32c3,AES128GCM,sw,decrypt,256,18,157,162113
esp32c3,AES128GCM,sw,decrypt,256,18,158,162189
esp32c3,AES128GCM,sw,decrypt,256,18,159,163097
esp32c3,AES128GCM,sw,decrypt,256,18,160,162189
esp32c3,AES128GCM,sw,decrypt,256,18,161,162113
esp32c3,AES128GCM,sw,decrypt,256,18,162,162189
esp32c3,AES128GCM,sw,decrypt,256,18,163,162113
esp32c3,AES128GCM,sw,decrypt,256,18,164,163173
esp32c3,AES128GCM,sw,decrypt,256,18,165,162113
esp32c3,AES128GCM,sw,decrypt,256,18,166,162189
esp32c3,AES128GCM,sw,decrypt,256,18,167,162113
esp32c3,AES128GCM,sw,decrypt,256,18,168,162189
esp32c3,AES128GCM,sw,decrypt,256,18,169,162113
esp32c3,AES128GCM,sw,decrypt,256,18,170,162189
esp32c3,AES128GCM,sw,decrypt,256,18,171,163097
esp32c3,AES128GCM,sw,decrypt,256,18,172,162189
esp32c3,AES128GCM,sw,decrypt,256,18,173,162113
esp32c3,AES128GCM,sw,decrypt,256,18,174,162189
esp32c3,AES128GCM,sw,decrypt,256,18,175,162113
esp32c3,AES128GCM,sw,decrypt,256,18,176,163171
esp32c3,AES128GCM,sw,decrypt,256,18,177,162113
esp32c3,AES128GCM,sw,decrypt,256,18,178,162189
esp32c3,AES128GCM,sw,decrypt,256,18,179,162113
esp32c3,AES128GCM,sw,decrypt,256,18,180,162189
esp32c3,AES128GCM,sw,decrypt,256,18,181,162113
esp32c3,AES128GCM,sw,decrypt,256,18,182,162189
esp32c3,AES128GCM,sw,decrypt,256,18,183,163095
esp32c3,AES128GCM,sw,decrypt,256,18,184,162189
esp32c3,AES128GCM,sw,decrypt,256,18,185,162113
esp32c3,AES128GCM,sw,decrypt,256,18,186,162189
esp32c3,AES128GCM,sw,decrypt,256,18,187,162113
esp32c3,AES128GCM,sw,decrypt,256,18,188,163173
esp32c3,AES128GCM,sw,decrypt,256,18,189,162113
esp32c3,AES128GCM,sw,decrypt,256,18,190,162189
esp32c3,AES128GCM,sw,decrypt,256,18,191,162113
esp32c3,AES128GCM,sw,decrypt,256,18,192,162189
esp32c3,AES128GCM,sw,decrypt,256,18,193,162113
esp32c3,AES128GCM,sw,decrypt,256,18,194,162189
esp32c3,AES128GCM,sw,decrypt,256,18,195,163095
esp32c3,AES128GCM,sw,decrypt,256,18,196,162189
esp32c3,AES128GCM,sw,decrypt,256,18,197,162113
esp32c3,AES128GCM,sw,decrypt,256,18,198,162189
esp32c3,AES128GCM,sw,decrypt,256,18,199,162113
esp32c3,AES128GCM,sw,decrypt,256,18,200,163139
esp32c3,AES128GCM,sw,decrypt,256,18,201,162113
esp32c3,AES128GCM,sw,decrypt,256,18,202,162189
esp32c3,AES128GCM,sw,decrypt,256,18,203,162113
esp32c3,AES128GCM,sw,decrypt,256,18,204,162189
esp32c3,AES128GCM,sw,decrypt,256,18,205,162113
esp32c3,AES128GCM,sw,decrypt,256,18,206,162189
esp32c3,AES128GCM,sw,decrypt,256,18,207,163097
esp32c3,AES128GCM,sw,decrypt,256,18,208,162189
esp32c3,AES128GCM,sw,decrypt,256,18,209,162113
esp32c3,AES128GCM,sw,decrypt,256,18,210,162189
esp32c3,AES128GCM,sw,decrypt,256,18,211,162113
esp32c3,AES128GCM,sw,decrypt,256,18,212,163171
esp32c3,AES128GCM,sw,decrypt,256,18,213,162113
esp32c3,AES128GCM,sw,decrypt,256,18,214,162189
esp32c3,AES128GCM,sw,decrypt,256,18,215,162113
esp32c3,AES128GCM,sw,decrypt,256,18,216,162189
esp32c3,AES128GCM,sw,decrypt,256,18,217,162113
esp32c3,AES128GCM,sw,decrypt,256,18,218,162189
esp32c3,AES128GCM,sw,decrypt,256,18,219,163097
esp32c3,AES128GCM,sw,decrypt,256,18,220,162189
esp32c3,AES128GCM,sw,decrypt,256,18,221,162113
esp32c3,AES128GCM,sw,decrypt,256,18,222,162189
esp32c3,AES128GCM,sw,decrypt,256,18,223,162113
esp32c3,AES128GCM,sw,decrypt,256,18,224,163171
esp32c3,AES128GCM,sw,decrypt,256,18,225,162113
esp32c3,AES128GCM,sw,decrypt,256,18,226,162189
esp32c3,AES128GCM,sw,decrypt,256,18,227,162113
esp32c3,AES128GCM,sw,decrypt,256,18,228,162189
esp32c3,AES128GCM,sw,decrypt,256,18,229,162113
esp32c3,AES128GCM,sw,decrypt,256,18,230,162189
esp32c3,AES128GCM,sw,decrypt,256,18,231,163097
esp32c3,AES128GCM,sw,decrypt,256,18,232,162189
esp32c3,AES128GCM,sw,decrypt,256,18,233,162113
esp32c3,AES128GCM,sw,decrypt,256,18,234,162189
esp32c3,AES128GCM,sw,decrypt,256,18,235,162113
esp32c3,AES128GCM,sw,decrypt,256,18,236,163173
esp32c3,AES128GCM,sw,decrypt,256,18,237,162113
esp32c3,AES128GCM,sw,decrypt,256,18,238,162189
esp32c3,AES128GCM,sw,decrypt,256,18,239,162113
esp32c3,AES128GCM,sw,decrypt,256,18,240,162189
esp32c3,AES128GCM,sw,decrypt,256,18,241,162113
esp32c3,AES128GCM,sw,decrypt,256,18,242,162189
esp32c3,AES128GCM,sw,decrypt,256,18,243,163097
esp32c3,AES128GCM,sw,decrypt,256,18,244,162189
esp32c3,AES128GCM,sw,decrypt,256,18,245,162113
esp32c3,AES128GCM,sw,decrypt,256,18,246,162189
esp32c3,AES128GCM,sw,decrypt,256,18,247,162113
esp32c3,AES128GCM,sw,decrypt,256,18,248,163171
esp32c3,AES128GCM,sw,decrypt,256,18,249,162113
esp32c3,AES128GCM,sw,decrypt,256,18,250,162189
esp32c3,AES128GCM,sw,decrypt,256,18,251,162113
esp32c3,AES128GCM,sw,decrypt,256,18,252,162189
esp32c3,AES128GCM,sw,decrypt,256,18,253,162113
esp32c3,AES128GCM,sw,decrypt,256,18,254,162189
esp32c3,AES128GCM,sw,decrypt,256,18,255,163095
esp32c3,AES128GCM,sw,decrypt,256,18,256,162189
esp32c3,AES128GCM,sw,decrypt,256,18,257,162113
esp32c3,AES128GCM,sw,decrypt,256,18,258,162189
esp32c3,AES128GCM,sw,decrypt,256,18,259,162113
esp32c3,AES128GCM,sw,decrypt,256,18,260,163171
esp32c3,AES128GCM,sw,decrypt,256,18,261,162113
esp32c3,AES128GCM,sw,decrypt,256,18,262,162189
esp32c3,AES128GCM,sw,decrypt,256,18,263,162113
esp32c3,AES128GCM,sw,decrypt,256,18,264,162189
esp32c3,AES128GCM,sw,decrypt,256,18,265,162113
esp32c3,AES128GCM,sw,decrypt,256,18,266,162189
esp32c3,AES128GCM,sw,decrypt,256,18,267,163095
esp32c3,AES128GCM,sw,decrypt,256,18,268,162189
esp32c3,AES128GCM,sw,decrypt,256,18,269,162113
esp32c3,AES128GCM,sw,decrypt,256,18,270,162189
esp32c3,AES128GCM,sw,decrypt,256,18,271,162113
esp32c3,AES128GCM,sw,decrypt,256,18,272,163171
esp32c3,AES128GCM,sw,decrypt,256,18,273,162113
esp32c3,AES128GCM,sw,decrypt,256,18,274,162189
esp32c3,AES128GCM,sw,decrypt,256,18,275,162113
esp32c3,AES128GCM,sw,decrypt,256,18,276,162189
esp32c3,AES128GCM,sw,decrypt,256,18,277,162113
esp32c3,AES128GCM,sw,decrypt,256,18,278,162189
esp32c3,AES128GCM,sw,decrypt,256,18,279,163097
esp32c3,AES128GCM,sw,decrypt,256,18,280,162189
esp32c3,AES128GCM,sw,decrypt,256,18,281,162113
esp32c3,AES128GCM,sw,decrypt,256,18,282,162189
esp32c3,AES128GCM,sw,decrypt,256,18,283,162113
esp32c3,AES128GCM,sw,decrypt,256,18,284,163171
esp32c3,AES128GCM,sw,decrypt,256,18,285,162113
esp32c3,AES128GCM,sw,decrypt,256,18,286,162189
esp32c3,AES128GCM,sw,decrypt,256,18,287,162113
esp32c3,AES128GCM,sw,decrypt,256,18,288,162189
esp32c3,AES128GCM,sw,decrypt,256,18,289,162113
esp32c3,AES128GCM,sw,decrypt,256,18,290,162189
esp32c3,AES128GCM,sw,decrypt,256,18,291,163097
esp32c3,AES128GCM,sw,decrypt,256,18,292,162189
esp32c3,AES128GCM,sw,decrypt,256,18,293,162113
esp32c3,AES128GCM,sw,decrypt,256,18,294,162189
esp32c3,AES128GCM,sw,decrypt,256,18,295,162113
esp32c3,AES128GCM,sw,decrypt,256,18,296,163171
esp32c3,AES128GCM,sw,decrypt,256,18,297,162113
esp32c3,AES128GCM,sw,decrypt,256,18,298,162189
esp32c3,AES128GCM,sw,decrypt,256,18,299,162113
esp32c3,AES128GCM,sw,decrypt,256,18,300,162189
esp32c3,AES128GCM,sw,decrypt,256,18,301,162113
esp32c3,AES128GCM,sw,decrypt,256,18,302,162189
esp32c3,AES128GCM,sw,decrypt,256,18,303,163095
esp32c3,AES128GCM,sw,decrypt,256,18,304,162189
esp32c3,AES128GCM,sw,decrypt,256,18,305,162113
esp32c3,AES128GCM,sw,decrypt,256,18,306,162189
esp32c3,AES128GCM,sw,decrypt,256,18,307,162113
esp32c3,AES128GCM,sw,decrypt,256,18,308,163171
esp32c3,AES128GCM,sw,decrypt,256,18,309,162113
esp32c3,AES128GCM,sw,decrypt,256,18,310,162189
esp32c3,AES128GCM,sw,decrypt,256,18,311,162113
esp32c3,AES128GCM,sw,decrypt,256,18,312,162189
esp32c3,AES128GCM,sw,decrypt,256,18,313,162113
esp32c3,AES128GCM,sw,decrypt,256,18,314,162189
esp32c3,AES128GCM,sw,decrypt,256,18,315,163096
esp32c3,AES128GCM,sw,decrypt,256,18,316,162189
esp32c3,AES128GCM,sw,decrypt,256,18,317,162113
esp32c3,AES128GCM,sw,decrypt,256,18,318,162189
esp32c3,AES128GCM,sw,decrypt,256,18,319,162113
esp32c3,AES128GCM,sw,decrypt,256,18,320,163173
esp32c3,AES128GCM,sw,decrypt,256,18,321,162113
esp32c3,AES128GCM,sw,decrypt,256,18,322,162189
esp32c3,AES128GCM,sw,decrypt,256,18,323,162113
esp32c3,AES128GCM,sw,decrypt,256,18,324,162189
esp32c3,AES128GCM,sw,decrypt,256,18,325,162113
esp32c3,AES128GCM,sw,decrypt,256,18,326,162189
esp32c3,AES128GCM,sw,decrypt,256,18,327,163095
esp32c3,AES128GCM,sw,decrypt,256,18,328,162189
esp32c3,AES128GCM,sw,decrypt,256,18,329,162113
esp32c3,AES128GCM,sw,decrypt,256,18,330,162189
esp32c3,AES128GCM,sw,decrypt,256,18,331,162113
esp32c3,AES128GCM,sw,decrypt,256,18,332,162985
esp32c3,AES128GCM,sw,decrypt,256,18,333,162113
esp32c3,AES128GCM,sw,decrypt,256,18,334,162189
esp32c3,AES128GCM,sw,decrypt,256,18,335,162113
esp32c3,AES128GCM,sw,decrypt,256,18,336,162189
esp32c3,AES128GCM,sw,decrypt,256,18,337,162113
esp32c3,AES128GCM,sw,decrypt,256,18,338,162189
esp32c3,AES128GCM,sw,decrypt,256,18,339,163096
esp32c3,AES128GCM,sw,decrypt,256,18,340,162189
esp32c3,AES128GCM,sw,decrypt,256,18,341,162113
esp32c3,AES128GCM,sw,decrypt,256,18,342,162189
esp32c3,AES128GCM,sw,decrypt,256,18,343,162113
esp32c3,AES128GCM,sw,decrypt,256,18,344,163169
esp32c3,AES128GCM,sw,decrypt,256,18,345,162113
esp32c3,AES128GCM,sw,decrypt,256,18,346,162189
esp32c3,AES128GCM,sw,decrypt,256,18,347,162113
esp32c3,AES128GCM,sw,decrypt,256,18,348,162189
esp32c3,AES128GCM,sw,decrypt,256,18,349,162113
esp32c3,AES128GCM,sw,decrypt,256,18,350,162189
esp32c3,AES128GCM,sw,decrypt,256,18,351,163095
esp32c3,AES128GCM,sw,decrypt,256,18,352,162189
esp32c3,AES128GCM,sw,decrypt,256,18,353,162113
esp32c3,AES128GCM,sw,decrypt,256,18,354,162189
esp32c3,AES128GCM,sw,decrypt,256,18,355,162113
esp32c3,AES128GCM,sw,decrypt,256,18,356,163171
esp32c3,AES128GCM,sw,decrypt,256,18,357,162113
esp32c3,AES128GCM,sw,decrypt,256,18,358,162189
esp32c3,AES128GCM,sw,decrypt,256,18,359,162113
esp32c3,AES128GCM,sw,decrypt,256,18,360,162189
esp32c3,AES128GCM,sw,decrypt,256,18,361,162113
esp32c3,AES128GCM,sw,decrypt,256,18,362,162189
esp32c3,AES128GCM,sw,decrypt,256,18,363,163097
esp32c3,AES128GCM,sw,decrypt,256,18,364,162189
esp32c3,AES128GCM,sw,decrypt,256,18,365,162113
esp32c3,AES128GCM,sw,decrypt,256,18,366,162189
esp32c3,AES128GCM,sw,decrypt,256,18,367,162113
esp32c3,AES128GCM,sw,decrypt,256,18,368,163171
esp32c3,AES128GCM,sw,decrypt,256,18,369,162113
esp32c3,AES128GCM,sw,decrypt,256,18,370,162189
esp32c3,AES128GCM,sw,decrypt,256,18,371,162113
esp32c3,AES128GCM,sw,decrypt,256,18,372,162189
esp32c3,AES128GCM,sw,decrypt,256,18,373,162113
esp32c3,AES128GCM,sw,decrypt,256,18,374,162189
esp32c3,AES128GCM,sw,decrypt,256,18,375,163097
esp32c3,AES128GCM,sw,decrypt,256,18,376,162189
esp32c3,AES128GCM,sw,decrypt,256,18,377,162113
esp32c3,AES128GCM,sw,decrypt,256,18,378,162189
esp32c3,AES128GCM,sw,decrypt,256,18,379,162113
esp32c3,AES128GCM,sw,decrypt,256,18,380,163171
esp32c3,AES128GCM,sw,decrypt,256,18,381,162113
esp32c3,AES128GCM,sw,decrypt,256,18,382,162189
esp32c3,AES128GCM,sw,decrypt,256,18,383,162113
esp32c3,AES128GCM,sw,decrypt,256,18,384,162189
esp32c3,AES128GCM,sw,decrypt,256,18,385,162113
esp32c3,AES128GCM,sw,decrypt,256,18,386,162189
esp32c3,AES128GCM,sw,decrypt,256,18,387,163096
esp32c3,AES128GCM,sw,decrypt,256,18,388,162189
esp32c3,AES128GCM,sw,decrypt,256,18,389,162113
esp32c3,AES128GCM,sw,decrypt,256,18,390,162189
esp32c3,AES128GCM,sw,decrypt,256,18,391,162113
esp32c3,AES128GCM,sw,decrypt,256,18,392,163171
esp32c3,AES128GCM,sw,decrypt,256,18,393,162113
esp32c3,AES128GCM,sw,decrypt,256,18,394,162189
esp32c3,AES128GCM,sw,decrypt,256,18,395,162113
esp32c3,AES128GCM,sw,decrypt,256,18,396,162189
esp32c3,AES128GCM,sw,decrypt,256,18,397,162113
esp32c3,AES128GCM,sw,decrypt,256,18,398,162189
esp32c3,AES128GCM,sw,decrypt,256,18,399,163097
esp32c3,AES128GCM,sw,decrypt,256,18,400,162189
esp32c3,AES128GCM,sw,decrypt,256,18,401,162113
esp32c3,AES128GCM,sw,decrypt,256,18,402,162189
esp32c3,AES128GCM,sw,decrypt,256,18,403,162113
esp32c3,AES128GCM,sw,decrypt,256,18,404,163173
esp32c3,AES128GCM,sw,decrypt,256,18,405,162113
esp32c3,AES128GCM,sw,decrypt,256,18,406,162189
esp32c3,AES128GCM,sw,decrypt,256,18,407,162113
esp32c3,AES128GCM,sw,decrypt,256,18,408,162189
esp32c3,AES128GCM,sw,decrypt,256,18,409,162113
esp32c3,AES128GCM,sw,decrypt,256,18,410,162189
esp32c3,AES128GCM,sw,decrypt,256,18,411,162113
esp32c3,AES128GCM,sw,decrypt,256,18,412,162189
esp32c3,AES128GCM,sw,decrypt,256,18,413,162113
esp32c3,AES128GCM,sw,decrypt,256,18,414,162189
esp32c3,AES128GCM,sw,decrypt,256,18,415,162113
esp32c3,AES128GCM,sw,decrypt,256,18,416,163173
esp32c3,AES128GCM,sw,decrypt,256,18,417,162113
esp32c3,AES128GCM,sw,decrypt,256,18,418,162189
esp32c3,AES128GCM,sw,decrypt,256,18,419,162113
esp32c3,AES128GCM,sw,decrypt,256,18,420,162189
esp32c3,AES128GCM,sw,decrypt,256,18,421,162113
esp32c3,AES128GCM,sw,decrypt,256,18,422,162189
esp32c3,AES128GCM,sw,decrypt,256,18,423,162113
esp32c3,AES128GCM,sw,decrypt,256,18,424,162189
esp32c3,AES128GCM,sw,decrypt,256,18,425,162113
esp32c3,AES128GCM,sw,decrypt,256,18,426,162189
esp32c3,AES128GCM,sw,decrypt,256,18,427,162113
esp32c3,AES128GCM,sw,decrypt,256,18,428,163173
esp32c3,AES128GCM,sw,decrypt,256,18,429,162113
esp32c3,AES128GCM,sw,decrypt,256,18,430,162189
esp32c3,AES128GCM,sw,decrypt,256,18,431,162113
esp32c3,AES128GCM,sw,decrypt,256,18,432,162189
esp32c3,AES128GCM,sw,decrypt,256,18,433,162113
esp32c3,AES128GCM,sw,decrypt,256,18,434,162189
esp32c3,AES128GCM,sw,decrypt,256,18,435,162113
esp32c3,AES128GCM,sw,decrypt,256,18,436,162189
esp32c3,AES128GCM,sw,decrypt,256,18,437,162113
esp32c3,AES128GCM,sw,decrypt,256,18,438,162189
esp32c3,AES128GCM,sw,decrypt,256,18,439,162113
esp32c3,AES128GCM,sw,decrypt,256,18,440,163171
esp32c3,AES128GCM,sw,decrypt,256,18,441,162113
esp32c3,AES128GCM,sw,decrypt,256,18,442,162189
esp32c3,AES128GCM,sw,decrypt,256,18,443,162113
esp32c3,AES128GCM,sw,decrypt,256,18,444,162189
esp32c3,AES128GCM,sw,decrypt,256,18,445,162113
esp32c3,AES128GCM,sw,decrypt,256,18,446,162189
esp32c3,AES128GCM,sw,decrypt,256,18,447,162113
esp32c3,AES128GCM,sw,decrypt,256,18,448,162189
esp32c3,AES128GCM,sw,decrypt,256,18,449,162113
esp32c3,AES128GCM,sw,decrypt,256,18,450,162189
esp32c3,AES128GCM,sw,decrypt,256,18,451,162113
esp32c3,AES128GCM,sw,decrypt,256,18,452,163173
esp32c3,AES128GCM,sw,decrypt,256,18,453,162113
esp32c3,AES128GCM,sw,decrypt,256,18,454,162189
esp32c3,AES128GCM,sw,decrypt,256,18,455,162113
esp32c3,AES128GCM,sw,decrypt,256,18,456,162189
esp32c3,AES128GCM,sw,decrypt,256,18,457,162113
esp32c3,AES128GCM,sw,decrypt,256,18,458,162189
esp32c3,AES128GCM,sw,decrypt,256,18,459,162113
esp32c3,AES128GCM,sw,decrypt,256,18,460,162189
esp32c3,AES128GCM,sw,decrypt,256,18,461,162113
esp32c3,AES128GCM,sw,decrypt,256,18,462,162189
esp32c3,AES128GCM,sw,decrypt,256,18,463,162113
esp32c3,AES128GCM,sw,decrypt,256,18,464,162961
esp32c3,AES128GCM,sw,decrypt,256,18,465,162113
esp32c3,AES128GCM,sw,decrypt,256,18,466,162189
esp32c3,AES128GCM,sw,decrypt,256,18,467,162113
esp32c3,AES128GCM,sw,decrypt,256,18,468,162189
esp32c3,AES128GCM,sw,decrypt,256,18,469,162113
esp32c3,AES128GCM,sw,decrypt,256,18,470,162189
esp32c3,AES128GCM,sw,decrypt,256,18,471,162113
esp32c3,AES128GCM,sw,decrypt,256,18,472,162189
esp32c3,AES128GCM,sw,decrypt,256,18,473,162113
esp32c3,AES128GCM,sw,decrypt,256,18,474,162189
esp32c3,AES128GCM,sw,decrypt,256,18,475,162113
esp32c3,AES128GCM,sw,decrypt,256,18,476,163173
esp32c3,AES128GCM,sw,decrypt,256,18,477,162113
esp32c3,AES128GCM,sw,decrypt,256,18,478,162189
esp32c3,AES128GCM,sw,decrypt,256,18,479,162113
esp32c3,AES128GCM,sw,decrypt,256,18,480,162189
esp32c3,AES128GCM,sw,decrypt,256,18,481,162113
esp32c3,AES128GCM,sw,decrypt,256,18,482,162189
esp32c3,AES128GCM,sw,decrypt,256,18,483,162113
esp32c3,AES128GCM,sw,decrypt,256,18,484,162189
esp32c3,AES128GCM,sw,decrypt,256,18,485,162113
esp32c3,AES128GCM,sw,decrypt,256,18,486,162189
esp32c3,AES128GCM,sw,decrypt,256,18,487,162113
esp32c3,AES128GCM,sw,decrypt,256,18,488,163171
esp32c3,AES128GCM,sw,decrypt,256,18,489,162113
esp32c3,AES128GCM,sw,decrypt,256,18,490,162189
esp32c3,AES128GCM,sw,decrypt,256,18,491,162113
esp32c3,AES128GCM,sw,decrypt,256,18,492,162189
esp32c3,AES128GCM,sw,decrypt,256,18,493,162113
esp32c3,AES128GCM,sw,decrypt,256,18,494,162189
esp32c3,AES128GCM,sw,decrypt,256,18,495,162113
esp32c3,AES128GCM,sw,decrypt,256,18,496,162189
esp32c3,AES128GCM,sw,decrypt,256,18,497,162113
esp32c3,AES128GCM,sw,decrypt,256,18,498,162189
esp32c3,AES128GCM,sw,decrypt,256,18,499,162113
esp32c3,AES128GCM,sw,decrypt,256,18,500,163171
esp32c3,AES128GCM,sw,decrypt,256,18,501,162113
esp32c3,AES128GCM,sw,decrypt,256,18,502,162189
esp32c3,AES128GCM,sw,decrypt,256,18,503,162113
esp32c3,AES128GCM,sw,decrypt,256,18,504,162189
esp32c3,AES128GCM,sw,decrypt,256,18,505,162113
esp32c3,AES128GCM,sw,decrypt,256,18,506,162189
esp32c3,AES128GCM,sw,decrypt,256,18,507,162113
esp32c3,AES128GCM,sw,decrypt,256,18,508,162189
esp32c3,AES128GCM,sw,decrypt,256,18,509,162113
esp32c3,AES128GCM,sw,decrypt,256,18,510,162189
esp32c3,AES128GCM,sw,decrypt,256,18,511,162113
esp32c3,AES128GCM,sw,decrypt,256,18,512,163171
esp32c3,AES128GCM,sw,decrypt,256,18,513,162113
esp32c3,AES128GCM,sw,decrypt,256,18,514,162189
esp32c3,AES128GCM,sw,decrypt,256,18,515,162113
esp32c3,AES128GCM,sw,decrypt,256,18,516,162189
esp32c3,AES128GCM,sw,decrypt,256,18,517,162113
esp32c3,AES128GCM,sw,decrypt,256,18,518,162189
esp32c3,AES128GCM,sw,decrypt,256,18,519,162113
esp32c3,AES128GCM,sw,decrypt,256,18,520,162189
esp32c3,AES128GCM,sw,decrypt,256,18,521,162113
esp32c3,AES128GCM,sw,decrypt,256,18,522,162189
esp32c3,AES128GCM,sw,decrypt,256,18,523,162113
esp32c3,AES128GCM,sw,decrypt,256,18,524,163173
esp32c3,AES128GCM,sw,decrypt,256,18,525,162113
esp32c3,AES128GCM,sw,decrypt,256,18,526,162189
esp32c3,AES128GCM,sw,decrypt,256,18,527,162113
esp32c3,AES128GCM,sw,decrypt,256,18,528,162189
esp32c3,AES128GCM,sw,decrypt,256,18,529,162113
esp32c3,AES128GCM,sw,decrypt,256,18,530,162189
esp32c3,AES128GCM,sw,decrypt,256,18,531,162113
esp32c3,AES128GCM,sw,decrypt,256,18,532,162189
esp32c3,AES128GCM,sw,decrypt,256,18,533,162113
esp32c3,AES128GCM,sw,decrypt,256,18,534,162189
esp32c3,AES128GCM,sw,decrypt,256,18,535,162113
esp32c3,AES128GCM,sw,decrypt,256,18,536,163173
esp32c3,AES128GCM,sw,decrypt,256,18,537,162113
esp32c3,AES128GCM,sw,decrypt,256,18,538,162189
esp32c3,AES128GCM,sw,decrypt,256,18,539,162113
esp32c3,AES128GCM,sw,decrypt,256,18,540,162189
esp32c3,AES128GCM,sw,decrypt,256,18,541,162113
esp32c3,AES128GCM,sw,decrypt,256,18,542,162189
esp32c3,AES128GCM,sw,decrypt,256,18,543,162113
esp32c3,AES128GCM,sw,decrypt,256,18,544,162189
esp32c3,AES128GCM,sw,decrypt,256,18,545,162113
esp32c3,AES128GCM,sw,decrypt,256,18,546,162189
esp32c3,AES128GCM,sw,decrypt,256,18,547,162113
esp32c3,AES128GCM,sw,decrypt,256,18,548,163171
esp32c3,AES128GCM,sw,decrypt,256,18,549,162113
esp32c3,AES128GCM,sw,decrypt,256,18,550,162189
esp32c3,AES128GCM,sw,decrypt,256,18,551,162113
esp32c3,AES128GCM,sw,decrypt,256,18,552,162189
esp32c3,AES128GCM,sw,decrypt,256,18,553,162113
esp32c3,AES128GCM,sw,decrypt,256,18,554,162189
esp32c3,AES128GCM,sw,decrypt,256,18,555,162113
esp32c3,AES128GCM,sw,decrypt,256,18,556,162189
esp32c3,AES128GCM,sw,decrypt,256,18,557,162113
esp32c3,AES128GCM,sw,decrypt,256,18,558,162189
esp32c3,AES128GCM,sw,decrypt,256,18,559,162113
esp32c3,AES128GCM,sw,decrypt,256,18,560,163173
esp32c3,AES128GCM,sw,decrypt,256,18,561,162113
esp32c3,AES128GCM,sw,decrypt,256,18,562,162189
esp32c3,AES128GCM,sw,decrypt,256,18,563,162113
esp32c3,AES128GCM,sw,decrypt,256,18,564,162189
esp32c3,AES128GCM,sw,decrypt,256,18,565,162113
esp32c3,AES128GCM,sw,decrypt,256,18,566,162189
esp32c3,AES128GCM,sw,decrypt,256,18,567,162113
esp32c3,AES128GCM,sw,decrypt,256,18,568,162189
esp32c3,AES128GCM,sw,decrypt,256,18,569,162113
esp32c3,AES128GCM,sw,decrypt,256,18,570,162189
esp32c3,AES128GCM,sw,decrypt,256,18,571,162113
esp32c3,AES128GCM,sw,decrypt,256,18,572,163173
esp32c3,AES128GCM,sw,decrypt,256,18,573,162113
esp32c3,AES128GCM,sw,decrypt,256,18,574,162189
esp32c3,AES128GCM,sw,decrypt,256,18,575,162113
esp32c3,AES128GCM,sw,decrypt,256,18,576,162189
esp32c3,AES128GCM,sw,decrypt,256,18,577,162113
esp32c3,AES128GCM,sw,decrypt,256,18,578,162189
esp32c3,AES128GCM,sw,decrypt,256,18,579,162113
esp32c3,AES128GCM,sw,decrypt,256,18,580,162189
esp32c3,AES128GCM,sw,decrypt,256,18,581,162113
esp32c3,AES128GCM,sw,decrypt,256,18,582,162189
esp32c3,AES128GCM,sw,decrypt,256,18,583,162113
esp32c3,AES128GCM,sw,decrypt,256,18,584,163171
esp32c3,AES128GCM,sw,decrypt,256,18,585,162113
esp32c3,AES128GCM,sw,decrypt,256,18,586,162189
esp32c3,AES128GCM,sw,decrypt,256,18,587,162113
esp32c3,AES128GCM,sw,decrypt,256,18,588,162189
esp32c3,AES128GCM,sw,decrypt,256,18,589,162113
esp32c3,AES128GCM,sw,decrypt,256,18,590,162189
esp32c3,AES128GCM,sw,decrypt,256,18,591,162113
esp32c3,AES128GCM,sw,decrypt,256,18,592,162189
esp32c3,AES128GCM,sw,decrypt,256,18,593,162113
esp32c3,AES128GCM,sw,decrypt,256,18,594,162189
esp32c3,AES128GCM,sw,decrypt,256,18,595,162113
esp32c3,AES128GCM,sw,decrypt,256,18,596,163171
esp32c3,AES128GCM,sw,decrypt,256,18,597,162113
esp32c3,AES128GCM,sw,decrypt,256,18,598,162189
esp32c3,AES128GCM,sw,decrypt,256,18,599,162113
esp32c3,AES128GCM,sw,decrypt,256,18,600,162189
esp32c3,AES128GCM,sw,decrypt,256,18,601,162113
esp32c3,AES128GCM,sw,decrypt,256,18,602,162189
esp32c3,AES128GCM,sw,decrypt,256,18,603,162113
esp32c3,AES128GCM,sw,decrypt,256,18,604,162189
esp32c3,AES128GCM,sw,decrypt,256,18,605,162113
esp32c3,AES128GCM,sw,decrypt,256,18,606,162189
esp32c3,AES128GCM,sw,decrypt,256,18,607,162113
esp32c3,AES128GCM,sw,decrypt,256,18,608,163171
esp32c3,AES128GCM,sw,decrypt,256,18,609,162113
esp32c3,AES128GCM,sw,decrypt,256,18,610,162189
esp32c3,AES128GCM,sw,decrypt,256,18,611,162113
esp32c3,AES128GCM,sw,decrypt,256,18,612,162189
esp32c3,AES128GCM,sw,decrypt,256,18,613,162113
esp32c3,AES128GCM,sw,decrypt,256,18,614,162189
esp32c3,AES128GCM,sw,decrypt,256,18,615,162113
esp32c3,AES128GCM,sw,decrypt,256,18,616,162189
esp32c3,AES128GCM,sw,decrypt,256,18,617,162113
esp32c3,AES128GCM,sw,decrypt,256,18,618,162189
esp32c3,AES128GCM,sw,decrypt,256,18,619,162113
esp32c3,AES128GCM,sw,decrypt,256,18,620,163171
esp32c3,AES128GCM,sw,decrypt,256,18,621,162113
esp32c3,AES128GCM,sw,decrypt,256,18,622,162189
esp32c3,AES128GCM,sw,decrypt,256,18,623,162113
esp32c3,AES128GCM,sw,decrypt,256,18,624,162189
esp32c3,AES128GCM,sw,decrypt,256,18,625,162113
esp32c3,AES128GCM,sw,decrypt,256,18,626,162189
esp32c3,AES128GCM,sw,decrypt,256,18,627,162113
esp32c3,AES128GCM,sw,decrypt,256,18,628,162189
esp32c3,AES128GCM,sw,decrypt,256,18,629,162113
esp32c3,AES128GCM,sw,decrypt,256,18,630,162189
esp32c3,AES128GCM,sw,decrypt,256,18,631,162113
esp32c3,AES128GCM,sw,decrypt,256,18,632,163171
esp32c3,AES128GCM,sw,decrypt,256,18,633,162113
esp32c3,AES128GCM,sw,decrypt,256,18,634,162189
esp32c3,AES128GCM,sw,decrypt,256,18,635,162113
esp32c3,AES128GCM,sw,decrypt,256,18,636,162189
esp32c3,AES128GCM,sw,decrypt,256,18,637,162113
esp32c3,AES128GCM,sw,decrypt,256,18,638,162189
esp32c3,AES128GCM,sw,decrypt,256,18,639,162113
esp32c3,AES128GCM,sw,decrypt,256,18,640,162189
esp32c3,AES128GCM,sw,decrypt,256,18,641,162113
esp32c3,AES128GCM,sw,decrypt,256,18,642,162189
esp32c3,AES128GCM,sw,decrypt,256,18,643,162113
esp32c3,AES128GCM,sw,decrypt,256,18,644,163173
esp32c3,AES128GCM,sw,decrypt,256,18,645,162113
esp32c3,AES128GCM,sw,decrypt,256,18,646,162189
esp32c3,AES128GCM,sw,decrypt,256,18,647,162113
esp32c3,AES128GCM,sw,decrypt,256,18,648,162189
esp32c3,AES128GCM,sw,decrypt,256,18,649,162113
esp32c3,AES128GCM,sw,decrypt,256,18,650,162189
esp32c3,AES128GCM,sw,decrypt,256,18,651,162113
esp32c3,AES128GCM,sw,decrypt,256,18,652,162189
esp32c3,AES128GCM,sw,decrypt,256,18,653,162113
esp32c3,AES128GCM,sw,decrypt,256,18,654,162189
esp32c3,AES128GCM,sw,decrypt,256,18,655,162113
esp32c3,AES128GCM,sw,decrypt,256,18,656,163173
esp32c3,AES128GCM,sw,decrypt,256,18,657,162113
esp32c3,AES128GCM,sw,decrypt,256,18,658,162189
esp32c3,AES128GCM,sw,decrypt,256,18,659,162113
esp32c3,AES128GCM,sw,decrypt,256,18,660,162189
esp32c3,AES128GCM,sw,decrypt,256,18,661,162113
esp32c3,AES128GCM,sw,decrypt,256,18,662,162189
esp32c3,AES128GCM,sw,decrypt,256,18,663,162113
esp32c3,AES128GCM,sw,decrypt,256,18,664,162189
esp32c3,AES128GCM,sw,decrypt,256,18,665,162113
esp32c3,AES128GCM,sw,decrypt,256,18,666,162189
esp32c3,AES128GCM,sw,decrypt,256,18,667,162113
esp32c3,AES128GCM,sw,decrypt,256,18,668,163173
esp32c3,AES128GCM,sw,decrypt,256,18,669,162113
esp32c3,AES128GCM,sw,decrypt,256,18,670,162189
esp32c3,AES128GCM,sw,decrypt,256,18,671,162113
esp32c3,AES128GCM,sw,decrypt,256,18,672,162189
esp32c3,AES128GCM,sw,decrypt,256,18,673,162113
esp32c3,AES128GCM,sw,decrypt,256,18,674,162189
esp32c3,AES128GCM,sw,decrypt,256,18,675,162113
esp32c3,AES128GCM,sw,decrypt,256,18,676,162189
esp32c3,AES128GCM,sw,decrypt,256,18,677,162113
esp32c3,AES128GCM,sw,decrypt,256,18,678,162189
esp32c3,AES128GCM,sw,decrypt,256,18,679,162113
esp32c3,AES128GCM,sw,decrypt,256,18,680,163173
esp32c3,AES128GCM,sw,decrypt,256,18,681,162113
esp32c3,AES128GCM,sw,decrypt,256,18,682,162189
esp32c3,AES128GCM,sw,decrypt,256,18,683,162113
esp32c3,AES128GCM,sw,decrypt,256,18,684,162189
esp32c3,AES128GCM,sw,decrypt,256,18,685,162113
esp32c3,AES128GCM,sw,decrypt,256,18,686,162189
esp32c3,AES128GCM,sw,decrypt,256,18,687,162113
esp32c3,AES128GCM,sw,decrypt,256,18,688,162189
esp32c3,AES128GCM,sw,decrypt,256,18,689,162113
esp32c3,AES128GCM,sw,decrypt,256,18,690,162189
esp32c3,AES128GCM,sw,decrypt,256,18,691,162113
esp32c3,AES128GCM,sw,decrypt,256,18,692,163173
esp32c3,AES128GCM,sw,decrypt,256,18,693,162113
esp32c3,AES128GCM,sw,decrypt,256,18,694,162189
esp32c3,AES128GCM,sw,decrypt,256,18,695,162113
esp32c3,AES128GCM,sw,decrypt,256,18,696,162189
esp32c3,AES128GCM,sw,decrypt,256,18,697,162113
esp32c3,AES128GCM,sw,decrypt,256,18,698,162189
esp32c3,AES128GCM,sw,decrypt,256,18,699,162113
esp32c3,AES128GCM,sw,decrypt,256,18,700,162189
esp32c3,AES128GCM,sw,decrypt,256,18,701,162113
esp32c3,AES128GCM,sw,decrypt,256,18,702,162189
esp32c3,AES128GCM,sw,decrypt,256,18,703,162113
esp32c3,AES128GCM,sw,decrypt,256,18,704,163173
esp32c3,AES128GCM,sw,decrypt,256,18,705,162113
esp32c3,AES128GCM,sw,decrypt,256,18,706,162189
esp32c3,AES128GCM,sw,decrypt,256,18,707,162113
esp32c3,AES128GCM,sw,decrypt,256,18,708,162189
esp32c3,AES128GCM,sw,decrypt,256,18,709,162113
esp32c3,AES128GCM,sw,decrypt,256,18,710,162189
esp32c3,AES128GCM,sw,decrypt,256,18,711,162113
esp32c3,AES128GCM,sw,decrypt,256,18,712,162189
esp32c3,AES128GCM,sw,decrypt,256,18,713,162113
esp32c3,AES128GCM,sw,decrypt,256,18,714,162189
esp32c3,AES128GCM,sw,decrypt,256,18,715,162113
esp32c3,AES128GCM,sw,decrypt,256,18,716,163171
esp32c3,AES128GCM,sw,decrypt,256,18,717,162113
esp32c3,AES128GCM,sw,decrypt,256,18,718,162189
esp32c3,AES128GCM,sw,decrypt,256,18,719,162113
esp32c3,AES128GCM,sw,decrypt,256,18,720,162189
esp32c3,AES128GCM,sw,decrypt,256,18,721,162113
esp32c3,AES128GCM,sw,decrypt,256,18,722,162189
esp32c3,AES128GCM,sw,decrypt,256,18,723,162113
esp32c3,AES128GCM,sw,decrypt,256,18,724,162189
esp32c3,AES128GCM,sw,decrypt,256,18,725,162113
esp32c3,AES128GCM,sw,decrypt,256,18,726,162189
esp32c3,AES128GCM,sw,decrypt,256,18,727,162113
esp32c3,AES128GCM,sw,decrypt,256,18,728,163171
esp32c3,AES128GCM,sw,decrypt,256,18,729,162113
esp32c3,AES128GCM,sw,decrypt,256,18,730,162189
esp32c3,AES128GCM,sw,decrypt,256,18,731,162113
esp32c3,AES128GCM,sw,decrypt,256,18,732,162189
esp32c3,AES128GCM,sw,decrypt,256,18,733,162113
esp32c3,AES128GCM,sw,decrypt,256,18,734,162189
esp32c3,AES128GCM,sw,decrypt,256,18,735,162113
esp32c3,AES128GCM,sw,decrypt,256,18,736,162189
esp32c3,AES128GCM,sw,decrypt,256,18,737,162113
esp32c3,AES128GCM,sw,decrypt,256,18,738,162189
esp32c3,AES128GCM,sw,decrypt,256,18,739,162113
esp32c3,AES128GCM,sw,decrypt,256,18,740,163173
esp32c3,AES128GCM,sw,decrypt,256,18,741,162113
esp32c3,AES128GCM,sw,decrypt,256,18,742,162189
esp32c3,AES128GCM,sw,decrypt,256,18,743,162113
esp32c3,AES128GCM,sw,decrypt,256,18,744,162189
esp32c3,AES128GCM,sw,decrypt,256,18,745,162113
esp32c3,AES128GCM,sw,decrypt,256,18,746,162189
esp32c3,AES128GCM,sw,decrypt,256,18,747,162113
esp32c3,AES128GCM,sw,decrypt,256,18,748,162189
esp32c3,AES128GCM,sw,decrypt,256,18,749,162113
esp32c3,AES128GCM,sw,decrypt,256,18,750,162189
esp32c3,AES128GCM,sw,decrypt,256,18,751,162113
esp32c3,AES128GCM,sw,decrypt,256,18,752,163171
esp32c3,AES128GCM,sw,decrypt,256,18,753,162113
esp32c3,AES128GCM,sw,decrypt,256,18,754,162189
esp32c3,AES128GCM,sw,decrypt,256,18,755,162113
esp32c3,AES128GCM,sw,decrypt,256,18,756,162189
esp32c3,AES128GCM,sw,decrypt,256,18,757,162113
esp32c3,AES128GCM,sw,decrypt,256,18,758,162189
esp32c3,AES128GCM,sw,decrypt,256,18,759,162113
esp32c3,AES128GCM,sw,decrypt,256,18,760,162189
esp32c3,AES128GCM,sw,decrypt,256,18,761,162113
esp32c3,AES128GCM,sw,decrypt,256,18,762,162189
esp32c3,AES128GCM,sw,decrypt,256,18,763,162113
esp32c3,AES128GCM,sw,decrypt,256,18,764,163171
esp32c3,AES128GCM,sw,decrypt,256,18,765,162113
esp32c3,AES128GCM,sw,decrypt,256,18,766,162189
esp32c3,AES128GCM,sw,decrypt,256,18,767,162113
esp32c3,AES128GCM,sw,decrypt,256,18,768,162189
esp32c3,AES128GCM,sw,decrypt,256,18,769,162113
esp32c3,AES128GCM,sw,decrypt,256,18,770,162189
esp32c3,AES128GCM,sw,decrypt,256,18,771,162113
esp32c3,AES128GCM,sw,decrypt,256,18,772,162189
esp32c3,AES128GCM,sw,decrypt,256,18,773,162113
esp32c3,AES128GCM,sw,decrypt,256,18,774,162189
esp32c3,AES128GCM,sw,decrypt,256,18,775,162113
esp32c3,AES128GCM,sw,decrypt,256,18,776,163171
esp32c3,AES128GCM,sw,decrypt,256,18,777,162113
esp32c3,AES128GCM,sw,decrypt,256,18,778,162189
esp32c3,AES128GCM,sw,decrypt,256,18,779,162113
esp32c3,AES128GCM,sw,decrypt,256,18,780,162189
esp32c3,AES128GCM,sw,decrypt,256,18,781,162113
esp32c3,AES128GCM,sw,decrypt,256,18,782,162189
esp32c3,AES128GCM,sw,decrypt,256,18,783,162113
esp32c3,AES128GCM,sw,decrypt,256,18,784,162189
esp32c3,AES128GCM,sw,decrypt,256,18,785,162113
esp32c3,AES128GCM,sw,decrypt,256,18,786,162189
esp32c3,AES128GCM,sw,decrypt,256,18,787,162113
esp32c3,AES128GCM,sw,decrypt,256,18,788,163173
esp32c3,AES128GCM,sw,decrypt,256,18,789,162113
esp32c3,AES128GCM,sw,decrypt,256,18,790,162189
esp32c3,AES128GCM,sw,decrypt,256,18,791,162113
esp32c3,AES128GCM,sw,decrypt,256,18,792,162189
esp32c3,AES128GCM,sw,decrypt,256,18,793,162113
esp32c3,AES128GCM,sw,decrypt,256,18,794,162189
esp32c3,AES128GCM,sw,decrypt,256,18,795,162113
esp32c3,AES128GCM,sw,decrypt,256,18,796,162189
esp32c3,AES128GCM,sw,decrypt,256,18,797,162113
esp32c3,AES128GCM,sw,decrypt,256,18,798,162189
esp32c3,AES128GCM,sw,decrypt,256,18,799,162113
esp32c3,AES128GCM,sw,decrypt,256,18,800,163171
esp32c3,AES128GCM,sw,decrypt,256,18,801,162113
esp32c3,AES128GCM,sw,decrypt,256,18,802,162189
esp32c3,AES128GCM,sw,decrypt,256,18,803,162113
esp32c3,AES128GCM,sw,decrypt,256,18,804,162189
esp32c3,AES128GCM,sw,decrypt,256,18,805,162113
esp32c3,AES128GCM,sw,decrypt,256,18,806,162189
esp32c3,AES128GCM,sw,decrypt,256,18,807,162113
esp32c3,AES128GCM,sw,decrypt,256,18,808,162189
esp32c3,AES128GCM,sw,decrypt,256,18,809,162113
esp32c3,AES128GCM,sw,decrypt,256,18,810,162189
esp32c3,AES128GCM,sw,decrypt,256,18,811,162113
esp32c3,AES128GCM,sw,decrypt,256,18,812,163173
esp32c3,AES128GCM,sw,decrypt,256,18,813,162113
esp32c3,AES128GCM,sw,decrypt,256,18,814,162189
esp32c3,AES128GCM,sw,decrypt,256,18,815,162113
esp32c3,AES128GCM,sw,decrypt,256,18,816,162189
esp32c3,AES128GCM,sw,decrypt,256,18,817,162113
esp32c3,AES128GCM,sw,decrypt,256,18,818,162189
esp32c3,AES128GCM,sw,decrypt,256,18,819,162113
esp32c3,AES128GCM,sw,decrypt,256,18,820,162189
esp32c3,AES128GCM,sw,decrypt,256,18,821,162113
esp32c3,AES128GCM,sw,decrypt,256,18,822,162189
esp32c3,AES128GCM,sw,decrypt,256,18,823,162113
esp32c3,AES128GCM,sw,decrypt,256,18,824,163171
esp32c3,AES128GCM,sw,decrypt,256,18,825,162113
esp32c3,AES128GCM,sw,decrypt,256,18,826,162189
esp32c3,AES128GCM,sw,decrypt,256,18,827,162113
esp32c3,AES128GCM,sw,decrypt,256,18,828,162189
esp32c3,AES128GCM,sw,decrypt,256,18,829,162113
esp32c3,AES128GCM,sw,decrypt,256,18,830,162189
esp32c3,AES128GCM,sw,decrypt,256,18,831,162113
esp32c3,AES128GCM,sw,decrypt,256,18,832,162189
esp32c3,AES128GCM,sw,decrypt,256,18,833,162113
esp32c3,AES128GCM,sw,decrypt,256,18,834,162189
esp32c3,AES128GCM,sw,decrypt,256,18,835,162113
esp32c3,AES128GCM,sw,decrypt,256,18,836,163171
esp32c3,AES128GCM,sw,decrypt,256,18,837,162113
esp32c3,AES128GCM,sw,decrypt,256,18,838,162189
esp32c3,AES128GCM,sw,decrypt,256,18,839,162113
esp32c3,AES128GCM,sw,decrypt,256,18,840,162189
esp32c3,AES128GCM,sw,decrypt,256,18,841,162113
esp32c3,AES128GCM,sw,decrypt,256,18,842,162189
esp32c3,AES128GCM,sw,decrypt,256,18,843,162113
esp32c3,AES128GCM,sw,decrypt,256,18,844,162189
esp32c3,AES128GCM,sw,decrypt,256,18,845,162113
esp32c3,AES128GCM,sw,decrypt,256,18,846,162189
esp32c3,AES128GCM,sw,decrypt,256,18,847,162113
esp32c3,AES128GCM,sw,decrypt,256,18,848,163171
esp32c3,AES128GCM,sw,decrypt,256,18,849,162113
esp32c3,AES128GCM,sw,decrypt,256,18,850,162189
esp32c3,AES128GCM,sw,decrypt,256,18,851,162113
esp32c3,AES128GCM,sw,decrypt,256,18,852,162189
esp32c3,AES128GCM,sw,decrypt,256,18,853,162113
esp32c3,AES128GCM,sw,decrypt,256,18,854,162189
esp32c3,AES128GCM,sw,decrypt,256,18,855,162113
esp32c3,AES128GCM,sw,decrypt,256,18,856,162189
esp32c3,AES128GCM,sw,decrypt,256,18,857,162113
esp32c3,AES128GCM,sw,decrypt,256,18,858,162189
esp32c3,AES128GCM,sw,decrypt,256,18,859,162113
esp32c3,AES128GCM,sw,decrypt,256,18,860,163173
esp32c3,AES128GCM,sw,decrypt,256,18,861,162113
esp32c3,AES128GCM,sw,decrypt,256,18,862,162189
esp32c3,AES128GCM,sw,decrypt,256,18,863,162113
esp32c3,AES128GCM,sw,decrypt,256,18,864,162189
esp32c3,AES128GCM,sw,decrypt,256,18,865,162113
esp32c3,AES128GCM,sw,decrypt,256,18,866,162189
esp32c3,AES128GCM,sw,decrypt,256,18,867,162113
esp32c3,AES128GCM,sw,decrypt,256,18,868,162189
esp32c3,AES128GCM,sw,decrypt,256,18,869,162113
esp32c3,AES128GCM,sw,decrypt,256,18,870,162189
esp32c3,AES128GCM,sw,decrypt,256,18,871,162113
esp32c3,AES128GCM,sw,decrypt,256,18,872,163171
esp32c3,AES128GCM,sw,decrypt,256,18,873,162113
esp32c3,AES128GCM,sw,decrypt,256,18,874,162189
esp32c3,AES128GCM,sw,decrypt,256,18,875,162113
esp32c3,AES128GCM,sw,decrypt,256,18,876,162189
esp32c3,AES128GCM,sw,decrypt,256,18,877,162113
esp32c3,AES128GCM,sw,decrypt,256,18,878,162189
esp32c3,AES128GCM,sw,decrypt,256,18,879,162113
esp32c3,AES128GCM,sw,decrypt,256,18,880,162189
esp32c3,AES128GCM,sw,decrypt,256,18,881,162113
esp32c3,AES128GCM,sw,decrypt,256,18,882,162189
esp32c3,AES128GCM,sw,decrypt,256,18,883,162113
esp32c3,AES128GCM,sw,decrypt,256,18,884,163171
esp32c3,AES128GCM,sw,decrypt,256,18,885,162113
esp32c3,AES128GCM,sw,decrypt,256,18,886,162189
esp32c3,AES128GCM,sw,decrypt,256,18,887,162113
esp32c3,AES128GCM,sw,decrypt,256,18,888,162189
esp32c3,AES128GCM,sw,decrypt,256,18,889,162113
esp32c3,AES128GCM,sw,decrypt,256,18,890,162189
esp32c3,AES128GCM,sw,decrypt,256,18,891,162113
esp32c3,AES128GCM,sw,decrypt,256,18,892,162189
esp32c3,AES128GCM,sw,decrypt,256,18,893,162113
esp32c3,AES128GCM,sw,decrypt,256,18,894,162189
esp32c3,AES128GCM,sw,decrypt,256,18,895,162113
esp32c3,AES128GCM,sw,decrypt,256,18,896,163173
esp32c3,AES128GCM,sw,decrypt,256,18,897,162113
esp32c3,AES128GCM,sw,decrypt,256,18,898,162189
esp32c3,AES128GCM,sw,decrypt,256,18,899,162113
esp32c3,AES128GCM,sw,decrypt,256,18,900,162189
esp32c3,AES128GCM,sw,decrypt,256,18,901,162113
esp32c3,AES128GCM,sw,decrypt,256,18,902,162189
esp32c3,AES128GCM,sw,decrypt,256,18,903,162113
esp32c3,AES128GCM,sw,decrypt,256,18,904,162189
esp32c3,AES128GCM,sw,decrypt,256,18,905,162113
esp32c3,AES128GCM,sw,decrypt,256,18,906,162189
esp32c3,AES128GCM,sw,decrypt,256,18,907,162113
esp32c3,AES128GCM,sw,decrypt,256,18,908,163171
esp32c3,AES128GCM,sw,decrypt,256,18,909,162113
esp32c3,AES128GCM,sw,decrypt,256,18,910,162189
esp32c3,AES128GCM,sw,decrypt,256,18,911,162113
esp32c3,AES128GCM,sw,decrypt,256,18,912,162189
esp32c3,AES128GCM,sw,decrypt,256,18,913,162113
esp32c3,AES128GCM,sw,decrypt,256,18,914,162189
esp32c3,AES128GCM,sw,decrypt,256,18,915,162113
esp32c3,AES128GCM,sw,decrypt,256,18,916,162189
esp32c3,AES128GCM,sw,decrypt,256,18,917,162113
esp32c3,AES128GCM,sw,decrypt,256,18,918,162189
esp32c3,AES128GCM,sw,decrypt,256,18,919,162113
esp32c3,AES128GCM,sw,decrypt,256,18,920,163173
esp32c3,AES128GCM,sw,decrypt,256,18,921,162113
esp32c3,AES128GCM,sw,decrypt,256,18,922,162189
esp32c3,AES128GCM,sw,decrypt,256,18,923,162113
esp32c3,AES128GCM,sw,decrypt,256,18,924,162189
esp32c3,AES128GCM,sw,decrypt,256,18,925,162113
esp32c3,AES128GCM,sw,decrypt,256,18,926,162189
esp32c3,AES128GCM,sw,decrypt,256,18,927,162113
esp32c3,AES128GCM,sw,decrypt,256,18,928,162189
esp32c3,AES128GCM,sw,decrypt,256,18,929,162113
esp32c3,AES128GCM,sw,decrypt,256,18,930,162189
esp32c3,AES128GCM,sw,decrypt,256,18,931,162113
esp32c3,AES128GCM,sw,decrypt,256,18,932,163173
esp32c3,AES128GCM,sw,decrypt,256,18,933,162113
esp32c3,AES128GCM,sw,decrypt,256,18,934,162189
esp32c3,AES128GCM,sw,decrypt,256,18,935,162113
esp32c3,AES128GCM,sw,decrypt,256,18,936,162189
esp32c3,AES128GCM,sw,decrypt,256,18,937,162113
esp32c3,AES128GCM,sw,decrypt,256,18,938,162189
esp32c3,AES128GCM,sw,decrypt,256,18,939,162113
esp32c3,AES128GCM,sw,decrypt,256,18,940,162189
esp32c3,AES128GCM,sw,decrypt,256,18,941,162113
esp32c3,AES128GCM,sw,decrypt,256,18,942,162189
esp32c3,AES128GCM,sw,decrypt,256,18,943,162113
esp32c3,AES128GCM,sw,decrypt,256,18,944,163173
esp32c3,AES128GCM,sw,decrypt,256,18,945,162113
esp32c3,AES128GCM,sw,decrypt,256,18,946,162189
esp32c3,AES128GCM,sw,decrypt,256,18,947,162113
esp32c3,AES128GCM,sw,decrypt,256,18,948,162189
esp32c3,AES128GCM,sw,decrypt,256,18,949,162113
esp32c3,AES128GCM,sw,decrypt,256,18,950,162189
esp32c3,AES128GCM,sw,decrypt,256,18,951,162113
esp32c3,AES128GCM,sw,decrypt,256,18,952,162189
esp32c3,AES128GCM,sw,decrypt,256,18,953,162113
esp32c3,AES128GCM,sw,decrypt,256,18,954,162189
esp32c3,AES128GCM,sw,decrypt,256,18,955,162113
esp32c3,AES128GCM,sw,decrypt,256,18,956,163173
esp32c3,AES128GCM,sw,decrypt,256,18,957,162113
esp32c3,AES128GCM,sw,decrypt,256,18,958,162189
esp32c3,AES128GCM,sw,decrypt,256,18,959,162113
esp32c3,AES128GCM,sw,decrypt,256,18,960,162189
esp32c3,AES128GCM,sw,decrypt,256,18,961,162113
esp32c3,AES128GCM,sw,decrypt,256,18,962,162189
esp32c3,AES128GCM,sw,decrypt,256,18,963,162113
esp32c3,AES128GCM,sw,decrypt,256,18,964,162189
esp32c3,AES128GCM,sw,decrypt,256,18,965,162113
esp32c3,AES128GCM,sw,decrypt,256,18,966,162189
esp32c3,AES128GCM,sw,decrypt,256,18,967,162113
esp32c3,AES128GCM,sw,decrypt,256,18,968,163171
esp32c3,AES128GCM,sw,decrypt,256,18,969,162113
esp32c3,AES128GCM,sw,decrypt,256,18,970,162189
esp32c3,AES128GCM,sw,decrypt,256,18,971,162113
esp32c3,AES128GCM,sw,decrypt,256,18,972,162189
esp32c3,AES128GCM,sw,decrypt,256,18,973,162113
esp32c3,AES128GCM,sw,decrypt,256,18,974,162189
esp32c3,AES128GCM,sw,decrypt,256,18,975,162113
esp32c3,AES128GCM,sw,decrypt,256,18,976,162189
esp32c3,AES128GCM,sw,decrypt,256,18,977,162113
esp32c3,AES128GCM,sw,decrypt,256,18,978,162189
esp32c3,AES128GCM,sw,decrypt,256,18,979,162113
esp32c3,AES128GCM,sw,decrypt,256,18,980,163173
esp32c3,AES128GCM,sw,decrypt,256,18,981,162113
esp32c3,AES128GCM,sw,decrypt,256,18,982,162189
esp32c3,AES128GCM,sw,decrypt,256,18,983,162113
esp32c3,AES128GCM,sw,decrypt,256,18,984,162189
esp32c3,AES128GCM,sw,decrypt,256,18,985,162113
esp32c3,AES128GCM,sw,decrypt,256,18,986,162189
esp32c3,AES128GCM,sw,decrypt,256,18,987,162113
esp32c3,AES128GCM,sw,decrypt,256,18,988,162189
esp32c3,AES128GCM,sw,decrypt,256,18,989,162113
esp32c3,AES128GCM,sw,decrypt,256,18,990,162189
esp32c3,AES128GCM,sw,decrypt,256,18,991,162113
esp32c3,AES128GCM,sw,decrypt,256,18,992,163171
esp32c3,AES128GCM,sw,decrypt,256,18,993,162113
esp32c3,AES128GCM,sw,decrypt,256,18,994,162189
esp32c3,AES128GCM,sw,decrypt,256,18,995,162113
esp32c3,AES128GCM,sw,decrypt,256,18,996,162189
esp32c3,AES128GCM,sw,decrypt,256,18,997,162113
esp32c3,AES128GCM,sw,decrypt,256,18,998,162189
esp32c3,AES128GCM,sw,decrypt,256,18,999,162113
stack,esp32c3,AES128GCM,sw,decrypt,256,14180
esp32c3,AES128GCM,sw,encrypt,1024,18,0,537164
esp32c3,AES128GCM,sw,encrypt,1024,18,1,549116
esp32c3,AES128GCM,sw,encrypt,1024,18,2,549377
esp32c3,AES128GCM,sw,encrypt,1024,18,3,547833
esp32c3,AES128GCM,sw,encrypt,1024,18,4,549201
esp32c3,AES128GCM,sw,encrypt,1024,18,5,547507
esp32c3,AES128GCM,sw,encrypt,1024,18,6,549377
esp32c3,AES128GCM,sw,encrypt,1024,18,7,548815
esp32c3,AES128GCM,sw,encrypt,1024,18,8,548219
esp32c3,AES128GCM,sw,encrypt,1024,18,9,547507
esp32c3,AES128GCM,sw,encrypt,1024,18,10,550359
esp32c3,AES128GCM,sw,encrypt,1024,18,11,547833
esp32c3,AES128GCM,sw,encrypt,1024,18,12,549201
esp32c3,AES128GCM,sw,encrypt,1024,18,13,547507
esp32c3,AES128GCM,sw,encrypt,1024,18,14,548219
esp32c3,AES128GCM,sw,encrypt,1024,18,15,548489
esp32c3,AES128GCM,sw,encrypt,1024,18,16,548219
esp32c3,AES128GCM,sw,encrypt,1024,18,17,548489
esp32c3,AES128GCM,sw,encrypt,1024,18,18,548219
esp32c3,AES128GCM,sw,encrypt,1024,18,19,547507
esp32c3,AES128GCM,sw,encrypt,1024,18,20,549201
esp32c3,AES128GCM,sw,encrypt,1024,18,21,547507
esp32c3,AES128GCM,sw,encrypt,1024,18,22,549201
esp32c3,AES128GCM,sw,encrypt,1024,18,23,547507
esp32c3,AES128GCM,sw,encrypt,1024,18,24,548219
esp32c3,AES128GCM,sw,encrypt,1024,18,25,547507
esp32c3,AES128GCM,sw,encrypt,1024,18,26,548219
esp32c3,AES128GCM,sw,encrypt,1024,18,27,548489
esp32c3,AES128GCM,sw,encrypt,1024,18,28,548219
esp32c3,AES128GCM,sw,encrypt,1024,18,29,548489
esp32c3,AES128GCM,sw,encrypt,1024,18,30,548219
esp32c3,AES128GCM,sw,encrypt,1024,18,31,547507
esp32c3,AES128GCM,sw,encrypt,1024,18,32,549201
esp32c3,AES128GCM,sw,encrypt,1024,18,33,547507
esp32c3,AES128GCM,sw,encrypt,1024,18,34,549203
esp32c3,AES128GCM,sw,encrypt,1024,18,35,547507
esp32c3,AES128GCM,sw,encrypt,1024,18,36,548219
esp32c3,AES128GCM,sw,encrypt,1024,18,37,547507
esp32c3,AES128GCM,sw,encrypt,1024,18,38,548219
esp32c3,AES128GCM,sw,encrypt,1024,18,39,548489
esp32c3,AES128GCM,sw,encrypt,1024,18,40,548219
esp32c3,AES128GCM,sw,encrypt,1024,18,41,548491
esp32c3,AES128GCM,sw,encrypt,1024,18,42,548219
esp32c3,AES128GCM,sw,encrypt,1024,18,43,547507
esp32c3,AES128GCM,sw,encrypt,1024,18,44,549201
esp32c3,AES128GCM,sw,encrypt,1024,18,45,547507
esp32c3,AES128GCM,sw,encrypt,1024,18,46,549201
esp32c3,AES128GCM,sw,encrypt,1024,18,47,547507
esp32c3,AES128GCM,sw,encrypt,1024,18,48,548219
esp32c3,AES128GCM,sw,encrypt,1024,18,49,547507
esp32c3,AES128GCM,sw,encrypt,1024,18,50,548219
esp32c3,AES128GCM,sw,encrypt,1024,18,51,548489
esp32c3,AES128GCM,sw,encrypt,1024,18,52,548219
esp32c3,AES128GCM,sw,encrypt,1024,18,53,548489
esp32c3,AES128GCM,sw,encrypt,1024,18,54,548219
esp32c3,AES128GCM,sw,encrypt,1024,18,55,547507
esp32c3,AES128GCM,sw,encrypt,1024,18,56,549201
esp32c3,AES128GCM,sw,encrypt,1024,18,57,547507
esp32c3,AES128GCM,sw,encrypt,1024,18,58,549201
esp32c3,AES128GCM,sw,encrypt,1024,18,59,547507
esp32c3,AES128GCM,sw,encrypt,1024,18,60,548219
esp32c3,AES128GCM,sw,encrypt,1024,18,61,547507
esp32c3,AES128GCM,sw,encrypt,1024,18,62,548219
esp32c3,AES128GCM,sw,encrypt,1024,18,63,548489
esp32c3,AES128GCM,sw,encrypt,1024,18,64,548219
esp32c3,AES128GCM,sw,encrypt,1024,18,65,548489
esp32c3,AES128GCM,sw,encrypt,1024,18,66,548219
esp32c3,AES128GCM,sw,encrypt,1024,18,67,547507
esp32c3,AES128GCM,sw,encrypt,1024,18,68,549201
esp32c3,AES128GCM,sw,encrypt,1024,18,69,547507
esp32c3,AES128GCM,sw,encrypt,1024,18,70,549201
esp32c3,AES128GCM,sw,encrypt,1024,18,71,547507
esp32c3,AES128GCM,sw,encrypt,1024,18,72,548219
esp32c3,AES128GCM,sw,encrypt,1024,18,73,547507
esp32c3,AES128GCM,sw,encrypt,1024,18,74,548219
esp32c3,AES128GCM,sw,encrypt,1024,18,75,548489
esp32c3,AES128GCM,sw,encrypt,1024,18,76,548219
esp32c3,AES128GCM,sw,encrypt,1024,18,77,548489
esp32c3,AES128GCM,sw,encrypt,1024,18,78,548219
esp32c3,AES128GCM,sw,encrypt,1024,18,79,547507
esp32c3,AES128GCM,sw,encrypt,1024,18,80,549201
esp32c3,AES128GCM,sw,encrypt,1024,18,81,547507
esp32c3,AES128GCM,sw,encrypt,1024,18,82,549201
esp32c3,AES128GCM,sw,encrypt,1024,18,83,547507
esp32c3,AES128GCM,sw,encrypt,1024,18,84,548219
esp32c3,AES128GCM,sw,encrypt,1024,18,85,547507
esp32c3,AES128GCM,sw,encrypt,1024,18,86,548219
esp32c3,AES128GCM,sw,encrypt,1024,18,87,548489
esp32c3,AES128GCM,sw,encrypt,1024,18,88,548219
esp32c3,AES128GCM,sw,encrypt,1024,18,89,548489
esp32c3,AES128GCM,sw,encrypt,1024,18,90,548219
esp32c3,AES128GCM,sw,encrypt,1024,18,91,547507
esp32c3,AES128GCM,sw,encrypt,1024,18,92,549201
esp32c3,AES128GCM,sw,encrypt,1024,18,93,547507
esp32c3,AES128GCM,sw,encrypt,1024,18,94,549201
esp32c3,AES128GCM,sw,encrypt,1024,18,95,547507
esp32c3,AES128GCM,sw,encrypt,1024,18,96,548219
esp32c3,AES128GCM,sw,encrypt,1024,18,97,547507
esp32c3,AES128GCM,sw,encrypt,1024,18,98,548219
esp32c3,AES128GCM,sw,encrypt,1024,18,99,548489
esp32c3,AES128GCM,sw,encrypt,1024,18,100,548219
esp32c3,AES128GCM,sw,encrypt,1024,18,101,548489
esp32c3,AES128GCM,sw,encrypt,1024,18,102,548219
esp32c3,AES128GCM,sw,encrypt,1024,18,103,547507
esp32c3,AES128GCM,sw,encrypt,1024,18,104,549201
esp32c3,AES128GCM,sw,encrypt,1024,18,105,547507
esp32c3,AES128GCM,sw,encrypt,1024,18,106,549201
esp32c3,AES128GCM,sw,encrypt,1024,18,107,547507
esp32c3,AES128GCM,sw,encrypt,1024,18,108,549201
esp32c3,AES128GCM,sw,encrypt,1024,18,109,547507
esp32c3,AES128GCM,sw,encrypt,1024,18,110,548219
esp32c3,AES128GCM,sw,encrypt,1024,18,111,548489
esp32c3,AES128GCM,sw,encrypt,1024,18,112,548219
esp32c3,AES128GCM,sw,encrypt,1024,18,113,548489
esp32c3,AES128GCM,sw,encrypt,1024,18,114,548219
esp32c3,AES128GCM,sw,encrypt,1024,18,115,547507
esp32c3,AES128GCM,sw,encrypt,1024,18,116,548219
esp32c3,AES128GCM,sw,encrypt,1024,18,117,547507
esp32c3,AES128GCM,sw,encrypt,1024,18,118,549201
esp32c3,AES128GCM,sw,encrypt,1024,18,119,547507
esp32c3,AES128GCM,sw,encrypt,1024,18,120,549201
esp32c3,AES128GCM,sw,encrypt,1024,18,121,547507
esp32c3,AES128GCM,sw,encrypt,1024,18,122,548219
esp32c3,AES128GCM,sw,encrypt,1024,18,123,547507
esp32c3,AES128GCM,sw,encrypt,1024,18,124,548219
esp32c3,AES128GCM,sw,encrypt,1024,18,125,548489
esp32c3,AES128GCM,sw,encrypt,1024,18,126,548219
esp32c3,AES128GCM,sw,encrypt,1024,18,127,548489
esp32c3,AES128GCM,sw,encrypt,1024,18,128,548219
esp32c3,AES128GCM,sw,encrypt,1024,18,129,547507
esp32c3,AES128GCM,sw,encrypt,1024,18,130,548219
esp32c3,AES128GCM,sw,encrypt,1024,18,131,547507
esp32c3,AES128GCM,sw,encrypt,1024,18,132,549201
esp32c3,AES128GCM,sw,encrypt,1024,18,133,547507
esp32c3,AES128GCM,sw,encrypt,1024,18,134,549201
esp32c3,AES128GCM,sw,encrypt,1024,18,135,547507
esp32c3,AES128GCM,sw,encrypt,1024,18,136,548219
esp32c3,AES128GCM,sw,encrypt,1024,18,137,548489
esp32c3,AES128GCM,sw,encrypt,1024,18,138,548219
esp32c3,AES128GCM,sw,encrypt,1024,18,139,548489
esp32c3,AES128GCM,sw,encrypt,1024,18,140,548219
esp32c3,AES128GCM,sw,encrypt,1024,18,141,548489
esp32c3,AES128GCM,sw,encrypt,1024,18,142,548219
esp32c3,AES128GCM,sw,encrypt,1024,18,143,547507
esp32c3,AES128GCM,sw,encrypt,1024,18,144,549201
esp32c3,AES128GCM,sw,encrypt,1024,18,145,547507
esp32c3,AES128GCM,sw,encrypt,1024,18,146,549201
esp32c3,AES128GCM,sw,encrypt,1024,18,147,547507
esp32c3,AES128GCM,sw,encrypt,1024,18,148,549201
esp32c3,AES128GCM,sw,encrypt,1024,18,149,547507
esp32c3,AES128GCM,sw,encrypt,1024,18,150,548219
esp32c3,AES128GCM,sw,encrypt,1024,18,151,548489
esp32c3,AES128GCM,sw,encrypt,1024,18,152,548219
esp32c3,AES128GCM,sw,encrypt,1024,18,153,548489
esp32c3,AES128GCM,sw,encrypt,1024,18,154,548219
esp32c3,AES128GCM,sw,encrypt,1024,18,155,547507
esp32c3,AES128GCM,sw,encrypt,1024,18,156,548219
esp32c3,AES128GCM,sw,encrypt,1024,18,157,547507
esp32c3,AES128GCM,sw,encrypt,1024,18,158,549201
esp32c3,AES128GCM,sw,encrypt,1024,18,159,547507
esp32c3,AES128GCM,sw,encrypt,1024,18,160,549201
esp32c3,AES128GCM,sw,encrypt,1024,18,161,547507
esp32c3,AES128GCM,sw,encrypt,1024,18,162,548219
esp32c3,AES128GCM,sw,encrypt,1024,18,163,547507
esp32c3,AES128GCM,sw,encrypt,1024,18,164,548219
esp32c3,AES128GCM,sw,encrypt,1024,18,165,548491
esp32c3,AES128GCM,sw,encrypt,1024,18,166,548219
esp32c3,AES128GCM,sw,encrypt,1024,18,167,548489
esp32c3,AES128GCM,sw,encrypt,1024,18,168,548219
esp32c3,AES128GCM,sw,encrypt,1024,18,169,547507
esp32c3,AES128GCM,sw,encrypt,1024,18,170,548219
esp32c3,AES128GCM,sw,encrypt,1024,18,171,547507
esp32c3,AES128GCM,sw,encrypt,1024,18,172,549201
esp32c3,AES128GCM,sw,encrypt,1024,18,173,547507
esp32c3,AES128GCM,sw,encrypt,1024,18,174,549203
esp32c3,AES128GCM,sw,encrypt,1024,18,175,547507
esp32c3,AES128GCM,sw,encrypt,1024,18,176,548219
esp32c3,AES128GCM,sw,encrypt,1024,18,177,547507
esp32c3,AES128GCM,sw,encrypt,1024,18,178,548219
esp32c3,AES128GCM,sw,encrypt,1024,18,179,548491
esp32c3,AES128GCM,sw,encrypt,1024,18,180,548219
esp32c3,AES128GCM,sw,encrypt,1024,18,181,548489
esp32c3,AES128GCM,sw,encrypt,1024,18,182,548219
esp32c3,AES128GCM,sw,encrypt,1024,18,183,547507
esp32c3,AES128GCM,sw,encrypt,1024,18,184,549201
esp32c3,AES128GCM,sw,encrypt,1024,18,185,547507
esp32c3,AES128GCM,sw,encrypt,1024,18,186,549201
esp32c3,AES128GCM,sw,encrypt,1024,18,187,547507
esp32c3,AES128GCM,sw,encrypt,1024,18,188,549201
esp32c3,AES128GCM,sw,encrypt,1024,18,189,547507
esp32c3,AES128GCM,sw,encrypt,1024,18,190,548219
esp32c3,AES128GCM,sw,encrypt,1024,18,191,548489
esp32c3,AES128GCM,sw,encrypt,1024,18,192,548219
esp32c3,AES128GCM,sw,encrypt,1024,18,193,548489
esp32c3,AES128GCM,sw,encrypt,1024,18,194,548219
esp32c3,AES128GCM,sw,encrypt,1024,18,195,548489
esp32c3,AES128GCM,sw,encrypt,1024,18,196,548219
esp32c3,AES128GCM,sw,encrypt,1024,18,197,547507
esp32c3,AES128GCM,sw,encrypt,1024,18,198,549201
esp32c3,AES128GCM,sw,encrypt,1024,18,199,547507
esp32c3,AES128GCM,sw,encrypt,1024,18,200,549201
esp32c3,AES128GCM,sw,encrypt,1024,18,201,547507
esp32c3,AES128GCM,sw,encrypt,1024,18,202,548219
esp32c3,AES128GCM,sw,encrypt,1024,18,203,547507
esp32c3,AES128GCM,sw,encrypt,1024,18,204,548219
esp32c3,AES128GCM,sw,encrypt,1024,18,205,548489
esp32c3,AES128GCM,sw,encrypt,1024,18,206,548219
esp32c3,AES128GCM,sw,encrypt,1024,18,207,548489
esp32c3,AES128GCM,sw,encrypt,1024,18,208,548219
esp32c3,AES128GCM,sw,encrypt,1024,18,209,547507
esp32c3,AES128GCM,sw,encrypt,1024,18,210,548219
esp32c3,AES128GCM,sw,encrypt,1024,18,211,547507
esp32c3,AES128GCM,sw,encrypt,1024,18,212,549201
esp32c3,AES128GCM,sw,encrypt,1024,18,213,547507
esp32c3,AES128GCM,sw,encrypt,1024,18,214,549201
esp32c3,AES128GCM,sw,encrypt,1024,18,215,547507
esp32c3,AES128GCM,sw,encrypt,1024,18,216,548219
esp32c3,AES128GCM,sw,encrypt,1024,18,217,547507
esp32c3,AES128GCM,sw,encrypt,1024,18,218,548219
esp32c3,AES128GCM,sw,encrypt,1024,18,219,548491
esp32c3,AES128GCM,sw,encrypt,1024,18,220,548219
esp32c3,AES128GCM,sw,encrypt,1024,18,221,548489
esp32c3,AES128GCM,sw,encrypt,1024,18,222,548219
esp32c3,AES128GCM,sw,encrypt,1024,18,223,547507
esp32c3,AES128GCM,sw,encrypt,1024,18,224,549203
esp32c3,AES128GCM,sw,encrypt,1024,18,225,547507
esp32c3,AES128GCM,sw,encrypt,1024,18,226,549203
esp32c3,AES128GCM,sw,encrypt,1024,18,227,547507
esp32c3,AES128GCM,sw,encrypt,1024,18,228,549201
esp32c3,AES128GCM,sw,encrypt,1024,18,229,547507
esp32c3,AES128GCM,sw,encrypt,1024,18,230,548219
esp32c3,AES128GCM,sw,encrypt,1024,18,231,548491
esp32c3,AES128GCM,sw,encrypt,1024,18,232,548219
esp32c3,AES128GCM,sw,encrypt,1024,18,233,548489
esp32c3,AES128GCM,sw,encrypt,1024,18,234,548219
esp32c3,AES128GCM,sw,encrypt,1024,18,235,548489
esp32c3,AES128GCM,sw,encrypt,1024,18,236,548219
esp32c3,AES128GCM,sw,encrypt,1024,18,237,547507
esp32c3,AES128GCM,sw,encrypt,1024,18,238,549201
esp32c3,AES128GCM,sw,encrypt,1024,18,239,547507
esp32c3,AES128GCM,sw,encrypt,1024,18,240,549201
esp32c3,AES128GCM,sw,encrypt,1024,18,241,547507
esp32c3,AES128GCM,sw,encrypt,1024,18,242,548219
esp32c3,AES128GCM,sw,encrypt,1024,18,243,547507
esp32c3,AES128GCM,sw,encrypt,1024,18,244,548219
esp32c3,AES128GCM,sw,encrypt,1024,18,245,548489
esp32c3,AES128GCM,sw,encrypt,1024,18,246,548219
esp32c3,AES128GCM,sw,encrypt,1024,18,247,548489
esp32c3,AES128GCM,sw,encrypt,1024,18,248,548219
esp32c3,AES128GCM,sw,encrypt,1024,18,249,547507
esp32c3,AES128GCM,sw,encrypt,1024,18,250,548219
esp32c3,AES128GCM,sw,encrypt,1024,18,251,547507
esp32c3,AES128GCM,sw,encrypt,1024,18,252,549201
esp32c3,AES128GCM,sw,encrypt,1024,18,253,547507
esp32c3,AES128GCM,sw,encrypt,1024,18,254,549201
esp32c3,AES128GCM,sw,encrypt,1024,18,255,547507
esp32c3,AES128GCM,sw,encrypt,1024,18,256,548219
esp32c3,AES128GCM,sw,encrypt,1024,18,257,547507
esp32c3,AES128GCM,sw,encrypt,1024,18,258,548219
esp32c3,AES128GCM,sw,encrypt,1024,18,259,548491
esp32c3,AES128GCM,sw,encrypt,1024,18,260,548219
esp32c3,AES128GCM,sw,encrypt,1024,18,261,548489
esp32c3,AES128GCM,sw,encrypt,1024,18,262,548219
esp32c3,AES128GCM,sw,encrypt,1024,18,263,547507
esp32c3,AES128GCM,sw,encrypt,1024,18,264,548219
esp32c3,AES128GCM,sw,encrypt,1024,18,265,547507
esp32c3,AES128GCM,sw,encrypt,1024,18,266,549201
esp32c3,AES128GCM,sw,encrypt,1024,18,267,547507
esp32c3,AES128GCM,sw,encrypt,1024,18,268,549203
esp32c3,AES128GCM,sw,encrypt,1024,18,269,547507
esp32c3,AES128GCM,sw,encrypt,1024,18,270,548219
esp32c3,AES128GCM,sw,encrypt,1024,18,271,548489
esp32c3,AES128GCM,sw,encrypt,1024,18,272,548219
esp32c3,AES128GCM,sw,encrypt,1024,18,273,548491
esp32c3,AES128GCM,sw,encrypt,1024,18,274,548219
esp32c3,AES128GCM,sw,encrypt,1024,18,275,548489
esp32c3,AES128GCM,sw,encrypt,1024,18,276,548219
esp32c3,AES128GCM,sw,encrypt,1024,18,277,547507
esp32c3,AES128GCM,sw,encrypt,1024,18,278,549203
esp32c3,AES128GCM,sw,encrypt,1024,18,279,547507
esp32c3,AES128GCM,sw,encrypt,1024,18,280,549201
esp32c3,AES128GCM,sw,encrypt,1024,18,281,547507
esp32c3,AES128GCM,sw,encrypt,1024,18,282,549201
esp32c3,AES128GCM,sw,encrypt,1024,18,283,547507
esp32c3,AES128GCM,sw,encrypt,1024,18,284,548219
esp32c3,AES128GCM,sw,encrypt,1024,18,285,548489
esp32c3,AES128GCM,sw,encrypt,1024,18,286,548219
esp32c3,AES128GCM,sw,encrypt,1024,18,287,548491
esp32c3,AES128GCM,sw,encrypt,1024,18,288,548219
esp32c3,AES128GCM,sw,encrypt,1024,18,289,547507
esp32c3,AES128GCM,sw,encrypt,1024,18,290,548219
esp32c3,AES128GCM,sw,encrypt,1024,18,291,547507
esp32c3,AES128GCM,sw,encrypt,1024,18,292,549201
esp32c3,AES128GCM,sw,encrypt,1024,18,293,547507
esp32c3,AES128GCM,sw,encrypt,1024,18,294,549201
esp32c3,AES128GCM,sw,encrypt,1024,18,295,547507
esp32c3,AES128GCM,sw,encrypt,1024,18,296,548219
esp32c3,AES128GCM,sw,encrypt,1024,18,297,547507
esp32c3,AES128GCM,sw,encrypt,1024,18,298,548219
esp32c3,AES128GCM,sw,encrypt,1024,18,299,548489
esp32c3,AES128GCM,sw,encrypt,1024,18,300,548219
esp32c3,AES128GCM,sw,encrypt,1024,18,301,548489
esp32c3,AES128GCM,sw,encrypt,1024,18,302,548219
esp32c3,AES128GCM,sw,encrypt,1024,18,303,547507
esp32c3,AES128GCM,sw,encrypt,1024,18,304,548219
esp32c3,AES128GCM,sw,encrypt,1024,18,305,547507
esp32c3,AES128GCM,sw,encrypt,1024,18,306,549201
esp32c3,AES128GCM,sw,encrypt,1024,18,307,547507
esp32c3,AES128GCM,sw,encrypt,1024,18,308,549203
esp32c3,AES128GCM,sw,encrypt,1024,18,309,547507
esp32c3,AES128GCM,sw,encrypt,1024,18,310,548219
esp32c3,AES128GCM,sw,encrypt,1024,18,311,547507
esp32c3,AES128GCM,sw,encrypt,1024,18,312,548219
esp32c3,AES128GCM,sw,encrypt,1024,18,313,548491
esp32c3,AES128GCM,sw,encrypt,1024,18,314,548219
esp32c3,AES128GCM,sw,encrypt,1024,18,315,548489
esp32c3,AES128GCM,sw,encrypt,1024,18,316,548219
esp32c3,AES128GCM,sw,encrypt,1024,18,317,547507
esp32c3,AES128GCM,sw,encrypt,1024,18,318,549201
esp32c3,AES128GCM,sw,encrypt,1024,18,319,547507
esp32c3,AES128GCM,sw,encrypt,1024,18,320,549201
esp32c3,AES128GCM,sw,encrypt,1024,18,321,547507
esp32c3,AES128GCM,sw,encrypt,1024,18,322,549201
esp32c3,AES128GCM,sw,encrypt,1024,18,323,547507
esp32c3,AES128GCM,sw,encrypt,1024,18,324,548219
esp32c3,AES128GCM,sw,encrypt,1024,18,325,548489
esp32c3,AES128GCM,sw,encrypt,1024,18,326,548219
esp32c3,AES128GCM,sw,encrypt,1024,18,327,548491
esp32c3,AES128GCM,sw,encrypt,1024,18,328,548219
esp32c3,AES128GCM,sw,encrypt,1024,18,329,547507
esp32c3,AES128GCM,sw,encrypt,1024,18,330,548219
esp32c3,AES128GCM,sw,encrypt,1024,18,331,547507
esp32c3,AES128GCM,sw,encrypt,1024,18,332,549201
esp32c3,AES128GCM,sw,encrypt,1024,18,333,547507
esp32c3,AES128GCM,sw,encrypt,1024,18,334,549201
esp32c3,AES128GCM,sw,encrypt,1024,18,335,547507
esp32c3,AES128GCM,sw,encrypt,1024,18,336,548219
esp32c3,AES128GCM,sw,encrypt,1024,18,337,547507
esp32c3,AES128GCM,sw,encrypt,1024,18,338,548219
esp32c3,AES128GCM,sw,encrypt,1024,18,339,548489
esp32c3,AES128GCM,sw,encrypt,1024,18,340,548219
esp32c3,AES128GCM,sw,encrypt,1024,18,341,548489
esp32c3,AES128GCM,sw,encrypt,1024,18,342,548219
esp32c3,AES128GCM,sw,encrypt,1024,18,343,547507
esp32c3,AES128GCM,sw,encrypt,1024,18,344,548219
esp32c3,AES128GCM,sw,encrypt,1024,18,345,547507
esp32c3,AES128GCM,sw,encrypt,1024,18,346,549201
esp32c3,AES128GCM,sw,encrypt,1024,18,347,547507
esp32c3,AES128GCM,sw,encrypt,1024,18,348,549201
esp32c3,AES128GCM,sw,encrypt,1024,18,349,547507
esp32c3,AES128GCM,sw,encrypt,1024,18,350,548219
esp32c3,AES128GCM,sw,encrypt,1024,18,351,547507
esp32c3,AES128GCM,sw,encrypt,1024,18,352,548219
esp32c3,AES128GCM,sw,encrypt,1024,18,353,548491
esp32c3,AES128GCM,sw,encrypt,1024,18,354,548219
esp32c3,AES128GCM,sw,encrypt,1024,18,355,548489
esp32c3,AES128GCM,sw,encrypt,1024,18,356,548219
esp32c3,AES128GCM,sw,encrypt,1024,18,357,547507
esp32c3,AES128GCM,sw,encrypt,1024,18,358,549201
esp32c3,AES128GCM,sw,encrypt,1024,18,359,547507
esp32c3,AES128GCM,sw,encrypt,1024,18,360,549201
esp32c3,AES128GCM,sw,encrypt,1024,18,361,547507
esp32c3,AES128GCM,sw,encrypt,1024,18,362,549201
esp32c3,AES128GCM,sw,encrypt,1024,18,363,547507
esp32c3,AES128GCM,sw,encrypt,1024,18,364,548219
esp32c3,AES128GCM,sw,encrypt,1024,18,365,548489
esp32c3,AES128GCM,sw,encrypt,1024,18,366,548219
esp32c3,AES128GCM,sw,encrypt,1024,18,367,548489
esp32c3,AES128GCM,sw,encrypt,1024,18,368,548219
esp32c3,AES128GCM,sw,encrypt,1024,18,369,548491
esp32c3,AES128GCM,sw,encrypt,1024,18,370,548219
esp32c3,AES128GCM,sw,encrypt,1024,18,371,547507
esp32c3,AES128GCM,sw,encrypt,1024,18,372,549201
esp32c3,AES128GCM,sw,encrypt,1024,18,373,547507
esp32c3,AES128GCM,sw,encrypt,1024,18,374,549203
esp32c3,AES128GCM,sw,encrypt,1024,18,375,547507
esp32c3,AES128GCM,sw,encrypt,1024,18,376,548219
esp32c3,AES128GCM,sw,encrypt,1024,18,377,547507
esp32c3,AES128GCM,sw,encrypt,1024,18,378,548219
esp32c3,AES128GCM,sw,encrypt,1024,18,379,548491
esp32c3,AES128GCM,sw,encrypt,1024,18,380,548219
esp32c3,AES128GCM,sw,encrypt,1024,18,381,548489
esp32c3,AES128GCM,sw,encrypt,1024,18,382,548219
esp32c3,AES128GCM,sw,encrypt,1024,18,383,547507
esp32c3,AES128GCM,sw,encrypt,1024,18,384,548219
esp32c3,AES128GCM,sw,encrypt,1024,18,385,547507
esp32c3,AES128GCM,sw,encrypt,1024,18,386,549201
esp32c3,AES128GCM,sw,encrypt,1024,18,387,547507
esp32c3,AES128GCM,sw,encrypt,1024,18,388,549203
esp32c3,AES128GCM,sw,encrypt,1024,18,389,547507
esp32c3,AES128GCM,sw,encrypt,1024,18,390,548219
esp32c3,AES128GCM,sw,encrypt,1024,18,391,547507
esp32c3,AES128GCM,sw,encrypt,1024,18,392,548219
esp32c3,AES128GCM,sw,encrypt,1024,18,393,548489
esp32c3,AES128GCM,sw,encrypt,1024,18,394,548219
esp32c3,AES128GCM,sw,encrypt,1024,18,395,548489
esp32c3,AES128GCM,sw,encrypt,1024,18,396,548219
esp32c3,AES128GCM,sw,encrypt,1024,18,397,547507
esp32c3,AES128GCM,sw,encrypt,1024,18,398,548219
esp32c3,AES128GCM,sw,encrypt,1024,18,399,547507
esp32c3,AES128GCM,sw,encrypt,1024,18,400,549201
esp32c3,AES128GCM,sw,encrypt,1024,18,401,547507
esp32c3,AES128GCM,sw,encrypt,1024,18,402,549203
esp32c3,AES128GCM,sw,encrypt,1024,18,403,547507
esp32c3,AES128GCM,sw,encrypt,1024,18,404,548219
esp32c3,AES128GCM,sw,encrypt,1024,18,405,548489
esp32c3,AES128GCM,sw,encrypt,1024,18,406,548219
esp32c3,AES128GCM,sw,encrypt,1024,18,407,548491
esp32c3,AES128GCM,sw,encrypt,1024,18,408,548219
esp32c3,AES128GCM,sw,encrypt,1024,18,409,548489
esp32c3,AES128GCM,sw,encrypt,1024,18,410,548219
esp32c3,AES128GCM,sw,encrypt,1024,18,411,547507
esp32c3,AES128GCM,sw,encrypt,1024,18,412,549203
esp32c3,AES128GCM,sw,encrypt,1024,18,413,547507
esp32c3,AES128GCM,sw,encrypt,1024,18,414,549201
esp32c3,AES128GCM,sw,encrypt,1024,18,415,547507
esp32c3,AES128GCM,sw,encrypt,1024,18,416,549201
esp32c3,AES128GCM,sw,encrypt,1024,18,417,547507
esp32c3,AES128GCM,sw,encrypt,1024,18,418,548219
esp32c3,AES128GCM,sw,encrypt,1024,18,419,548489
esp32c3,AES128GCM,sw,encrypt,1024,18,420,548219
esp32c3,AES128GCM,sw,encrypt,1024,18,421,548489
esp32c3,AES128GCM,sw,encrypt,1024,18,422,548219
esp32c3,AES128GCM,sw,encrypt,1024,18,423,547507
esp32c3,AES128GCM,sw,encrypt,1024,18,424,548219
esp32c3,AES128GCM,sw,encrypt,1024,18,425,547507
esp32c3,AES128GCM,sw,encrypt,1024,18,426,549201
esp32c3,AES128GCM,sw,encrypt,1024,18,427,547507
esp32c3,AES128GCM,sw,encrypt,1024,18,428,549201
esp32c3,AES128GCM,sw,encrypt,1024,18,429,547507
esp32c3,AES128GCM,sw,encrypt,1024,18,430,548219
esp32c3,AES128GCM,sw,encrypt,1024,18,431,547507
esp32c3,AES128GCM,sw,encrypt,1024,18,432,548219
esp32c3,AES128GCM,sw,encrypt,1024,18,433,548489
esp32c3,AES128GCM,sw,encrypt,1024,18,434,548219
esp32c3,AES128GCM,sw,encrypt,1024,18,435,548489
esp32c3,AES128GCM,sw,encrypt,1024,18,436,548219
esp32c3,AES128GCM,sw,encrypt,1024,18,437,547507
esp32c3,AES128GCM,sw,encrypt,1024,18,438,548219
esp32c3,AES128GCM,sw,encrypt,1024,18,439,547507
esp32c3,AES128GCM,sw,encrypt,1024,18,440,549201
esp32c3,AES128GCM,sw,encrypt,1024,18,441,547507
esp32c3,AES128GCM,sw,encrypt,1024,18,442,549201
esp32c3,AES128GCM,sw,encrypt,1024,18,443,547507
esp32c3,AES128GCM,sw,encrypt,1024,18,444,548219
esp32c3,AES128GCM,sw,encrypt,1024,18,445,548489
esp32c3,AES128GCM,sw,encrypt,1024,18,446,548219
esp32c3,AES128GCM,sw,encrypt,1024,18,447,548489
esp32c3,AES128GCM,sw,encrypt,1024,18,448,548219
esp32c3,AES128GCM,sw,encrypt,1024,18,449,548489
esp32c3,AES128GCM,sw,encrypt,1024,18,450,548219
esp32c3,AES128GCM,sw,encrypt,1024,18,451,547507
esp32c3,AES128GCM,sw,encrypt,1024,18,452,549201
esp32c3,AES128GCM,sw,encrypt,1024,18,453,547507
esp32c3,AES128GCM,sw,encrypt,1024,18,454,549201
esp32c3,AES128GCM,sw,encrypt,1024,18,455,547507
esp32c3,AES128GCM,sw,encrypt,1024,18,456,549201
esp32c3,AES128GCM,sw,encrypt,1024,18,457,547507
esp32c3,AES128GCM,sw,encrypt,1024,18,458,548219
esp32c3,AES128GCM,sw,encrypt,1024,18,459,548489
esp32c3,AES128GCM,sw,encrypt,1024,18,460,548219
esp32c3,AES128GCM,sw,encrypt,1024,18,461,548489
esp32c3,AES128GCM,sw,encrypt,1024,18,462,548219
esp32c3,AES128GCM,sw,encrypt,1024,18,463,547507
esp32c3,AES128GCM,sw,encrypt,1024,18,464,548219
esp32c3,AES128GCM,sw,encrypt,1024,18,465,547507
esp32c3,AES128GCM,sw,encrypt,1024,18,466,549201
esp32c3,AES128GCM,sw,encrypt,1024,18,467,547507
esp32c3,AES128GCM,sw,encrypt,1024,18,468,549201
esp32c3,AES128GCM,sw,encrypt,1024,18,469,547507
esp32c3,AES128GCM,sw,encrypt,1024,18,470,548219
esp32c3,AES128GCM,sw,encrypt,1024,18,471,547507
esp32c3,AES128GCM,sw,encrypt,1024,18,472,548219
esp32c3,AES128GCM,sw,encrypt,1024,18,473,548489
esp32c3,AES128GCM,sw,encrypt,1024,18,474,548219
esp32c3,AES128GCM,sw,encrypt,1024,18,475,548489
esp32c3,AES128GCM,sw,encrypt,1024,18,476,548219
esp32c3,AES128GCM,sw,encrypt,1024,18,477,547507
esp32c3,AES128GCM,sw,encrypt,1024,18,478,548219
esp32c3,AES128GCM,sw,encrypt,1024,18,479,547507
esp32c3,AES128GCM,sw,encrypt,1024,18,480,549201
esp32c3,AES128GCM,sw,encrypt,1024,18,481,547507
esp32c3,AES128GCM,sw,encrypt,1024,18,482,549203
esp32c3,AES128GCM,sw,encrypt,1024,18,483,547507
esp32c3,AES128GCM,sw,encrypt,1024,18,484,548219
esp32c3,AES128GCM,sw,encrypt,1024,18,485,547507
esp32c3,AES128GCM,sw,encrypt,1024,18,486,548219
esp32c3,AES128GCM,sw,encrypt,1024,18,487,548491
esp32c3,AES128GCM,sw,encrypt,1024,18,488,548219
esp32c3,AES128GCM,sw,encrypt,1024,18,489,548489
esp32c3,AES128GCM,sw,encrypt,1024,18,490,548219
esp32c3,AES128GCM,sw,encrypt,1024,18,491,547507
esp32c3,AES128GCM,sw,encrypt,1024,18,492,549201
esp32c3,AES128GCM,sw,encrypt,1024,18,493,547507
esp32c3,AES128GCM,sw,encrypt,1024,18,494,549201
esp32c3,AES128GCM,sw,encrypt,1024,18,495,547507
esp32c3,AES128GCM,sw,encrypt,1024,18,496,549201
esp32c3,AES128GCM,sw,encrypt,1024,18,497,547507
esp32c3,AES128GCM,sw,encrypt,1024,18,498,548219
esp32c3,AES128GCM,sw,encrypt,1024,18,499,548489
esp32c3,AES128GCM,sw,encrypt,1024,18,500,548219
esp32c3,AES128GCM,sw,encrypt,1024,18,501,548489
esp32c3,AES128GCM,sw,encrypt,1024,18,502,548219
esp32c3,AES128GCM,sw,encrypt,1024,18,503,548489
esp32c3,AES128GCM,sw,encrypt,1024,18,504,548219
esp32c3,AES128GCM,sw,encrypt,1024,18,505,547507
esp32c3,AES128GCM,sw,encrypt,1024,18,506,549201
esp32c3,AES128GCM,sw,encrypt,1024,18,507,547507
esp32c3,AES128GCM,sw,encrypt,1024,18,508,549201
esp32c3,AES128GCM,sw,encrypt,1024,18,509,547507
esp32c3,AES128GCM,sw,encrypt,1024,18,510,548219
esp32c3,AES128GCM,sw,encrypt,1024,18,511,547507
esp32c3,AES128GCM,sw,encrypt,1024,18,512,548219
esp32c3,AES128GCM,sw,encrypt,1024,18,513,548489
esp32c3,AES128GCM,sw,encrypt,1024,18,514,548219
esp32c3,AES128GCM,sw,encrypt,1024,18,515,548489
esp32c3,AES128GCM,sw,encrypt,1024,18,516,548219
esp32c3,AES128GCM,sw,encrypt,1024,18,517,547507
esp32c3,AES128GCM,sw,encrypt,1024,18,518,548219
esp32c3,AES128GCM,sw,encrypt,1024,18,519,547507
esp32c3,AES128GCM,sw,encrypt,1024,18,520,549201
esp32c3,AES128GCM,sw,encrypt,1024,18,521,547507
esp32c3,AES128GCM,sw,encrypt,1024,18,522,549201
esp32c3,AES128GCM,sw,encrypt,1024,18,523,547507
esp32c3,AES128GCM,sw,encrypt,1024,18,524,548219
esp32c3,AES128GCM,sw,encrypt,1024,18,525,547507
esp32c3,AES128GCM,sw,encrypt,1024,18,526,548219
esp32c3,AES128GCM,sw,encrypt,1024,18,527,548489
esp32c3,AES128GCM,sw,encrypt,1024,18,528,548219
esp32c3,AES128GCM,sw,encrypt,1024,18,529,548489
esp32c3,AES128GCM,sw,encrypt,1024,18,530,548219
esp32c3,AES128GCM,sw,encrypt,1024,18,531,547507
esp32c3,AES128GCM,sw,encrypt,1024,18,532,549201
esp32c3,AES128GCM,sw,encrypt,1024,18,533,547507
esp32c3,AES128GCM,sw,encrypt,1024,18,534,549201
esp32c3,AES128GCM,sw,encrypt,1024,18,535,547507
esp32c3,AES128GCM,sw,encrypt,1024,18,536,549201
esp32c3,AES128GCM,sw,encrypt,1024,18,537,547507
esp32c3,AES128GCM,sw,encrypt,1024,18,538,548219
esp32c3,AES128GCM,sw,encrypt,1024,18,539,548489
esp32c3,AES128GCM,sw,encrypt,1024,18,540,548219
esp32c3,AES128GCM,sw,encrypt,1024,18,541,548489
esp32c3,AES128GCM,sw,encrypt,1024,18,542,548219
esp32c3,AES128GCM,sw,encrypt,1024,18,543,548489
esp32c3,AES128GCM,sw,encrypt,1024,18,544,548219
esp32c3,AES128GCM,sw,encrypt,1024,18,545,547507
esp32c3,AES128GCM,sw,encrypt,1024,18,546,549201
esp32c3,AES128GCM,sw,encrypt,1024,18,547,547507
esp32c3,AES128GCM,sw,encrypt,1024,18,548,549201
esp32c3,AES128GCM,sw,encrypt,1024,18,549,547507
esp32c3,AES128GCM,sw,encrypt,1024,18,550,548219
esp32c3,AES128GCM,sw,encrypt,1024,18,551,547507
esp32c3,AES128GCM,sw,encrypt,1024,18,552,548219
esp32c3,AES128GCM,sw,encrypt,1024,18,553,548489
esp32c3,AES128GCM,sw,encrypt,1024,18,554,548219
esp32c3,AES128GCM,sw,encrypt,1024,18,555,548489
esp32c3,AES128GCM,sw,encrypt,1024,18,556,548219
esp32c3,AES128GCM,sw,encrypt,1024,18,557,547507
esp32c3,AES128GCM,sw,encrypt,1024,18,558,548219
esp32c3,AES128GCM,sw,encrypt,1024,18,559,547507
esp32c3,AES128GCM,sw,encrypt,1024,18,560,549201
esp32c3,AES128GCM,sw,encrypt,1024,18,561,547507
esp32c3,AES128GCM,sw,encrypt,1024,18,562,549201
esp32c3,AES128GCM,sw,encrypt,1024,18,563,547507
esp32c3,AES128GCM,sw,encrypt,1024,18,564,548219
esp32c3,AES128GCM,sw,encrypt,1024,18,565,547507
esp32c3,AES128GCM,sw,encrypt,1024,18,566,548219
esp32c3,AES128GCM,sw,encrypt,1024,18,567,548491
esp32c3,AES128GCM,sw,encrypt,1024,18,568,548219
esp32c3,AES128GCM,sw,encrypt,1024,18,569,548489
esp32c3,AES128GCM,sw,encrypt,1024,18,570,548219
esp32c3,AES128GCM,sw,encrypt,1024,18,571,547507
esp32c3,AES128GCM,sw,encrypt,1024,18,572,548219
esp32c3,AES128GCM,sw,encrypt,1024,18,573,547507
esp32c3,AES128GCM,sw,encrypt,1024,18,574,549201
esp32c3,AES128GCM,sw,encrypt,1024,18,575,547507
esp32c3,AES128GCM,sw,encrypt,1024,18,576,549201
esp32c3,AES128GCM,sw,encrypt,1024,18,577,547507
esp32c3,AES128GCM,sw,encrypt,1024,18,578,548219
esp32c3,AES128GCM,sw,encrypt,1024,18,579,548489
esp32c3,AES128GCM,sw,encrypt,1024,18,580,548219
esp32c3,AES128GCM,sw,encrypt,1024,18,581,548489
esp32c3,AES128GCM,sw,encrypt,1024,18,582,548219
esp32c3,AES128GCM,sw,encrypt,1024,18,583,548489
esp32c3,AES128GCM,sw,encrypt,1024,18,584,548219
esp32c3,AES128GCM,sw,encrypt,1024,18,585,547507
esp32c3,AES128GCM,sw,encrypt,1024,18,586,549203
esp32c3,AES128GCM,sw,encrypt,1024,18,587,547507
esp32c3,AES128GCM,sw,encrypt,1024,18,588,549201
esp32c3,AES128GCM,sw,encrypt,1024,18,589,547507
esp32c3,AES128GCM,sw,encrypt,1024,18,590,549202
esp32c3,AES128GCM,sw,encrypt,1024,18,591,547507
esp32c3,AES128GCM,sw,encrypt,1024,18,592,548219
esp32c3,AES128GCM,sw,encrypt,1024,18,593,548489
esp32c3,AES128GCM,sw,encrypt,1024,18,594,548219
esp32c3,AES128GCM,sw,encrypt,1024,18,595,548489
esp32c3,AES128GCM,sw,encrypt,1024,18,596,548219
esp32c3,AES128GCM,sw,encrypt,1024,18,597,547507
esp32c3,AES128GCM,sw,encrypt,1024,18,598,548219
esp32c3,AES128GCM,sw,encrypt,1024,18,599,547507
esp32c3,AES128GCM,sw,encrypt,1024,18,600,549201
esp32c3,AES128GCM,sw,encrypt,1024,18,601,547507
esp32c3,AES128GCM,sw,encrypt,1024,18,602,549201
esp32c3,AES128GCM,sw,encrypt,1024,18,603,547507
esp32c3,AES128GCM,sw,encrypt,1024,18,604,548219
esp32c3,AES128GCM,sw,encrypt,1024,18,605,547507
esp32c3,AES128GCM,sw,encrypt,1024,18,606,548219
esp32c3,AES128GCM,sw,encrypt,1024,18,607,548489
esp32c3,AES128GCM,sw,encrypt,1024,18,608,548219
esp32c3,AES128GCM,sw,encrypt,1024,18,609,548491
esp32c3,AES128GCM,sw,encrypt,1024,18,610,548219
esp32c3,AES128GCM,sw,encrypt,1024,18,611,547507
esp32c3,AES128GCM,sw,encrypt,1024,18,612,548219
esp32c3,AES128GCM,sw,encrypt,1024,18,613,547507
esp32c3,AES128GCM,sw,encrypt,1024,18,614,549201
esp32c3,AES128GCM,sw,encrypt,1024,18,615,547507
esp32c3,AES128GCM,sw,encrypt,1024,18,616,549201
esp32c3,AES128GCM,sw,encrypt,1024,18,617,547507
esp32c3,AES128GCM,sw,encrypt,1024,18,618,548219
esp32c3,AES128GCM,sw,encrypt,1024,18,619,548489
esp32c3,AES128GCM,sw,encrypt,1024,18,620,548219
esp32c3,AES128GCM,sw,encrypt,1024,18,621,548489
esp32c3,AES128GCM,sw,encrypt,1024,18,622,548219
esp32c3,AES128GCM,sw,encrypt,1024,18,623,548489
esp32c3,AES128GCM,sw,encrypt,1024,18,624,548219
esp32c3,AES128GCM,sw,encrypt,1024,18,625,547507
esp32c3,AES128GCM,sw,encrypt,1024,18,626,549203
esp32c3,AES128GCM,sw,encrypt,1024,18,627,547507
esp32c3,AES128GCM,sw,encrypt,1024,18,628,549201
esp32c3,AES128GCM,sw,encrypt,1024,18,629,547507
esp32c3,AES128GCM,sw,encrypt,1024,18,630,549203
esp32c3,AES128GCM,sw,encrypt,1024,18,631,547507
esp32c3,AES128GCM,sw,encrypt,1024,18,632,548219
esp32c3,AES128GCM,sw,encrypt,1024,18,633,548489
esp32c3,AES128GCM,sw,encrypt,1024,18,634,548219
esp32c3,AES128GCM,sw,encrypt,1024,18,635,548489
esp32c3,AES128GCM,sw,encrypt,1024,18,636,548219
esp32c3,AES128GCM,sw,encrypt,1024,18,637,547507
esp32c3,AES128GCM,sw,encrypt,1024,18,638,548219
esp32c3,AES128GCM,sw,encrypt,1024,18,639,547507
esp32c3,AES128GCM,sw,encrypt,1024,18,640,549201
esp32c3,AES128GCM,sw,encrypt,1024,18,641,547507
esp32c3,AES128GCM,sw,encrypt,1024,18,642,549201
esp32c3,AES128GCM,sw,encrypt,1024,18,643,547507
esp32c3,AES128GCM,sw,encrypt,1024,18,644,548219
esp32c3,AES128GCM,sw,encrypt,1024,18,645,547507
esp32c3,AES128GCM,sw,encrypt,1024,18,646,548219
esp32c3,AES128GCM,sw,encrypt,1024,18,647,548489
esp32c3,AES128GCM,sw,encrypt,1024,18,648,548219
esp32c3,AES128GCM,sw,encrypt,1024,18,649,548489
esp32c3,AES128GCM,sw,encrypt,1024,18,650,548219
esp32c3,AES128GCM,sw,encrypt,1024,18,651,547507
esp32c3,AES128GCM,sw,encrypt,1024,18,652,548219
esp32c3,AES128GCM,sw,encrypt,1024,18,653,547507
esp32c3,AES128GCM,sw,encrypt,1024,18,654,549201
esp32c3,AES128GCM,sw,encrypt,1024,18,655,547507
esp32c3,AES128GCM,sw,encrypt,1024,18,656,549201
esp32c3,AES128GCM,sw,encrypt,1024,18,657,547507
esp32c3,AES128GCM,sw,encrypt,1024,18,658,548219
esp32c3,AES128GCM,sw,encrypt,1024,18,659,547507
esp32c3,AES128GCM,sw,encrypt,1024,18,660,548219
esp32c3,AES128GCM,sw,encrypt,1024,18,661,548489
esp32c3,AES128GCM,sw,encrypt,1024,18,662,548219
esp32c3,AES128GCM,sw,encrypt,1024,18,663,548489
esp32c3,AES128GCM,sw,encrypt,1024,18,664,548219
esp32c3,AES128GCM,sw,encrypt,1024,18,665,547507
esp32c3,AES128GCM,sw,encrypt,1024,18,666,549201
esp32c3,AES128GCM,sw,encrypt,1024,18,667,547507
esp32c3,AES128GCM,sw,encrypt,1024,18,668,549201
esp32c3,AES128GCM,sw,encrypt,1024,18,669,547507
esp32c3,AES128GCM,sw,encrypt,1024,18,670,549201
esp32c3,AES128GCM,sw,encrypt,1024,18,671,547507
esp32c3,AES128GCM,sw,encrypt,1024,18,672,548219
esp32c3,AES128GCM,sw,encrypt,1024,18,673,548491
esp32c3,AES128GCM,sw,encrypt,1024,18,674,548219
esp32c3,AES128GCM,sw,encrypt,1024,18,675,548489
esp32c3,AES128GCM,sw,encrypt,1024,18,676,548219
esp32c3,AES128GCM,sw,encrypt,1024,18,677,548490
esp32c3,AES128GCM,sw,encrypt,1024,18,678,548219
esp32c3,AES128GCM,sw,encrypt,1024,18,679,547507
esp32c3,AES128GCM,sw,encrypt,1024,18,680,549201
esp32c3,AES128GCM,sw,encrypt,1024,18,681,547507
esp32c3,AES128GCM,sw,encrypt,1024,18,682,549203
esp32c3,AES128GCM,sw,encrypt,1024,18,683,547507
esp32c3,AES128GCM,sw,encrypt,1024,18,684,548219
esp32c3,AES128GCM,sw,encrypt,1024,18,685,547507
esp32c3,AES128GCM,sw,encrypt,1024,18,686,548219
esp32c3,AES128GCM,sw,encrypt,1024,18,687,548491
esp32c3,AES128GCM,sw,encrypt,1024,18,688,548219
esp32c3,AES128GCM,sw,encrypt,1024,18,689,548489
esp32c3,AES128GCM,sw,encrypt,1024,18,690,548219
esp32c3,AES128GCM,sw,encrypt,1024,18,691,547507
esp32c3,AES128GCM,sw,encrypt,1024,18,692,548219
esp32c3,AES128GCM,sw,encrypt,1024,18,693,547507
esp32c3,AES128GCM,sw,encrypt,1024,18,694,549201
esp32c3,AES128GCM,sw,encrypt,1024,18,695,547507
esp32c3,AES128GCM,sw,encrypt,1024,18,696,549201
esp32c3,AES128GCM,sw,encrypt,1024,18,697,547507
esp32c3,AES128GCM,sw,encrypt,1024,18,698,548219
esp32c3,AES128GCM,sw,encrypt,1024,18,699,547507
esp32c3,AES128GCM,sw,encrypt,1024,18,700,548219
esp32c3,AES128GCM,sw,encrypt,1024,18,701,548489
esp32c3,AES128GCM,sw,encrypt,1024,18,702,548219
esp32c3,AES128GCM,sw,encrypt,1024,18,703,548489
esp32c3,AES128GCM,sw,encrypt,1024,18,704,548219
esp32c3,AES128GCM,sw,encrypt,1024,18,705,547507
esp32c3,AES128GCM,sw,encrypt,1024,18,706,549015
esp32c3,AES128GCM,sw,encrypt,1024,18,707,547507
esp32c3,AES128GCM,sw,encrypt,1024,18,708,549201
esp32c3,AES128GCM,sw,encrypt,1024,18,709,547507
esp32c3,AES128GCM,sw,encrypt,1024,18,710,549201
esp32c3,AES128GCM,sw,encrypt,1024,18,711,547507
esp32c3,AES128GCM,sw,encrypt,1024,18,712,548219
esp32c3,AES128GCM,sw,encrypt,1024,18,713,548489
esp32c3,AES128GCM,sw,encrypt,1024,18,714,548219
esp32c3,AES128GCM,sw,encrypt,1024,18,715,548489
esp32c3,AES128GCM,sw,encrypt,1024,18,716,548219
esp32c3,AES128GCM,sw,encrypt,1024,18,717,548489
esp32c3,AES128GCM,sw,encrypt,1024,18,718,548219
esp32c3,AES128GCM,sw,encrypt,1024,18,719,547507
esp32c3,AES128GCM,sw,encrypt,1024,18,720,549203
esp32c3,AES128GCM,sw,encrypt,1024,18,721,547507
esp32c3,AES128GCM,sw,encrypt,1024,18,722,549201
esp32c3,AES128GCM,sw,encrypt,1024,18,723,547507
esp32c3,AES128GCM,sw,encrypt,1024,18,724,548219
esp32c3,AES128GCM,sw,encrypt,1024,18,725,547507
esp32c3,AES128GCM,sw,encrypt,1024,18,726,548219
esp32c3,AES128GCM,sw,encrypt,1024,18,727,548489
esp32c3,AES128GCM,sw,encrypt,1024,18,728,548219
esp32c3,AES128GCM,sw,encrypt,1024,18,729,548489
esp32c3,AES128GCM,sw,encrypt,1024,18,730,548219
esp32c3,AES128GCM,sw,encrypt,1024,18,731,547507
esp32c3,AES128GCM,sw,encrypt,1024,18,732,548219
esp32c3,AES128GCM,sw,encrypt,1024,18,733,547507
esp32c3,AES128GCM,sw,encrypt,1024,18,734,549201
esp32c3,AES128GCM,sw,encrypt,1024,18,735,547507
esp32c3,AES128GCM,sw,encrypt,1024,18,736,549201
esp32c3,AES128GCM,sw,encrypt,1024,18,737,547507
esp32c3,AES128GCM,sw,encrypt,1024,18,738,548219
esp32c3,AES128GCM,sw,encrypt,1024,18,739,547507
esp32c3,AES128GCM,sw,encrypt,1024,18,740,548219
esp32c3,AES128GCM,sw,encrypt,1024,18,741,548489
esp32c3,AES128GCM,sw,encrypt,1024,18,742,548219
esp32c3,AES128GCM,sw,encrypt,1024,18,743,548489
esp32c3,AES128GCM,sw,encrypt,1024,18,744,548219
esp32c3,AES128GCM,sw,encrypt,1024,18,745,547507
esp32c3,AES128GCM,sw,encrypt,1024,18,746,548219
esp32c3,AES128GCM,sw,encrypt,1024,18,747,547507
esp32c3,AES128GCM,sw,encrypt,1024,18,748,549201
esp32c3,AES128GCM,sw,encrypt,1024,18,749,547507
esp32c3,AES128GCM,sw,encrypt,1024,18,750,549201
esp32c3,AES128GCM,sw,encrypt,1024,18,751,547507
esp32c3,AES128GCM,sw,encrypt,1024,18,752,548219
esp32c3,AES128GCM,sw,encrypt,1024,18,753,548305
esp32c3,AES128GCM,sw,encrypt,1024,18,754,548219
esp32c3,AES128GCM,sw,encrypt,1024,18,755,548491
esp32c3,AES128GCM,sw,encrypt,1024,18,756,548219
esp32c3,AES128GCM,sw,encrypt,1024,18,757,548489
esp32c3,AES128GCM,sw,encrypt,1024,18,758,548219
esp32c3,AES128GCM,sw,encrypt,1024,18,759,547507
esp32c3,AES128GCM,sw,encrypt,1024,18,760,549201
esp32c3,AES128GCM,sw,encrypt,1024,18,761,547507
esp32c3,AES128GCM,sw,encrypt,1024,18,762,549201
esp32c3,AES128GCM,sw,encrypt,1024,18,763,547507
esp32c3,AES128GCM,sw,encrypt,1024,18,764,549201
esp32c3,AES128GCM,sw,encrypt,1024,18,765,547507
esp32c3,AES128GCM,sw,encrypt,1024,18,766,548219
esp32c3,AES128GCM,sw,encrypt,1024,18,767,548489
esp32c3,AES128GCM,sw,encrypt,1024,18,768,548219
esp32c3,AES128GCM,sw,encrypt,1024,18,769,548489
esp32c3,AES128GCM,sw,encrypt,1024,18,770,548219
esp32c3,AES128GCM,sw,encrypt,1024,18,771,547507
esp32c3,AES128GCM,sw,encrypt,1024,18,772,548219
esp32c3,AES128GCM,sw,encrypt,1024,18,773,547507
esp32c3,AES128GCM,sw,encrypt,1024,18,774,549201
esp32c3,AES128GCM,sw,encrypt,1024,18,775,547507
esp32c3,AES128GCM,sw,encrypt,1024,18,776,549203
esp32c3,AES128GCM,sw,encrypt,1024,18,777,547507
esp32c3,AES128GCM,sw,encrypt,1024,18,778,548219
esp32c3,AES128GCM,sw,encrypt,1024,18,779,547507
esp32c3,AES128GCM,sw,encrypt,1024,18,780,548219
esp32c3,AES128GCM,sw,encrypt,1024,18,781,548489
esp32c3,AES128GCM,sw,encrypt,1024,18,782,548219
esp32c3,AES128GCM,sw,encrypt,1024,18,783,548489
esp32c3,AES128GCM,sw,encrypt,1024,18,784,548219
esp32c3,AES128GCM,sw,encrypt,1024,18,785,547507
esp32c3,AES128GCM,sw,encrypt,1024,18,786,548219
esp32c3,AES128GCM,sw,encrypt,1024,18,787,547507
esp32c3,AES128GCM,sw,encrypt,1024,18,788,549201
esp32c3,AES128GCM,sw,encrypt,1024,18,789,547507
esp32c3,AES128GCM,sw,encrypt,1024,18,790,549201
esp32c3,AES128GCM,sw,encrypt,1024,18,791,547507
esp32c3,AES128GCM,sw,encrypt,1024,18,792,548219
esp32c3,AES128GCM,sw,encrypt,1024,18,793,548305
esp32c3,AES128GCM,sw,encrypt,1024,18,794,548219
esp32c3,AES128GCM,sw,encrypt,1024,18,795,548489
esp32c3,AES128GCM,sw,encrypt,1024,18,796,548219
esp32c3,AES128GCM,sw,encrypt,1024,18,797,548489
esp32c3,AES128GCM,sw,encrypt,1024,18,798,548219
esp32c3,AES128GCM,sw,encrypt,1024,18,799,547507
esp32c3,AES128GCM,sw,encrypt,1024,18,800,549201
esp32c3,AES128GCM,sw,encrypt,1024,18,801,547507
esp32c3,AES128GCM,sw,encrypt,1024,18,802,549201
esp32c3,AES128GCM,sw,encrypt,1024,18,803,547507
esp32c3,AES128GCM,sw,encrypt,1024,18,804,549201
esp32c3,AES128GCM,sw,encrypt,1024,18,805,547507
esp32c3,AES128GCM,sw,encrypt,1024,18,806,548219
esp32c3,AES128GCM,sw,encrypt,1024,18,807,548489
esp32c3,AES128GCM,sw,encrypt,1024,18,808,548219
esp32c3,AES128GCM,sw,encrypt,1024,18,809,548489
esp32c3,AES128GCM,sw,encrypt,1024,18,810,548219
esp32c3,AES128GCM,sw,encrypt,1024,18,811,547507
esp32c3,AES128GCM,sw,encrypt,1024,18,812,548219
esp32c3,AES128GCM,sw,encrypt,1024,18,813,547507
esp32c3,AES128GCM,sw,encrypt,1024,18,814,549201
esp32c3,AES128GCM,sw,encrypt,1024,18,815,547507
esp32c3,AES128GCM,sw,encrypt,1024,18,816,549201
esp32c3,AES128GCM,sw,encrypt,1024,18,817,547507
esp32c3,AES128GCM,sw,encrypt,1024,18,818,548219
esp32c3,AES128GCM,sw,encrypt,1024,18,819,547507
esp32c3,AES128GCM,sw,encrypt,1024,18,820,548219
esp32c3,AES128GCM,sw,encrypt,1024,18,821,548489
esp32c3,AES128GCM,sw,encrypt,1024,18,822,548219
esp32c3,AES128GCM,sw,encrypt,1024,18,823,548489
esp32c3,AES128GCM,sw,encrypt,1024,18,824,548219
esp32c3,AES128GCM,sw,encrypt,1024,18,825,547507
esp32c3,AES128GCM,sw,encrypt,1024,18,826,548219
esp32c3,AES128GCM,sw,encrypt,1024,18,827,547507
esp32c3,AES128GCM,sw,encrypt,1024,18,828,549201
esp32c3,AES128GCM,sw,encrypt,1024,18,829,547507
esp32c3,AES128GCM,sw,encrypt,1024,18,830,549203
esp32c3,AES128GCM,sw,encrypt,1024,18,831,547507
esp32c3,AES128GCM,sw,encrypt,1024,18,832,548219
esp32c3,AES128GCM,sw,encrypt,1024,18,833,547507
esp32c3,AES128GCM,sw,encrypt,1024,18,834,548219
esp32c3,AES128GCM,sw,encrypt,1024,18,835,548491
esp32c3,AES128GCM,sw,encrypt,1024,18,836,548219
esp32c3,AES128GCM,sw,encrypt,1024,18,837,548489
esp32c3,AES128GCM,sw,encrypt,1024,18,838,548219
esp32c3,AES128GCM,sw,encrypt,1024,18,839,547507
esp32c3,AES128GCM,sw,encrypt,1024,18,840,549147
esp32c3,AES128GCM,sw,encrypt,1024,18,841,547507
esp32c3,AES128GCM,sw,encrypt,1024,18,842,549199
esp32c3,AES128GCM,sw,encrypt,1024,18,843,547507
esp32c3,AES128GCM,sw,encrypt,1024,18,844,549201
esp32c3,AES128GCM,sw,encrypt,1024,18,845,547507
esp32c3,AES128GCM,sw,encrypt,1024,18,846,548219
esp32c3,AES128GCM,sw,encrypt,1024,18,847,548489
esp32c3,AES128GCM,sw,encrypt,1024,18,848,548219
esp32c3,AES128GCM,sw,encrypt,1024,18,849,548489
esp32c3,AES128GCM,sw,encrypt,1024,18,850,548219
esp32c3,AES128GCM,sw,encrypt,1024,18,851,548489
esp32c3,AES128GCM,sw,encrypt,1024,18,852,548219
esp32c3,AES128GCM,sw,encrypt,1024,18,853,547507
esp32c3,AES128GCM,sw,encrypt,1024,18,854,549201
esp32c3,AES128GCM,sw,encrypt,1024,18,855,547507
esp32c3,AES128GCM,sw,encrypt,1024,18,856,549201
esp32c3,AES128GCM,sw,encrypt,1024,18,857,547507
esp32c3,AES128GCM,sw,encrypt,1024,18,858,548219
esp32c3,AES128GCM,sw,encrypt,1024,18,859,547507
esp32c3,AES128GCM,sw,encrypt,1024,18,860,548219
esp32c3,AES128GCM,sw,encrypt,1024,18,861,548489
esp32c3,AES128GCM,sw,encrypt,1024,18,862,548219
esp32c3,AES128GCM,sw,encrypt,1024,18,863,548491
esp32c3,AES128GCM,sw,encrypt,1024,18,864,548219
esp32c3,AES128GCM,sw,encrypt,1024,18,865,547507
esp32c3,AES128GCM,sw,encrypt,1024,18,866,548219
esp32c3,AES128GCM,sw,encrypt,1024,18,867,547507
esp32c3,AES128GCM,sw,encrypt,1024,18,868,549201
esp32c3,AES128GCM,sw,encrypt,1024,18,869,547507
esp32c3,AES128GCM,sw,encrypt,1024,18,870,549201
esp32c3,AES128GCM,sw,encrypt,1024,18,871,547507
esp32c3,AES128GCM,sw,encrypt,1024,18,872,548219
esp32c3,AES128GCM,sw,encrypt,1024,18,873,547507
esp32c3,AES128GCM,sw,encrypt,1024,18,874,548219
esp32c3,AES128GCM,sw,encrypt,1024,18,875,548491
esp32c3,AES128GCM,sw,encrypt,1024,18,876,548219
esp32c3,AES128GCM,sw,encrypt,1024,18,877,548489
esp32c3,AES128GCM,sw,encrypt,1024,18,878,548219
esp32c3,AES128GCM,sw,encrypt,1024,18,879,547507
esp32c3,AES128GCM,sw,encrypt,1024,18,880,549087
esp32c3,AES128GCM,sw,encrypt,1024,18,881,547507
esp32c3,AES128GCM,sw,encrypt,1024,18,882,549201
esp32c3,AES128GCM,sw,encrypt,1024,18,883,547507
esp32c3,AES128GCM,sw,encrypt,1024,18,884,549201
esp32c3,AES128GCM,sw,encrypt,1024,18,885,547507
esp32c3,AES128GCM,sw,encrypt,1024,18,886,548219
esp32c3,AES128GCM,sw,encrypt,1024,18,887,548491
esp32c3,AES128GCM,sw,encrypt,1024,18,888,548219
esp32c3,AES128GCM,sw,encrypt,1024,18,889,548489
esp32c3,AES128GCM,sw,encrypt,1024,18,890,548219
esp32c3,AES128GCM,sw,encrypt,1024,18,891,548489
esp32c3,AES128GCM,sw,encrypt,1024,18,892,548219
esp32c3,AES128GCM,sw,encrypt,1024,18,893,547507
esp32c3,AES128GCM,sw,encrypt,1024,18,894,549201
esp32c3,AES128GCM,sw,encrypt,1024,18,895,547507
esp32c3,AES128GCM,sw,encrypt,1024,18,896,549201
esp32c3,AES128GCM,sw,encrypt,1024,18,897,547507
esp32c3,AES128GCM,sw,encrypt,1024,18,898,548219
esp32c3,AES128GCM,sw,encrypt,1024,18,899,547507
esp32c3,AES128GCM,sw,encrypt,1024,18,900,548219
esp32c3,AES128GCM,sw,encrypt,1024,18,901,548489
esp32c3,AES128GCM,sw,encrypt,1024,18,902,548219
esp32c3,AES128GCM,sw,encrypt,1024,18,903,548489
esp32c3,AES128GCM,sw,encrypt,1024,18,904,548219
esp32c3,AES128GCM,sw,encrypt,1024,18,905,547507
esp32c3,AES128GCM,sw,encrypt,1024,18,906,548219
esp32c3,AES128GCM,sw,encrypt,1024,18,907,547507
esp32c3,AES128GCM,sw,encrypt,1024,18,908,549201
esp32c3,AES128GCM,sw,encrypt,1024,18,909,547507
esp32c3,AES128GCM,sw,encrypt,1024,18,910,549203
esp32c3,AES128GCM,sw,encrypt,1024,18,911,547507
esp32c3,AES128GCM,sw,encrypt,1024,18,912,548219
esp32c3,AES128GCM,sw,encrypt,1024,18,913,547507
esp32c3,AES128GCM,sw,encrypt,1024,18,914,548219
esp32c3,AES128GCM,sw,encrypt,1024,18,915,548489
esp32c3,AES128GCM,sw,encrypt,1024,18,916,548219
esp32c3,AES128GCM,sw,encrypt,1024,18,917,548489
esp32c3,AES128GCM,sw,encrypt,1024,18,918,548219
esp32c3,AES128GCM,sw,encrypt,1024,18,919,547507
esp32c3,AES128GCM,sw,encrypt,1024,18,920,548219
esp32c3,AES128GCM,sw,encrypt,1024,18,921,547507
esp32c3,AES128GCM,sw,encrypt,1024,18,922,549201
esp32c3,AES128GCM,sw,encrypt,1024,18,923,547507
esp32c3,AES128GCM,sw,encrypt,1024,18,924,549203
esp32c3,AES128GCM,sw,encrypt,1024,18,925,547507
esp32c3,AES128GCM,sw,encrypt,1024,18,926,548219
esp32c3,AES128GCM,sw,encrypt,1024,18,927,548489
esp32c3,AES128GCM,sw,encrypt,1024,18,928,548219
esp32c3,AES128GCM,sw,encrypt,1024,18,929,548491
esp32c3,AES128GCM,sw,encrypt,1024,18,930,548219
esp32c3,AES128GCM,sw,encrypt,1024,18,931,548489
esp32c3,AES128GCM,sw,encrypt,1024,18,932,548219
esp32c3,AES128GCM,sw,encrypt,1024,18,933,547507
esp32c3,AES128GCM,sw,encrypt,1024,18,934,549201
esp32c3,AES128GCM,sw,encrypt,1024,18,935,547507
esp32c3,AES128GCM,sw,encrypt,1024,18,936,549201
esp32c3,AES128GCM,sw,encrypt,1024,18,937,547507
esp32c3,AES128GCM,sw,encrypt,1024,18,938,549201
esp32c3,AES128GCM,sw,encrypt,1024,18,939,547507
esp32c3,AES128GCM,sw,encrypt,1024,18,940,548219
esp32c3,AES128GCM,sw,encrypt,1024,18,941,548489
esp32c3,AES128GCM,sw,encrypt,1024,18,942,548219
esp32c3,AES128GCM,sw,encrypt,1024,18,943,548489
esp32c3,AES128GCM,sw,encrypt,1024,18,944,548219
esp32c3,AES128GCM,sw,encrypt,1024,18,945,547507
esp32c3,AES128GCM,sw,encrypt,1024,18,946,548219
esp32c3,AES128GCM,sw,encrypt,1024,18,947,547507
esp32c3,AES128GCM,sw,encrypt,1024,18,948,549201
esp32c3,AES128GCM,sw,encrypt,1024,18,949,547507
esp32c3,AES128GCM,sw,encrypt,1024,18,950,549201
esp32c3,AES128GCM,sw,encrypt,1024,18,951,547507
esp32c3,AES128GCM,sw,encrypt,1024,18,952,548219
esp32c3,AES128GCM,sw,encrypt,1024,18,953,547507
esp32c3,AES128GCM,sw,encrypt,1024,18,954,548219
esp32c3,AES128GCM,sw,encrypt,1024,18,955,548491
esp32c3,AES128GCM,sw,encrypt,1024,18,956,548219
esp32c3,AES128GCM,sw,encrypt,1024,18,957,548489
esp32c3,AES128GCM,sw,encrypt,1024,18,958,548219
esp32c3,AES128GCM,sw,encrypt,1024,18,959,547507
esp32c3,AES128GCM,sw,encrypt,1024,18,960,548219
esp32c3,AES128GCM,sw,encrypt,1024,18,961,547507
esp32c3,AES128GCM,sw,encrypt,1024,18,962,549201
esp32c3,AES128GCM,sw,encrypt,1024,18,963,547507
esp32c3,AES128GCM,sw,encrypt,1024,18,964,549201
esp32c3,AES128GCM,sw,encrypt,1024,18,965,547507
esp32c3,AES128GCM,sw,encrypt,1024,18,966,548219
esp32c3,AES128GCM,sw,encrypt,1024,18,967,547507
esp32c3,AES128GCM,sw,encrypt,1024,18,968,548219
esp32c3,AES128GCM,sw,encrypt,1024,18,969,548489
esp32c3,AES128GCM,sw,encrypt,1024,18,970,548219
esp32c3,AES128GCM,sw,encrypt,1024,18,971,548489
esp32c3,AES128GCM,sw,encrypt,1024,18,972,548219
esp32c3,AES128GCM,sw,encrypt,1024,18,973,547507
esp32c3,AES128GCM,sw,encrypt,1024,18,974,549203
esp32c3,AES128GCM,sw,encrypt,1024,18,975,547507
esp32c3,AES128GCM,sw,encrypt,1024,18,976,549203
esp32c3,AES128GCM,sw,encrypt,1024,18,977,547507
esp32c3,AES128GCM,sw,encrypt,1024,18,978,549201
esp32c3,AES128GCM,sw,encrypt,1024,18,979,547507
esp32c3,AES128GCM,sw,encrypt,1024,18,980,548219
esp32c3,AES128GCM,sw,encrypt,1024,18,981,548489
esp32c3,AES128GCM,sw,encrypt,1024,18,982,548219
esp32c3,AES128GCM,sw,encrypt,1024,18,983,548489
esp32c3,AES128GCM,sw,encrypt,1024,18,984,548219
esp32c3,AES128GCM,sw,encrypt,1024,18,985,547507
esp32c3,AES128GCM,sw,encrypt,1024,18,986,548219
esp32c3,AES128GCM,sw,encrypt,1024,18,987,547507
esp32c3,AES128GCM,sw,encrypt,1024,18,988,549201
esp32c3,AES128GCM,sw,encrypt,1024,18,989,547507
esp32c3,AES128GCM,sw,encrypt,1024,18,990,549201
esp32c3,AES128GCM,sw,encrypt,1024,18,991,547507
esp32c3,AES128GCM,sw,encrypt,1024,18,992,548219
esp32c3,AES128GCM,sw,encrypt,1024,18,993,547507
esp32c3,AES128GCM,sw,encrypt,1024,18,994,548219
esp32c3,AES128GCM,sw,encrypt,1024,18,995,548489
esp32c3,AES128GCM,sw,encrypt,1024,18,996,548219
esp32c3,AES128GCM,sw,encrypt,1024,18,997,548491
esp32c3,AES128GCM,sw,encrypt,1024,18,998,548219
esp32c3,AES128GCM,sw,encrypt,1024,18,999,547507
stack,esp32c3,AES128GCM,sw,encrypt,1024,14180
esp32c3,AES128GCM,sw,decrypt,1024,18,0,536945
esp32c3,AES128GCM,sw,decrypt,1024,18,1,549743
esp32c3,AES128GCM,sw,decrypt,1024,18,2,549799
esp32c3,AES128GCM,sw,decrypt,1024,18,3,549087
esp32c3,AES128GCM,sw,decrypt,1024,18,4,550781
esp32c3,AES128GCM,sw,decrypt,1024,18,5,549087
esp32c3,AES128GCM,sw,decrypt,1024,18,6,550781
esp32c3,AES128GCM,sw,decrypt,1024,18,7,549087
esp32c3,AES128GCM,sw,decrypt,1024,18,8,549799
esp32c3,AES128GCM,sw,decrypt,1024,18,9,550069
esp32c3,AES128GCM,sw,decrypt,1024,18,10,549799
esp32c3,AES128GCM,sw,decrypt,1024,18,11,549087
esp32c3,AES128GCM,sw,decrypt,1024,18,12,550781
esp32c3,AES128GCM,sw,decrypt,1024,18,13,549087
esp32c3,AES128GCM,sw,decrypt,1024,18,14,549799
esp32c3,AES128GCM,sw,decrypt,1024,18,15,550071
esp32c3,AES128GCM,sw,decrypt,1024,18,16,549799
esp32c3,AES128GCM,sw,decrypt,1024,18,17,550069
esp32c3,AES128GCM,sw,decrypt,1024,18,18,549799
esp32c3,AES128GCM,sw,decrypt,1024,18,19,549087
esp32c3,AES128GCM,sw,decrypt,1024,18,20,549799
esp32c3,AES128GCM,sw,decrypt,1024,18,21,549087
esp32c3,AES128GCM,sw,decrypt,1024,18,22,550783
esp32c3,AES128GCM,sw,decrypt,1024,18,23,549087
esp32c3,AES128GCM,sw,decrypt,1024,18,24,550781
esp32c3,AES128GCM,sw,decrypt,1024,18,25,549087
esp32c3,AES128GCM,sw,decrypt,1024,18,26,549799
esp32c3,AES128GCM,sw,decrypt,1024,18,27,550069
esp32c3,AES128GCM,sw,decrypt,1024,18,28,549799
esp32c3,AES128GCM,sw,decrypt,1024,18,29,550069
esp32c3,AES128GCM,sw,decrypt,1024,18,30,549799
esp32c3,AES128GCM,sw,decrypt,1024,18,31,549087
esp32c3,AES128GCM,sw,decrypt,1024,18,32,549799
esp32c3,AES128GCM,sw,decrypt,1024,18,33,549087
esp32c3,AES128GCM,sw,decrypt,1024,18,34,550781
esp32c3,AES128GCM,sw,decrypt,1024,18,35,549087
esp32c3,AES128GCM,sw,decrypt,1024,18,36,550783
esp32c3,AES128GCM,sw,decrypt,1024,18,37,549087
esp32c3,AES128GCM,sw,decrypt,1024,18,38,549799
esp32c3,AES128GCM,sw,decrypt,1024,18,39,550069
esp32c3,AES128GCM,sw,decrypt,1024,18,40,549799
esp32c3,AES128GCM,sw,decrypt,1024,18,41,550069
esp32c3,AES128GCM,sw,decrypt,1024,18,42,549799
esp32c3,AES128GCM,sw,decrypt,1024,18,43,549087
esp32c3,AES128GCM,sw,decrypt,1024,18,44,549799
esp32c3,AES128GCM,sw,decrypt,1024,18,45,549087
esp32c3,AES128GCM,sw,decrypt,1024,18,46,550783
esp32c3,AES128GCM,sw,decrypt,1024,18,47,549087
esp32c3,AES128GCM,sw,decrypt,1024,18,48,550781
esp32c3,AES128GCM,sw,decrypt,1024,18,49,549087
esp32c3,AES128GCM,sw,decrypt,1024,18,50,549799
esp32c3,AES128GCM,sw,decrypt,1024,18,51,550069
esp32c3,AES128GCM,sw,decrypt,1024,18,52,549799
esp32c3,AES128GCM,sw,decrypt,1024,18,53,550069
esp32c3,AES128GCM,sw,decrypt,1024,18,54,549799
esp32c3,AES128GCM,sw,decrypt,1024,18,55,549087
esp32c3,AES128GCM,sw,decrypt,1024,18,56,549799
esp32c3,AES128GCM,sw,decrypt,1024,18,57,549087
esp32c3,AES128GCM,sw,decrypt,1024,18,58,550781
esp32c3,AES128GCM,sw,decrypt,1024,18,59,549087
esp32c3,AES128GCM,sw,decrypt,1024,18,60,550781
esp32c3,AES128GCM,sw,decrypt,1024,18,61,549087
esp32c3,AES128GCM,sw,decrypt,1024,18,62,549799
esp32c3,AES128GCM,sw,decrypt,1024,18,63,550069
esp32c3,AES128GCM,sw,decrypt,1024,18,64,549799
esp32c3,AES128GCM,sw,decrypt,1024,18,65,550069
esp32c3,AES128GCM,sw,decrypt,1024,18,66,549799
esp32c3,AES128GCM,sw,decrypt,1024,18,67,549087
esp32c3,AES128GCM,sw,decrypt,1024,18,68,549799
esp32c3,AES128GCM,sw,decrypt,1024,18,69,549087
esp32c3,AES128GCM,sw,decrypt,1024,18,70,550781
esp32c3,AES128GCM,sw,decrypt,1024,18,71,549087
esp32c3,AES128GCM,sw,decrypt,1024,18,72,550781
esp32c3,AES128GCM,sw,decrypt,1024,18,73,549087
esp32c3,AES128GCM,sw,decrypt,1024,18,74,549799
esp32c3,AES128GCM,sw,decrypt,1024,18,75,550069
esp32c3,AES128GCM,sw,decrypt,1024,18,76,549799
esp32c3,AES128GCM,sw,decrypt,1024,18,77,550069
esp32c3,AES128GCM,sw,decrypt,1024,18,78,549799
esp32c3,AES128GCM,sw,decrypt,1024,18,79,549087
esp32c3,AES128GCM,sw,decrypt,1024,18,80,549799
esp32c3,AES128GCM,sw,decrypt,1024,18,81,549087
esp32c3,AES128GCM,sw,decrypt,1024,18,82,550781
esp32c3,AES128GCM,sw,decrypt,1024,18,83,549087
esp32c3,AES128GCM,sw,decrypt,1024,18,84,550781
esp32c3,AES128GCM,sw,decrypt,1024,18,85,549087
esp32c3,AES128GCM,sw,decrypt,1024,18,86,549799
esp32c3,AES128GCM,sw,decrypt,1024,18,87,550069
esp32c3,AES128GCM,sw,decrypt,1024,18,88,549799
esp32c3,AES128GCM,sw,decrypt,1024,18,89,550069
esp32c3,AES128GCM,sw,decrypt,1024,18,90,549799
esp32c3,AES128GCM,sw,decrypt,1024,18,91,549087
esp32c3,AES128GCM,sw,decrypt,1024,18,92,549799
esp32c3,AES128GCM,sw,decrypt,1024,18,93,549087
esp32c3,AES128GCM,sw,decrypt,1024,18,94,550781
esp32c3,AES128GCM,sw,decrypt,1024,18,95,549087
esp32c3,AES128GCM,sw,decrypt,1024,18,96,550781
esp32c3,AES128GCM,sw,decrypt,1024,18,97,549087
esp32c3,AES128GCM,sw,decrypt,1024,18,98,549799
esp32c3,AES128GCM,sw,decrypt,1024,18,99,550069
esp32c3,AES128GCM,sw,decrypt,1024,18,100,549799
esp32c3,AES128GCM,sw,decrypt,1024,18,101,550073
esp32c3,AES128GCM,sw,decrypt,1024,18,102,549799
esp32c3,AES128GCM,sw,decrypt,1024,18,103,549087
esp32c3,AES128GCM,sw,decrypt,1024,18,104,549799
esp32c3,AES128GCM,sw,decrypt,1024,18,105,549087
esp32c3,AES128GCM,sw,decrypt,1024,18,106,550781
esp32c3,AES128GCM,sw,decrypt,1024,18,107,549087
esp32c3,AES128GCM,sw,decrypt,1024,18,108,550781
esp32c3,AES128GCM,sw,decrypt,1024,18,109,549087
esp32c3,AES128GCM,sw,decrypt,1024,18,110,549799
esp32c3,AES128GCM,sw,decrypt,1024,18,111,549087
esp32c3,AES128GCM,sw,decrypt,1024,18,112,549799
esp32c3,AES128GCM,sw,decrypt,1024,18,113,550069
esp32c3,AES128GCM,sw,decrypt,1024,18,114,549799
esp32c3,AES128GCM,sw,decrypt,1024,18,115,550069
esp32c3,AES128GCM,sw,decrypt,1024,18,116,549799
esp32c3,AES128GCM,sw,decrypt,1024,18,117,549087
esp32c3,AES128GCM,sw,decrypt,1024,18,118,550775
esp32c3,AES128GCM,sw,decrypt,1024,18,119,549087
esp32c3,AES128GCM,sw,decrypt,1024,18,120,550781
esp32c3,AES128GCM,sw,decrypt,1024,18,121,549087
esp32c3,AES128GCM,sw,decrypt,1024,18,122,550781
esp32c3,AES128GCM,sw,decrypt,1024,18,123,549087
esp32c3,AES128GCM,sw,decrypt,1024,18,124,549799
esp32c3,AES128GCM,sw,decrypt,1024,18,125,550069
esp32c3,AES128GCM,sw,decrypt,1024,18,126,549799
esp32c3,AES128GCM,sw,decrypt,1024,18,127,550069
esp32c3,AES128GCM,sw,decrypt,1024,18,128,549799
esp32c3,AES128GCM,sw,decrypt,1024,18,129,550069
esp32c3,AES128GCM,sw,decrypt,1024,18,130,549799
esp32c3,AES128GCM,sw,decrypt,1024,18,131,549087
esp32c3,AES128GCM,sw,decrypt,1024,18,132,550781
esp32c3,AES128GCM,sw,decrypt,1024,18,133,549087
esp32c3,AES128GCM,sw,decrypt,1024,18,134,550783
esp32c3,AES128GCM,sw,decrypt,1024,18,135,549087
esp32c3,AES128GCM,sw,decrypt,1024,18,136,549799
esp32c3,AES128GCM,sw,decrypt,1024,18,137,549087
esp32c3,AES128GCM,sw,decrypt,1024,18,138,549799
esp32c3,AES128GCM,sw,decrypt,1024,18,139,550069
esp32c3,AES128GCM,sw,decrypt,1024,18,140,549799
esp32c3,AES128GCM,sw,decrypt,1024,18,141,550069
esp32c3,AES128GCM,sw,decrypt,1024,18,142,549799
esp32c3,AES128GCM,sw,decrypt,1024,18,143,549087
esp32c3,AES128GCM,sw,decrypt,1024,18,144,549799
esp32c3,AES128GCM,sw,decrypt,1024,18,145,549087
esp32c3,AES128GCM,sw,decrypt,1024,18,146,550783
esp32c3,AES128GCM,sw,decrypt,1024,18,147,549087
esp32c3,AES128GCM,sw,decrypt,1024,18,148,550781
esp32c3,AES128GCM,sw,decrypt,1024,18,149,549087
esp32c3,AES128GCM,sw,decrypt,1024,18,150,549799
esp32c3,AES128GCM,sw,decrypt,1024,18,151,549087
esp32c3,AES128GCM,sw,decrypt,1024,18,152,549799
esp32c3,AES128GCM,sw,decrypt,1024,18,153,550069
esp32c3,AES128GCM,sw,decrypt,1024,18,154,549799
esp32c3,AES128GCM,sw,decrypt,1024,18,155,550069
esp32c3,AES128GCM,sw,decrypt,1024,18,156,549799
esp32c3,AES128GCM,sw,decrypt,1024,18,157,549087
esp32c3,AES128GCM,sw,decrypt,1024,18,158,549799
esp32c3,AES128GCM,sw,decrypt,1024,18,159,549087
esp32c3,AES128GCM,sw,decrypt,1024,18,160,550781
esp32c3,AES128GCM,sw,decrypt,1024,18,161,549087
esp32c3,AES128GCM,sw,decrypt,1024,18,162,550781
esp32c3,AES128GCM,sw,decrypt,1024,18,163,549087
esp32c3,AES128GCM,sw,decrypt,1024,18,164,549799
esp32c3,AES128GCM,sw,decrypt,1024,18,165,550069
esp32c3,AES128GCM,sw,decrypt,1024,18,166,549799
esp32c3,AES128GCM,sw,decrypt,1024,18,167,550069
esp32c3,AES128GCM,sw,decrypt,1024,18,168,549799
esp32c3,AES128GCM,sw,decrypt,1024,18,169,550069
esp32c3,AES128GCM,sw,decrypt,1024,18,170,549799
esp32c3,AES128GCM,sw,decrypt,1024,18,171,549087
esp32c3,AES128GCM,sw,decrypt,1024,18,172,550781
esp32c3,AES128GCM,sw,decrypt,1024,18,173,549087
esp32c3,AES128GCM,sw,decrypt,1024,18,174,550781
esp32c3,AES128GCM,sw,decrypt,1024,18,175,549087
esp32c3,AES128GCM,sw,decrypt,1024,18,176,550781
esp32c3,AES128GCM,sw,decrypt,1024,18,177,549087
esp32c3,AES128GCM,sw,decrypt,1024,18,178,549799
esp32c3,AES128GCM,sw,decrypt,1024,18,179,550069
esp32c3,AES128GCM,sw,decrypt,1024,18,180,549799
esp32c3,AES128GCM,sw,decrypt,1024,18,181,550069
esp32c3,AES128GCM,sw,decrypt,1024,18,182,549799
esp32c3,AES128GCM,sw,decrypt,1024,18,183,549087
esp32c3,AES128GCM,sw,decrypt,1024,18,184,549799
esp32c3,AES128GCM,sw,decrypt,1024,18,185,549087
esp32c3,AES128GCM,sw,decrypt,1024,18,186,550781
esp32c3,AES128GCM,sw,decrypt,1024,18,187,549087
esp32c3,AES128GCM,sw,decrypt,1024,18,188,550781
esp32c3,AES128GCM,sw,decrypt,1024,18,189,549087
esp32c3,AES128GCM,sw,decrypt,1024,18,190,549799
esp32c3,AES128GCM,sw,decrypt,1024,18,191,549087
esp32c3,AES128GCM,sw,decrypt,1024,18,192,549799
esp32c3,AES128GCM,sw,decrypt,1024,18,193,550069
esp32c3,AES128GCM,sw,decrypt,1024,18,194,549799
esp32c3,AES128GCM,sw,decrypt,1024,18,195,550069
esp32c3,AES128GCM,sw,decrypt,1024,18,196,549799
esp32c3,AES128GCM,sw,decrypt,1024,18,197,549087
esp32c3,AES128GCM,sw,decrypt,1024,18,198,549799
esp32c3,AES128GCM,sw,decrypt,1024,18,199,549087
esp32c3,AES128GCM,sw,decrypt,1024,18,200,550781
esp32c3,AES128GCM,sw,decrypt,1024,18,201,549087
esp32c3,AES128GCM,sw,decrypt,1024,18,202,550781
esp32c3,AES128GCM,sw,decrypt,1024,18,203,549087
esp32c3,AES128GCM,sw,decrypt,1024,18,204,549799
esp32c3,AES128GCM,sw,decrypt,1024,18,205,549975
esp32c3,AES128GCM,sw,decrypt,1024,18,206,549799
esp32c3,AES128GCM,sw,decrypt,1024,18,207,550069
esp32c3,AES128GCM,sw,decrypt,1024,18,208,549799
esp32c3,AES128GCM,sw,decrypt,1024,18,209,550069
esp32c3,AES128GCM,sw,decrypt,1024,18,210,549799
esp32c3,AES128GCM,sw,decrypt,1024,18,211,549087
esp32c3,AES128GCM,sw,decrypt,1024,18,212,550783
esp32c3,AES128GCM,sw,decrypt,1024,18,213,549087
esp32c3,AES128GCM,sw,decrypt,1024,18,214,550779
esp32c3,AES128GCM,sw,decrypt,1024,18,215,549087
esp32c3,AES128GCM,sw,decrypt,1024,18,216,550781
esp32c3,AES128GCM,sw,decrypt,1024,18,217,549087
esp32c3,AES128GCM,sw,decrypt,1024,18,218,549799
esp32c3,AES128GCM,sw,decrypt,1024,18,219,550067
esp32c3,AES128GCM,sw,decrypt,1024,18,220,549799
esp32c3,AES128GCM,sw,decrypt,1024,18,221,550069
esp32c3,AES128GCM,sw,decrypt,1024,18,222,549799
esp32c3,AES128GCM,sw,decrypt,1024,18,223,549087
esp32c3,AES128GCM,sw,decrypt,1024,18,224,549799
esp32c3,AES128GCM,sw,decrypt,1024,18,225,549087
esp32c3,AES128GCM,sw,decrypt,1024,18,226,550781
esp32c3,AES128GCM,sw,decrypt,1024,18,227,549087
esp32c3,AES128GCM,sw,decrypt,1024,18,228,550781
esp32c3,AES128GCM,sw,decrypt,1024,18,229,549087
esp32c3,AES128GCM,sw,decrypt,1024,18,230,549799
esp32c3,AES128GCM,sw,decrypt,1024,18,231,549087
esp32c3,AES128GCM,sw,decrypt,1024,18,232,549799
esp32c3,AES128GCM,sw,decrypt,1024,18,233,550069
esp32c3,AES128GCM,sw,decrypt,1024,18,234,549799
esp32c3,AES128GCM,sw,decrypt,1024,18,235,550069
esp32c3,AES128GCM,sw,decrypt,1024,18,236,549799
esp32c3,AES128GCM,sw,decrypt,1024,18,237,549087
esp32c3,AES128GCM,sw,decrypt,1024,18,238,549799
esp32c3,AES128GCM,sw,decrypt,1024,18,239,549087
esp32c3,AES128GCM,sw,decrypt,1024,18,240,550781
esp32c3,AES128GCM,sw,decrypt,1024,18,241,549087
esp32c3,AES128GCM,sw,decrypt,1024,18,242,550781
esp32c3,AES128GCM,sw,decrypt,1024,18,243,549087
esp32c3,AES128GCM,sw,decrypt,1024,18,244,549799
esp32c3,AES128GCM,sw,decrypt,1024,18,245,549087
esp32c3,AES128GCM,sw,decrypt,1024,18,246,549799
esp32c3,AES128GCM,sw,decrypt,1024,18,247,550069
esp32c3,AES128GCM,sw,decrypt,1024,18,248,549799
esp32c3,AES128GCM,sw,decrypt,1024,18,249,550069
esp32c3,AES128GCM,sw,decrypt,1024,18,250,549799
esp32c3,AES128GCM,sw,decrypt,1024,18,251,549087
esp32c3,AES128GCM,sw,decrypt,1024,18,252,550781
esp32c3,AES128GCM,sw,decrypt,1024,18,253,549087
esp32c3,AES128GCM,sw,decrypt,1024,18,254,550781
esp32c3,AES128GCM,sw,decrypt,1024,18,255,549087
esp32c3,AES128GCM,sw,decrypt,1024,18,256,550781
esp32c3,AES128GCM,sw,decrypt,1024,18,257,549087
esp32c3,AES128GCM,sw,decrypt,1024,18,258,549799
esp32c3,AES128GCM,sw,decrypt,1024,18,259,550069
esp32c3,AES128GCM,sw,decrypt,1024,18,260,549799
esp32c3,AES128GCM,sw,decrypt,1024,18,261,550069
esp32c3,AES128GCM,sw,decrypt,1024,18,262,549799
esp32c3,AES128GCM,sw,decrypt,1024,18,263,550069
esp32c3,AES128GCM,sw,decrypt,1024,18,264,549799
esp32c3,AES128GCM,sw,decrypt,1024,18,265,549087
esp32c3,AES128GCM,sw,decrypt,1024,18,266,550783
esp32c3,AES128GCM,sw,decrypt,1024,18,267,549087
esp32c3,AES128GCM,sw,decrypt,1024,18,268,550783
esp32c3,AES128GCM,sw,decrypt,1024,18,269,549087
esp32c3,AES128GCM,sw,decrypt,1024,18,270,549799
esp32c3,AES128GCM,sw,decrypt,1024,18,271,549087
esp32c3,AES128GCM,sw,decrypt,1024,18,272,549799
esp32c3,AES128GCM,sw,decrypt,1024,18,273,550069
esp32c3,AES128GCM,sw,decrypt,1024,18,274,549799
esp32c3,AES128GCM,sw,decrypt,1024,18,275,550069
esp32c3,AES128GCM,sw,decrypt,1024,18,276,549799
esp32c3,AES128GCM,sw,decrypt,1024,18,277,549087
esp32c3,AES128GCM,sw,decrypt,1024,18,278,549799
esp32c3,AES128GCM,sw,decrypt,1024,18,279,549087
esp32c3,AES128GCM,sw,decrypt,1024,18,280,550781
esp32c3,AES128GCM,sw,decrypt,1024,18,281,549087
esp32c3,AES128GCM,sw,decrypt,1024,18,282,550781
esp32c3,AES128GCM,sw,decrypt,1024,18,283,549087
esp32c3,AES128GCM,sw,decrypt,1024,18,284,549799
esp32c3,AES128GCM,sw,decrypt,1024,18,285,549087
esp32c3,AES128GCM,sw,decrypt,1024,18,286,549799
esp32c3,AES128GCM,sw,decrypt,1024,18,287,550069
esp32c3,AES128GCM,sw,decrypt,1024,18,288,549799
esp32c3,AES128GCM,sw,decrypt,1024,18,289,550069
esp32c3,AES128GCM,sw,decrypt,1024,18,290,549799
esp32c3,AES128GCM,sw,decrypt,1024,18,291,549087
esp32c3,AES128GCM,sw,decrypt,1024,18,292,549799
esp32c3,AES128GCM,sw,decrypt,1024,18,293,549087
esp32c3,AES128GCM,sw,decrypt,1024,18,294,550781
esp32c3,AES128GCM,sw,decrypt,1024,18,295,549087
esp32c3,AES128GCM,sw,decrypt,1024,18,296,550781
esp32c3,AES128GCM,sw,decrypt,1024,18,297,549087
esp32c3,AES128GCM,sw,decrypt,1024,18,298,549799
esp32c3,AES128GCM,sw,decrypt,1024,18,299,550069
esp32c3,AES128GCM,sw,decrypt,1024,18,300,549799
esp32c3,AES128GCM,sw,decrypt,1024,18,301,550069
esp32c3,AES128GCM,sw,decrypt,1024,18,302,549799
esp32c3,AES128GCM,sw,decrypt,1024,18,303,550069
esp32c3,AES128GCM,sw,decrypt,1024,18,304,549799
esp32c3,AES128GCM,sw,decrypt,1024,18,305,549087
esp32c3,AES128GCM,sw,decrypt,1024,18,306,550781
esp32c3,AES128GCM,sw,decrypt,1024,18,307,549087
esp32c3,AES128GCM,sw,decrypt,1024,18,308,550781
esp32c3,AES128GCM,sw,decrypt,1024,18,309,549087
esp32c3,AES128GCM,sw,decrypt,1024,18,310,549799
esp32c3,AES128GCM,sw,decrypt,1024,18,311,549087
esp32c3,AES128GCM,sw,decrypt,1024,18,312,549799
esp32c3,AES128GCM,sw,decrypt,1024,18,313,550069
esp32c3,AES128GCM,sw,decrypt,1024,18,314,549799
esp32c3,AES128GCM,sw,decrypt,1024,18,315,550069
esp32c3,AES128GCM,sw,decrypt,1024,18,316,549799
esp32c3,AES128GCM,sw,decrypt,1024,18,317,549087
esp32c3,AES128GCM,sw,decrypt,1024,18,318,549799
esp32c3,AES128GCM,sw,decrypt,1024,18,319,549087
esp32c3,AES128GCM,sw,decrypt,1024,18,320,550783
esp32c3,AES128GCM,sw,decrypt,1024,18,321,549087
esp32c3,AES128GCM,sw,decrypt,1024,18,322,550783
esp32c3,AES128GCM,sw,decrypt,1024,18,323,549087
esp32c3,AES128GCM,sw,decrypt,1024,18,324,549799
esp32c3,AES128GCM,sw,decrypt,1024,18,325,549087
esp32c3,AES128GCM,sw,decrypt,1024,18,326,549799
esp32c3,AES128GCM,sw,decrypt,1024,18,327,550069
esp32c3,AES128GCM,sw,decrypt,1024,18,328,549799
esp32c3,AES128GCM,sw,decrypt,1024,18,329,550067
esp32c3,AES128GCM,sw,decrypt,1024,18,330,549799
esp32c3,AES128GCM,sw,decrypt,1024,18,331,549087
esp32c3,AES128GCM,sw,decrypt,1024,18,332,549799
esp32c3,AES128GCM,sw,decrypt,1024,18,333,549087
esp32c3,AES128GCM,sw,decrypt,1024,18,334,550781
esp32c3,AES128GCM,sw,decrypt,1024,18,335,549087
esp32c3,AES128GCM,sw,decrypt,1024,18,336,550781
esp32c3,AES128GCM,sw,decrypt,1024,18,337,549087
esp32c3,AES128GCM,sw,decrypt,1024,18,338,549799
esp32c3,AES128GCM,sw,decrypt,1024,18,339,550069
esp32c3,AES128GCM,sw,decrypt,1024,18,340,549799
esp32c3,AES128GCM,sw,decrypt,1024,18,341,550069
esp32c3,AES128GCM,sw,decrypt,1024,18,342,549799
esp32c3,AES128GCM,sw,decrypt,1024,18,343,550069
esp32c3,AES128GCM,sw,decrypt,1024,18,344,549799
esp32c3,AES128GCM,sw,decrypt,1024,18,345,549087
esp32c3,AES128GCM,sw,decrypt,1024,18,346,550781
esp32c3,AES128GCM,sw,decrypt,1024,18,347,549087
esp32c3,AES128GCM,sw,decrypt,1024,18,348,550781
esp32c3,AES128GCM,sw,decrypt,1024,18,349,549087
esp32c3,AES128GCM,sw,decrypt,1024,18,350,550781
esp32c3,AES128GCM,sw,decrypt,1024,18,351,549087
esp32c3,AES128GCM,sw,decrypt,1024,18,352,549799
esp32c3,AES128GCM,sw,decrypt,1024,18,353,550069
esp32c3,AES128GCM,sw,decrypt,1024,18,354,549799
esp32c3,AES128GCM,sw,decrypt,1024,18,355,550069
esp32c3,AES128GCM,sw,decrypt,1024,18,356,549799
esp32c3,AES128GCM,sw,decrypt,1024,18,357,549087
esp32c3,AES128GCM,sw,decrypt,1024,18,358,549799
esp32c3,AES128GCM,sw,decrypt,1024,18,359,549087
esp32c3,AES128GCM,sw,decrypt,1024,18,360,550781
esp32c3,AES128GCM,sw,decrypt,1024,18,361,549087
esp32c3,AES128GCM,sw,decrypt,1024,18,362,550779
esp32c3,AES128GCM,sw,decrypt,1024,18,363,549087
esp32c3,AES128GCM,sw,decrypt,1024,18,364,549799
esp32c3,AES128GCM,sw,decrypt,1024,18,365,549087
esp32c3,AES128GCM,sw,decrypt,1024,18,366,549799
esp32c3,AES128GCM,sw,decrypt,1024,18,367,550071
esp32c3,AES128GCM,sw,decrypt,1024,18,368,549799
esp32c3,AES128GCM,sw,decrypt,1024,18,369,550071
esp32c3,AES128GCM,sw,decrypt,1024,18,370,549799
esp32c3,AES128GCM,sw,decrypt,1024,18,371,549087
esp32c3,AES128GCM,sw,decrypt,1024,18,372,549799
esp32c3,AES128GCM,sw,decrypt,1024,18,373,549087
esp32c3,AES128GCM,sw,decrypt,1024,18,374,550781
esp32c3,AES128GCM,sw,decrypt,1024,18,375,549087
esp32c3,AES128GCM,sw,decrypt,1024,18,376,550783
esp32c3,AES128GCM,sw,decrypt,1024,18,377,549087
esp32c3,AES128GCM,sw,decrypt,1024,18,378,549799
esp32c3,AES128GCM,sw,decrypt,1024,18,379,549087
esp32c3,AES128GCM,sw,decrypt,1024,18,380,549799
esp32c3,AES128GCM,sw,decrypt,1024,18,381,550069
esp32c3,AES128GCM,sw,decrypt,1024,18,382,549799
esp32c3,AES128GCM,sw,decrypt,1024,18,383,550071
esp32c3,AES128GCM,sw,decrypt,1024,18,384,549799
esp32c3,AES128GCM,sw,decrypt,1024,18,385,549087
esp32c3,AES128GCM,sw,decrypt,1024,18,386,550747
esp32c3,AES128GCM,sw,decrypt,1024,18,387,549087
esp32c3,AES128GCM,sw,decrypt,1024,18,388,550781
esp32c3,AES128GCM,sw,decrypt,1024,18,389,549087
esp32c3,AES128GCM,sw,decrypt,1024,18,390,550781
esp32c3,AES128GCM,sw,decrypt,1024,18,391,549087
esp32c3,AES128GCM,sw,decrypt,1024,18,392,549799
esp32c3,AES128GCM,sw,decrypt,1024,18,393,550069
esp32c3,AES128GCM,sw,decrypt,1024,18,394,549799
esp32c3,AES128GCM,sw,decrypt,1024,18,395,550069
esp32c3,AES128GCM,sw,decrypt,1024,18,396,549799
esp32c3,AES128GCM,sw,decrypt,1024,18,397,550070
esp32c3,AES128GCM,sw,decrypt,1024,18,398,549799
esp32c3,AES128GCM,sw,decrypt,1024,18,399,549087
esp32c3,AES128GCM,sw,decrypt,1024,18,400,550781
esp32c3,AES128GCM,sw,decrypt,1024,18,401,549087
esp32c3,AES128GCM,sw,decrypt,1024,18,402,550781
esp32c3,AES128GCM,sw,decrypt,1024,18,403,549087
esp32c3,AES128GCM,sw,decrypt,1024,18,404,549799
esp32c3,AES128GCM,sw,decrypt,1024,18,405,549087
esp32c3,AES128GCM,sw,decrypt,1024,18,406,549799
esp32c3,AES128GCM,sw,decrypt,1024,18,407,550069
esp32c3,AES128GCM,sw,decrypt,1024,18,408,549799
esp32c3,AES128GCM,sw,decrypt,1024,18,409,550069
esp32c3,AES128GCM,sw,decrypt,1024,18,410,549799
esp32c3,AES128GCM,sw,decrypt,1024,18,411,549087
esp32c3,AES128GCM,sw,decrypt,1024,18,412,549799
esp32c3,AES128GCM,sw,decrypt,1024,18,413,549087
esp32c3,AES128GCM,sw,decrypt,1024,18,414,550781
esp32c3,AES128GCM,sw,decrypt,1024,18,415,549087
esp32c3,AES128GCM,sw,decrypt,1024,18,416,550781
esp32c3,AES128GCM,sw,decrypt,1024,18,417,549087
esp32c3,AES128GCM,sw,decrypt,1024,18,418,549799
esp32c3,AES128GCM,sw,decrypt,1024,18,419,549087
esp32c3,AES128GCM,sw,decrypt,1024,18,420,549799
esp32c3,AES128GCM,sw,decrypt,1024,18,421,550069
esp32c3,AES128GCM,sw,decrypt,1024,18,422,549799
esp32c3,AES128GCM,sw,decrypt,1024,18,423,550069
esp32c3,AES128GCM,sw,decrypt,1024,18,424,549799
esp32c3,AES128GCM,sw,decrypt,1024,18,425,549087
esp32c3,AES128GCM,sw,decrypt,1024,18,426,550781
esp32c3,AES128GCM,sw,decrypt,1024,18,427,549087
esp32c3,AES128GCM,sw,decrypt,1024,18,428,550781
esp32c3,AES128GCM,sw,decrypt,1024,18,429,549087
esp32c3,AES128GCM,sw,decrypt,1024,18,430,550781
esp32c3,AES128GCM,sw,decrypt,1024,18,431,549087
esp32c3,AES128GCM,sw,decrypt,1024,18,432,549799
esp32c3,AES128GCM,sw,decrypt,1024,18,433,550069
esp32c3,AES128GCM,sw,decrypt,1024,18,434,549799
esp32c3,AES128GCM,sw,decrypt,1024,18,435,550069
esp32c3,AES128GCM,sw,decrypt,1024,18,436,549799
esp32c3,AES128GCM,sw,decrypt,1024,18,437,550069
esp32c3,AES128GCM,sw,decrypt,1024,18,438,549799
esp32c3,AES128GCM,sw,decrypt,1024,18,439,549087
esp32c3,AES128GCM,sw,decrypt,1024,18,440,550781
esp32c3,AES128GCM,sw,decrypt,1024,18,441,549087
esp32c3,AES128GCM,sw,decrypt,1024,18,442,550781
esp32c3,AES128GCM,sw,decrypt,1024,18,443,549087
esp32c3,AES128GCM,sw,decrypt,1024,18,444,549799
esp32c3,AES128GCM,sw,decrypt,1024,18,445,549087
esp32c3,AES128GCM,sw,decrypt,1024,18,446,549799
esp32c3,AES128GCM,sw,decrypt,1024,18,447,550069
esp32c3,AES128GCM,sw,decrypt,1024,18,448,549799
esp32c3,AES128GCM,sw,decrypt,1024,18,449,550069
esp32c3,AES128GCM,sw,decrypt,1024,18,450,549799
esp32c3,AES128GCM,sw,decrypt,1024,18,451,549087
esp32c3,AES128GCM,sw,decrypt,1024,18,452,549799
esp32c3,AES128GCM,sw,decrypt,1024,18,453,549087
esp32c3,AES128GCM,sw,decrypt,1024,18,454,550781
esp32c3,AES128GCM,sw,decrypt,1024,18,455,549087
esp32c3,AES128GCM,sw,decrypt,1024,18,456,550781
esp32c3,AES128GCM,sw,decrypt,1024,18,457,549087
esp32c3,AES128GCM,sw,decrypt,1024,18,458,549799
esp32c3,AES128GCM,sw,decrypt,1024,18,459,549087
esp32c3,AES128GCM,sw,decrypt,1024,18,460,549799
esp32c3,AES128GCM,sw,decrypt,1024,18,461,550069
esp32c3,AES128GCM,sw,decrypt,1024,18,462,549799
esp32c3,AES128GCM,sw,decrypt,1024,18,463,550069
esp32c3,AES128GCM,sw,decrypt,1024,18,464,549799
esp32c3,AES128GCM,sw,decrypt,1024,18,465,549087
esp32c3,AES128GCM,sw,decrypt,1024,18,466,549799
esp32c3,AES128GCM,sw,decrypt,1024,18,467,549087
esp32c3,AES128GCM,sw,decrypt,1024,18,468,550781
esp32c3,AES128GCM,sw,decrypt,1024,18,469,549087
esp32c3,AES128GCM,sw,decrypt,1024,18,470,550781
esp32c3,AES128GCM,sw,decrypt,1024,18,471,549087
esp32c3,AES128GCM,sw,decrypt,1024,18,472,549799
esp32c3,AES128GCM,sw,decrypt,1024,18,473,550069
esp32c3,AES128GCM,sw,decrypt,1024,18,474,549799
esp32c3,AES128GCM,sw,decrypt,1024,18,475,550069
esp32c3,AES128GCM,sw,decrypt,1024,18,476,549799
esp32c3,AES128GCM,sw,decrypt,1024,18,477,550069
esp32c3,AES128GCM,sw,decrypt,1024,18,478,549799
esp32c3,AES128GCM,sw,decrypt,1024,18,479,549087
esp32c3,AES128GCM,sw,decrypt,1024,18,480,550785
esp32c3,AES128GCM,sw,decrypt,1024,18,481,549087
esp32c3,AES128GCM,sw,decrypt,1024,18,482,550783
esp32c3,AES128GCM,sw,decrypt,1024,18,483,549087
esp32c3,AES128GCM,sw,decrypt,1024,18,484,550781
esp32c3,AES128GCM,sw,decrypt,1024,18,485,549087
esp32c3,AES128GCM,sw,decrypt,1024,18,486,549799
esp32c3,AES128GCM,sw,decrypt,1024,18,487,550069
esp32c3,AES128GCM,sw,decrypt,1024,18,488,549799
esp32c3,AES128GCM,sw,decrypt,1024,18,489,550069
esp32c3,AES128GCM,sw,decrypt,1024,18,490,549799
esp32c3,AES128GCM,sw,decrypt,1024,18,491,549087
esp32c3,AES128GCM,sw,decrypt,1024,18,492,549799
esp32c3,AES128GCM,sw,decrypt,1024,18,493,549087
esp32c3,AES128GCM,sw,decrypt,1024,18,494,550781
esp32c3,AES128GCM,sw,decrypt,1024,18,495,549087
esp32c3,AES128GCM,sw,decrypt,1024,18,496,550781
esp32c3,AES128GCM,sw,decrypt,1024,18,497,549087
esp32c3,AES128GCM,sw,decrypt,1024,18,498,549799
esp32c3,AES128GCM,sw,decrypt,1024,18,499,549087
esp32c3,AES128GCM,sw,decrypt,1024,18,500,549799
esp32c3,AES128GCM,sw,decrypt,1024,18,501,550069
esp32c3,AES128GCM,sw,decrypt,1024,18,502,549799
esp32c3,AES128GCM,sw,decrypt,1024,18,503,550069
esp32c3,AES128GCM,sw,decrypt,1024,18,504,549799
esp32c3,AES128GCM,sw,decrypt,1024,18,505,549087
esp32c3,AES128GCM,sw,decrypt,1024,18,506,549799
esp32c3,AES128GCM,sw,decrypt,1024,18,507,549087
esp32c3,AES128GCM,sw,decrypt,1024,18,508,550781
esp32c3,AES128GCM,sw,decrypt,1024,18,509,549087
esp32c3,AES128GCM,sw,decrypt,1024,18,510,550781
esp32c3,AES128GCM,sw,decrypt,1024,18,511,549087
esp32c3,AES128GCM,sw,decrypt,1024,18,512,549799
esp32c3,AES128GCM,sw,decrypt,1024,18,513,550071
esp32c3,AES128GCM,sw,decrypt,1024,18,514,549799
esp32c3,AES128GCM,sw,decrypt,1024,18,515,550069
esp32c3,AES128GCM,sw,decrypt,1024,18,516,549799
esp32c3,AES128GCM,sw,decrypt,1024,18,517,550069
esp32c3,AES128GCM,sw,decrypt,1024,18,518,549799
esp32c3,AES128GCM,sw,decrypt,1024,18,519,549087
esp32c3,AES128GCM,sw,decrypt,1024,18,520,550781
esp32c3,AES128GCM,sw,decrypt,1024,18,521,549087
esp32c3,AES128GCM,sw,decrypt,1024,18,522,550781
esp32c3,AES128GCM,sw,decrypt,1024,18,523,549087
esp32c3,AES128GCM,sw,decrypt,1024,18,524,550781
esp32c3,AES128GCM,sw,decrypt,1024,18,525,549087
esp32c3,AES128GCM,sw,decrypt,1024,18,526,549799
esp32c3,AES128GCM,sw,decrypt,1024,18,527,550069
esp32c3,AES128GCM,sw,decrypt,1024,18,528,549799
esp32c3,AES128GCM,sw,decrypt,1024,18,529,550069
esp32c3,AES128GCM,sw,decrypt,1024,18,530,549799
esp32c3,AES128GCM,sw,decrypt,1024,18,531,549087
esp32c3,AES128GCM,sw,decrypt,1024,18,532,549799
esp32c3,AES128GCM,sw,decrypt,1024,18,533,549087
esp32c3,AES128GCM,sw,decrypt,1024,18,534,550781
esp32c3,AES128GCM,sw,decrypt,1024,18,535,549087
esp32c3,AES128GCM,sw,decrypt,1024,18,536,550781
esp32c3,AES128GCM,sw,decrypt,1024,18,537,549087
esp32c3,AES128GCM,sw,decrypt,1024,18,538,549799
esp32c3,AES128GCM,sw,decrypt,1024,18,539,549087
esp32c3,AES128GCM,sw,decrypt,1024,18,540,549799
esp32c3,AES128GCM,sw,decrypt,1024,18,541,550069
esp32c3,AES128GCM,sw,decrypt,1024,18,542,549799
esp32c3,AES128GCM,sw,decrypt,1024,18,543,550073
esp32c3,AES128GCM,sw,decrypt,1024,18,544,549799
esp32c3,AES128GCM,sw,decrypt,1024,18,545,549087
esp32c3,AES128GCM,sw,decrypt,1024,18,546,549799
esp32c3,AES128GCM,sw,decrypt,1024,18,547,549087
esp32c3,AES128GCM,sw,decrypt,1024,18,548,550781
esp32c3,AES128GCM,sw,decrypt,1024,18,549,549087
esp32c3,AES128GCM,sw,decrypt,1024,18,550,550781
esp32c3,AES128GCM,sw,decrypt,1024,18,551,549087
esp32c3,AES128GCM,sw,decrypt,1024,18,552,549799
esp32c3,AES128GCM,sw,decrypt,1024,18,553,549087
esp32c3,AES128GCM,sw,decrypt,1024,18,554,549799
esp32c3,AES128GCM,sw,decrypt,1024,18,555,550071
esp32c3,AES128GCM,sw,decrypt,1024,18,556,549799
esp32c3,AES128GCM,sw,decrypt,1024,18,557,550069
esp32c3,AES128GCM,sw,decrypt,1024,18,558,549799
esp32c3,AES128GCM,sw,decrypt,1024,18,559,549087
esp32c3,AES128GCM,sw,decrypt,1024,18,560,550781
esp32c3,AES128GCM,sw,decrypt,1024,18,561,549087
esp32c3,AES128GCM,sw,decrypt,1024,18,562,550781
esp32c3,AES128GCM,sw,decrypt,1024,18,563,549087
esp32c3,AES128GCM,sw,decrypt,1024,18,564,550781
esp32c3,AES128GCM,sw,decrypt,1024,18,565,549087
esp32c3,AES128GCM,sw,decrypt,1024,18,566,549799
esp32c3,AES128GCM,sw,decrypt,1024,18,567,550069
esp32c3,AES128GCM,sw,decrypt,1024,18,568,549799
esp32c3,AES128GCM,sw,decrypt,1024,18,569,550069
esp32c3,AES128GCM,sw,decrypt,1024,18,570,549799
esp32c3,AES128GCM,sw,decrypt,1024,18,571,550071
esp32c3,AES128GCM,sw,decrypt,1024,18,572,549799
esp32c3,AES128GCM,sw,decrypt,1024,18,573,549087
esp32c3,AES128GCM,sw,decrypt,1024,18,574,550781
esp32c3,AES128GCM,sw,decrypt,1024,18,575,549087
esp32c3,AES128GCM,sw,decrypt,1024,18,576,550781
esp32c3,AES128GCM,sw,decrypt,1024,18,577,549087
esp32c3,AES128GCM,sw,decrypt,1024,18,578,549799
esp32c3,AES128GCM,sw,decrypt,1024,18,579,549087
esp32c3,AES128GCM,sw,decrypt,1024,18,580,549799
esp32c3,AES128GCM,sw,decrypt,1024,18,581,550069
esp32c3,AES128GCM,sw,decrypt,1024,18,582,549799
esp32c3,AES128GCM,sw,decrypt,1024,18,583,550069
esp32c3,AES128GCM,sw,decrypt,1024,18,584,549799
esp32c3,AES128GCM,sw,decrypt,1024,18,585,549087
esp32c3,AES128GCM,sw,decrypt,1024,18,586,549799
esp32c3,AES128GCM,sw,decrypt,1024,18,587,549087
esp32c3,AES128GCM,sw,decrypt,1024,18,588,550781
esp32c3,AES128GCM,sw,decrypt,1024,18,589,549087
esp32c3,AES128GCM,sw,decrypt,1024,18,590,550781
esp32c3,AES128GCM,sw,decrypt,1024,18,591,549087
esp32c3,AES128GCM,sw,decrypt,1024,18,592,549799
esp32c3,AES128GCM,sw,decrypt,1024,18,593,549087
esp32c3,AES128GCM,sw,decrypt,1024,18,594,549799
esp32c3,AES128GCM,sw,decrypt,1024,18,595,550069
esp32c3,AES128GCM,sw,decrypt,1024,18,596,549799
esp32c3,AES128GCM,sw,decrypt,1024,18,597,550069
esp32c3,AES128GCM,sw,decrypt,1024,18,598,549799
esp32c3,AES128GCM,sw,decrypt,1024,18,599,549087
esp32c3,AES128GCM,sw,decrypt,1024,18,600,550781
esp32c3,AES128GCM,sw,decrypt,1024,18,601,549087
esp32c3,AES128GCM,sw,decrypt,1024,18,602,550781
esp32c3,AES128GCM,sw,decrypt,1024,18,603,549087
esp32c3,AES128GCM,sw,decrypt,1024,18,604,550781
esp32c3,AES128GCM,sw,decrypt,1024,18,605,549087
esp32c3,AES128GCM,sw,decrypt,1024,18,606,549799
esp32c3,AES128GCM,sw,decrypt,1024,18,607,550069
esp32c3,AES128GCM,sw,decrypt,1024,18,608,549799
esp32c3,AES128GCM,sw,decrypt,1024,18,609,550067
esp32c3,AES128GCM,sw,decrypt,1024,18,610,549799
esp32c3,AES128GCM,sw,decrypt,1024,18,611,550071
esp32c3,AES128GCM,sw,decrypt,1024,18,612,549799
esp32c3,AES128GCM,sw,decrypt,1024,18,613,549087
esp32c3,AES128GCM,sw,decrypt,1024,18,614,550783
esp32c3,AES128GCM,sw,decrypt,1024,18,615,549087
esp32c3,AES128GCM,sw,decrypt,1024,18,616,550781
esp32c3,AES128GCM,sw,decrypt,1024,18,617,549087
esp32c3,AES128GCM,sw,decrypt,1024,18,618,549799
esp32c3,AES128GCM,sw,decrypt,1024,18,619,549087
esp32c3,AES128GCM,sw,decrypt,1024,18,620,549799
esp32c3,AES128GCM,sw,decrypt,1024,18,621,550069
esp32c3,AES128GCM,sw,decrypt,1024,18,622,549799
esp32c3,AES128GCM,sw,decrypt,1024,18,623,550069
esp32c3,AES128GCM,sw,decrypt,1024,18,624,549799
esp32c3,AES128GCM,sw,decrypt,1024,18,625,549087
esp32c3,AES128GCM,sw,decrypt,1024,18,626,549799
esp32c3,AES128GCM,sw,decrypt,1024,18,627,549087
esp32c3,AES128GCM,sw,decrypt,1024,18,628,550781
esp32c3,AES128GCM,sw,decrypt,1024,18,629,549087
esp32c3,AES128GCM,sw,decrypt,1024,18,630,550781
esp32c3,AES128GCM,sw,decrypt,1024,18,631,549087
esp32c3,AES128GCM,sw,decrypt,1024,18,632,549799
esp32c3,AES128GCM,sw,decrypt,1024,18,633,549087
esp32c3,AES128GCM,sw,decrypt,1024,18,634,549799
esp32c3,AES128GCM,sw,decrypt,1024,18,635,550069
esp32c3,AES128GCM,sw,decrypt,1024,18,636,549799
esp32c3,AES128GCM,sw,decrypt,1024,18,637,550069
esp32c3,AES128GCM,sw,decrypt,1024,18,638,549799
esp32c3,AES128GCM,sw,decrypt,1024,18,639,549087
esp32c3,AES128GCM,sw,decrypt,1024,18,640,549799
esp32c3,AES128GCM,sw,decrypt,1024,18,641,549087
esp32c3,AES128GCM,sw,decrypt,1024,18,642,550781
esp32c3,AES128GCM,sw,decrypt,1024,18,643,549087
esp32c3,AES128GCM,sw,decrypt,1024,18,644,550781
esp32c3,AES128GCM,sw,decrypt,1024,18,645,549087
esp32c3,AES128GCM,sw,decrypt,1024,18,646,549799
esp32c3,AES128GCM,sw,decrypt,1024,18,647,550069
esp32c3,AES128GCM,sw,decrypt,1024,18,648,549799
esp32c3,AES128GCM,sw,decrypt,1024,18,649,550069
esp32c3,AES128GCM,sw,decrypt,1024,18,650,549799
esp32c3,AES128GCM,sw,decrypt,1024,18,651,550069
esp32c3,AES128GCM,sw,decrypt,1024,18,652,549799
esp32c3,AES128GCM,sw,decrypt,1024,18,653,549087
esp32c3,AES128GCM,sw,decrypt,1024,18,654,550781
esp32c3,AES128GCM,sw,decrypt,1024,18,655,549087
esp32c3,AES128GCM,sw,decrypt,1024,18,656,550781
esp32c3,AES128GCM,sw,decrypt,1024,18,657,549087
esp32c3,AES128GCM,sw,decrypt,1024,18,658,550781
esp32c3,AES128GCM,sw,decrypt,1024,18,659,549087
esp32c3,AES128GCM,sw,decrypt,1024,18,660,549799
esp32c3,AES128GCM,sw,decrypt,1024,18,661,550069
esp32c3,AES128GCM,sw,decrypt,1024,18,662,549799
esp32c3,AES128GCM,sw,decrypt,1024,18,663,550069
esp32c3,AES128GCM,sw,decrypt,1024,18,664,549799
esp32c3,AES128GCM,sw,decrypt,1024,18,665,549087
esp32c3,AES128GCM,sw,decrypt,1024,18,666,549799
esp32c3,AES128GCM,sw,decrypt,1024,18,667,549087
esp32c3,AES128GCM,sw,decrypt,1024,18,668,550783
esp32c3,AES128GCM,sw,decrypt,1024,18,669,549087
esp32c3,AES128GCM,sw,decrypt,1024,18,670,550781
esp32c3,AES128GCM,sw,decrypt,1024,18,671,549087
esp32c3,AES128GCM,sw,decrypt,1024,18,672,549799
esp32c3,AES128GCM,sw,decrypt,1024,18,673,549087
esp32c3,AES128GCM,sw,decrypt,1024,18,674,549799
esp32c3,AES128GCM,sw,decrypt,1024,18,675,550069
esp32c3,AES128GCM,sw,decrypt,1024,18,676,549799
esp32c3,AES128GCM,sw,decrypt,1024,18,677,550071
esp32c3,AES128GCM,sw,decrypt,1024,18,678,549799
esp32c3,AES128GCM,sw,decrypt,1024,18,679,549087
esp32c3,AES128GCM,sw,decrypt,1024,18,680,549799
esp32c3,AES128GCM,sw,decrypt,1024,18,681,549087
esp32c3,AES128GCM,sw,decrypt,1024,18,682,550783
esp32c3,AES128GCM,sw,decrypt,1024,18,683,549087
esp32c3,AES128GCM,sw,decrypt,1024,18,684,550781
esp32c3,AES128GCM,sw,decrypt,1024,18,685,549087
esp32c3,AES128GCM,sw,decrypt,1024,18,686,549799
esp32c3,AES128GCM,sw,decrypt,1024,18,687,550001
esp32c3,AES128GCM,sw,decrypt,1024,18,688,549799
esp32c3,AES128GCM,sw,decrypt,1024,18,689,550069
esp32c3,AES128GCM,sw,decrypt,1024,18,690,549799
esp32c3,AES128GCM,sw,decrypt,1024,18,691,550069
esp32c3,AES128GCM,sw,decrypt,1024,18,692,549799
esp32c3,AES128GCM,sw,decrypt,1024,18,693,549087
esp32c3,AES128GCM,sw,decrypt,1024,18,694,550597
esp32c3,AES128GCM,sw,decrypt,1024,18,695,549087
esp32c3,AES128GCM,sw,decrypt,1024,18,696,550781
esp32c3,AES128GCM,sw,decrypt,1024,18,697,549087
esp32c3,AES128GCM,sw,decrypt,1024,18,698,550781
esp32c3,AES128GCM,sw,decrypt,1024,18,699,549087
esp32c3,AES128GCM,sw,decrypt,1024,18,700,549799
esp32c3,AES128GCM,sw,decrypt,1024,18,701,550069
esp32c3,AES128GCM,sw,decrypt,1024,18,702,549799
esp32c3,AES128GCM,sw,decrypt,1024,18,703,550069
esp32c3,AES128GCM,sw,decrypt,1024,18,704,549799
esp32c3,AES128GCM,sw,decrypt,1024,18,705,549087
esp32c3,AES128GCM,sw,decrypt,1024,18,706,549799
esp32c3,AES128GCM,sw,decrypt,1024,18,707,549087
esp32c3,AES128GCM,sw,decrypt,1024,18,708,550781
esp32c3,AES128GCM,sw,decrypt,1024,18,709,549087
esp32c3,AES128GCM,sw,decrypt,1024,18,710,550783
esp32c3,AES128GCM,sw,decrypt,1024,18,711,549087
esp32c3,AES128GCM,sw,decrypt,1024,18,712,549799
esp32c3,AES128GCM,sw,decrypt,1024,18,713,549087
esp32c3,AES128GCM,sw,decrypt,1024,18,714,549799
esp32c3,AES128GCM,sw,decrypt,1024,18,715,550069
esp32c3,AES128GCM,sw,decrypt,1024,18,716,549799
esp32c3,AES128GCM,sw,decrypt,1024,18,717,550069
esp32c3,AES128GCM,sw,decrypt,1024,18,718,549799
esp32c3,AES128GCM,sw,decrypt,1024,18,719,549087
esp32c3,AES128GCM,sw,decrypt,1024,18,720,549799
esp32c3,AES128GCM,sw,decrypt,1024,18,721,549087
esp32c3,AES128GCM,sw,decrypt,1024,18,722,550781
esp32c3,AES128GCM,sw,decrypt,1024,18,723,549087
esp32c3,AES128GCM,sw,decrypt,1024,18,724,550781
esp32c3,AES128GCM,sw,decrypt,1024,18,725,549087
esp32c3,AES128GCM,sw,decrypt,1024,18,726,549799
esp32c3,AES128GCM,sw,decrypt,1024,18,727,549087
esp32c3,AES128GCM,sw,decrypt,1024,18,728,549799
esp32c3,AES128GCM,sw,decrypt,1024,18,729,550069
esp32c3,AES128GCM,sw,decrypt,1024,18,730,549799
esp32c3,AES128GCM,sw,decrypt,1024,18,731,550069
esp32c3,AES128GCM,sw,decrypt,1024,18,732,549799
esp32c3,AES128GCM,sw,decrypt,1024,18,733,549087
esp32c3,AES128GCM,sw,decrypt,1024,18,734,550779
esp32c3,AES128GCM,sw,decrypt,1024,18,735,549087
esp32c3,AES128GCM,sw,decrypt,1024,18,736,550781
esp32c3,AES128GCM,sw,decrypt,1024,18,737,549087
esp32c3,AES128GCM,sw,decrypt,1024,18,738,550781
esp32c3,AES128GCM,sw,decrypt,1024,18,739,549087
esp32c3,AES128GCM,sw,decrypt,1024,18,740,549799
esp32c3,AES128GCM,sw,decrypt,1024,18,741,550069
esp32c3,AES128GCM,sw,decrypt,1024,18,742,549799
esp32c3,AES128GCM,sw,decrypt,1024,18,743,550069
esp32c3,AES128GCM,sw,decrypt,1024,18,744,549799
esp32c3,AES128GCM,sw,decrypt,1024,18,745,550069
esp32c3,AES128GCM,sw,decrypt,1024,18,746,549799
esp32c3,AES128GCM,sw,decrypt,1024,18,747,549087
esp32c3,AES128GCM,sw,decrypt,1024,18,748,550781
esp32c3,AES128GCM,sw,decrypt,1024,18,749,549087
esp32c3,AES128GCM,sw,decrypt,1024,18,750,550781
esp32c3,AES128GCM,sw,decrypt,1024,18,751,549087
esp32c3,AES128GCM,sw,decrypt,1024,18,752,549799
esp32c3,AES128GCM,sw,decrypt,1024,18,753,549087
esp32c3,AES128GCM,sw,decrypt,1024,18,754,549799
esp32c3,AES128GCM,sw,decrypt,1024,18,755,550069
esp32c3,AES128GCM,sw,decrypt,1024,18,756,549799
esp32c3,AES128GCM,sw,decrypt,1024,18,757,550069
esp32c3,AES128GCM,sw,decrypt,1024,18,758,549799
esp32c3,AES128GCM,sw,decrypt,1024,18,759,549087
esp32c3,AES128GCM,sw,decrypt,1024,18,760,549799
esp32c3,AES128GCM,sw,decrypt,1024,18,761,549087
esp32c3,AES128GCM,sw,decrypt,1024,18,762,550781
esp32c3,AES128GCM,sw,decrypt,1024,18,763,549087
esp32c3,AES128GCM,sw,decrypt,1024,18,764,550781
esp32c3,AES128GCM,sw,decrypt,1024,18,765,549087
esp32c3,AES128GCM,sw,decrypt,1024,18,766,549799
esp32c3,AES128GCM,sw,decrypt,1024,18,767,549087
esp32c3,AES128GCM,sw,decrypt,1024,18,768,549799
esp32c3,AES128GCM,sw,decrypt,1024,18,769,550069
esp32c3,AES128GCM,sw,decrypt,1024,18,770,549799
esp32c3,AES128GCM,sw,decrypt,1024,18,771,550069
esp32c3,AES128GCM,sw,decrypt,1024,18,772,549799
esp32c3,AES128GCM,sw,decrypt,1024,18,773,549087
esp32c3,AES128GCM,sw,decrypt,1024,18,774,550783
esp32c3,AES128GCM,sw,decrypt,1024,18,775,549087
esp32c3,AES128GCM,sw,decrypt,1024,18,776,550781
esp32c3,AES128GCM,sw,decrypt,1024,18,777,549087
esp32c3,AES128GCM,sw,decrypt,1024,18,778,550781
esp32c3,AES128GCM,sw,decrypt,1024,18,779,549087
esp32c3,AES128GCM,sw,decrypt,1024,18,780,549799
esp32c3,AES128GCM,sw,decrypt,1024,18,781,550069
esp32c3,AES128GCM,sw,decrypt,1024,18,782,549799
esp32c3,AES128GCM,sw,decrypt,1024,18,783,550069
esp32c3,AES128GCM,sw,decrypt,1024,18,784,549799
esp32c3,AES128GCM,sw,decrypt,1024,18,785,550069
esp32c3,AES128GCM,sw,decrypt,1024,18,786,549799
esp32c3,AES128GCM,sw,decrypt,1024,18,787,549087
esp32c3,AES128GCM,sw,decrypt,1024,18,788,550781
esp32c3,AES128GCM,sw,decrypt,1024,18,789,549087
esp32c3,AES128GCM,sw,decrypt,1024,18,790,550781
esp32c3,AES128GCM,sw,decrypt,1024,18,791,549087
esp32c3,AES128GCM,sw,decrypt,1024,18,792,549799
esp32c3,AES128GCM,sw,decrypt,1024,18,793,549087
esp32c3,AES128GCM,sw,decrypt,1024,18,794,549799
esp32c3,AES128GCM,sw,decrypt,1024,18,795,550069
esp32c3,AES128GCM,sw,decrypt,1024,18,796,549799
esp32c3,AES128GCM,sw,decrypt,1024,18,797,550069
esp32c3,AES128GCM,sw,decrypt,1024,18,798,549799
esp32c3,AES128GCM,sw,decrypt,1024,18,799,549087
esp32c3,AES128GCM,sw,decrypt,1024,18,800,549799
esp32c3,AES128GCM,sw,decrypt,1024,18,801,549087
esp32c3,AES128GCM,sw,decrypt,1024,18,802,550781
esp32c3,AES128GCM,sw,decrypt,1024,18,803,549087
esp32c3,AES128GCM,sw,decrypt,1024,18,804,550781
esp32c3,AES128GCM,sw,decrypt,1024,18,805,549087
esp32c3,AES128GCM,sw,decrypt,1024,18,806,549799
esp32c3,AES128GCM,sw,decrypt,1024,18,807,549087
esp32c3,AES128GCM,sw,decrypt,1024,18,808,549799
esp32c3,AES128GCM,sw,decrypt,1024,18,809,550069
esp32c3,AES128GCM,sw,decrypt,1024,18,810,549799
esp32c3,AES128GCM,sw,decrypt,1024,18,811,550069
esp32c3,AES128GCM,sw,decrypt,1024,18,812,549799
esp32c3,AES128GCM,sw,decrypt,1024,18,813,549087
esp32c3,AES128GCM,sw,decrypt,1024,18,814,549799
esp32c3,AES128GCM,sw,decrypt,1024,18,815,549087
esp32c3,AES128GCM,sw,decrypt,1024,18,816,550781
esp32c3,AES128GCM,sw,decrypt,1024,18,817,549087
esp32c3,AES128GCM,sw,decrypt,1024,18,818,550781
esp32c3,AES128GCM,sw,decrypt,1024,18,819,549087
esp32c3,AES128GCM,sw,decrypt,1024,18,820,549799
esp32c3,AES128GCM,sw,decrypt,1024,18,821,550015
esp32c3,AES128GCM,sw,decrypt,1024,18,822,549799
esp32c3,AES128GCM,sw,decrypt,1024,18,823,550069
esp32c3,AES128GCM,sw,decrypt,1024,18,824,549799
esp32c3,AES128GCM,sw,decrypt,1024,18,825,550071
esp32c3,AES128GCM,sw,decrypt,1024,18,826,549799
esp32c3,AES128GCM,sw,decrypt,1024,18,827,549087
esp32c3,AES128GCM,sw,decrypt,1024,18,828,550783
esp32c3,AES128GCM,sw,decrypt,1024,18,829,549087
esp32c3,AES128GCM,sw,decrypt,1024,18,830,550781
esp32c3,AES128GCM,sw,decrypt,1024,18,831,549087
esp32c3,AES128GCM,sw,decrypt,1024,18,832,550781
esp32c3,AES128GCM,sw,decrypt,1024,18,833,549087
esp32c3,AES128GCM,sw,decrypt,1024,18,834,549799
esp32c3,AES128GCM,sw,decrypt,1024,18,835,550069
esp32c3,AES128GCM,sw,decrypt,1024,18,836,549799
esp32c3,AES128GCM,sw,decrypt,1024,18,837,550069
esp32c3,AES128GCM,sw,decrypt,1024,18,838,549799
esp32c3,AES128GCM,sw,decrypt,1024,18,839,549087
esp32c3,AES128GCM,sw,decrypt,1024,18,840,549799
esp32c3,AES128GCM,sw,decrypt,1024,18,841,549087
esp32c3,AES128GCM,sw,decrypt,1024,18,842,550781
esp32c3,AES128GCM,sw,decrypt,1024,18,843,549087
esp32c3,AES128GCM,sw,decrypt,1024,18,844,550781
esp32c3,AES128GCM,sw,decrypt,1024,18,845,549087
esp32c3,AES128GCM,sw,decrypt,1024,18,846,549799
esp32c3,AES128GCM,sw,decrypt,1024,18,847,549087
esp32c3,AES128GCM,sw,decrypt,1024,18,848,549799
esp32c3,AES128GCM,sw,decrypt,1024,18,849,550069
esp32c3,AES128GCM,sw,decrypt,1024,18,850,549799
esp32c3,AES128GCM,sw,decrypt,1024,18,851,550069
esp32c3,AES128GCM,sw,decrypt,1024,18,852,549799
esp32c3,AES128GCM,sw,decrypt,1024,18,853,549087
esp32c3,AES128GCM,sw,decrypt,1024,18,854,549799
esp32c3,AES128GCM,sw,decrypt,1024,18,855,549087
esp32c3,AES128GCM,sw,decrypt,1024,18,856,550781
esp32c3,AES128GCM,sw,decrypt,1024,18,857,549087
esp32c3,AES128GCM,sw,decrypt,1024,18,858,550781
esp32c3,AES128GCM,sw,decrypt,1024,18,859,549087
esp32c3,AES128GCM,sw,decrypt,1024,18,860,549799
esp32c3,AES128GCM,sw,decrypt,1024,18,861,549887
esp32c3,AES128GCM,sw,decrypt,1024,18,862,549799
esp32c3,AES128GCM,sw,decrypt,1024,18,863,550071
esp32c3,AES128GCM,sw,decrypt,1024,18,864,549799
esp32c3,AES128GCM,sw,decrypt,1024,18,865,550069
esp32c3,AES128GCM,sw,decrypt,1024,18,866,549799
esp32c3,AES128GCM,sw,decrypt,1024,18,867,549087
esp32c3,AES128GCM,sw,decrypt,1024,18,868,550783
esp32c3,AES128GCM,sw,decrypt,1024,18,869,549087
esp32c3,AES128GCM,sw,decrypt,1024,18,870,550781
esp32c3,AES128GCM,sw,decrypt,1024,18,871,549087
esp32c3,AES128GCM,sw,decrypt,1024,18,872,550781
esp32c3,AES128GCM,sw,decrypt,1024,18,873,549087
esp32c3,AES128GCM,sw,decrypt,1024,18,874,549799
esp32c3,AES128GCM,sw,decrypt,1024,18,875,550069
esp32c3,AES128GCM,sw,decrypt,1024,18,876,549799
esp32c3,AES128GCM,sw,decrypt,1024,18,877,550069
esp32c3,AES128GCM,sw,decrypt,1024,18,878,549799
esp32c3,AES128GCM,sw,decrypt,1024,18,879,549087
esp32c3,AES128GCM,sw,decrypt,1024,18,880,549799
esp32c3,AES128GCM,sw,decrypt,1024,18,881,549087
esp32c3,AES128GCM,sw,decrypt,1024,18,882,550781
esp32c3,AES128GCM,sw,decrypt,1024,18,883,549087
esp32c3,AES128GCM,sw,decrypt,1024,18,884,550781
esp32c3,AES128GCM,sw,decrypt,1024,18,885,549087
esp32c3,AES128GCM,sw,decrypt,1024,18,886,549799
esp32c3,AES128GCM,sw,decrypt,1024,18,887,549087
esp32c3,AES128GCM,sw,decrypt,1024,18,888,549799
esp32c3,AES128GCM,sw,decrypt,1024,18,889,550069
esp32c3,AES128GCM,sw,decrypt,1024,18,890,549799
esp32c3,AES128GCM,sw,decrypt,1024,18,891,550069
esp32c3,AES128GCM,sw,decrypt,1024,18,892,549799
esp32c3,AES128GCM,sw,decrypt,1024,18,893,549087
esp32c3,AES128GCM,sw,decrypt,1024,18,894,549799
esp32c3,AES128GCM,sw,decrypt,1024,18,895,549087
esp32c3,AES128GCM,sw,decrypt,1024,18,896,550783
esp32c3,AES128GCM,sw,decrypt,1024,18,897,549087
esp32c3,AES128GCM,sw,decrypt,1024,18,898,550781
esp32c3,AES128GCM,sw,decrypt,1024,18,899,549087
esp32c3,AES128GCM,sw,decrypt,1024,18,900,549799
esp32c3,AES128GCM,sw,decrypt,1024,18,901,549087
esp32c3,AES128GCM,sw,decrypt,1024,18,902,549799
esp32c3,AES128GCM,sw,decrypt,1024,18,903,550069
esp32c3,AES128GCM,sw,decrypt,1024,18,904,549799
esp32c3,AES128GCM,sw,decrypt,1024,18,905,550069
esp32c3,AES128GCM,sw,decrypt,1024,18,906,549799
esp32c3,AES128GCM,sw,decrypt,1024,18,907,549087
esp32c3,AES128GCM,sw,decrypt,1024,18,908,550781
esp32c3,AES128GCM,sw,decrypt,1024,18,909,549087
esp32c3,AES128GCM,sw,decrypt,1024,18,910,550781
esp32c3,AES128GCM,sw,decrypt,1024,18,911,549087
esp32c3,AES128GCM,sw,decrypt,1024,18,912,550781
esp32c3,AES128GCM,sw,decrypt,1024,18,913,549087
esp32c3,AES128GCM,sw,decrypt,1024,18,914,549799
esp32c3,AES128GCM,sw,decrypt,1024,18,915,550069
esp32c3,AES128GCM,sw,decrypt,1024,18,916,549799
esp32c3,AES128GCM,sw,decrypt,1024,18,917,550069
esp32c3,AES128GCM,sw,decrypt,1024,18,918,549799
esp32c3,AES128GCM,sw,decrypt,1024,18,919,550069
esp32c3,AES128GCM,sw,decrypt,1024,18,920,549799
esp32c3,AES128GCM,sw,decrypt,1024,18,921,549087
esp32c3,AES128GCM,sw,decrypt,1024,18,922,550781
esp32c3,AES128GCM,sw,decrypt,1024,18,923,549087
esp32c3,AES128GCM,sw,decrypt,1024,18,924,550781
esp32c3,AES128GCM,sw,decrypt,1024,18,925,549087
esp32c3,AES128GCM,sw,decrypt,1024,18,926,549799
esp32c3,AES128GCM,sw,decrypt,1024,18,927,549087
esp32c3,AES128GCM,sw,decrypt,1024,18,928,549799
esp32c3,AES128GCM,sw,decrypt,1024,18,929,550069
esp32c3,AES128GCM,sw,decrypt,1024,18,930,549799
esp32c3,AES128GCM,sw,decrypt,1024,18,931,550069
esp32c3,AES128GCM,sw,decrypt,1024,18,932,549799
esp32c3,AES128GCM,sw,decrypt,1024,18,933,549087
esp32c3,AES128GCM,sw,decrypt,1024,18,934,549799
esp32c3,AES128GCM,sw,decrypt,1024,18,935,549087
esp32c3,AES128GCM,sw,decrypt,1024,18,936,550781
esp32c3,AES128GCM,sw,decrypt,1024,18,937,549087
esp32c3,AES128GCM,sw,decrypt,1024,18,938,550781
esp32c3,AES128GCM,sw,decrypt,1024,18,939,549087
esp32c3,AES128GCM,sw,decrypt,1024,18,940,549799
esp32c3,AES128GCM,sw,decrypt,1024,18,941,549087
esp32c3,AES128GCM,sw,decrypt,1024,18,942,549799
esp32c3,AES128GCM,sw,decrypt,1024,18,943,550071
esp32c3,AES128GCM,sw,decrypt,1024,18,944,549799
esp32c3,AES128GCM,sw,decrypt,1024,18,945,550069
esp32c3,AES128GCM,sw,decrypt,1024,18,946,549799
esp32c3,AES128GCM,sw,decrypt,1024,18,947,549087
esp32c3,AES128GCM,sw,decrypt,1024,18,948,549799
esp32c3,AES128GCM,sw,decrypt,1024,18,949,549087
esp32c3,AES128GCM,sw,decrypt,1024,18,950,550781
esp32c3,AES128GCM,sw,decrypt,1024,18,951,549087
esp32c3,AES128GCM,sw,decrypt,1024,18,952,550781
esp32c3,AES128GCM,sw,decrypt,1024,18,953,549087
esp32c3,AES128GCM,sw,decrypt,1024,18,954,549799
esp32c3,AES128GCM,sw,decrypt,1024,18,955,550069
esp32c3,AES128GCM,sw,decrypt,1024,18,956,549799
esp32c3,AES128GCM,sw,decrypt,1024,18,957,550071
esp32c3,AES128GCM,sw,decrypt,1024,18,958,549799
esp32c3,AES128GCM,sw,decrypt,1024,18,959,550071
esp32c3,AES128GCM,sw,decrypt,1024,18,960,549799
esp32c3,AES128GCM,sw,decrypt,1024,18,961,549087
esp32c3,AES128GCM,sw,decrypt,1024,18,962,550783
esp32c3,AES128GCM,sw,decrypt,1024,18,963,549087
esp32c3,AES128GCM,sw,decrypt,1024,18,964,550781
esp32c3,AES128GCM,sw,decrypt,1024,18,965,549087
esp32c3,AES128GCM,sw,decrypt,1024,18,966,549799
esp32c3,AES128GCM,sw,decrypt,1024,18,967,549087
esp32c3,AES128GCM,sw,decrypt,1024,18,968,549799
esp32c3,AES128GCM,sw,decrypt,1024,18,969,550069
esp32c3,AES128GCM,sw,decrypt,1024,18,970,549799
esp32c3,AES128GCM,sw,decrypt,1024,18,971,550071
esp32c3,AES128GCM,sw,decrypt,1024,18,972,549799
esp32c3,AES128GCM,sw,decrypt,1024,18,973,549087
esp32c3,AES128GCM,sw,decrypt,1024,18,974,549799
esp32c3,AES128GCM,sw,decrypt,1024,18,975,549087
esp32c3,AES128GCM,sw,decrypt,1024,18,976,550781
esp32c3,AES128GCM,sw,decrypt,1024,18,977,549087
esp32c3,AES128GCM,sw,decrypt,1024,18,978,550783
esp32c3,AES128GCM,sw,decrypt,1024,18,979,549087
esp32c3,AES128GCM,sw,decrypt,1024,18,980,549799
esp32c3,AES128GCM,sw,decrypt,1024,18,981,549087
esp32c3,AES128GCM,sw,decrypt,1024,18,982,549799
esp32c3,AES128GCM,sw,decrypt,1024,18,983,550069
esp32c3,AES128GCM,sw,decrypt,1024,18,984,549799
esp32c3,AES128GCM,sw,decrypt,1024,18,985,550069
esp32c3,AES128GCM,sw,decrypt,1024,18,986,549799
esp32c3,AES128GCM,sw,decrypt,1024,18,987,549087
esp32c3,AES128GCM,sw,decrypt,1024,18,988,549799
esp32c3,AES128GCM,sw,decrypt,1024,18,989,549087
esp32c3,AES128GCM,sw,decrypt,1024,18,990,550781
esp32c3,AES128GCM,sw,decrypt,1024,18,991,549087
esp32c3,AES128GCM,sw,decrypt,1024,18,992,550781
esp32c3,AES128GCM,sw,decrypt,1024,18,993,549087
esp32c3,AES128GCM,sw,decrypt,1024,18,994,549799
esp32c3,AES128GCM,sw,decrypt,1024,18,995,550069
esp32c3,AES128GCM,sw,decrypt,1024,18,996,549799
esp32c3,AES128GCM,sw,decrypt,1024,18,997,550071
esp32c3,AES128GCM,sw,decrypt,1024,18,998,549799
esp32c3,AES128GCM,sw,decrypt,1024,18,999,550069
stack,esp32c3,AES128GCM,sw,decrypt,1024,14180
esp32c3,AES128GCM,sw,encrypt,4096,18,0,2084706
esp32c3,AES128GCM,sw,encrypt,4096,18,1,2094984
esp32c3,AES128GCM,sw,encrypt,4096,18,2,2095363
esp32c3,AES128GCM,sw,encrypt,4096,18,3,2094379
esp32c3,AES128GCM,sw,encrypt,4096,18,4,2094379
esp32c3,AES128GCM,sw,encrypt,4096,18,5,2095365
esp32c3,AES128GCM,sw,encrypt,4096,18,6,2094379
esp32c3,AES128GCM,sw,encrypt,4096,18,7,2094379
esp32c3,AES128GCM,sw,encrypt,4096,18,8,2095365
esp32c3,AES128GCM,sw,encrypt,4096,18,9,2094379
esp32c3,AES128GCM,sw,encrypt,4096,18,10,2094379
esp32c3,AES128GCM,sw,encrypt,4096,18,11,2095361
esp32c3,AES128GCM,sw,encrypt,4096,18,12,2094379
esp32c3,AES128GCM,sw,encrypt,4096,18,13,2094379
esp32c3,AES128GCM,sw,encrypt,4096,18,14,2095361
esp32c3,AES128GCM,sw,encrypt,4096,18,15,2094379
esp32c3,AES128GCM,sw,encrypt,4096,18,16,2094379
esp32c3,AES128GCM,sw,encrypt,4096,18,17,2095361
esp32c3,AES128GCM,sw,encrypt,4096,18,18,2094379
esp32c3,AES128GCM,sw,encrypt,4096,18,19,2094379
esp32c3,AES128GCM,sw,encrypt,4096,18,20,2094381
esp32c3,AES128GCM,sw,encrypt,4096,18,21,2095361
esp32c3,AES128GCM,sw,encrypt,4096,18,22,2094381
esp32c3,AES128GCM,sw,encrypt,4096,18,23,2094379
esp32c3,AES128GCM,sw,encrypt,4096,18,24,2095361
esp32c3,AES128GCM,sw,encrypt,4096,18,25,2094379
esp32c3,AES128GCM,sw,encrypt,4096,18,26,2094379
esp32c3,AES128GCM,sw,encrypt,4096,18,27,2095361
esp32c3,AES128GCM,sw,encrypt,4096,18,28,2094383
esp32c3,AES128GCM,sw,encrypt,4096,18,29,2094379
esp32c3,AES128GCM,sw,encrypt,4096,18,30,2095363
esp32c3,AES128GCM,sw,encrypt,4096,18,31,2094379
esp32c3,AES128GCM,sw,encrypt,4096,18,32,2094379
esp32c3,AES128GCM,sw,encrypt,4096,18,33,2095361
esp32c3,AES128GCM,sw,encrypt,4096,18,34,2094379
esp32c3,AES128GCM,sw,encrypt,4096,18,35,2094379
esp32c3,AES128GCM,sw,encrypt,4096,18,36,2095363
esp32c3,AES128GCM,sw,encrypt,4096,18,37,2094379
esp32c3,AES128GCM,sw,encrypt,4096,18,38,2094381
esp32c3,AES128GCM,sw,encrypt,4096,18,39,2095361
esp32c3,AES128GCM,sw,encrypt,4096,18,40,2094379
esp32c3,AES128GCM,sw,encrypt,4096,18,41,2094379
esp32c3,AES128GCM,sw,encrypt,4096,18,42,2095361
esp32c3,AES128GCM,sw,encrypt,4096,18,43,2094379
esp32c3,AES128GCM,sw,encrypt,4096,18,44,2094379
esp32c3,AES128GCM,sw,encrypt,4096,18,45,2095361
esp32c3,AES128GCM,sw,encrypt,4096,18,46,2094379
esp32c3,AES128GCM,sw,encrypt,4096,18,47,2094379
esp32c3,AES128GCM,sw,encrypt,4096,18,48,2094379
esp32c3,AES128GCM,sw,encrypt,4096,18,49,2095361
esp32c3,AES128GCM,sw,encrypt,4096,18,50,2094379
esp32c3,AES128GCM,sw,encrypt,4096,18,51,2094379
esp32c3,AES128GCM,sw,encrypt,4096,18,52,2095363
esp32c3,AES128GCM,sw,encrypt,4096,18,53,2094379
esp32c3,AES128GCM,sw,encrypt,4096,18,54,2094379
esp32c3,AES128GCM,sw,encrypt,4096,18,55,2095361
esp32c3,AES128GCM,sw,encrypt,4096,18,56,2094379
esp32c3,AES128GCM,sw,encrypt,4096,18,57,2094379
esp32c3,AES128GCM,sw,encrypt,4096,18,58,2095361
esp32c3,AES128GCM,sw,encrypt,4096,18,59,2094379
esp32c3,AES128GCM,sw,encrypt,4096,18,60,2094379
esp32c3,AES128GCM,sw,encrypt,4096,18,61,2095363
esp32c3,AES128GCM,sw,encrypt,4096,18,62,2094379
esp32c3,AES128GCM,sw,encrypt,4096,18,63,2094379
esp32c3,AES128GCM,sw,encrypt,4096,18,64,2095363
esp32c3,AES128GCM,sw,encrypt,4096,18,65,2094379
esp32c3,AES128GCM,sw,encrypt,4096,18,66,2094379
esp32c3,AES128GCM,sw,encrypt,4096,18,67,2095361
esp32c3,AES128GCM,sw,encrypt,4096,18,68,2094379
esp32c3,AES128GCM,sw,encrypt,4096,18,69,2094379
esp32c3,AES128GCM,sw,encrypt,4096,18,70,2095361
esp32c3,AES128GCM,sw,encrypt,4096,18,71,2094379
esp32c3,AES128GCM,sw,encrypt,4096,18,72,2094379
esp32c3,AES128GCM,sw,encrypt,4096,18,73,2095363
esp32c3,AES128GCM,sw,encrypt,4096,18,74,2094379
esp32c3,AES128GCM,sw,encrypt,4096,18,75,2094379
esp32c3,AES128GCM,sw,encrypt,4096,18,76,2094379
esp32c3,AES128GCM,sw,encrypt,4096,18,77,2095361
esp32c3,AES128GCM,sw,encrypt,4096,18,78,2094379
esp32c3,AES128GCM,sw,encrypt,4096,18,79,2094379
esp32c3,AES128GCM,sw,encrypt,4096,18,80,2095363
esp32c3,AES128GCM,sw,encrypt,4096,18,81,2094379
esp32c3,AES128GCM,sw,encrypt,4096,18,82,2094379
esp32c3,AES128GCM,sw,encrypt,4096,18,83,2095361
esp32c3,AES128GCM,sw,encrypt,4096,18,84,2094377
esp32c3,AES128GCM,sw,encrypt,4096,18,85,2094379
esp32c3,AES128GCM,sw,encrypt,4096,18,86,2095363
esp32c3,AES128GCM,sw,encrypt,4096,18,87,2094379
esp32c3,AES128GCM,sw,encrypt,4096,18,88,2094381
esp32c3,AES128GCM,sw,encrypt,4096,18,89,2095361
esp32c3,AES128GCM,sw,encrypt,4096,18,90,2094379
esp32c3,AES128GCM,sw,encrypt,4096,18,91,2094379
esp32c3,AES128GCM,sw,encrypt,4096,18,92,2095363
esp32c3,AES128GCM,sw,encrypt,4096,18,93,2094379
esp32c3,AES128GCM,sw,encrypt,4096,18,94,2094379
esp32c3,AES128GCM,sw,encrypt,4096,18,95,2095361
esp32c3,AES128GCM,sw,encrypt,4096,18,96,2094379
esp32c3,AES128GCM,sw,encrypt,4096,18,97,2094379
esp32c3,AES128GCM,sw,encrypt,4096,18,98,2095361
esp32c3,AES128GCM,sw,encrypt,4096,18,99,2094379
esp32c3,AES128GCM,sw,encrypt,4096,18,100,2094379
esp32c3,AES128GCM,sw,encrypt,4096,18,101,2095361
esp32c3,AES128GCM,sw,encrypt,4096,18,102,2094379
esp32c3,AES128GCM,sw,encrypt,4096,18,103,2094379
esp32c3,AES128GCM,sw,encrypt,4096,18,104,2094379
esp32c3,AES128GCM,sw,encrypt,4096,18,105,2095321
esp32c3,AES128GCM,sw,encrypt,4096,18,106,2094379
esp32c3,AES128GCM,sw,encrypt,4096,18,107,2094379
esp32c3,AES128GCM,sw,encrypt,4096,18,108,2095361
esp32c3,AES128GCM,sw,encrypt,4096,18,109,2094379
esp32c3,AES128GCM,sw,encrypt,4096,18,110,2094379
esp32c3,AES128GCM,sw,encrypt,4096,18,111,2095363
esp32c3,AES128GCM,sw,encrypt,4096,18,112,2094381
esp32c3,AES128GCM,sw,encrypt,4096,18,113,2094379
esp32c3,AES128GCM,sw,encrypt,4096,18,114,2095363
esp32c3,AES128GCM,sw,encrypt,4096,18,115,2094379
esp32c3,AES128GCM,sw,encrypt,4096,18,116,2094381
esp32c3,AES128GCM,sw,encrypt,4096,18,117,2095361
esp32c3,AES128GCM,sw,encrypt,4096,18,118,2094379
esp32c3,AES128GCM,sw,encrypt,4096,18,119,2094379
esp32c3,AES128GCM,sw,encrypt,4096,18,120,2095361
esp32c3,AES128GCM,sw,encrypt,4096,18,121,2094381
esp32c3,AES128GCM,sw,encrypt,4096,18,122,2094379
esp32c3,AES128GCM,sw,encrypt,4096,18,123,2095361
esp32c3,AES128GCM,sw,encrypt,4096,18,124,2094379
esp32c3,AES128GCM,sw,encrypt,4096,18,125,2094379
esp32c3,AES128GCM,sw,encrypt,4096,18,126,2095361
esp32c3,AES128GCM,sw,encrypt,4096,18,127,2094379
esp32c3,AES128GCM,sw,encrypt,4096,18,128,2094381
esp32c3,AES128GCM,sw,encrypt,4096,18,129,2095363
esp32c3,AES128GCM,sw,encrypt,4096,18,130,2094379
esp32c3,AES128GCM,sw,encrypt,4096,18,131,2094379
esp32c3,AES128GCM,sw,encrypt,4096,18,132,2094379
esp32c3,AES128GCM,sw,encrypt,4096,18,133,2094379
esp32c3,AES128GCM,sw,encrypt,4096,18,134,2094381
esp32c3,AES128GCM,sw,encrypt,4096,18,135,2094379
esp32c3,AES128GCM,sw,encrypt,4096,18,136,2095361
esp32c3,AES128GCM,sw,encrypt,4096,18,137,2094379
esp32c3,AES128GCM,sw,encrypt,4096,18,138,2094379
esp32c3,AES128GCM,sw,encrypt,4096,18,139,2095361
esp32c3,AES128GCM,sw,encrypt,4096,18,140,2094379
esp32c3,AES128GCM,sw,encrypt,4096,18,141,2094381
esp32c3,AES128GCM,sw,encrypt,4096,18,142,2095361
esp32c3,AES128GCM,sw,encrypt,4096,18,143,2094379
esp32c3,AES128GCM,sw,encrypt,4096,18,144,2094379
esp32c3,AES128GCM,sw,encrypt,4096,18,145,2095361
esp32c3,AES128GCM,sw,encrypt,4096,18,146,2094379
esp32c3,AES128GCM,sw,encrypt,4096,18,147,2094379
esp32c3,AES128GCM,sw,encrypt,4096,18,148,2095365
esp32c3,AES128GCM,sw,encrypt,4096,18,149,2094379
esp32c3,AES128GCM,sw,encrypt,4096,18,150,2094379
esp32c3,AES128GCM,sw,encrypt,4096,18,151,2095361
esp32c3,AES128GCM,sw,encrypt,4096,18,152,2094379
esp32c3,AES128GCM,sw,encrypt,4096,18,153,2094379
esp32c3,AES128GCM,sw,encrypt,4096,18,154,2095361
esp32c3,AES128GCM,sw,encrypt,4096,18,155,2094379
esp32c3,AES128GCM,sw,encrypt,4096,18,156,2094379
esp32c3,AES128GCM,sw,encrypt,4096,18,157,2095361
esp32c3,AES128GCM,sw,encrypt,4096,18,158,2094379
esp32c3,AES128GCM,sw,encrypt,4096,18,159,2094379
esp32c3,AES128GCM,sw,encrypt,4096,18,160,2094381
esp32c3,AES128GCM,sw,encrypt,4096,18,161,2094379
esp32c3,AES128GCM,sw,encrypt,4096,18,162,2094379
esp32c3,AES128GCM,sw,encrypt,4096,18,163,2094379
esp32c3,AES128GCM,sw,encrypt,4096,18,164,2095363
esp32c3,AES128GCM,sw,encrypt,4096,18,165,2094379
esp32c3,AES128GCM,sw,encrypt,4096,18,166,2094379
esp32c3,AES128GCM,sw,encrypt,4096,18,167,2095361
esp32c3,AES128GCM,sw,encrypt,4096,18,168,2094379
esp32c3,AES128GCM,sw,encrypt,4096,18,169,2094379
esp32c3,AES128GCM,sw,encrypt,4096,18,170,2095361
esp32c3,AES128GCM,sw,encrypt,4096,18,171,2094379
esp32c3,AES128GCM,sw,encrypt,4096,18,172,2094379
esp32c3,AES128GCM,sw,encrypt,4096,18,173,2095363
esp32c3,AES128GCM,sw,encrypt,4096,18,174,2094379
esp32c3,AES128GCM,sw,encrypt,4096,18,175,2094379
esp32c3,AES128GCM,sw,encrypt,4096,18,176,2095361
esp32c3,AES128GCM,sw,encrypt,4096,18,177,2094379
esp32c3,AES128GCM,sw,encrypt,4096,18,178,2094379
esp32c3,AES128GCM,sw,encrypt,4096,18,179,2095361
esp32c3,AES128GCM,sw,encrypt,4096,18,180,2094379
esp32c3,AES128GCM,sw,encrypt,4096,18,181,2094379
esp32c3,AES128GCM,sw,encrypt,4096,18,182,2095363
esp32c3,AES128GCM,sw,encrypt,4096,18,183,2094379
esp32c3,AES128GCM,sw,encrypt,4096,18,184,2094379
esp32c3,AES128GCM,sw,encrypt,4096,18,185,2095361
esp32c3,AES128GCM,sw,encrypt,4096,18,186,2094379
esp32c3,AES128GCM,sw,encrypt,4096,18,187,2094379
esp32c3,AES128GCM,sw,encrypt,4096,18,188,2095362
esp32c3,AES128GCM,sw,encrypt,4096,18,189,2094379
esp32c3,AES128GCM,sw,encrypt,4096,18,190,2094381
esp32c3,AES128GCM,sw,encrypt,4096,18,191,2094379
esp32c3,AES128GCM,sw,encrypt,4096,18,192,2095363
esp32c3,AES128GCM,sw,encrypt,4096,18,193,2094379
esp32c3,AES128GCM,sw,encrypt,4096,18,194,2094381
esp32c3,AES128GCM,sw,encrypt,4096,18,195,2095361
esp32c3,AES128GCM,sw,encrypt,4096,18,196,2094379
esp32c3,AES128GCM,sw,encrypt,4096,18,197,2094379
esp32c3,AES128GCM,sw,encrypt,4096,18,198,2095363
esp32c3,AES128GCM,sw,encrypt,4096,18,199,2094379
esp32c3,AES128GCM,sw,encrypt,4096,18,200,2094381
esp32c3,AES128GCM,sw,encrypt,4096,18,201,2095361
esp32c3,AES128GCM,sw,encrypt,4096,18,202,2094379
esp32c3,AES128GCM,sw,encrypt,4096,18,203,2094379
esp32c3,AES128GCM,sw,encrypt,4096,18,204,2095361
esp32c3,AES128GCM,sw,encrypt,4096,18,205,2094379
esp32c3,AES128GCM,sw,encrypt,4096,18,206,2094379
esp32c3,AES128GCM,sw,encrypt,4096,18,207,2095363
esp32c3,AES128GCM,sw,encrypt,4096,18,208,2094379
esp32c3,AES128GCM,sw,encrypt,4096,18,209,2094379
esp32c3,AES128GCM,sw,encrypt,4096,18,210,2095363
esp32c3,AES128GCM,sw,encrypt,4096,18,211,2094379
esp32c3,AES128GCM,sw,encrypt,4096,18,212,2094381
esp32c3,AES128GCM,sw,encrypt,4096,18,213,2095361
esp32c3,AES128GCM,sw,encrypt,4096,18,214,2094379
esp32c3,AES128GCM,sw,encrypt,4096,18,215,2094379
esp32c3,AES128GCM,sw,encrypt,4096,18,216,2095363
esp32c3,AES128GCM,sw,encrypt,4096,18,217,2094379
esp32c3,AES128GCM,sw,encrypt,4096,18,218,2094379
esp32c3,AES128GCM,sw,encrypt,4096,18,219,2094379
esp32c3,AES128GCM,sw,encrypt,4096,18,220,2095361
esp32c3,AES128GCM,sw,encrypt,4096,18,221,2094379
esp32c3,AES128GCM,sw,encrypt,4096,18,222,2094379
esp32c3,AES128GCM,sw,encrypt,4096,18,223,2095363
esp32c3,AES128GCM,sw,encrypt,4096,18,224,2094379
esp32c3,AES128GCM,sw,encrypt,4096,18,225,2094381
esp32c3,AES128GCM,sw,encrypt,4096,18,226,2095361
esp32c3,AES128GCM,sw,encrypt,4096,18,227,2094379
esp32c3,AES128GCM,sw,encrypt,4096,18,228,2094379
esp32c3,AES128GCM,sw,encrypt,4096,18,229,2095361
esp32c3,AES128GCM,sw,encrypt,4096,18,230,2094381
esp32c3,AES128GCM,sw,encrypt,4096,18,231,2094379
esp32c3,AES128GCM,sw,encrypt,4096,18,232,2095361
esp32c3,AES128GCM,sw,encrypt,4096,18,233,2094379
esp32c3,AES128GCM,sw,encrypt,4096,18,234,2094379
esp32c3,AES128GCM,sw,encrypt,4096,18,235,2095361
esp32c3,AES128GCM,sw,encrypt,4096,18,236,2094379
esp32c3,AES128GCM,sw,encrypt,4096,18,237,2094381
esp32c3,AES128GCM,sw,encrypt,4096,18,238,2095361
esp32c3,AES128GCM,sw,encrypt,4096,18,239,2094379
esp32c3,AES128GCM,sw,encrypt,4096,18,240,2094379
esp32c3,AES128GCM,sw,encrypt,4096,18,241,2095361
esp32c3,AES128GCM,sw,encrypt,4096,18,242,2094379
esp32c3,AES128GCM,sw,encrypt,4096,18,243,2094379
esp32c3,AES128GCM,sw,encrypt,4096,18,244,2095363
esp32c3,AES128GCM,sw,encrypt,4096,18,245,2094379
esp32c3,AES128GCM,sw,encrypt,4096,18,246,2094379
esp32c3,AES128GCM,sw,encrypt,4096,18,247,2094379
esp32c3,AES128GCM,sw,encrypt,4096,18,248,2095359
esp32c3,AES128GCM,sw,encrypt,4096,18,249,2094379
esp32c3,AES128GCM,sw,encrypt,4096,18,250,2094379
esp32c3,AES128GCM,sw,encrypt,4096,18,251,2095363
esp32c3,AES128GCM,sw,encrypt,4096,18,252,2094379
esp32c3,AES128GCM,sw,encrypt,4096,18,253,2094379
esp32c3,AES128GCM,sw,encrypt,4096,18,254,2095361
esp32c3,AES128GCM,sw,encrypt,4096,18,255,2094379
esp32c3,AES128GCM,sw,encrypt,4096,18,256,2094379
esp32c3,AES128GCM,sw,encrypt,4096,18,257,2095363
esp32c3,AES128GCM,sw,encrypt,4096,18,258,2094379
esp32c3,AES128GCM,sw,encrypt,4096,18,259,2094379
esp32c3,AES128GCM,sw,encrypt,4096,18,260,2095363
esp32c3,AES128GCM,sw,encrypt,4096,18,261,2094379
esp32c3,AES128GCM,sw,encrypt,4096,18,262,2094379
esp32c3,AES128GCM,sw,encrypt,4096,18,263,2095363
esp32c3,AES128GCM,sw,encrypt,4096,18,264,2094379
esp32c3,AES128GCM,sw,encrypt,4096,18,265,2094379
esp32c3,AES128GCM,sw,encrypt,4096,18,266,2095361
esp32c3,AES128GCM,sw,encrypt,4096,18,267,2094379
esp32c3,AES128GCM,sw,encrypt,4096,18,268,2094379
esp32c3,AES128GCM,sw,encrypt,4096,18,269,2095363
esp32c3,AES128GCM,sw,encrypt,4096,18,270,2094379
esp32c3,AES128GCM,sw,encrypt,4096,18,271,2094379
esp32c3,AES128GCM,sw,encrypt,4096,18,272,2095361
esp32c3,AES128GCM,sw,encrypt,4096,18,273,2094379
esp32c3,AES128GCM,sw,encrypt,4096,18,274,2094377
esp32c3,AES128GCM,sw,encrypt,4096,18,275,2094379
esp32c3,AES128GCM,sw,encrypt,4096,18,276,2095361
esp32c3,AES128GCM,sw,encrypt,4096,18,277,2094379
esp32c3,AES128GCM,sw,encrypt,4096,18,278,2094379
esp32c3,AES128GCM,sw,encrypt,4096,18,279,2095363
esp32c3,AES128GCM,sw,encrypt,4096,18,280,2094379
esp32c3,AES128GCM,sw,encrypt,4096,18,281,2094379
esp32c3,AES128GCM,sw,encrypt,4096,18,282,2095361
esp32c3,AES128GCM,sw,encrypt,4096,18,283,2094379
esp32c3,AES128GCM,sw,encrypt,4096,18,284,2094379
esp32c3,AES128GCM,sw,encrypt,4096,18,285,2095363
esp32c3,AES128GCM,sw,encrypt,4096,18,286,2094379
esp32c3,AES128GCM,sw,encrypt,4096,18,287,2094379
esp32c3,AES128GCM,sw,encrypt,4096,18,288,2095363
esp32c3,AES128GCM,sw,encrypt,4096,18,289,2094379
esp32c3,AES128GCM,sw,encrypt,4096,18,290,2094379
esp32c3,AES128GCM,sw,encrypt,4096,18,291,2095361
esp32c3,AES128GCM,sw,encrypt,4096,18,292,2094379
esp32c3,AES128GCM,sw,encrypt,4096,18,293,2094379
esp32c3,AES128GCM,sw,encrypt,4096,18,294,2095361
esp32c3,AES128GCM,sw,encrypt,4096,18,295,2094379
esp32c3,AES128GCM,sw,encrypt,4096,18,296,2094379
esp32c3,AES128GCM,sw,encrypt,4096,18,297,2095361
esp32c3,AES128GCM,sw,encrypt,4096,18,298,2094379
esp32c3,AES128GCM,sw,encrypt,4096,18,299,2094379
esp32c3,AES128GCM,sw,encrypt,4096,18,300,2095363
esp32c3,AES128GCM,sw,encrypt,4096,18,301,2094379
esp32c3,AES128GCM,sw,encrypt,4096,18,302,2094379
esp32c3,AES128GCM,sw,encrypt,4096,18,303,2094379
esp32c3,AES128GCM,sw,encrypt,4096,18,304,2094379
esp32c3,AES128GCM,sw,encrypt,4096,18,305,2094379
esp32c3,AES128GCM,sw,encrypt,4096,18,306,2094379
esp32c3,AES128GCM,sw,encrypt,4096,18,307,2095361
esp32c3,AES128GCM,sw,encrypt,4096,18,308,2094379
esp32c3,AES128GCM,sw,encrypt,4096,18,309,2094381
esp32c3,AES128GCM,sw,encrypt,4096,18,310,2095363
esp32c3,AES128GCM,sw,encrypt,4096,18,311,2094379
esp32c3,AES128GCM,sw,encrypt,4096,18,312,2094379
esp32c3,AES128GCM,sw,encrypt,4096,18,313,2095365
esp32c3,AES128GCM,sw,encrypt,4096,18,314,2094379
esp32c3,AES128GCM,sw,encrypt,4096,18,315,2094379
esp32c3,AES128GCM,sw,encrypt,4096,18,316,2095361
esp32c3,AES128GCM,sw,encrypt,4096,18,317,2094379
esp32c3,AES128GCM,sw,encrypt,4096,18,318,2094379
esp32c3,AES128GCM,sw,encrypt,4096,18,319,2095363
esp32c3,AES128GCM,sw,encrypt,4096,18,320,2094379
esp32c3,AES128GCM,sw,encrypt,4096,18,321,2094379
esp32c3,AES128GCM,sw,encrypt,4096,18,322,2095363
esp32c3,AES128GCM,sw,encrypt,4096,18,323,2094379
esp32c3,AES128GCM,sw,encrypt,4096,18,324,2094379
esp32c3,AES128GCM,sw,encrypt,4096,18,325,2095363
esp32c3,AES128GCM,sw,encrypt,4096,18,326,2094379
esp32c3,AES128GCM,sw,encrypt,4096,18,327,2094379
esp32c3,AES128GCM,sw,encrypt,4096,18,328,2095361
esp32c3,AES128GCM,sw,encrypt,4096,18,329,2094381
esp32c3,AES128GCM,sw,encrypt,4096,18,330,2094379
esp32c3,AES128GCM,sw,encrypt,4096,18,331,2094379
esp32c3,AES128GCM,sw,encrypt,4096,18,332,2094379
esp32c3,AES128GCM,sw,encrypt,4096,18,333,2094379
esp32c3,AES128GCM,sw,encrypt,4096,18,334,2094379
esp32c3,AES128GCM,sw,encrypt,4096,18,335,2095361
esp32c3,AES128GCM,sw,encrypt,4096,18,336,2094379
esp32c3,AES128GCM,sw,encrypt,4096,18,337,2094379
esp32c3,AES128GCM,sw,encrypt,4096,18,338,2095365
esp32c3,AES128GCM,sw,encrypt,4096,18,339,2094379
esp32c3,AES128GCM,sw,encrypt,4096,18,340,2094379
esp32c3,AES128GCM,sw,encrypt,4096,18,341,2095361
esp32c3,AES128GCM,sw,encrypt,4096,18,342,2094379
esp32c3,AES128GCM,sw,encrypt,4096,18,343,2094379
esp32c3,AES128GCM,sw,encrypt,4096,18,344,2095361
esp32c3,AES128GCM,sw,encrypt,4096,18,345,2094381
esp32c3,AES128GCM,sw,encrypt,4096,18,346,2094379
esp32c3,AES128GCM,sw,encrypt,4096,18,347,2095363
esp32c3,AES128GCM,sw,encrypt,4096,18,348,2094379
esp32c3,AES128GCM,sw,encrypt,4096,18,349,2094381
esp32c3,AES128GCM,sw,encrypt,4096,18,350,2095361
esp32c3,AES128GCM,sw,encrypt,4096,18,351,2094379
esp32c3,AES128GCM,sw,encrypt,4096,18,352,2094379
esp32c3,AES128GCM,sw,encrypt,4096,18,353,2095361
esp32c3,AES128GCM,sw,encrypt,4096,18,354,2094379
esp32c3,AES128GCM,sw,encrypt,4096,18,355,2094379
esp32c3,AES128GCM,sw,encrypt,4096,18,356,2095361
esp32c3,AES128GCM,sw,encrypt,4096,18,357,2094379
esp32c3,AES128GCM,sw,encrypt,4096,18,358,2094379
esp32c3,AES128GCM,sw,encrypt,4096,18,359,2095361
esp32c3,AES128GCM,sw,encrypt,4096,18,360,2094379
esp32c3,AES128GCM,sw,encrypt,4096,18,361,2094379
esp32c3,AES128GCM,sw,encrypt,4096,18,362,2094379
esp32c3,AES128GCM,sw,encrypt,4096,18,363,2095361
esp32c3,AES128GCM,sw,encrypt,4096,18,364,2094379
esp32c3,AES128GCM,sw,encrypt,4096,18,365,2094379
esp32c3,AES128GCM,sw,encrypt,4096,18,366,2095359
esp32c3,AES128GCM,sw,encrypt,4096,18,367,2094379
esp32c3,AES128GCM,sw,encrypt,4096,18,368,2094379
esp32c3,AES128GCM,sw,encrypt,4096,18,369,2095361
esp32c3,AES128GCM,sw,encrypt,4096,18,370,2094379
esp32c3,AES128GCM,sw,encrypt,4096,18,371,2094379
esp32c3,AES128GCM,sw,encrypt,4096,18,372,2095363
esp32c3,AES128GCM,sw,encrypt,4096,18,373,2094379
esp32c3,AES128GCM,sw,encrypt,4096,18,374,2094379
esp32c3,AES128GCM,sw,encrypt,4096,18,375,2095363
esp32c3,AES128GCM,sw,encrypt,4096,18,376,2094379
esp32c3,AES128GCM,sw,encrypt,4096,18,377,2094379
esp32c3,AES128GCM,sw,encrypt,4096,18,378,2095361
esp32c3,AES128GCM,sw,encrypt,4096,18,379,2094379
esp32c3,AES128GCM,sw,encrypt,4096,18,380,2094379
esp32c3,AES128GCM,sw,encrypt,4096,18,381,2095361
esp32c3,AES128GCM,sw,encrypt,4096,18,382,2094379
esp32c3,AES128GCM,sw,encrypt,4096,18,383,2094379
esp32c3,AES128GCM,sw,encrypt,4096,18,384,2095363
esp32c3,AES128GCM,sw,encrypt,4096,18,385,2094379
esp32c3,AES128GCM,sw,encrypt,4096,18,386,2094379
esp32c3,AES128GCM,sw,encrypt,4096,18,387,2095363
esp32c3,AES128GCM,sw,encrypt,4096,18,388,2094379
esp32c3,AES128GCM,sw,encrypt,4096,18,389,2094379
esp32c3,AES128GCM,sw,encrypt,4096,18,390,2094379
esp32c3,AES128GCM,sw,encrypt,4096,18,391,2095361
esp32c3,AES128GCM,sw,encrypt,4096,18,392,2094379
esp32c3,AES128GCM,sw,encrypt,4096,18,393,2094379
esp32c3,AES128GCM,sw,encrypt,4096,18,394,2095361
esp32c3,AES128GCM,sw,encrypt,4096,18,395,2094379
esp32c3,AES128GCM,sw,encrypt,4096,18,396,2094379
esp32c3,AES128GCM,sw,encrypt,4096,18,397,2095361
esp32c3,AES128GCM,sw,encrypt,4096,18,398,2094379
esp32c3,AES128GCM,sw,encrypt,4096,18,399,2094379
esp32c3,AES128GCM,sw,encrypt,4096,18,400,2095361
esp32c3,AES128GCM,sw,encrypt,4096,18,401,2094379
esp32c3,AES128GCM,sw,encrypt,4096,18,402,2094379
esp32c3,AES128GCM,sw,encrypt,4096,18,403,2095363
esp32c3,AES128GCM,sw,encrypt,4096,18,404,2094379
esp32c3,AES128GCM,sw,encrypt,4096,18,405,2094379
esp32c3,AES128GCM,sw,encrypt,4096,18,406,2095361
esp32c3,AES128GCM,sw,encrypt,4096,18,407,2094379
esp32c3,AES128GCM,sw,encrypt,4096,18,408,2094379
esp32c3,AES128GCM,sw,encrypt,4096,18,409,2095363
esp32c3,AES128GCM,sw,encrypt,4096,18,410,2094379
esp32c3,AES128GCM,sw,encrypt,4096,18,411,2094379
esp32c3,AES128GCM,sw,encrypt,4096,18,412,2095361
esp32c3,AES128GCM,sw,encrypt,4096,18,413,2094379
esp32c3,AES128GCM,sw,encrypt,4096,18,414,2094379
esp32c3,AES128GCM,sw,encrypt,4096,18,415,2095363
esp32c3,AES128GCM,sw,encrypt,4096,18,416,2094379
esp32c3,AES128GCM,sw,encrypt,4096,18,417,2094379
esp32c3,AES128GCM,sw,encrypt,4096,18,418,2094379
esp32c3,AES128GCM,sw,encrypt,4096,18,419,2095361
esp32c3,AES128GCM,sw,encrypt,4096,18,420,2094379
esp32c3,AES128GCM,sw,encrypt,4096,18,421,2094379
esp32c3,AES128GCM,sw,encrypt,4096,18,422,2095361
esp32c3,AES128GCM,sw,encrypt,4096,18,423,2094379
esp32c3,AES128GCM,sw,encrypt,4096,18,424,2094381
esp32c3,AES128GCM,sw,encrypt,4096,18,425,2095363
esp32c3,AES128GCM,sw,encrypt,4096,18,426,2094379
esp32c3,AES128GCM,sw,encrypt,4096,18,427,2094379
esp32c3,AES128GCM,sw,encrypt,4096,18,428,2095365
esp32c3,AES128GCM,sw,encrypt,4096,18,429,2094379
esp32c3,AES128GCM,sw,encrypt,4096,18,430,2094379
esp32c3,AES128GCM,sw,encrypt,4096,18,431,2095361
esp32c3,AES128GCM,sw,encrypt,4096,18,432,2094379
esp32c3,AES128GCM,sw,encrypt,4096,18,433,2094379
esp32c3,AES128GCM,sw,encrypt,4096,18,434,2095363
esp32c3,AES128GCM,sw,encrypt,4096,18,435,2094379
esp32c3,AES128GCM,sw,encrypt,4096,18,436,2094379
esp32c3,AES128GCM,sw,encrypt,4096,18,437,2095363
esp32c3,AES128GCM,sw,encrypt,4096,18,438,2094379
esp32c3,AES128GCM,sw,encrypt,4096,18,439,2094381
esp32c3,AES128GCM,sw,encrypt,4096,18,440,2095361
esp32c3,AES128GCM,sw,encrypt,4096,18,441,2094379
esp32c3,AES128GCM,sw,encrypt,4096,18,442,2094379
esp32c3,AES128GCM,sw,encrypt,4096,18,443,2095361
esp32c3,AES128GCM,sw,encrypt,4096,18,444,2094381
esp32c3,AES128GCM,sw,encrypt,4096,18,445,2094379
esp32c3,AES128GCM,sw,encrypt,4096,18,446,2094379
esp32c3,AES128GCM,sw,encrypt,4096,18,447,2094379
esp32c3,AES128GCM,sw,encrypt,4096,18,448,2094379
esp32c3,AES128GCM,sw,encrypt,4096,18,449,2094379
esp32c3,AES128GCM,sw,encrypt,4096,18,450,2095361
esp32c3,AES128GCM,sw,encrypt,4096,18,451,2094381
esp32c3,AES128GCM,sw,encrypt,4096,18,452,2094379
esp32c3,AES128GCM,sw,encrypt,4096,18,453,2095361
esp32c3,AES128GCM,sw,encrypt,4096,18,454,2094379
esp32c3,AES128GCM,sw,encrypt,4096,18,455,2094379
esp32c3,AES128GCM,sw,encrypt,4096,18,456,2095361
esp32c3,AES128GCM,sw,encrypt,4096,18,457,2094379
esp32c3,AES128GCM,sw,encrypt,4096,18,458,2094379
esp32c3,AES128GCM,sw,encrypt,4096,18,459,2095361
esp32c3,AES128GCM,sw,encrypt,4096,18,460,2094381
esp32c3,AES128GCM,sw,encrypt,4096,18,461,2094379
esp32c3,AES128GCM,sw,encrypt,4096,18,462,2095361
esp32c3,AES128GCM,sw,encrypt,4096,18,463,2094379
esp32c3,AES128GCM,sw,encrypt,4096,18,464,2094379
esp32c3,AES128GCM,sw,encrypt,4096,18,465,2095363
esp32c3,AES128GCM,sw,encrypt,4096,18,466,2094379
esp32c3,AES128GCM,sw,encrypt,4096,18,467,2094379
esp32c3,AES128GCM,sw,encrypt,4096,18,468,2095361
esp32c3,AES128GCM,sw,encrypt,4096,18,469,2094379
esp32c3,AES128GCM,sw,encrypt,4096,18,470,2094379
esp32c3,AES128GCM,sw,encrypt,4096,18,471,2095361
esp32c3,AES128GCM,sw,encrypt,4096,18,472,2094377
esp32c3,AES128GCM,sw,encrypt,4096,18,473,2094379
esp32c3,AES128GCM,sw,encrypt,4096,18,474,2094381
esp32c3,AES128GCM,sw,encrypt,4096,18,475,2094379
esp32c3,AES128GCM,sw,encrypt,4096,18,476,2094379
esp32c3,AES128GCM,sw,encrypt,4096,18,477,2094379
esp32c3,AES128GCM,sw,encrypt,4096,18,478,2095361
esp32c3,AES128GCM,sw,encrypt,4096,18,479,2094379
esp32c3,AES128GCM,sw,encrypt,4096,18,480,2094379
esp32c3,AES128GCM,sw,encrypt,4096,18,481,2095365
esp32c3,AES128GCM,sw,encrypt,4096,18,482,2094379
esp32c3,AES128GCM,sw,encrypt,4096,18,483,2094379
esp32c3,AES128GCM,sw,encrypt,4096,18,484,2095361
esp32c3,AES128GCM,sw,encrypt,4096,18,485,2094379
esp32c3,AES128GCM,sw,encrypt,4096,18,486,2094379
esp32c3,AES128GCM,sw,encrypt,4096,18,487,2095361
esp32c3,AES128GCM,sw,encrypt,4096,18,488,2094379
esp32c3,AES128GCM,sw,encrypt,4096,18,489,2094379
esp32c3,AES128GCM,sw,encrypt,4096,18,490,2095361
esp32c3,AES128GCM,sw,encrypt,4096,18,491,2094379
esp32c3,AES128GCM,sw,encrypt,4096,18,492,2094379
esp32c3,AES128GCM,sw,encrypt,4096,18,493,2095361
esp32c3,AES128GCM,sw,encrypt,4096,18,494,2094379
esp32c3,AES128GCM,sw,encrypt,4096,18,495,2094379
esp32c3,AES128GCM,sw,encrypt,4096,18,496,2095361
esp32c3,AES128GCM,sw,encrypt,4096,18,497,2094381
esp32c3,AES128GCM,sw,encrypt,4096,18,498,2094379
esp32c3,AES128GCM,sw,encrypt,4096,18,499,2095361
esp32c3,AES128GCM,sw,encrypt,4096,18,500,2094379
esp32c3,AES128GCM,sw,encrypt,4096,18,501,2094379
esp32c3,AES128GCM,sw,encrypt,4096,18,502,2095361
esp32c3,AES128GCM,sw,encrypt,4096,18,503,2094379
esp32c3,AES128GCM,sw,encrypt,4096,18,504,2094381
esp32c3,AES128GCM,sw,encrypt,4096,18,505,2094379
esp32c3,AES128GCM,sw,encrypt,4096,18,506,2095363
esp32c3,AES128GCM,sw,encrypt,4096,18,507,2094379
esp32c3,AES128GCM,sw,encrypt,4096,18,508,2094377
esp32c3,AES128GCM,sw,encrypt,4096,18,509,2095363
esp32c3,AES128GCM,sw,encrypt,4096,18,510,2094379
esp32c3,AES128GCM,sw,encrypt,4096,18,511,2094379
esp32c3,AES128GCM,sw,encrypt,4096,18,512,2095361
esp32c3,AES128GCM,sw,encrypt,4096,18,513,2094379
esp32c3,AES128GCM,sw,encrypt,4096,18,514,2094379
esp32c3,AES128GCM,sw,encrypt,4096,18,515,2095359
esp32c3,AES128GCM,sw,encrypt,4096,18,516,2094379
esp32c3,AES128GCM,sw,encrypt,4096,18,517,2094379
esp32c3,AES128GCM,sw,encrypt,4096,18,518,2095363
esp32c3,AES128GCM,sw,encrypt,4096,18,519,2094379
esp32c3,AES128GCM,sw,encrypt,4096,18,520,2094379
esp32c3,AES128GCM,sw,encrypt,4096,18,521,2095361
esp32c3,AES128GCM,sw,encrypt,4096,18,522,2094379
esp32c3,AES128GCM,sw,encrypt,4096,18,523,2094379
esp32c3,AES128GCM,sw,encrypt,4096,18,524,2095361
esp32c3,AES128GCM,sw,encrypt,4096,18,525,2094381
esp32c3,AES128GCM,sw,encrypt,4096,18,526,2094379
esp32c3,AES128GCM,sw,encrypt,4096,18,527,2095361
esp32c3,AES128GCM,sw,encrypt,4096,18,528,2094379
esp32c3,AES128GCM,sw,encrypt,4096,18,529,2094379
esp32c3,AES128GCM,sw,encrypt,4096,18,530,2095363
esp32c3,AES128GCM,sw,encrypt,4096,18,531,2094379
esp32c3,AES128GCM,sw,encrypt,4096,18,532,2094379
esp32c3,AES128GCM,sw,encrypt,4096,18,533,2094379
esp32c3,AES128GCM,sw,encrypt,4096,18,534,2095361
esp32c3,AES128GCM,sw,encrypt,4096,18,535,2094379
esp32c3,AES128GCM,sw,encrypt,4096,18,536,2094379
esp32c3,AES128GCM,sw,encrypt,4096,18,537,2095363
esp32c3,AES128GCM,sw,encrypt,4096,18,538,2094379
esp32c3,AES128GCM,sw,encrypt,4096,18,539,2094379
esp32c3,AES128GCM,sw,encrypt,4096,18,540,2095363
esp32c3,AES128GCM,sw,encrypt,4096,18,541,2094379
esp32c3,AES128GCM,sw,encrypt,4096,18,542,2094379
esp32c3,AES128GCM,sw,encrypt,4096,18,543,2095365
esp32c3,AES128GCM,sw,encrypt,4096,18,544,2094379
esp32c3,AES128GCM,sw,encrypt,4096,18,545,2094379
esp32c3,AES128GCM,sw,encrypt,4096,18,546,2095361
esp32c3,AES128GCM,sw,encrypt,4096,18,547,2094379
esp32c3,AES128GCM,sw,encrypt,4096,18,548,2094379
esp32c3,AES128GCM,sw,encrypt,4096,18,549,2095361
esp32c3,AES128GCM,sw,encrypt,4096,18,550,2094381
esp32c3,AES128GCM,sw,encrypt,4096,18,551,2094379
esp32c3,AES128GCM,sw,encrypt,4096,18,552,2095363
esp32c3,AES128GCM,sw,encrypt,4096,18,553,2094379
esp32c3,AES128GCM,sw,encrypt,4096,18,554,2094381
esp32c3,AES128GCM,sw,encrypt,4096,18,555,2095361
esp32c3,AES128GCM,sw,encrypt,4096,18,556,2094379
esp32c3,AES128GCM,sw,encrypt,4096,18,557,2094379
esp32c3,AES128GCM,sw,encrypt,4096,18,558,2095361
esp32c3,AES128GCM,sw,encrypt,4096,18,559,2094381
esp32c3,AES128GCM,sw,encrypt,4096,18,560,2094379
esp32c3,AES128GCM,sw,encrypt,4096,18,561,2094379
esp32c3,AES128GCM,sw,encrypt,4096,18,562,2095239
esp32c3,AES128GCM,sw,encrypt,4096,18,563,2094379
esp32c3,AES128GCM,sw,encrypt,4096,18,564,2094379
esp32c3,AES128GCM,sw,encrypt,4096,18,565,2095361
esp32c3,AES128GCM,sw,encrypt,4096,18,566,2094379
esp32c3,AES128GCM,sw,encrypt,4096,18,567,2094379
esp32c3,AES128GCM,sw,encrypt,4096,18,568,2095363
esp32c3,AES128GCM,sw,encrypt,4096,18,569,2094379
esp32c3,AES128GCM,sw,encrypt,4096,18,570,2094379
esp32c3,AES128GCM,sw,encrypt,4096,18,571,2095361
esp32c3,AES128GCM,sw,encrypt,4096,18,572,2094379
esp32c3,AES128GCM,sw,encrypt,4096,18,573,2094379
esp32c3,AES128GCM,sw,encrypt,4096,18,574,2095361
esp32c3,AES128GCM,sw,encrypt,4096,18,575,2094379
esp32c3,AES128GCM,sw,encrypt,4096,18,576,2094381
esp32c3,AES128GCM,sw,encrypt,4096,18,577,2095363
esp32c3,AES128GCM,sw,encrypt,4096,18,578,2094379
esp32c3,AES128GCM,sw,encrypt,4096,18,579,2094379
esp32c3,AES128GCM,sw,encrypt,4096,18,580,2095361
esp32c3,AES128GCM,sw,encrypt,4096,18,581,2094379
esp32c3,AES128GCM,sw,encrypt,4096,18,582,2094379
esp32c3,AES128GCM,sw,encrypt,4096,18,583,2095361
esp32c3,AES128GCM,sw,encrypt,4096,18,584,2094379
esp32c3,AES128GCM,sw,encrypt,4096,18,585,2094379
esp32c3,AES128GCM,sw,encrypt,4096,18,586,2095361
esp32c3,AES128GCM,sw,encrypt,4096,18,587,2094379
esp32c3,AES128GCM,sw,encrypt,4096,18,588,2094379
esp32c3,AES128GCM,sw,encrypt,4096,18,589,2094379
esp32c3,AES128GCM,sw,encrypt,4096,18,590,2095237
esp32c3,AES128GCM,sw,encrypt,4096,18,591,2094379
esp32c3,AES128GCM,sw,encrypt,4096,18,592,2094379
esp32c3,AES128GCM,sw,encrypt,4096,18,593,2095361
esp32c3,AES128GCM,sw,encrypt,4096,18,594,2094379
esp32c3,AES128GCM,sw,encrypt,4096,18,595,2094379
esp32c3,AES128GCM,sw,encrypt,4096,18,596,2095361
esp32c3,AES128GCM,sw,encrypt,4096,18,597,2094381
esp32c3,AES128GCM,sw,encrypt,4096,18,598,2094379
esp32c3,AES128GCM,sw,encrypt,4096,18,599,2095361
esp32c3,AES128GCM,sw,encrypt,4096,18,600,2094379
esp32c3,AES128GCM,sw,encrypt,4096,18,601,2094379
esp32c3,AES128GCM,sw,encrypt,4096,18,602,2095363
esp32c3,AES128GCM,sw,encrypt,4096,18,603,2094379
esp32c3,AES128GCM,sw,encrypt,4096,18,604,2094379
esp32c3,AES128GCM,sw,encrypt,4096,18,605,2095363
esp32c3,AES128GCM,sw,encrypt,4096,18,606,2094379
esp32c3,AES128GCM,sw,encrypt,4096,18,607,2094379
esp32c3,AES128GCM,sw,encrypt,4096,18,608,2095361
esp32c3,AES128GCM,sw,encrypt,4096,18,609,2094379
esp32c3,AES128GCM,sw,encrypt,4096,18,610,2094379
esp32c3,AES128GCM,sw,encrypt,4096,18,611,2095361
esp32c3,AES128GCM,sw,encrypt,4096,18,612,2094379
esp32c3,AES128GCM,sw,encrypt,4096,18,613,2094379
esp32c3,AES128GCM,sw,encrypt,4096,18,614,2095363
esp32c3,AES128GCM,sw,encrypt,4096,18,615,2094379
esp32c3,AES128GCM,sw,encrypt,4096,18,616,2094379
esp32c3,AES128GCM,sw,encrypt,4096,18,617,2094381
esp32c3,AES128GCM,sw,encrypt,4096,18,618,2094379
esp32c3,AES128GCM,sw,encrypt,4096,18,619,2094379
esp32c3,AES128GCM,sw,encrypt,4096,18,620,2094379
esp32c3,AES128GCM,sw,encrypt,4096,18,621,2095363
esp32c3,AES128GCM,sw,encrypt,4096,18,622,2094381
esp32c3,AES128GCM,sw,encrypt,4096,18,623,2094377
esp32c3,AES128GCM,sw,encrypt,4096,18,624,2095361
esp32c3,AES128GCM,sw,encrypt,4096,18,625,2094379
esp32c3,AES128GCM,sw,encrypt,4096,18,626,2094379
esp32c3,AES128GCM,sw,encrypt,4096,18,627,2095363
esp32c3,AES128GCM,sw,encrypt,4096,18,628,2094379
esp32c3,AES128GCM,sw,encrypt,4096,18,629,2094381
esp32c3,AES128GCM,sw,encrypt,4096,18,630,2095365
esp32c3,AES128GCM,sw,encrypt,4096,18,631,2094381
esp32c3,AES128GCM,sw,encrypt,4096,18,632,2094379
esp32c3,AES128GCM,sw,encrypt,4096,18,633,2095361
esp32c3,AES128GCM,sw,encrypt,4096,18,634,2094379
esp32c3,AES128GCM,sw,encrypt,4096,18,635,2094379
esp32c3,AES128GCM,sw,encrypt,4096,18,636,2095361
esp32c3,AES128GCM,sw,encrypt,4096,18,637,2094379
esp32c3,AES128GCM,sw,encrypt,4096,18,638,2094381
esp32c3,AES128GCM,sw,encrypt,4096,18,639,2095361
esp32c3,AES128GCM,sw,encrypt,4096,18,640,2094379
esp32c3,AES128GCM,sw,encrypt,4096,18,641,2094379
esp32c3,AES128GCM,sw,encrypt,4096,18,642,2095361
esp32c3,AES128GCM,sw,encrypt,4096,18,643,2094379
esp32c3,AES128GCM,sw,encrypt,4096,18,644,2094379
esp32c3,AES128GCM,sw,encrypt,4096,18,645,2094381
esp32c3,AES128GCM,sw,encrypt,4096,18,646,2094379
esp32c3,AES128GCM,sw,encrypt,4096,18,647,2094379
esp32c3,AES128GCM,sw,encrypt,4096,18,648,2094379
esp32c3,AES128GCM,sw,encrypt,4096,18,649,2095237
esp32c3,AES128GCM,sw,encrypt,4096,18,650,2094379
esp32c3,AES128GCM,sw,encrypt,4096,18,651,2094379
esp32c3,AES128GCM,sw,encrypt,4096,18,652,2095361
esp32c3,AES128GCM,sw,encrypt,4096,18,653,2094381
esp32c3,AES128GCM,sw,encrypt,4096,18,654,2094379
esp32c3,AES128GCM,sw,encrypt,4096,18,655,2095361
esp32c3,AES128GCM,sw,encrypt,4096,18,656,2094379
esp32c3,AES128GCM,sw,encrypt,4096,18,657,2094379
esp32c3,AES128GCM,sw,encrypt,4096,18,658,2095363
esp32c3,AES128GCM,sw,encrypt,4096,18,659,2094381
esp32c3,AES128GCM,sw,encrypt,4096,18,660,2094379
esp32c3,AES128GCM,sw,encrypt,4096,18,661,2095361
esp32c3,AES128GCM,sw,encrypt,4096,18,662,2094379
esp32c3,AES128GCM,sw,encrypt,4096,18,663,2094379
esp32c3,AES128GCM,sw,encrypt,4096,18,664,2095363
esp32c3,AES128GCM,sw,encrypt,4096,18,665,2094379
esp32c3,AES128GCM,sw,encrypt,4096,18,666,2094379
esp32c3,AES128GCM,sw,encrypt,4096,18,667,2095361
esp32c3,AES128GCM,sw,encrypt,4096,18,668,2094379
esp32c3,AES128GCM,sw,encrypt,4096,18,669,2094379
esp32c3,AES128GCM,sw,encrypt,4096,18,670,2095361
esp32c3,AES128GCM,sw,encrypt,4096,18,671,2094381
esp32c3,AES128GCM,sw,encrypt,4096,18,672,2094379
esp32c3,AES128GCM,sw,encrypt,4096,18,673,2095361
esp32c3,AES128GCM,sw,encrypt,4096,18,674,2094379
esp32c3,AES128GCM,sw,encrypt,4096,18,675,2094379
esp32c3,AES128GCM,sw,encrypt,4096,18,676,2094379
esp32c3,AES128GCM,sw,encrypt,4096,18,677,2095361
esp32c3,AES128GCM,sw,encrypt,4096,18,678,2094381
esp32c3,AES128GCM,sw,encrypt,4096,18,679,2094379
esp32c3,AES128GCM,sw,encrypt,4096,18,680,2095361
esp32c3,AES128GCM,sw,encrypt,4096,18,681,2094379
esp32c3,AES128GCM,sw,encrypt,4096,18,682,2094379
esp32c3,AES128GCM,sw,encrypt,4096,18,683,2095361
esp32c3,AES128GCM,sw,encrypt,4096,18,684,2094379
esp32c3,AES128GCM,sw,encrypt,4096,18,685,2094381
esp32c3,AES128GCM,sw,encrypt,4096,18,686,2095363
esp32c3,AES128GCM,sw,encrypt,4096,18,687,2094379
esp32c3,AES128GCM,sw,encrypt,4096,18,688,2094379
esp32c3,AES128GCM,sw,encrypt,4096,18,689,2095363
esp32c3,AES128GCM,sw,encrypt,4096,18,690,2094379
esp32c3,AES128GCM,sw,encrypt,4096,18,691,2094379
esp32c3,AES128GCM,sw,encrypt,4096,18,692,2095359
esp32c3,AES128GCM,sw,encrypt,4096,18,693,2094379
esp32c3,AES128GCM,sw,encrypt,4096,18,694,2094379
esp32c3,AES128GCM,sw,encrypt,4096,18,695,2095361
esp32c3,AES128GCM,sw,encrypt,4096,18,696,2094379
esp32c3,AES128GCM,sw,encrypt,4096,18,697,2094379
esp32c3,AES128GCM,sw,encrypt,4096,18,698,2095363
esp32c3,AES128GCM,sw,encrypt,4096,18,699,2094379
esp32c3,AES128GCM,sw,encrypt,4096,18,700,2094379
esp32c3,AES128GCM,sw,encrypt,4096,18,701,2095361
esp32c3,AES128GCM,sw,encrypt,4096,18,702,2094381
esp32c3,AES128GCM,sw,encrypt,4096,18,703,2094379
esp32c3,AES128GCM,sw,encrypt,4096,18,704,2094379
esp32c3,AES128GCM,sw,encrypt,4096,18,705,2095361
esp32c3,AES128GCM,sw,encrypt,4096,18,706,2094379
esp32c3,AES128GCM,sw,encrypt,4096,18,707,2094379
esp32c3,AES128GCM,sw,encrypt,4096,18,708,2095361
esp32c3,AES128GCM,sw,encrypt,4096,18,709,2094379
esp32c3,AES128GCM,sw,encrypt,4096,18,710,2094381
esp32c3,AES128GCM,sw,encrypt,4096,18,711,2095361
esp32c3,AES128GCM,sw,encrypt,4096,18,712,2094379
esp32c3,AES128GCM,sw,encrypt,4096,18,713,2094379
esp32c3,AES128GCM,sw,encrypt,4096,18,714,2095361
esp32c3,AES128GCM,sw,encrypt,4096,18,715,2094379
esp32c3,AES128GCM,sw,encrypt,4096,18,716,2094379
esp32c3,AES128GCM,sw,encrypt,4096,18,717,2095363
esp32c3,AES128GCM,sw,encrypt,4096,18,718,2094379
esp32c3,AES128GCM,sw,encrypt,4096,18,719,2094379
esp32c3,AES128GCM,sw,encrypt,4096,18,720,2095363
esp32c3,AES128GCM,sw,encrypt,4096,18,721,2094379
esp32c3,AES128GCM,sw,encrypt,4096,18,722,2094379
esp32c3,AES128GCM,sw,encrypt,4096,18,723,2095363
esp32c3,AES128GCM,sw,encrypt,4096,18,724,2094379
esp32c3,AES128GCM,sw,encrypt,4096,18,725,2094379
esp32c3,AES128GCM,sw,encrypt,4096,18,726,2095361
esp32c3,AES128GCM,sw,encrypt,4096,18,727,2094379
esp32c3,AES128GCM,sw,encrypt,4096,18,728,2094379
esp32c3,AES128GCM,sw,encrypt,4096,18,729,2095363
esp32c3,AES128GCM,sw,encrypt,4096,18,730,2094379
esp32c3,AES128GCM,sw,encrypt,4096,18,731,2094379
esp32c3,AES128GCM,sw,encrypt,4096,18,732,2094381
esp32c3,AES128GCM,sw,encrypt,4096,18,733,2095361
esp32c3,AES128GCM,sw,encrypt,4096,18,734,2094379
esp32c3,AES128GCM,sw,encrypt,4096,18,735,2094379
esp32c3,AES128GCM,sw,encrypt,4096,18,736,2095361
esp32c3,AES128GCM,sw,encrypt,4096,18,737,2094381
esp32c3,AES128GCM,sw,encrypt,4096,18,738,2094379
esp32c3,AES128GCM,sw,encrypt,4096,18,739,2095361
esp32c3,AES128GCM,sw,encrypt,4096,18,740,2094379
esp32c3,AES128GCM,sw,encrypt,4096,18,741,2094379
esp32c3,AES128GCM,sw,encrypt,4096,18,742,2095363
esp32c3,AES128GCM,sw,encrypt,4096,18,743,2094379
esp32c3,AES128GCM,sw,encrypt,4096,18,744,2094381
esp32c3,AES128GCM,sw,encrypt,4096,18,745,2095363
esp32c3,AES128GCM,sw,encrypt,4096,18,746,2094379
esp32c3,AES128GCM,sw,encrypt,4096,18,747,2094379
esp32c3,AES128GCM,sw,encrypt,4096,18,748,2095363
esp32c3,AES128GCM,sw,encrypt,4096,18,749,2094379
esp32c3,AES128GCM,sw,encrypt,4096,18,750,2094379
esp32c3,AES128GCM,sw,encrypt,4096,18,751,2095361
esp32c3,AES128GCM,sw,encrypt,4096,18,752,2094379
esp32c3,AES128GCM,sw,encrypt,4096,18,753,2094379
esp32c3,AES128GCM,sw,encrypt,4096,18,754,2095363
esp32c3,AES128GCM,sw,encrypt,4096,18,755,2094381
esp32c3,AES128GCM,sw,encrypt,4096,18,756,2094379
esp32c3,AES128GCM,sw,encrypt,4096,18,757,2095363
esp32c3,AES128GCM,sw,encrypt,4096,18,758,2094379
esp32c3,AES128GCM,sw,encrypt,4096,18,759,2094381
esp32c3,AES128GCM,sw,encrypt,4096,18,760,2094379
esp32c3,AES128GCM,sw,encrypt,4096,18,761,2094378
esp32c3,AES128GCM,sw,encrypt,4096,18,762,2094379
esp32c3,AES128GCM,sw,encrypt,4096,18,763,2094379
esp32c3,AES128GCM,sw,encrypt,4096,18,764,2095363
esp32c3,AES128GCM,sw,encrypt,4096,18,765,2094379
esp32c3,AES128GCM,sw,encrypt,4096,18,766,2094379
esp32c3,AES128GCM,sw,encrypt,4096,18,767,2095361
esp32c3,AES128GCM,sw,encrypt,4096,18,768,2094379
esp32c3,AES128GCM,sw,encrypt,4096,18,769,2094379
esp32c3,AES128GCM,sw,encrypt,4096,18,770,2095363
esp32c3,AES128GCM,sw,encrypt,4096,18,771,2094381
esp32c3,AES128GCM,sw,encrypt,4096,18,772,2094379
esp32c3,AES128GCM,sw,encrypt,4096,18,773,2095361
esp32c3,AES128GCM,sw,encrypt,4096,18,774,2094379
esp32c3,AES128GCM,sw,encrypt,4096,18,775,2094379
esp32c3,AES128GCM,sw,encrypt,4096,18,776,2095363
esp32c3,AES128GCM,sw,encrypt,4096,18,777,2094381
esp32c3,AES128GCM,sw,encrypt,4096,18,778,2094379
esp32c3,AES128GCM,sw,encrypt,4096,18,779,2095361
esp32c3,AES128GCM,sw,encrypt,4096,18,780,2094379
esp32c3,AES128GCM,sw,encrypt,4096,18,781,2094379
esp32c3,AES128GCM,sw,encrypt,4096,18,782,2095361
esp32c3,AES128GCM,sw,encrypt,4096,18,783,2094379
esp32c3,AES128GCM,sw,encrypt,4096,18,784,2094381
esp32c3,AES128GCM,sw,encrypt,4096,18,785,2095361
esp32c3,AES128GCM,sw,encrypt,4096,18,786,2094379
esp32c3,AES128GCM,sw,encrypt,4096,18,787,2094379
esp32c3,AES128GCM,sw,encrypt,4096,18,788,2094379
esp32c3,AES128GCM,sw,encrypt,4096,18,789,2095677
esp32c3,AES128GCM,sw,encrypt,4096,18,790,2094379
esp32c3,AES128GCM,sw,encrypt,4096,18,791,2094381
esp32c3,AES128GCM,sw,encrypt,4096,18,792,2095361
esp32c3,AES128GCM,sw,encrypt,4096,18,793,2094377
esp32c3,AES128GCM,sw,encrypt,4096,18,794,2094379
esp32c3,AES128GCM,sw,encrypt,4096,18,795,2095361
esp32c3,AES128GCM,sw,encrypt,4096,18,796,2094379
esp32c3,AES128GCM,sw,encrypt,4096,18,797,2094379
esp32c3,AES128GCM,sw,encrypt,4096,18,798,2095363
esp32c3,AES128GCM,sw,encrypt,4096,18,799,2094379
esp32c3,AES128GCM,sw,encrypt,4096,18,800,2094379
esp32c3,AES128GCM,sw,encrypt,4096,18,801,2095361
esp32c3,AES128GCM,sw,encrypt,4096,18,802,2094379
esp32c3,AES128GCM,sw,encrypt,4096,18,803,2094379
esp32c3,AES128GCM,sw,encrypt,4096,18,804,2095363
esp32c3,AES128GCM,sw,encrypt,4096,18,805,2094379
esp32c3,AES128GCM,sw,encrypt,4096,18,806,2094379
esp32c3,AES128GCM,sw,encrypt,4096,18,807,2095363
esp32c3,AES128GCM,sw,encrypt,4096,18,808,2094379
esp32c3,AES128GCM,sw,encrypt,4096,18,809,2094379
esp32c3,AES128GCM,sw,encrypt,4096,18,810,2095361
esp32c3,AES128GCM,sw,encrypt,4096,18,811,2094379
esp32c3,AES128GCM,sw,encrypt,4096,18,812,2094379
esp32c3,AES128GCM,sw,encrypt,4096,18,813,2095361
esp32c3,AES128GCM,sw,encrypt,4096,18,814,2094381
esp32c3,AES128GCM,sw,encrypt,4096,18,815,2094379
esp32c3,AES128GCM,sw,encrypt,4096,18,816,2095362
esp32c3,AES128GCM,sw,encrypt,4096,18,817,2094379
esp32c3,AES128GCM,sw,encrypt,4096,18,818,2094379
esp32c3,AES128GCM,sw,encrypt,4096,18,819,2094379
esp32c3,AES128GCM,sw,encrypt,4096,18,820,2095361
esp32c3,AES128GCM,sw,encrypt,4096,18,821,2094381
esp32c3,AES128GCM,sw,encrypt,4096,18,822,2094379
esp32c3,AES128GCM,sw,encrypt,4096,18,823,2095361
esp32c3,AES128GCM,sw,encrypt,4096,18,824,2094379
esp32c3,AES128GCM,sw,encrypt,4096,18,825,2094379
esp32c3,AES128GCM,sw,encrypt,4096,18,826,2095363
esp32c3,AES128GCM,sw,encrypt,4096,18,827,2094379
esp32c3,AES128GCM,sw,encrypt,4096,18,828,2094379
esp32c3,AES128GCM,sw,encrypt,4096,18,829,2095361
esp32c3,AES128GCM,sw,encrypt,4096,18,830,2094379
esp32c3,AES128GCM,sw,encrypt,4096,18,831,2094379
esp32c3,AES128GCM,sw,encrypt,4096,18,832,2095363
esp32c3,AES128GCM,sw,encrypt,4096,18,833,2094379
esp32c3,AES128GCM,sw,encrypt,4096,18,834,2094379
esp32c3,AES128GCM,sw,encrypt,4096,18,835,2095361
esp32c3,AES128GCM,sw,encrypt,4096,18,836,2094379
esp32c3,AES128GCM,sw,encrypt,4096,18,837,2094379
esp32c3,AES128GCM,sw,encrypt,4096,18,838,2095361
esp32c3,AES128GCM,sw,encrypt,4096,18,839,2094379
esp32c3,AES128GCM,sw,encrypt,4096,18,840,2094379
esp32c3,AES128GCM,sw,encrypt,4096,18,841,2095363
esp32c3,AES128GCM,sw,encrypt,4096,18,842,2094379
esp32c3,AES128GCM,sw,encrypt,4096,18,843,2094379
esp32c3,AES128GCM,sw,encrypt,4096,18,844,2095363
esp32c3,AES128GCM,sw,encrypt,4096,18,845,2094379
esp32c3,AES128GCM,sw,encrypt,4096,18,846,2094379
esp32c3,AES128GCM,sw,encrypt,4096,18,847,2094379
esp32c3,AES128GCM,sw,encrypt,4096,18,848,2095361
esp32c3,AES128GCM,sw,encrypt,4096,18,849,2094379
esp32c3,AES128GCM,sw,encrypt,4096,18,850,2094379
esp32c3,AES128GCM,sw,encrypt,4096,18,851,2095363
esp32c3,AES128GCM,sw,encrypt,4096,18,852,2094379
esp32c3,AES128GCM,sw,encrypt,4096,18,853,2094381
esp32c3,AES128GCM,sw,encrypt,4096,18,854,2095361
esp32c3,AES128GCM,sw,encrypt,4096,18,855,2094379
esp32c3,AES128GCM,sw,encrypt,4096,18,856,2094379
esp32c3,AES128GCM,sw,encrypt,4096,18,857,2095363
esp32c3,AES128GCM,sw,encrypt,4096,18,858,2094379
esp32c3,AES128GCM,sw,encrypt,4096,18,859,2094379
esp32c3,AES128GCM,sw,encrypt,4096,18,860,2095361
esp32c3,AES128GCM,sw,encrypt,4096,18,861,2094379
esp32c3,AES128GCM,sw,encrypt,4096,18,862,2094379
esp32c3,AES128GCM,sw,encrypt,4096,18,863,2095361
esp32c3,AES128GCM,sw,encrypt,4096,18,864,2094379
esp32c3,AES128GCM,sw,encrypt,4096,18,865,2094379
esp32c3,AES128GCM,sw,encrypt,4096,18,866,2095363
esp32c3,AES128GCM,sw,encrypt,4096,18,867,2094379
esp32c3,AES128GCM,sw,encrypt,4096,18,868,2094379
esp32c3,AES128GCM,sw,encrypt,4096,18,869,2095365
esp32c3,AES128GCM,sw,encrypt,4096,18,870,2094379
esp32c3,AES128GCM,sw,encrypt,4096,18,871,2094381
esp32c3,AES128GCM,sw,encrypt,4096,18,872,2095361
esp32c3,AES128GCM,sw,encrypt,4096,18,873,2094379
esp32c3,AES128GCM,sw,encrypt,4096,18,874,2094379
esp32c3,AES128GCM,sw,encrypt,4096,18,875,2094379
esp32c3,AES128GCM,sw,encrypt,4096,18,876,2095361
esp32c3,AES128GCM,sw,encrypt,4096,18,877,2094379
esp32c3,AES128GCM,sw,encrypt,4096,18,878,2094379
esp32c3,AES128GCM,sw,encrypt,4096,18,879,2095361
esp32c3,AES128GCM,sw,encrypt,4096,18,880,2094379
esp32c3,AES128GCM,sw,encrypt,4096,18,881,2094379
esp32c3,AES128GCM,sw,encrypt,4096,18,882,2095361
esp32c3,AES128GCM,sw,encrypt,4096,18,883,2094379
esp32c3,AES128GCM,sw,encrypt,4096,18,884,2094379
esp32c3,AES128GCM,sw,encrypt,4096,18,885,2095363
esp32c3,AES128GCM,sw,encrypt,4096,18,886,2094379
esp32c3,AES128GCM,sw,encrypt,4096,18,887,2094379
esp32c3,AES128GCM,sw,encrypt,4096,18,888,2095361
esp32c3,AES128GCM,sw,encrypt,4096,18,889,2094377
esp32c3,AES128GCM,sw,encrypt,4096,18,890,2094379
esp32c3,AES128GCM,sw,encrypt,4096,18,891,2095361
esp32c3,AES128GCM,sw,encrypt,4096,18,892,2094379
esp32c3,AES128GCM,sw,encrypt,4096,18,893,2094379
esp32c3,AES128GCM,sw,encrypt,4096,18,894,2095365
esp32c3,AES128GCM,sw,encrypt,4096,18,895,2094377
esp32c3,AES128GCM,sw,encrypt,4096,18,896,2094379
esp32c3,AES128GCM,sw,encrypt,4096,18,897,2095361
esp32c3,AES128GCM,sw,encrypt,4096,18,898,2094379
esp32c3,AES128GCM,sw,encrypt,4096,18,899,2094379
esp32c3,AES128GCM,sw,encrypt,4096,18,900,2095363
esp32c3,AES128GCM,sw,encrypt,4096,18,901,2094381
esp32c3,AES128GCM,sw,encrypt,4096,18,902,2094379
esp32c3,AES128GCM,sw,encrypt,4096,18,903,2094379
esp32c3,AES128GCM,sw,encrypt,4096,18,904,2095291
esp32c3,AES128GCM,sw,encrypt,4096,18,905,2094379
esp32c3,AES128GCM,sw,encrypt,4096,18,906,2094379
esp32c3,AES128GCM,sw,encrypt,4096,18,907,2095363
esp32c3,AES128GCM,sw,encrypt,4096,18,908,2094379
esp32c3,AES128GCM,sw,encrypt,4096,18,909,2094379
esp32c3,AES128GCM,sw,encrypt,4096,18,910,2095361
esp32c3,AES128GCM,sw,encrypt,4096,18,911,2094379
esp32c3,AES128GCM,sw,encrypt,4096,18,912,2094379
esp32c3,AES128GCM,sw,encrypt,4096,18,913,2095363
esp32c3,AES128GCM,sw,encrypt,4096,18,914,2094379
esp32c3,AES128GCM,sw,encrypt,4096,18,915,2094379
esp32c3,AES128GCM,sw,encrypt,4096,18,916,2095361
esp32c3,AES128GCM,sw,encrypt,4096,18,917,2094381
esp32c3,AES128GCM,sw,encrypt,4096,18,918,2094379
esp32c3,AES128GCM,sw,encrypt,4096,18,919,2095361
esp32c3,AES128GCM,sw,encrypt,4096,18,920,2094379
esp32c3,AES128GCM,sw,encrypt,4096,18,921,2094377
esp32c3,AES128GCM,sw,encrypt,4096,18,922,2095361
esp32c3,AES128GCM,sw,encrypt,4096,18,923,2094379
esp32c3,AES128GCM,sw,encrypt,4096,18,924,2094381
esp32c3,AES128GCM,sw,encrypt,4096,18,925,2095363
esp32c3,AES128GCM,sw,encrypt,4096,18,926,2094379
esp32c3,AES128GCM,sw,encrypt,4096,18,927,2094379
esp32c3,AES128GCM,sw,encrypt,4096,18,928,2095361
esp32c3,AES128GCM,sw,encrypt,4096,18,929,2094381
esp32c3,AES128GCM,sw,encrypt,4096,18,930,2094379
esp32c3,AES128GCM,sw,encrypt,4096,18,931,2094379
esp32c3,AES128GCM,sw,encrypt,4096,18,932,2094379
esp32c3,AES128GCM,sw,encrypt,4096,18,933,2094379
esp32c3,AES128GCM,sw,encrypt,4096,18,934,2094379
esp32c3,AES128GCM,sw,encrypt,4096,18,935,2095359
esp32c3,AES128GCM,sw,encrypt,4096,18,936,2094381
esp32c3,AES128GCM,sw,encrypt,4096,18,937,2094379
esp32c3,AES128GCM,sw,encrypt,4096,18,938,2095361
esp32c3,AES128GCM,sw,encrypt,4096,18,939,2094379
esp32c3,AES128GCM,sw,encrypt,4096,18,940,2094379
esp32c3,AES128GCM,sw,encrypt,4096,18,941,2095361
esp32c3,AES128GCM,sw,encrypt,4096,18,942,2094379
esp32c3,AES128GCM,sw,encrypt,4096,18,943,2094381
esp32c3,AES128GCM,sw,encrypt,4096,18,944,2095361
esp32c3,AES128GCM,sw,encrypt,4096,18,945,2094379
esp32c3,AES128GCM,sw,encrypt,4096,18,946,2094379
esp32c3,AES128GCM,sw,encrypt,4096,18,947,2095361
esp32c3,AES128GCM,sw,encrypt,4096,18,948,2094379
esp32c3,AES128GCM,sw,encrypt,4096,18,949,2094379
esp32c3,AES128GCM,sw,encrypt,4096,18,950,2095363
esp32c3,AES128GCM,sw,encrypt,4096,18,951,2094379
esp32c3,AES128GCM,sw,encrypt,4096,18,952,2094379
esp32c3,AES128GCM,sw,encrypt,4096,18,953,2095363
esp32c3,AES128GCM,sw,encrypt,4096,18,954,2094379
esp32c3,AES128GCM,sw,encrypt,4096,18,955,2094379
esp32c3,AES128GCM,sw,encrypt,4096,18,956,2095363
esp32c3,AES128GCM,sw,encrypt,4096,18,957,2094379
esp32c3,AES128GCM,sw,encrypt,4096,18,958,2094379
esp32c3,AES128GCM,sw,encrypt,4096,18,959,2094379
esp32c3,AES128GCM,sw,encrypt,4096,18,960,2094381
esp32c3,AES128GCM,sw,encrypt,4096,18,961,2094379
esp32c3,AES128GCM,sw,encrypt,4096,18,962,2094379
esp32c3,AES128GCM,sw,encrypt,4096,18,963,2095357
esp32c3,AES128GCM,sw,encrypt,4096,18,964,2094379
esp32c3,AES128GCM,sw,encrypt,4096,18,965,2094379
esp32c3,AES128GCM,sw,encrypt,4096,18,966,2095361
esp32c3,AES128GCM,sw,encrypt,4096,18,967,2094379
esp32c3,AES128GCM,sw,encrypt,4096,18,968,2094379
esp32c3,AES128GCM,sw,encrypt,4096,18,969,2095365
esp32c3,AES128GCM,sw,encrypt,4096,18,970,2094379
esp32c3,AES128GCM,sw,encrypt,4096,18,971,2094379
esp32c3,AES128GCM,sw,encrypt,4096,18,972,2095361
esp32c3,AES128GCM,sw,encrypt,4096,18,973,2094379
esp32c3,AES128GCM,sw,encrypt,4096,18,974,2094379
esp32c3,AES128GCM,sw,encrypt,4096,18,975,2095361
esp32c3,AES128GCM,sw,encrypt,4096,18,976,2094381
esp32c3,AES128GCM,sw,encrypt,4096,18,977,2094379
esp32c3,AES128GCM,sw,encrypt,4096,18,978,2095361
esp32c3,AES128GCM,sw,encrypt,4096,18,979,2094379
esp32c3,AES128GCM,sw,encrypt,4096,18,980,2094379
esp32c3,AES128GCM,sw,encrypt,4096,18,981,2095363
esp32c3,AES128GCM,sw,encrypt,4096,18,982,2094379
esp32c3,AES128GCM,sw,encrypt,4096,18,983,2094379
esp32c3,AES128GCM,sw,encrypt,4096,18,984,2095361
esp32c3,AES128GCM,sw,encrypt,4096,18,985,2094379
esp32c3,AES128GCM,sw,encrypt,4096,18,986,2094379
esp32c3,AES128GCM,sw,encrypt,4096,18,987,2095218
esp32c3,AES128GCM,sw,encrypt,4096,18,988,2094379
esp32c3,AES128GCM,sw,encrypt,4096,18,989,2094379
esp32c3,AES128GCM,sw,encrypt,4096,18,990,2094379
esp32c3,AES128GCM,sw,encrypt,4096,18,991,2095361
esp32c3,AES128GCM,sw,encrypt,4096,18,992,2094379
esp32c3,AES128GCM,sw,encrypt,4096,18,993,2094379
esp32c3,AES128GCM,sw,encrypt,4096,18,994,2095361
esp32c3,AES128GCM,sw,encrypt,4096,18,995,2094379
esp32c3,AES128GCM,sw,encrypt,4096,18,996,2094379
esp32c3,AES128GCM,sw,encrypt,4096,18,997,2095363
esp32c3,AES128GCM,sw,encrypt,4096,18,998,2094379
esp32c3,AES128GCM,sw,encrypt,4096,18,999,2094379
stack,esp32c3,AES128GCM,sw,encrypt,4096,14180
esp32c3,AES128GCM,sw,decrypt,4096,18,0,2084317
esp32c3,AES128GCM,sw,decrypt,4096,18,1,2094851
esp32c3,AES128GCM,sw,decrypt,4096,18,2,2094851
esp32c3,AES128GCM,sw,decrypt,4096,18,3,2095833
esp32c3,AES128GCM,sw,decrypt,4096,18,4,2094851
esp32c3,AES128GCM,sw,decrypt,4096,18,5,2094851
esp32c3,AES128GCM,sw,decrypt,4096,18,6,2095837
esp32c3,AES128GCM,sw,decrypt,4096,18,7,2094851
esp32c3,AES128GCM,sw,decrypt,4096,18,8,2094851
esp32c3,AES128GCM,sw,decrypt,4096,18,9,2095835
esp32c3,AES128GCM,sw,decrypt,4096,18,10,2094851
esp32c3,AES128GCM,sw,decrypt,4096,18,11,2094853
esp32c3,AES128GCM,sw,decrypt,4096,18,12,2095835
esp32c3,AES128GCM,sw,decrypt,4096,18,13,2094851
esp32c3,AES128GCM,sw,decrypt,4096,18,14,2094851
esp32c3,AES128GCM,sw,decrypt,4096,18,15,2095835
esp32c3,AES128GCM,sw,decrypt,4096,18,16,2094851
esp32c3,AES128GCM,sw,decrypt,4096,18,17,2094851
esp32c3,AES128GCM,sw,decrypt,4096,18,18,2095833
esp32c3,AES128GCM,sw,decrypt,4096,18,19,2094851
esp32c3,AES128GCM,sw,decrypt,4096,18,20,2094851
esp32c3,AES128GCM,sw,decrypt,4096,18,21,2094851
esp32c3,AES128GCM,sw,decrypt,4096,18,22,2094851
esp32c3,AES128GCM,sw,decrypt,4096,18,23,2094851
esp32c3,AES128GCM,sw,decrypt,4096,18,24,2094851
esp32c3,AES128GCM,sw,decrypt,4096,18,25,2095835
esp32c3,AES128GCM,sw,decrypt,4096,18,26,2094851
esp32c3,AES128GCM,sw,decrypt,4096,18,27,2094851
esp32c3,AES128GCM,sw,decrypt,4096,18,28,2095835
esp32c3,AES128GCM,sw,decrypt,4096,18,29,2094853
esp32c3,AES128GCM,sw,decrypt,4096,18,30,2094851
esp32c3,AES128GCM,sw,decrypt,4096,18,31,2095833
esp32c3,AES128GCM,sw,decrypt,4096,18,32,2094851
esp32c3,AES128GCM,sw,decrypt,4096,18,33,2094849
esp32c3,AES128GCM,sw,decrypt,4096,18,34,2095833
esp32c3,AES128GCM,sw,decrypt,4096,18,35,2094851
esp32c3,AES128GCM,sw,decrypt,4096,18,36,2094851
esp32c3,AES128GCM,sw,decrypt,4096,18,37,2095833
esp32c3,AES128GCM,sw,decrypt,4096,18,38,2094851
esp32c3,AES128GCM,sw,decrypt,4096,18,39,2094851
esp32c3,AES128GCM,sw,decrypt,4096,18,40,2095833
esp32c3,AES128GCM,sw,decrypt,4096,18,41,2094851
esp32c3,AES128GCM,sw,decrypt,4096,18,42,2094851
esp32c3,AES128GCM,sw,decrypt,4096,18,43,2095837
esp32c3,AES128GCM,sw,decrypt,4096,18,44,2094851
esp32c3,AES128GCM,sw,decrypt,4096,18,45,2094851
esp32c3,AES128GCM,sw,decrypt,4096,18,46,2095835
esp32c3,AES128GCM,sw,decrypt,4096,18,47,2094851
esp32c3,AES128GCM,sw,decrypt,4096,18,48,2094851
esp32c3,AES128GCM,sw,decrypt,4096,18,49,2095833
esp32c3,AES128GCM,sw,decrypt,4096,18,50,2094851
esp32c3,AES128GCM,sw,decrypt,4096,18,51,2094851
esp32c3,AES128GCM,sw,decrypt,4096,18,52,2094851
esp32c3,AES128GCM,sw,decrypt,4096,18,53,2094853
esp32c3,AES128GCM,sw,decrypt,4096,18,54,2094851
esp32c3,AES128GCM,sw,decrypt,4096,18,55,2094851
esp32c3,AES128GCM,sw,decrypt,4096,18,56,2095833
esp32c3,AES128GCM,sw,decrypt,4096,18,57,2094853
esp32c3,AES128GCM,sw,decrypt,4096,18,58,2094851
esp32c3,AES128GCM,sw,decrypt,4096,18,59,2095833
esp32c3,AES128GCM,sw,decrypt,4096,18,60,2094851
esp32c3,AES128GCM,sw,decrypt,4096,18,61,2094851
esp32c3,AES128GCM,sw,decrypt,4096,18,62,2095833
esp32c3,AES128GCM,sw,decrypt,4096,18,63,2094851
esp32c3,AES128GCM,sw,decrypt,4096,18,64,2094851
esp32c3,AES128GCM,sw,decrypt,4096,18,65,2095833
esp32c3,AES128GCM,sw,decrypt,4096,18,66,2094855
esp32c3,AES128GCM,sw,decrypt,4096,18,67,2094851
esp32c3,AES128GCM,sw,decrypt,4096,18,68,2095833
esp32c3,AES128GCM,sw,decrypt,4096,18,69,2094851
esp32c3,AES128GCM,sw,decrypt,4096,18,70,2094851
esp32c3,AES128GCM,sw,decrypt,4096,18,71,2095833
esp32c3,AES128GCM,sw,decrypt,4096,18,72,2094851
esp32c3,AES128GCM,sw,decrypt,4096,18,73,2094851
esp32c3,AES128GCM,sw,decrypt,4096,18,74,2095833
esp32c3,AES128GCM,sw,decrypt,4096,18,75,2094851
esp32c3,AES128GCM,sw,decrypt,4096,18,76,2094851
esp32c3,AES128GCM,sw,decrypt,4096,18,77,2095833
esp32c3,AES128GCM,sw,decrypt,4096,18,78,2094851
esp32c3,AES128GCM,sw,decrypt,4096,18,79,2094851
esp32c3,AES128GCM,sw,decrypt,4096,18,80,2095833
esp32c3,AES128GCM,sw,decrypt,4096,18,81,2094851
esp32c3,AES128GCM,sw,decrypt,4096,18,82,2094851
esp32c3,AES128GCM,sw,decrypt,4096,18,83,2094851
esp32c3,AES128GCM,sw,decrypt,4096,18,84,2095773
esp32c3,AES128GCM,sw,decrypt,4096,18,85,2094851
esp32c3,AES128GCM,sw,decrypt,4096,18,86,2094851
esp32c3,AES128GCM,sw,decrypt,4096,18,87,2095833
esp32c3,AES128GCM,sw,decrypt,4096,18,88,2094851
esp32c3,AES128GCM,sw,decrypt,4096,18,89,2094851
esp32c3,AES128GCM,sw,decrypt,4096,18,90,2095833
esp32c3,AES128GCM,sw,decrypt,4096,18,91,2094851
esp32c3,AES128GCM,sw,decrypt,4096,18,92,2094851
esp32c3,AES128GCM,sw,decrypt,4096,18,93,2095833
esp32c3,AES128GCM,sw,decrypt,4096,18,94,2094851
esp32c3,AES128GCM,sw,decrypt,4096,18,95,2094851
esp32c3,AES128GCM,sw,decrypt,4096,18,96,2095833
esp32c3,AES128GCM,sw,decrypt,4096,18,97,2094851
esp32c3,AES128GCM,sw,decrypt,4096,18,98,2094851
esp32c3,AES128GCM,sw,decrypt,4096,18,99,2095833
esp32c3,AES128GCM,sw,decrypt,4096,18,100,2094851
esp32c3,AES128GCM,sw,decrypt,4096,18,101,2094851
esp32c3,AES128GCM,sw,decrypt,4096,18,102,2095833
esp32c3,AES128GCM,sw,decrypt,4096,18,103,2094851
esp32c3,AES128GCM,sw,decrypt,4096,18,104,2094851
esp32c3,AES128GCM,sw,decrypt,4096,18,105,2095833
esp32c3,AES128GCM,sw,decrypt,4096,18,106,2094853
esp32c3,AES128GCM,sw,decrypt,4096,18,107,2094853
esp32c3,AES128GCM,sw,decrypt,4096,18,108,2095835
esp32c3,AES128GCM,sw,decrypt,4096,18,109,2094851
esp32c3,AES128GCM,sw,decrypt,4096,18,110,2094851
esp32c3,AES128GCM,sw,decrypt,4096,18,111,2095833
esp32c3,AES128GCM,sw,decrypt,4096,18,112,2094851
esp32c3,AES128GCM,sw,decrypt,4096,18,113,2094851
esp32c3,AES128GCM,sw,decrypt,4096,18,114,2094851
esp32c3,AES128GCM,sw,decrypt,4096,18,115,2095833
esp32c3,AES128GCM,sw,decrypt,4096,18,116,2094853
esp32c3,AES128GCM,sw,decrypt,4096,18,117,2094851
esp32c3,AES128GCM,sw,decrypt,4096,18,118,2095833
esp32c3,AES128GCM,sw,decrypt,4096,18,119,2094851
esp32c3,AES128GCM,sw,decrypt,4096,18,120,2094851
esp32c3,AES128GCM,sw,decrypt,4096,18,121,2095833
esp32c3,AES128GCM,sw,decrypt,4096,18,122,2094853
esp32c3,AES128GCM,sw,decrypt,4096,18,123,2094851
esp32c3,AES128GCM,sw,decrypt,4096,18,124,2095833
esp32c3,AES128GCM,sw,decrypt,4096,18,125,2094851
esp32c3,AES128GCM,sw,decrypt,4096,18,126,2094851
esp32c3,AES128GCM,sw,decrypt,4096,18,127,2095833
esp32c3,AES128GCM,sw,decrypt,4096,18,128,2094851
esp32c3,AES128GCM,sw,decrypt,4096,18,129,2094851
esp32c3,AES128GCM,sw,decrypt,4096,18,130,2095833
esp32c3,AES128GCM,sw,decrypt,4096,18,131,2094851
esp32c3,AES128GCM,sw,decrypt,4096,18,132,2094851
esp32c3,AES128GCM,sw,decrypt,4096,18,133,2095837
esp32c3,AES128GCM,sw,decrypt,4096,18,134,2094853
esp32c3,AES128GCM,sw,decrypt,4096,18,135,2094851
esp32c3,AES128GCM,sw,decrypt,4096,18,136,2095833
esp32c3,AES128GCM,sw,decrypt,4096,18,137,2094851
esp32c3,AES128GCM,sw,decrypt,4096,18,138,2094851
esp32c3,AES128GCM,sw,decrypt,4096,18,139,2095835
esp32c3,AES128GCM,sw,decrypt,4096,18,140,2094851
esp32c3,AES128GCM,sw,decrypt,4096,18,141,2094851
esp32c3,AES128GCM,sw,decrypt,4096,18,142,2095833
esp32c3,AES128GCM,sw,decrypt,4096,18,143,2094851
esp32c3,AES128GCM,sw,decrypt,4096,18,144,2094851
esp32c3,AES128GCM,sw,decrypt,4096,18,145,2094851
esp32c3,AES128GCM,sw,decrypt,4096,18,146,2095833
esp32c3,AES128GCM,sw,decrypt,4096,18,147,2094851
esp32c3,AES128GCM,sw,decrypt,4096,18,148,2094851
esp32c3,AES128GCM,sw,decrypt,4096,18,149,2095837
esp32c3,AES128GCM,sw,decrypt,4096,18,150,2094853
esp32c3,AES128GCM,sw,decrypt,4096,18,151,2094851
esp32c3,AES128GCM,sw,decrypt,4096,18,152,2095833
esp32c3,AES128GCM,sw,decrypt,4096,18,153,2094851
esp32c3,AES128GCM,sw,decrypt,4096,18,154,2094851
esp32c3,AES128GCM,sw,decrypt,4096,18,155,2095833
esp32c3,AES128GCM,sw,decrypt,4096,18,156,2094851
esp32c3,AES128GCM,sw,decrypt,4096,18,157,2094851
esp32c3,AES128GCM,sw,decrypt,4096,18,158,2095835
esp32c3,AES128GCM,sw,decrypt,4096,18,159,2094851
esp32c3,AES128GCM,sw,decrypt,4096,18,160,2094851
esp32c3,AES128GCM,sw,decrypt,4096,18,161,2095833
esp32c3,AES128GCM,sw,decrypt,4096,18,162,2094851
esp32c3,AES128GCM,sw,decrypt,4096,18,163,2094851
esp32c3,AES128GCM,sw,decrypt,4096,18,164,2095835
esp32c3,AES128GCM,sw,decrypt,4096,18,165,2094851
esp32c3,AES128GCM,sw,decrypt,4096,18,166,2094851
esp32c3,AES128GCM,sw,decrypt,4096,18,167,2095833
esp32c3,AES128GCM,sw,decrypt,4096,18,168,2094851
esp32c3,AES128GCM,sw,decrypt,4096,18,169,2094851
esp32c3,AES128GCM,sw,decrypt,4096,18,170,2095835
esp32c3,AES128GCM,sw,decrypt,4096,18,171,2094851
esp32c3,AES128GCM,sw,decrypt,4096,18,172,2094855
esp32c3,AES128GCM,sw,decrypt,4096,18,173,2095833
esp32c3,AES128GCM,sw,decrypt,4096,18,174,2094853
esp32c3,AES128GCM,sw,decrypt,4096,18,175,2094851
esp32c3,AES128GCM,sw,decrypt,4096,18,176,2094851
esp32c3,AES128GCM,sw,decrypt,4096,18,177,2095833
esp32c3,AES128GCM,sw,decrypt,4096,18,178,2094851
esp32c3,AES128GCM,sw,decrypt,4096,18,179,2094851
esp32c3,AES128GCM,sw,decrypt,4096,18,180,2095835
esp32c3,AES128GCM,sw,decrypt,4096,18,181,2094851
esp32c3,AES128GCM,sw,decrypt,4096,18,182,2094851
esp32c3,AES128GCM,sw,decrypt,4096,18,183,2095835
esp32c3,AES128GCM,sw,decrypt,4096,18,184,2094851
esp32c3,AES128GCM,sw,decrypt,4096,18,185,2094851
esp32c3,AES128GCM,sw,decrypt,4096,18,186,2095833
esp32c3,AES128GCM,sw,decrypt,4096,18,187,2094851
esp32c3,AES128GCM,sw,decrypt,4096,18,188,2094851
esp32c3,AES128GCM,sw,decrypt,4096,18,189,2095835
esp32c3,AES128GCM,sw,decrypt,4096,18,190,2094853
esp32c3,AES128GCM,sw,decrypt,4096,18,191,2094851
esp32c3,AES128GCM,sw,decrypt,4096,18,192,2095833
esp32c3,AES128GCM,sw,decrypt,4096,18,193,2094851
esp32c3,AES128GCM,sw,decrypt,4096,18,194,2094851
esp32c3,AES128GCM,sw,decrypt,4096,18,195,2095833
esp32c3,AES128GCM,sw,decrypt,4096,18,196,2094851
esp32c3,AES128GCM,sw,decrypt,4096,18,197,2094851
esp32c3,AES128GCM,sw,decrypt,4096,18,198,2095835
esp32c3,AES128GCM,sw,decrypt,4096,18,199,2094851
esp32c3,AES128GCM,sw,decrypt,4096,18,200,2094851
esp32c3,AES128GCM,sw,decrypt,4096,18,201,2095833
esp32c3,AES128GCM,sw,decrypt,4096,18,202,2094851
esp32c3,AES128GCM,sw,decrypt,4096,18,203,2094851
esp32c3,AES128GCM,sw,decrypt,4096,18,204,2095835
esp32c3,AES128GCM,sw,decrypt,4096,18,205,2094851
esp32c3,AES128GCM,sw,decrypt,4096,18,206,2094851
esp32c3,AES128GCM,sw,decrypt,4096,18,207,2094853
esp32c3,AES128GCM,sw,decrypt,4096,18,208,2095833
esp32c3,AES128GCM,sw,decrypt,4096,18,209,2094851
esp32c3,AES128GCM,sw,decrypt,4096,18,210,2094851
esp32c3,AES128GCM,sw,decrypt,4096,18,211,2095835
esp32c3,AES128GCM,sw,decrypt,4096,18,212,2094851
esp32c3,AES128GCM,sw,decrypt,4096,18,213,2094851
esp32c3,AES128GCM,sw,decrypt,4096,18,214,2095835
esp32c3,AES128GCM,sw,decrypt,4096,18,215,2094851
esp32c3,AES128GCM,sw,decrypt,4096,18,216,2094851
esp32c3,AES128GCM,sw,decrypt,4096,18,217,2095835
esp32c3,AES128GCM,sw,decrypt,4096,18,218,2094851
esp32c3,AES128GCM,sw,decrypt,4096,18,219,2094851
esp32c3,AES128GCM,sw,decrypt,4096,18,220,2095835
esp32c3,AES128GCM,sw,decrypt,4096,18,221,2094851
esp32c3,AES128GCM,sw,decrypt,4096,18,222,2094851
esp32c3,AES128GCM,sw,decrypt,4096,18,223,2095835
esp32c3,AES128GCM,sw,decrypt,4096,18,224,2094851
esp32c3,AES128GCM,sw,decrypt,4096,18,225,2094851
esp32c3,AES128GCM,sw,decrypt,4096,18,226,2095833
esp32c3,AES128GCM,sw,decrypt,4096,18,227,2094851
esp32c3,AES128GCM,sw,decrypt,4096,18,228,2094851
esp32c3,AES128GCM,sw,decrypt,4096,18,229,2095833
esp32c3,AES128GCM,sw,decrypt,4096,18,230,2094851
esp32c3,AES128GCM,sw,decrypt,4096,18,231,2094851
esp32c3,AES128GCM,sw,decrypt,4096,18,232,2095833
esp32c3,AES128GCM,sw,decrypt,4096,18,233,2094849
esp32c3,AES128GCM,sw,decrypt,4096,18,234,2094851
esp32c3,AES128GCM,sw,decrypt,4096,18,235,2095835
esp32c3,AES128GCM,sw,decrypt,4096,18,236,2094851
esp32c3,AES128GCM,sw,decrypt,4096,18,237,2094851
esp32c3,AES128GCM,sw,decrypt,4096,18,238,2094851
esp32c3,AES128GCM,sw,decrypt,4096,18,239,2095835
esp32c3,AES128GCM,sw,decrypt,4096,18,240,2094851
esp32c3,AES128GCM,sw,decrypt,4096,18,241,2094853
esp32c3,AES128GCM,sw,decrypt,4096,18,242,2095833
esp32c3,AES128GCM,sw,decrypt,4096,18,243,2094851
esp32c3,AES128GCM,sw,decrypt,4096,18,244,2094851
esp32c3,AES128GCM,sw,decrypt,4096,18,245,2095833
esp32c3,AES128GCM,sw,decrypt,4096,18,246,2094851
esp32c3,AES128GCM,sw,decrypt,4096,18,247,2094851
esp32c3,AES128GCM,sw,decrypt,4096,18,248,2095833
esp32c3,AES128GCM,sw,decrypt,4096,18,249,2094851
esp32c3,AES128GCM,sw,decrypt,4096,18,250,2094851
esp32c3,AES128GCM,sw,decrypt,4096,18,251,2095835
esp32c3,AES128GCM,sw,decrypt,4096,18,252,2094851
esp32c3,AES128GCM,sw,decrypt,4096,18,253,2094851
esp32c3,AES128GCM,sw,decrypt,4096,18,254,2095835
esp32c3,AES128GCM,sw,decrypt,4096,18,255,2094853
esp32c3,AES128GCM,sw,decrypt,4096,18,256,2094851
esp32c3,AES128GCM,sw,decrypt,4096,18,257,2095833
esp32c3,AES128GCM,sw,decrypt,4096,18,258,2094851
esp32c3,AES128GCM,sw,decrypt,4096,18,259,2094851
esp32c3,AES128GCM,sw,decrypt,4096,18,260,2095835
esp32c3,AES128GCM,sw,decrypt,4096,18,261,2094851
esp32c3,AES128GCM,sw,decrypt,4096,18,262,2094851
esp32c3,AES128GCM,sw,decrypt,4096,18,263,2095833
esp32c3,AES128GCM,sw,decrypt,4096,18,264,2094851
esp32c3,AES128GCM,sw,decrypt,4096,18,265,2094851
esp32c3,AES128GCM,sw,decrypt,4096,18,266,2095835
esp32c3,AES128GCM,sw,decrypt,4096,18,267,2094851
esp32c3,AES128GCM,sw,decrypt,4096,18,268,2094851
esp32c3,AES128GCM,sw,decrypt,4096,18,269,2094851
esp32c3,AES128GCM,sw,decrypt,4096,18,270,2095833
esp32c3,AES128GCM,sw,decrypt,4096,18,271,2094851
esp32c3,AES128GCM,sw,decrypt,4096,18,272,2094851
esp32c3,AES128GCM,sw,decrypt,4096,18,273,2095835
esp32c3,AES128GCM,sw,decrypt,4096,18,274,2094851
esp32c3,AES128GCM,sw,decrypt,4096,18,275,2094851
esp32c3,AES128GCM,sw,decrypt,4096,18,276,2095835
esp32c3,AES128GCM,sw,decrypt,4096,18,277,2094851
esp32c3,AES128GCM,sw,decrypt,4096,18,278,2094851
esp32c3,AES128GCM,sw,decrypt,4096,18,279,2095833
esp32c3,AES128GCM,sw,decrypt,4096,18,280,2094851
esp32c3,AES128GCM,sw,decrypt,4096,18,281,2094851
esp32c3,AES128GCM,sw,decrypt,4096,18,282,2095835
esp32c3,AES128GCM,sw,decrypt,4096,18,283,2094853
esp32c3,AES128GCM,sw,decrypt,4096,18,284,2094851
esp32c3,AES128GCM,sw,decrypt,4096,18,285,2095835
esp32c3,AES128GCM,sw,decrypt,4096,18,286,2094851
esp32c3,AES128GCM,sw,decrypt,4096,18,287,2094851
esp32c3,AES128GCM,sw,decrypt,4096,18,288,2095833
esp32c3,AES128GCM,sw,decrypt,4096,18,289,2094853
esp32c3,AES128GCM,sw,decrypt,4096,18,290,2094851
esp32c3,AES128GCM,sw,decrypt,4096,18,291,2095833
esp32c3,AES128GCM,sw,decrypt,4096,18,292,2094851
esp32c3,AES128GCM,sw,decrypt,4096,18,293,2094851
esp32c3,AES128GCM,sw,decrypt,4096,18,294,2095833
esp32c3,AES128GCM,sw,decrypt,4096,18,295,2094851
esp32c3,AES128GCM,sw,decrypt,4096,18,296,2094851
esp32c3,AES128GCM,sw,decrypt,4096,18,297,2095833
esp32c3,AES128GCM,sw,decrypt,4096,18,298,2094851
esp32c3,AES128GCM,sw,decrypt,4096,18,299,2094851
esp32c3,AES128GCM,sw,decrypt,4096,18,300,2094853
esp32c3,AES128GCM,sw,decrypt,4096,18,301,2095833
esp32c3,AES128GCM,sw,decrypt,4096,18,302,2094851
esp32c3,AES128GCM,sw,decrypt,4096,18,303,2094851
esp32c3,AES128GCM,sw,decrypt,4096,18,304,2095835
esp32c3,AES128GCM,sw,decrypt,4096,18,305,2094851
esp32c3,AES128GCM,sw,decrypt,4096,18,306,2094851
esp32c3,AES128GCM,sw,decrypt,4096,18,307,2095833
esp32c3,AES128GCM,sw,decrypt,4096,18,308,2094851
esp32c3,AES128GCM,sw,decrypt,4096,18,309,2094851
esp32c3,AES128GCM,sw,decrypt,4096,18,310,2095835
esp32c3,AES128GCM,sw,decrypt,4096,18,311,2094851
esp32c3,AES128GCM,sw,decrypt,4096,18,312,2094851
esp32c3,AES128GCM,sw,decrypt,4096,18,313,2095835
esp32c3,AES128GCM,sw,decrypt,4096,18,314,2094851
esp32c3,AES128GCM,sw,decrypt,4096,18,315,2094851
esp32c3,AES128GCM,sw,decrypt,4096,18,316,2095835
esp32c3,AES128GCM,sw,decrypt,4096,18,317,2094851
esp32c3,AES128GCM,sw,decrypt,4096,18,318,2094851
esp32c3,AES128GCM,sw,decrypt,4096,18,319,2095833
esp32c3,AES128GCM,sw,decrypt,4096,18,320,2094851
esp32c3,AES128GCM,sw,decrypt,4096,18,321,2094851
esp32c3,AES128GCM,sw,decrypt,4096,18,322,2095833
esp32c3,AES128GCM,sw,decrypt,4096,18,323,2094851
esp32c3,AES128GCM,sw,decrypt,4096,18,324,2094853
esp32c3,AES128GCM,sw,decrypt,4096,18,325,2095835
esp32c3,AES128GCM,sw,decrypt,4096,18,326,2094853
esp32c3,AES128GCM,sw,decrypt,4096,18,327,2094851
esp32c3,AES128GCM,sw,decrypt,4096,18,328,2095833
esp32c3,AES128GCM,sw,decrypt,4096,18,329,2094851
esp32c3,AES128GCM,sw,decrypt,4096,18,330,2094851
esp32c3,AES128GCM,sw,decrypt,4096,18,331,2094851
esp32c3,AES128GCM,sw,decrypt,4096,18,332,2095833
esp32c3,AES128GCM,sw,decrypt,4096,18,333,2094851
esp32c3,AES128GCM,sw,decrypt,4096,18,334,2094853
esp32c3,AES128GCM,sw,decrypt,4096,18,335,2095833
esp32c3,AES128GCM,sw,decrypt,4096,18,336,2094851
esp32c3,AES128GCM,sw,decrypt,4096,18,337,2094853
esp32c3,AES128GCM,sw,decrypt,4096,18,338,2095835
esp32c3,AES128GCM,sw,decrypt,4096,18,339,2094851
esp32c3,AES128GCM,sw,decrypt,4096,18,340,2094851
esp32c3,AES128GCM,sw,decrypt,4096,18,341,2095835
esp32c3,AES128GCM,sw,decrypt,4096,18,342,2094855
esp32c3,AES128GCM,sw,decrypt,4096,18,343,2094851
esp32c3,AES128GCM,sw,decrypt,4096,18,344,2095833
esp32c3,AES128GCM,sw,decrypt,4096,18,345,2094853
esp32c3,AES128GCM,sw,decrypt,4096,18,346,2094851
esp32c3,AES128GCM,sw,decrypt,4096,18,347,2095833
esp32c3,AES128GCM,sw,decrypt,4096,18,348,2094851
esp32c3,AES128GCM,sw,decrypt,4096,18,349,2094851
esp32c3,AES128GCM,sw,decrypt,4096,18,350,2095833
esp32c3,AES128GCM,sw,decrypt,4096,18,351,2094851
esp32c3,AES128GCM,sw,decrypt,4096,18,352,2094851
esp32c3,AES128GCM,sw,decrypt,4096,18,353,2095833
esp32c3,AES128GCM,sw,decrypt,4096,18,354,2094853
esp32c3,AES128GCM,sw,decrypt,4096,18,355,2094851
esp32c3,AES128GCM,sw,decrypt,4096,18,356,2095833
esp32c3,AES128GCM,sw,decrypt,4096,18,357,2094851
esp32c3,AES128GCM,sw,decrypt,4096,18,358,2094851
esp32c3,AES128GCM,sw,decrypt,4096,18,359,2095833
esp32c3,AES128GCM,sw,decrypt,4096,18,360,2094851
esp32c3,AES128GCM,sw,decrypt,4096,18,361,2094851
esp32c3,AES128GCM,sw,decrypt,4096,18,362,2094851
esp32c3,AES128GCM,sw,decrypt,4096,18,363,2095833
esp32c3,AES128GCM,sw,decrypt,4096,18,364,2094851
esp32c3,AES128GCM,sw,decrypt,4096,18,365,2094853
esp32c3,AES128GCM,sw,decrypt,4096,18,366,2095835
esp32c3,AES128GCM,sw,decrypt,4096,18,367,2094851
esp32c3,AES128GCM,sw,decrypt,4096,18,368,2094851
esp32c3,AES128GCM,sw,decrypt,4096,18,369,2095835
esp32c3,AES128GCM,sw,decrypt,4096,18,370,2094851
esp32c3,AES128GCM,sw,decrypt,4096,18,371,2094851
esp32c3,AES128GCM,sw,decrypt,4096,18,372,2095837
esp32c3,AES128GCM,sw,decrypt,4096,18,373,2094851
esp32c3,AES128GCM,sw,decrypt,4096,18,374,2094851
esp32c3,AES128GCM,sw,decrypt,4096,18,375,2095833
esp32c3,AES128GCM,sw,decrypt,4096,18,376,2094851
esp32c3,AES128GCM,sw,decrypt,4096,18,377,2094851
esp32c3,AES128GCM,sw,decrypt,4096,18,378,2095835
esp32c3,AES128GCM,sw,decrypt,4096,18,379,2094853
esp32c3,AES128GCM,sw,decrypt,4096,18,380,2094851
esp32c3,AES128GCM,sw,decrypt,4096,18,381,2095835
esp32c3,AES128GCM,sw,decrypt,4096,18,382,2094851
esp32c3,AES128GCM,sw,decrypt,4096,18,383,2094851
esp32c3,AES128GCM,sw,decrypt,4096,18,384,2095835
esp32c3,AES128GCM,sw,decrypt,4096,18,385,2094853
esp32c3,AES128GCM,sw,decrypt,4096,18,386,2094853
esp32c3,AES128GCM,sw,decrypt,4096,18,387,2095835
esp32c3,AES128GCM,sw,decrypt,4096,18,388,2094851
esp32c3,AES128GCM,sw,decrypt,4096,18,389,2094851
esp32c3,AES128GCM,sw,decrypt,4096,18,390,2095835
esp32c3,AES128GCM,sw,decrypt,4096,18,391,2094851
esp32c3,AES128GCM,sw,decrypt,4096,18,392,2094851
esp32c3,AES128GCM,sw,decrypt,4096,18,393,2094853
esp32c3,AES128GCM,sw,decrypt,4096,18,394,2095833
esp32c3,AES128GCM,sw,decrypt,4096,18,395,2094851
esp32c3,AES128GCM,sw,decrypt,4096,18,396,2094851
esp32c3,AES128GCM,sw,decrypt,4096,18,397,2095835
esp32c3,AES128GCM,sw,decrypt,4096,18,398,2094851
esp32c3,AES128GCM,sw,decrypt,4096,18,399,2094849
esp32c3,AES128GCM,sw,decrypt,4096,18,400,2095833
esp32c3,AES128GCM,sw,decrypt,4096,18,401,2094853
esp32c3,AES128GCM,sw,decrypt,4096,18,402,2094853
esp32c3,AES128GCM,sw,decrypt,4096,18,403,2095835
esp32c3,AES128GCM,sw,decrypt,4096,18,404,2094851
esp32c3,AES128GCM,sw,decrypt,4096,18,405,2094851
esp32c3,AES128GCM,sw,decrypt,4096,18,406,2095835
esp32c3,AES128GCM,sw,decrypt,4096,18,407,2094851
esp32c3,AES128GCM,sw,decrypt,4096,18,408,2094851
esp32c3,AES128GCM,sw,decrypt,4096,18,409,2095835
esp32c3,AES128GCM,sw,decrypt,4096,18,410,2094851
esp32c3,AES128GCM,sw,decrypt,4096,18,411,2094851
esp32c3,AES128GCM,sw,decrypt,4096,18,412,2095833
esp32c3,AES128GCM,sw,decrypt,4096,18,413,2094851
esp32c3,AES128GCM,sw,decrypt,4096,18,414,2094853
esp32c3,AES128GCM,sw,decrypt,4096,18,415,2095835
esp32c3,AES128GCM,sw,decrypt,4096,18,416,2094853
esp32c3,AES128GCM,sw,decrypt,4096,18,417,2094851
esp32c3,AES128GCM,sw,decrypt,4096,18,418,2095833
esp32c3,AES128GCM,sw,decrypt,4096,18,419,2094855
esp32c3,AES128GCM,sw,decrypt,4096,18,420,2094853
esp32c3,AES128GCM,sw,decrypt,4096,18,421,2095837
esp32c3,AES128GCM,sw,decrypt,4096,18,422,2094851
esp32c3,AES128GCM,sw,decrypt,4096,18,423,2094851
esp32c3,AES128GCM,sw,decrypt,4096,18,424,2094853
esp32c3,AES128GCM,sw,decrypt,4096,18,425,2095833
esp32c3,AES128GCM,sw,decrypt,4096,18,426,2094851
esp32c3,AES128GCM,sw,decrypt,4096,18,427,2094851
esp32c3,AES128GCM,sw,decrypt,4096,18,428,2095833
esp32c3,AES128GCM,sw,decrypt,4096,18,429,2094851
esp32c3,AES128GCM,sw,decrypt,4096,18,430,2094853
esp32c3,AES128GCM,sw,decrypt,4096,18,431,2095835
esp32c3,AES128GCM,sw,decrypt,4096,18,432,2094851
esp32c3,AES128GCM,sw,decrypt,4096,18,433,2094851
esp32c3,AES128GCM,sw,decrypt,4096,18,434,2095833
esp32c3,AES128GCM,sw,decrypt,4096,18,435,2094851
esp32c3,AES128GCM,sw,decrypt,4096,18,436,2094853
esp32c3,AES128GCM,sw,decrypt,4096,18,437,2095837
esp32c3,AES128GCM,sw,decrypt,4096,18,438,2094851
esp32c3,AES128GCM,sw,decrypt,4096,18,439,2094851
esp32c3,AES128GCM,sw,decrypt,4096,18,440,2095833
esp32c3,AES128GCM,sw,decrypt,4096,18,441,2094851
esp32c3,AES128GCM,sw,decrypt,4096,18,442,2094851
esp32c3,AES128GCM,sw,decrypt,4096,18,443,2095835
esp32c3,AES128GCM,sw,decrypt,4096,18,444,2094851
esp32c3,AES128GCM,sw,decrypt,4096,18,445,2094851
esp32c3,AES128GCM,sw,decrypt,4096,18,446,2095837
esp32c3,AES128GCM,sw,decrypt,4096,18,447,2094851
esp32c3,AES128GCM,sw,decrypt,4096,18,448,2094851
esp32c3,AES128GCM,sw,decrypt,4096,18,449,2095833
esp32c3,AES128GCM,sw,decrypt,4096,18,450,2094851
esp32c3,AES128GCM,sw,decrypt,4096,18,451,2094851
esp32c3,AES128GCM,sw,decrypt,4096,18,452,2095833
esp32c3,AES128GCM,sw,decrypt,4096,18,453,2094853
esp32c3,AES128GCM,sw,decrypt,4096,18,454,2094851
esp32c3,AES128GCM,sw,decrypt,4096,18,455,2094851
esp32c3,AES128GCM,sw,decrypt,4096,18,456,2095833
esp32c3,AES128GCM,sw,decrypt,4096,18,457,2094851
esp32c3,AES128GCM,sw,decrypt,4096,18,458,2094851
esp32c3,AES128GCM,sw,decrypt,4096,18,459,2095835
esp32c3,AES128GCM,sw,decrypt,4096,18,460,2094851
esp32c3,AES128GCM,sw,decrypt,4096,18,461,2094851
esp32c3,AES128GCM,sw,decrypt,4096,18,462,2095835
esp32c3,AES128GCM,sw,decrypt,4096,18,463,2094851
esp32c3,AES128GCM,sw,decrypt,4096,18,464,2094851
esp32c3,AES128GCM,sw,decrypt,4096,18,465,2095833
esp32c3,AES128GCM,sw,decrypt,4096,18,466,2094851
esp32c3,AES128GCM,sw,decrypt,4096,18,467,2094851
esp32c3,AES128GCM,sw,decrypt,4096,18,468,2095835
esp32c3,AES128GCM,sw,decrypt,4096,18,469,2094851
esp32c3,AES128GCM,sw,decrypt,4096,18,470,2094851
esp32c3,AES128GCM,sw,decrypt,4096,18,471,2095835
esp32c3,AES128GCM,sw,decrypt,4096,18,472,2094851
esp32c3,AES128GCM,sw,decrypt,4096,18,473,2094851
esp32c3,AES128GCM,sw,decrypt,4096,18,474,2095833
esp32c3,AES128GCM,sw,decrypt,4096,18,475,2094851
esp32c3,AES128GCM,sw,decrypt,4096,18,476,2094849
esp32c3,AES128GCM,sw,decrypt,4096,18,477,2095833
esp32c3,AES128GCM,sw,decrypt,4096,18,478,2094851
esp32c3,AES128GCM,sw,decrypt,4096,18,479,2094853
esp32c3,AES128GCM,sw,decrypt,4096,18,480,2095835
esp32c3,AES128GCM,sw,decrypt,4096,18,481,2094851
esp32c3,AES128GCM,sw,decrypt,4096,18,482,2094851
esp32c3,AES128GCM,sw,decrypt,4096,18,483,2095835
esp32c3,AES128GCM,sw,decrypt,4096,18,484,2094851
esp32c3,AES128GCM,sw,decrypt,4096,18,485,2094851
esp32c3,AES128GCM,sw,decrypt,4096,18,486,2094853
esp32c3,AES128GCM,sw,decrypt,4096,18,487,2095833
esp32c3,AES128GCM,sw,decrypt,4096,18,488,2094851
esp32c3,AES128GCM,sw,decrypt,4096,18,489,2094851
esp32c3,AES128GCM,sw,decrypt,4096,18,490,2095833
esp32c3,AES128GCM,sw,decrypt,4096,18,491,2094853
esp32c3,AES128GCM,sw,decrypt,4096,18,492,2094851
esp32c3,AES128GCM,sw,decrypt,4096,18,493,2095837
esp32c3,AES128GCM,sw,decrypt,4096,18,494,2094851
esp32c3,AES128GCM,sw,decrypt,4096,18,495,2094851
esp32c3,AES128GCM,sw,decrypt,4096,18,496,2095839
esp32c3,AES128GCM,sw,decrypt,4096,18,497,2094853
esp32c3,AES128GCM,sw,decrypt,4096,18,498,2094853
esp32c3,AES128GCM,sw,decrypt,4096,18,499,2095835
esp32c3,AES128GCM,sw,decrypt,4096,18,500,2094851
esp32c3,AES128GCM,sw,decrypt,4096,18,501,2094851
esp32c3,AES128GCM,sw,decrypt,4096,18,502,2095833
esp32c3,AES128GCM,sw,decrypt,4096,18,503,2094851
esp32c3,AES128GCM,sw,decrypt,4096,18,504,2094851
esp32c3,AES128GCM,sw,decrypt,4096,18,505,2095833
esp32c3,AES128GCM,sw,decrypt,4096,18,506,2094851
esp32c3,AES128GCM,sw,decrypt,4096,18,507,2094853
esp32c3,AES128GCM,sw,decrypt,4096,18,508,2095835
esp32c3,AES128GCM,sw,decrypt,4096,18,509,2094851
esp32c3,AES128GCM,sw,decrypt,4096,18,510,2094851
esp32c3,AES128GCM,sw,decrypt,4096,18,511,2095833
esp32c3,AES128GCM,sw,decrypt,4096,18,512,2094851
esp32c3,AES128GCM,sw,decrypt,4096,18,513,2094853
esp32c3,AES128GCM,sw,decrypt,4096,18,514,2095837
esp32c3,AES128GCM,sw,decrypt,4096,18,515,2094851
esp32c3,AES128GCM,sw,decrypt,4096,18,516,2094851
esp32c3,AES128GCM,sw,decrypt,4096,18,517,2094851
esp32c3,AES128GCM,sw,decrypt,4096,18,518,2095833
esp32c3,AES128GCM,sw,decrypt,4096,18,519,2094851
esp32c3,AES128GCM,sw,decrypt,4096,18,520,2094851
esp32c3,AES128GCM,sw,decrypt,4096,18,521,2095833
esp32c3,AES128GCM,sw,decrypt,4096,18,522,2094851
esp32c3,AES128GCM,sw,decrypt,4096,18,523,2094849
esp32c3,AES128GCM,sw,decrypt,4096,18,524,2095833
esp32c3,AES128GCM,sw,decrypt,4096,18,525,2094853
esp32c3,AES128GCM,sw,decrypt,4096,18,526,2094851
esp32c3,AES128GCM,sw,decrypt,4096,18,527,2095833
esp32c3,AES128GCM,sw,decrypt,4096,18,528,2094851
esp32c3,AES128GCM,sw,decrypt,4096,18,529,2094851
esp32c3,AES128GCM,sw,decrypt,4096,18,530,2095833
esp32c3,AES128GCM,sw,decrypt,4096,18,531,2094853
esp32c3,AES128GCM,sw,decrypt,4096,18,532,2094851
esp32c3,AES128GCM,sw,decrypt,4096,18,533,2095833
esp32c3,AES128GCM,sw,decrypt,4096,18,534,2094851
esp32c3,AES128GCM,sw,decrypt,4096,18,535,2094851
esp32c3,AES128GCM,sw,decrypt,4096,18,536,2095833
esp32c3,AES128GCM,sw,decrypt,4096,18,537,2094851
esp32c3,AES128GCM,sw,decrypt,4096,18,538,2094851
esp32c3,AES128GCM,sw,decrypt,4096,18,539,2095833
esp32c3,AES128GCM,sw,decrypt,4096,18,540,2094853
esp32c3,AES128GCM,sw,decrypt,4096,18,541,2094851
esp32c3,AES128GCM,sw,decrypt,4096,18,542,2095833
esp32c3,AES128GCM,sw,decrypt,4096,18,543,2094851
esp32c3,AES128GCM,sw,decrypt,4096,18,544,2094851
esp32c3,AES128GCM,sw,decrypt,4096,18,545,2095833
esp32c3,AES128GCM,sw,decrypt,4096,18,546,2094851
esp32c3,AES128GCM,sw,decrypt,4096,18,547,2094851
esp32c3,AES128GCM,sw,decrypt,4096,18,548,2094851
esp32c3,AES128GCM,sw,decrypt,4096,18,549,2095833
esp32c3,AES128GCM,sw,decrypt,4096,18,550,2094851
esp32c3,AES128GCM,sw,decrypt,4096,18,551,2094853
esp32c3,AES128GCM,sw,decrypt,4096,18,552,2095835
esp32c3,AES128GCM,sw,decrypt,4096,18,553,2094851
esp32c3,AES128GCM,sw,decrypt,4096,18,554,2094851
esp32c3,AES128GCM,sw,decrypt,4096,18,555,2095835
esp32c3,AES128GCM,sw,decrypt,4096,18,556,2094851
esp32c3,AES128GCM,sw,decrypt,4096,18,557,2094851
esp32c3,AES128GCM,sw,decrypt,4096,18,558,2095835
esp32c3,AES128GCM,sw,decrypt,4096,18,559,2094851
esp32c3,AES128GCM,sw,decrypt,4096,18,560,2094851
esp32c3,AES128GCM,sw,decrypt,4096,18,561,2095835
esp32c3,AES128GCM,sw,decrypt,4096,18,562,2094851
esp32c3,AES128GCM,sw,decrypt,4096,18,563,2094851
esp32c3,AES128GCM,sw,decrypt,4096,18,564,2095835
esp32c3,AES128GCM,sw,decrypt,4096,18,565,2094853
esp32c3,AES128GCM,sw,decrypt,4096,18,566,2094851
esp32c3,AES128GCM,sw,decrypt,4096,18,567,2095833
esp32c3,AES128GCM,sw,decrypt,4096,18,568,2094853
esp32c3,AES128GCM,sw,decrypt,4096,18,569,2094851
esp32c3,AES128GCM,sw,decrypt,4096,18,570,2095833
esp32c3,AES128GCM,sw,decrypt,4096,18,571,2094853
esp32c3,AES128GCM,sw,decrypt,4096,18,572,2094853
esp32c3,AES128GCM,sw,decrypt,4096,18,573,2095833
esp32c3,AES128GCM,sw,decrypt,4096,18,574,2094851
esp32c3,AES128GCM,sw,decrypt,4096,18,575,2094851
esp32c3,AES128GCM,sw,decrypt,4096,18,576,2095833
esp32c3,AES128GCM,sw,decrypt,4096,18,577,2094851
esp32c3,AES128GCM,sw,decrypt,4096,18,578,2094851
esp32c3,AES128GCM,sw,decrypt,4096,18,579,2094851
esp32c3,AES128GCM,sw,decrypt,4096,18,580,2095835
esp32c3,AES128GCM,sw,decrypt,4096,18,581,2094853
esp32c3,AES128GCM,sw,decrypt,4096,18,582,2094851
esp32c3,AES128GCM,sw,decrypt,4096,18,583,2095833
esp32c3,AES128GCM,sw,decrypt,4096,18,584,2094851
esp32c3,AES128GCM,sw,decrypt,4096,18,585,2094851
esp32c3,AES128GCM,sw,decrypt,4096,18,586,2095833
esp32c3,AES128GCM,sw,decrypt,4096,18,587,2094851
esp32c3,AES128GCM,sw,decrypt,4096,18,588,2094851
esp32c3,AES128GCM,sw,decrypt,4096,18,589,2095835
esp32c3,AES128GCM,sw,decrypt,4096,18,590,2094851
esp32c3,AES128GCM,sw,decrypt,4096,18,591,2094851
esp32c3,AES128GCM,sw,decrypt,4096,18,592,2095833
esp32c3,AES128GCM,sw,decrypt,4096,18,593,2094851
esp32c3,AES128GCM,sw,decrypt,4096,18,594,2094851
esp32c3,AES128GCM,sw,decrypt,4096,18,595,2095835
esp32c3,AES128GCM,sw,decrypt,4096,18,596,2094853
esp32c3,AES128GCM,sw,decrypt,4096,18,597,2094851
esp32c3,AES128GCM,sw,decrypt,4096,18,598,2095833
esp32c3,AES128GCM,sw,decrypt,4096,18,599,2094851
esp32c3,AES128GCM,sw,decrypt,4096,18,600,2094851
esp32c3,AES128GCM,sw,decrypt,4096,18,601,2095833
esp32c3,AES128GCM,sw,decrypt,4096,18,602,2094851
esp32c3,AES128GCM,sw,decrypt,4096,18,603,2094851
esp32c3,AES128GCM,sw,decrypt,4096,18,604,2095833
esp32c3,AES128GCM,sw,decrypt,4096,18,605,2094851
esp32c3,AES128GCM,sw,decrypt,4096,18,606,2094851
esp32c3,AES128GCM,sw,decrypt,4096,18,607,2095837
esp32c3,AES128GCM,sw,decrypt,4096,18,608,2094851
esp32c3,AES128GCM,sw,decrypt,4096,18,609,2094851
esp32c3,AES128GCM,sw,decrypt,4096,18,610,2094851
esp32c3,AES128GCM,sw,decrypt,4096,18,611,2095833
esp32c3,AES128GCM,sw,decrypt,4096,18,612,2094851
esp32c3,AES128GCM,sw,decrypt,4096,18,613,2094851
esp32c3,AES128GCM,sw,decrypt,4096,18,614,2095833
esp32c3,AES128GCM,sw,decrypt,4096,18,615,2094851
esp32c3,AES128GCM,sw,decrypt,4096,18,616,2094851
esp32c3,AES128GCM,sw,decrypt,4096,18,617,2095833
esp32c3,AES128GCM,sw,decrypt,4096,18,618,2094851
esp32c3,AES128GCM,sw,decrypt,4096,18,619,2094851
esp32c3,AES128GCM,sw,decrypt,4096,18,620,2095833
esp32c3,AES128GCM,sw,decrypt,4096,18,621,2094851
esp32c3,AES128GCM,sw,decrypt,4096,18,622,2094851
esp32c3,AES128GCM,sw,decrypt,4096,18,623,2095833
esp32c3,AES128GCM,sw,decrypt,4096,18,624,2094853
esp32c3,AES128GCM,sw,decrypt,4096,18,625,2094851
esp32c3,AES128GCM,sw,decrypt,4096,18,626,2095833
esp32c3,AES128GCM,sw,decrypt,4096,18,627,2094851
esp32c3,AES128GCM,sw,decrypt,4096,18,628,2094851
esp32c3,AES128GCM,sw,decrypt,4096,18,629,2095833
esp32c3,AES128GCM,sw,decrypt,4096,18,630,2094851
esp32c3,AES128GCM,sw,decrypt,4096,18,631,2094851
esp32c3,AES128GCM,sw,decrypt,4096,18,632,2095833
esp32c3,AES128GCM,sw,decrypt,4096,18,633,2094853
esp32c3,AES128GCM,sw,decrypt,4096,18,634,2094851
esp32c3,AES128GCM,sw,decrypt,4096,18,635,2095833
esp32c3,AES128GCM,sw,decrypt,4096,18,636,2094851
esp32c3,AES128GCM,sw,decrypt,4096,18,637,2094851
esp32c3,AES128GCM,sw,decrypt,4096,18,638,2095833
esp32c3,AES128GCM,sw,decrypt,4096,18,639,2094851
esp32c3,AES128GCM,sw,decrypt,4096,18,640,2094851
esp32c3,AES128GCM,sw,decrypt,4096,18,641,2094851
esp32c3,AES128GCM,sw,decrypt,4096,18,642,2095833
esp32c3,AES128GCM,sw,decrypt,4096,18,643,2094851
esp32c3,AES128GCM,sw,decrypt,4096,18,644,2094853
esp32c3,AES128GCM,sw,decrypt,4096,18,645,2095833
esp32c3,AES128GCM,sw,decrypt,4096,18,646,2094849
esp32c3,AES128GCM,sw,decrypt,4096,18,647,2094851
esp32c3,AES128GCM,sw,decrypt,4096,18,648,2095833
esp32c3,AES128GCM,sw,decrypt,4096,18,649,2094851
esp32c3,AES128GCM,sw,decrypt,4096,18,650,2094851
esp32c3,AES128GCM,sw,decrypt,4096,18,651,2095835
esp32c3,AES128GCM,sw,decrypt,4096,18,652,2094851
esp32c3,AES128GCM,sw,decrypt,4096,18,653,2094851
esp32c3,AES128GCM,sw,decrypt,4096,18,654,2095833
esp32c3,AES128GCM,sw,decrypt,4096,18,655,2094851
esp32c3,AES128GCM,sw,decrypt,4096,18,656,2094851
esp32c3,AES128GCM,sw,decrypt,4096,18,657,2095835
esp32c3,AES128GCM,sw,decrypt,4096,18,658,2094851
esp32c3,AES128GCM,sw,decrypt,4096,18,659,2094851
esp32c3,AES128GCM,sw,decrypt,4096,18,660,2095833
esp32c3,AES128GCM,sw,decrypt,4096,18,661,2094849
esp32c3,AES128GCM,sw,decrypt,4096,18,662,2094851
esp32c3,AES128GCM,sw,decrypt,4096,18,663,2095833
esp32c3,AES128GCM,sw,decrypt,4096,18,664,2094851
esp32c3,AES128GCM,sw,decrypt,4096,18,665,2094851
esp32c3,AES128GCM,sw,decrypt,4096,18,666,2095833
esp32c3,AES128GCM,sw,decrypt,4096,18,667,2094851
esp32c3,AES128GCM,sw,decrypt,4096,18,668,2094851
esp32c3,AES128GCM,sw,decrypt,4096,18,669,2095835
esp32c3,AES128GCM,sw,decrypt,4096,18,670,2094851
esp32c3,AES128GCM,sw,decrypt,4096,18,671,2094851
esp32c3,AES128GCM,sw,decrypt,4096,18,672,2094851
esp32c3,AES128GCM,sw,decrypt,4096,18,673,2095833
esp32c3,AES128GCM,sw,decrypt,4096,18,674,2094851
esp32c3,AES128GCM,sw,decrypt,4096,18,675,2094851
esp32c3,AES128GCM,sw,decrypt,4096,18,676,2095833
esp32c3,AES128GCM,sw,decrypt,4096,18,677,2094851
esp32c3,AES128GCM,sw,decrypt,4096,18,678,2094851
esp32c3,AES128GCM,sw,decrypt,4096,18,679,2095833
esp32c3,AES128GCM,sw,decrypt,4096,18,680,2094853
esp32c3,AES128GCM,sw,decrypt,4096,18,681,2094853
esp32c3,AES128GCM,sw,decrypt,4096,18,682,2095833
esp32c3,AES128GCM,sw,decrypt,4096,18,683,2094851
esp32c3,AES128GCM,sw,decrypt,4096,18,684,2094851
esp32c3,AES128GCM,sw,decrypt,4096,18,685,2095833
esp32c3,AES128GCM,sw,decrypt,4096,18,686,2094851
esp32c3,AES128GCM,sw,decrypt,4096,18,687,2094851
esp32c3,AES128GCM,sw,decrypt,4096,18,688,2095835
esp32c3,AES128GCM,sw,decrypt,4096,18,689,2094851
esp32c3,AES128GCM,sw,decrypt,4096,18,690,2094851
esp32c3,AES128GCM,sw,decrypt,4096,18,691,2095833
esp32c3,AES128GCM,sw,decrypt,4096,18,692,2094851
esp32c3,AES128GCM,sw,decrypt,4096,18,693,2094851
esp32c3,AES128GCM,sw,decrypt,4096,18,694,2095835
esp32c3,AES128GCM,sw,decrypt,4096,18,695,2094851
esp32c3,AES128GCM,sw,decrypt,4096,18,696,2094851
esp32c3,AES128GCM,sw,decrypt,4096,18,697,2095833
esp32c3,AES128GCM,sw,decrypt,4096,18,698,2094851
esp32c3,AES128GCM,sw,decrypt,4096,18,699,2094851
esp32c3,AES128GCM,sw,decrypt,4096,18,700,2095833
esp32c3,AES128GCM,sw,decrypt,4096,18,701,2094851
esp32c3,AES128GCM,sw,decrypt,4096,18,702,2094851
esp32c3,AES128GCM,sw,decrypt,4096,18,703,2094851
esp32c3,AES128GCM,sw,decrypt,4096,18,704,2095833
esp32c3,AES128GCM,sw,decrypt,4096,18,705,2094851
esp32c3,AES128GCM,sw,decrypt,4096,18,706,2094851
esp32c3,AES128GCM,sw,decrypt,4096,18,707,2095835
esp32c3,AES128GCM,sw,decrypt,4096,18,708,2094851
esp32c3,AES128GCM,sw,decrypt,4096,18,709,2094851
esp32c3,AES128GCM,sw,decrypt,4096,18,710,2095835
esp32c3,AES128GCM,sw,decrypt,4096,18,711,2094851
esp32c3,AES128GCM,sw,decrypt,4096,18,712,2094851
esp32c3,AES128GCM,sw,decrypt,4096,18,713,2095835
esp32c3,AES128GCM,sw,decrypt,4096,18,714,2094851
esp32c3,AES128GCM,sw,decrypt,4096,18,715,2094851
esp32c3,AES128GCM,sw,decrypt,4096,18,716,2095835
esp32c3,AES128GCM,sw,decrypt,4096,18,717,2094851
esp32c3,AES128GCM,sw,decrypt,4096,18,718,2094851
esp32c3,AES128GCM,sw,decrypt,4096,18,719,2095833
esp32c3,AES128GCM,sw,decrypt,4096,18,720,2094851
esp32c3,AES128GCM,sw,decrypt,4096,18,721,2094851
esp32c3,AES128GCM,sw,decrypt,4096,18,722,2095833
esp32c3,AES128GCM,sw,decrypt,4096,18,723,2094851
esp32c3,AES128GCM,sw,decrypt,4096,18,724,2094851
esp32c3,AES128GCM,sw,decrypt,4096,18,725,2095835
esp32c3,AES128GCM,sw,decrypt,4096,18,726,2094851
esp32c3,AES128GCM,sw,decrypt,4096,18,727,2094851
esp32c3,AES128GCM,sw,decrypt,4096,18,728,2095835
esp32c3,AES128GCM,sw,decrypt,4096,18,729,2094851
esp32c3,AES128GCM,sw,decrypt,4096,18,730,2094851
esp32c3,AES128GCM,sw,decrypt,4096,18,731,2095837
esp32c3,AES128GCM,sw,decrypt,4096,18,732,2094851
esp32c3,AES128GCM,sw,decrypt,4096,18,733,2094851
esp32c3,AES128GCM,sw,decrypt,4096,18,734,2094851
esp32c3,AES128GCM,sw,decrypt,4096,18,735,2095833
esp32c3,AES128GCM,sw,decrypt,4096,18,736,2094851
esp32c3,AES128GCM,sw,decrypt,4096,18,737,2094851
esp32c3,AES128GCM,sw,decrypt,4096,18,738,2095831
esp32c3,AES128GCM,sw,decrypt,4096,18,739,2094851
esp32c3,AES128GCM,sw,decrypt,4096,18,740,2094853
esp32c3,AES128GCM,sw,decrypt,4096,18,741,2095833
esp32c3,AES128GCM,sw,decrypt,4096,18,742,2094851
esp32c3,AES128GCM,sw,decrypt,4096,18,743,2094851
esp32c3,AES128GCM,sw,decrypt,4096,18,744,2095835
esp32c3,AES128GCM,sw,decrypt,4096,18,745,2094851
esp32c3,AES128GCM,sw,decrypt,4096,18,746,2094853
esp32c3,AES128GCM,sw,decrypt,4096,18,747,2095835
esp32c3,AES128GCM,sw,decrypt,4096,18,748,2094851
esp32c3,AES128GCM,sw,decrypt,4096,18,749,2094851
esp32c3,AES128GCM,sw,decrypt,4096,18,750,2095837
esp32c3,AES128GCM,sw,decrypt,4096,18,751,2094851
esp32c3,AES128GCM,sw,decrypt,4096,18,752,2094851
esp32c3,AES128GCM,sw,decrypt,4096,18,753,2095833
esp32c3,AES128GCM,sw,decrypt,4096,18,754,2094851
esp32c3,AES128GCM,sw,decrypt,4096,18,755,2094851
esp32c3,AES128GCM,sw,decrypt,4096,18,756,2095835
esp32c3,AES128GCM,sw,decrypt,4096,18,757,2094851
esp32c3,AES128GCM,sw,decrypt,4096,18,758,2094851
esp32c3,AES128GCM,sw,decrypt,4096,18,759,2095835
esp32c3,AES128GCM,sw,decrypt,4096,18,760,2094851
esp32c3,AES128GCM,sw,decrypt,4096,18,761,2094851
esp32c3,AES128GCM,sw,decrypt,4096,18,762,2095837
esp32c3,AES128GCM,sw,decrypt,4096,18,763,2094853
esp32c3,AES128GCM,sw,decrypt,4096,18,764,2094851
esp32c3,AES128GCM,sw,decrypt,4096,18,765,2094849
esp32c3,AES128GCM,sw,decrypt,4096,18,766,2095833
esp32c3,AES128GCM,sw,decrypt,4096,18,767,2094851
esp32c3,AES128GCM,sw,decrypt,4096,18,768,2094851
esp32c3,AES128GCM,sw,decrypt,4096,18,769,2095833
esp32c3,AES128GCM,sw,decrypt,4096,18,770,2094851
esp32c3,AES128GCM,sw,decrypt,4096,18,771,2094853
esp32c3,AES128GCM,sw,decrypt,4096,18,772,2095835
esp32c3,AES128GCM,sw,decrypt,4096,18,773,2094851
esp32c3,AES128GCM,sw,decrypt,4096,18,774,2094851
esp32c3,AES128GCM,sw,decrypt,4096,18,775,2095835
esp32c3,AES128GCM,sw,decrypt,4096,18,776,2094851
esp32c3,AES128GCM,sw,decrypt,4096,18,777,2094851
esp32c3,AES128GCM,sw,decrypt,4096,18,778,2095837
esp32c3,AES128GCM,sw,decrypt,4096,18,779,2094851
esp32c3,AES128GCM,sw,decrypt,4096,18,780,2094849
esp32c3,AES128GCM,sw,decrypt,4096,18,781,2095833
esp32c3,AES128GCM,sw,decrypt,4096,18,782,2094851
esp32c3,AES128GCM,sw,decrypt,4096,18,783,2094851
esp32c3,AES128GCM,sw,decrypt,4096,18,784,2095835
esp32c3,AES128GCM,sw,decrypt,4096,18,785,2094851
esp32c3,AES128GCM,sw,decrypt,4096,18,786,2094851
esp32c3,AES128GCM,sw,decrypt,4096,18,787,2095835
esp32c3,AES128GCM,sw,decrypt,4096,18,788,2094851
esp32c3,AES128GCM,sw,decrypt,4096,18,789,2094851
esp32c3,AES128GCM,sw,decrypt,4096,18,790,2095833
esp32c3,AES128GCM,sw,decrypt,4096,18,791,2094851
esp32c3,AES128GCM,sw,decrypt,4096,18,792,2094851
esp32c3,AES128GCM,sw,decrypt,4096,18,793,2095833
esp32c3,AES128GCM,sw,decrypt,4096,18,794,2094851
esp32c3,AES128GCM,sw,decrypt,4096,18,795,2094851
esp32c3,AES128GCM,sw,decrypt,4096,18,796,2094851
esp32c3,AES128GCM,sw,decrypt,4096,18,797,2095833
esp32c3,AES128GCM,sw,decrypt,4096,18,798,2094851
esp32c3,AES128GCM,sw,decrypt,4096,18,799,2094851
esp32c3,AES128GCM,sw,decrypt,4096,18,800,2095835
esp32c3,AES128GCM,sw,decrypt,4096,18,801,2094851
esp32c3,AES128GCM,sw,decrypt,4096,18,802,2094853
esp32c3,AES128GCM,sw,decrypt,4096,18,803,2095835
esp32c3,AES128GCM,sw,decrypt,4096,18,804,2094851
esp32c3,AES128GCM,sw,decrypt,4096,18,805,2094853
esp32c3,AES128GCM,sw,decrypt,4096,18,806,2095835
esp32c3,AES128GCM,sw,decrypt,4096,18,807,2094851
esp32c3,AES128GCM,sw,decrypt,4096,18,808,2094851
esp32c3,AES128GCM,sw,decrypt,4096,18,809,2095833
esp32c3,AES128GCM,sw,decrypt,4096,18,810,2094851
esp32c3,AES128GCM,sw,decrypt,4096,18,811,2094851
esp32c3,AES128GCM,sw,decrypt,4096,18,812,2095833
esp32c3,AES128GCM,sw,decrypt,4096,18,813,2094851
esp32c3,AES128GCM,sw,decrypt,4096,18,814,2094851
esp32c3,AES128GCM,sw,decrypt,4096,18,815,2095835
esp32c3,AES128GCM,sw,decrypt,4096,18,816,2094851
esp32c3,AES128GCM,sw,decrypt,4096,18,817,2094851
esp32c3,AES128GCM,sw,decrypt,4096,18,818,2095837
esp32c3,AES128GCM,sw,decrypt,4096,18,819,2094853
esp32c3,AES128GCM,sw,decrypt,4096,18,820,2094851
esp32c3,AES128GCM,sw,decrypt,4096,18,821,2095833
esp32c3,AES128GCM,sw,decrypt,4096,18,822,2094851
esp32c3,AES128GCM,sw,decrypt,4096,18,823,2094851
esp32c3,AES128GCM,sw,decrypt,4096,18,824,2095833
esp32c3,AES128GCM,sw,decrypt,4096,18,825,2094851
esp32c3,AES128GCM,sw,decrypt,4096,18,826,2094851
esp32c3,AES128GCM,sw,decrypt,4096,18,827,2094851
esp32c3,AES128GCM,sw,decrypt,4096,18,828,2095833
esp32c3,AES128GCM,sw,decrypt,4096,18,829,2094851
esp32c3,AES128GCM,sw,decrypt,4096,18,830,2094853
esp32c3,AES128GCM,sw,decrypt,4096,18,831,2095833
esp32c3,AES128GCM,sw,decrypt,4096,18,832,2094851
esp32c3,AES128GCM,sw,decrypt,4096,18,833,2094851
esp32c3,AES128GCM,sw,decrypt,4096,18,834,2095833
esp32c3,AES128GCM,sw,decrypt,4096,18,835,2094851
esp32c3,AES128GCM,sw,decrypt,4096,18,836,2094853
esp32c3,AES128GCM,sw,decrypt,4096,18,837,2095833
esp32c3,AES128GCM,sw,decrypt,4096,18,838,2094851
esp32c3,AES128GCM,sw,decrypt,4096,18,839,2094851
esp32c3,AES128GCM,sw,decrypt,4096,18,840,2095833
esp32c3,AES128GCM,sw,decrypt,4096,18,841,2094851
esp32c3,AES128GCM,sw,decrypt,4096,18,842,2094851
esp32c3,AES128GCM,sw,decrypt,4096,18,843,2095833
esp32c3,AES128GCM,sw,decrypt,4096,18,844,2094853
esp32c3,AES128GCM,sw,decrypt,4096,18,845,2094853
esp32c3,AES128GCM,sw,decrypt,4096,18,846,2095835
esp32c3,AES128GCM,sw,decrypt,4096,18,847,2094851
esp32c3,AES128GCM,sw,decrypt,4096,18,848,2094851
esp32c3,AES128GCM,sw,decrypt,4096,18,849,2095835
esp32c3,AES128GCM,sw,decrypt,4096,18,850,2094851
esp32c3,AES128GCM,sw,decrypt,4096,18,851,2094851
esp32c3,AES128GCM,sw,decrypt,4096,18,852,2095835
esp32c3,AES128GCM,sw,decrypt,4096,18,853,2094851
esp32c3,AES128GCM,sw,decrypt,4096,18,854,2094851
esp32c3,AES128GCM,sw,decrypt,4096,18,855,2095835
esp32c3,AES128GCM,sw,decrypt,4096,18,856,2094851
esp32c3,AES128GCM,sw,decrypt,4096,18,857,2094851
esp32c3,AES128GCM,sw,decrypt,4096,18,858,2094851
esp32c3,AES128GCM,sw,decrypt,4096,18,859,2095833
esp32c3,AES128GCM,sw,decrypt,4096,18,860,2094851
esp32c3,AES128GCM,sw,decrypt,4096,18,861,2094853
esp32c3,AES128GCM,sw,decrypt,4096,18,862,2095835
esp32c3,AES128GCM,sw,decrypt,4096,18,863,2094851
esp32c3,AES128GCM,sw,decrypt,4096,18,864,2094851
esp32c3,AES128GCM,sw,decrypt,4096,18,865,2095835
esp32c3,AES128GCM,sw,decrypt,4096,18,866,2094851
esp32c3,AES128GCM,sw,decrypt,4096,18,867,2094851
esp32c3,AES128GCM,sw,decrypt,4096,18,868,2095833
esp32c3,AES128GCM,sw,decrypt,4096,18,869,2094851
esp32c3,AES128GCM,sw,decrypt,4096,18,870,2094851
esp32c3,AES128GCM,sw,decrypt,4096,18,871,2095835
esp32c3,AES128GCM,sw,decrypt,4096,18,872,2094851
esp32c3,AES128GCM,sw,decrypt,4096,18,873,2094853
esp32c3,AES128GCM,sw,decrypt,4096,18,874,2095835
esp32c3,AES128GCM,sw,decrypt,4096,18,875,2094853
esp32c3,AES128GCM,sw,decrypt,4096,18,876,2094851
esp32c3,AES128GCM,sw,decrypt,4096,18,877,2095835
esp32c3,AES128GCM,sw,decrypt,4096,18,878,2094851
esp32c3,AES128GCM,sw,decrypt,4096,18,879,2094851
esp32c3,AES128GCM,sw,decrypt,4096,18,880,2095835
esp32c3,AES128GCM,sw,decrypt,4096,18,881,2094853
esp32c3,AES128GCM,sw,decrypt,4096,18,882,2094853
esp32c3,AES128GCM,sw,decrypt,4096,18,883,2095833
esp32c3,AES128GCM,sw,decrypt,4096,18,884,2094851
esp32c3,AES128GCM,sw,decrypt,4096,18,885,2094851
esp32c3,AES128GCM,sw,decrypt,4096,18,886,2095833
esp32c3,AES128GCM,sw,decrypt,4096,18,887,2094851
esp32c3,AES128GCM,sw,decrypt,4096,18,888,2094851
esp32c3,AES128GCM,sw,decrypt,4096,18,889,2094851
esp32c3,AES128GCM,sw,decrypt,4096,18,890,2095835
esp32c3,AES128GCM,sw,decrypt,4096,18,891,2094853
esp32c3,AES128GCM,sw,decrypt,4096,18,892,2094851
esp32c3,AES128GCM,sw,decrypt,4096,18,893,2095833
esp32c3,AES128GCM,sw,decrypt,4096,18,894,2094851
esp32c3,AES128GCM,sw,decrypt,4096,18,895,2094851
esp32c3,AES128GCM,sw,decrypt,4096,18,896,2095835
esp32c3,AES128GCM,sw,decrypt,4096,18,897,2094853
esp32c3,AES128GCM,sw,decrypt,4096,18,898,2094853
esp32c3,AES128GCM,sw,decrypt,4096,18,899,2095835
esp32c3,AES128GCM,sw,decrypt,4096,18,900,2094851
esp32c3,AES128GCM,sw,decrypt,4096,18,901,2094851
esp32c3,AES128GCM,sw,decrypt,4096,18,902,2095835
esp32c3,AES128GCM,sw,decrypt,4096,18,903,2094851
esp32c3,AES128GCM,sw,decrypt,4096,18,904,2094851
esp32c3,AES128GCM,sw,decrypt,4096,18,905,2095835
esp32c3,AES128GCM,sw,decrypt,4096,18,906,2094851
esp32c3,AES128GCM,sw,decrypt,4096,18,907,2094851
esp32c3,AES128GCM,sw,decrypt,4096,18,908,2095833
esp32c3,AES128GCM,sw,decrypt,4096,18,909,2094851
esp32c3,AES128GCM,sw,decrypt,4096,18,910,2094851
esp32c3,AES128GCM,sw,decrypt,4096,18,911,2095837
esp32c3,AES128GCM,sw,decrypt,4096,18,912,2094853
esp32c3,AES128GCM,sw,decrypt,4096,18,913,2094851
esp32c3,AES128GCM,sw,decrypt,4096,18,914,2095833
esp32c3,AES128GCM,sw,decrypt,4096,18,915,2094851
esp32c3,AES128GCM,sw,decrypt,4096,18,916,2094851
esp32c3,AES128GCM,sw,decrypt,4096,18,917,2095833
esp32c3,AES128GCM,sw,decrypt,4096,18,918,2094851
esp32c3,AES128GCM,sw,decrypt,4096,18,919,2094853
esp32c3,AES128GCM,sw,decrypt,4096,18,920,2094851
esp32c3,AES128GCM,sw,decrypt,4096,18,921,2095833
esp32c3,AES128GCM,sw,decrypt,4096,18,922,2094851
esp32c3,AES128GCM,sw,decrypt,4096,18,923,2094851
esp32c3,AES128GCM,sw,decrypt,4096,18,924,2095833
esp32c3,AES128GCM,sw,decrypt,4096,18,925,2094851
esp32c3,AES128GCM,sw,decrypt,4096,18,926,2094851
esp32c3,AES128GCM,sw,decrypt,4096,18,927,2095833
esp32c3,AES128GCM,sw,decrypt,4096,18,928,2094851
esp32c3,AES128GCM,sw,decrypt,4096,18,929,2094853
esp32c3,AES128GCM,sw,decrypt,4096,18,930,2095835
esp32c3,AES128GCM,sw,decrypt,4096,18,931,2094851
esp32c3,AES128GCM,sw,decrypt,4096,18,932,2094851
esp32c3,AES128GCM,sw,decrypt,4096,18,933,2095833
esp32c3,AES128GCM,sw,decrypt,4096,18,934,2094851
esp32c3,AES128GCM,sw,decrypt,4096,18,935,2094851
esp32c3,AES128GCM,sw,decrypt,4096,18,936,2095835
esp32c3,AES128GCM,sw,decrypt,4096,18,937,2094851
esp32c3,AES128GCM,sw,decrypt,4096,18,938,2094853
esp32c3,AES128GCM,sw,decrypt,4096,18,939,2095835
esp32c3,AES128GCM,sw,decrypt,4096,18,940,2094851
esp32c3,AES128GCM,sw,decrypt,4096,18,941,2094851
esp32c3,AES128GCM,sw,decrypt,4096,18,942,2095835
esp32c3,AES128GCM,sw,decrypt,4096,18,943,2094851
esp32c3,AES128GCM,sw,decrypt,4096,18,944,2094851
esp32c3,AES128GCM,sw,decrypt,4096,18,945,2095835
esp32c3,AES128GCM,sw,decrypt,4096,18,946,2094851
esp32c3,AES128GCM,sw,decrypt,4096,18,947,2094851
esp32c3,AES128GCM,sw,decrypt,4096,18,948,2095833
esp32c3,AES128GCM,sw,decrypt,4096,18,949,2094851
esp32c3,AES128GCM,sw,decrypt,4096,18,950,2094851
esp32c3,AES128GCM,sw,decrypt,4096,18,951,2094851
esp32c3,AES128GCM,sw,decrypt,4096,18,952,2095833
esp32c3,AES128GCM,sw,decrypt,4096,18,953,2094851
esp32c3,AES128GCM,sw,decrypt,4096,18,954,2094853
esp32c3,AES128GCM,sw,decrypt,4096,18,955,2095835
esp32c3,AES128GCM,sw,decrypt,4096,18,956,2094851
esp32c3,AES128GCM,sw,decrypt,4096,18,957,2094851
esp32c3,AES128GCM,sw,decrypt,4096,18,958,2095835
esp32c3,AES128GCM,sw,decrypt,4096,18,959,2094851
esp32c3,AES128GCM,sw,decrypt,4096,18,960,2094851
esp32c3,AES128GCM,sw,decrypt,4096,18,961,2095835
esp32c3,AES128GCM,sw,decrypt,4096,18,962,2094851
esp32c3,AES128GCM,sw,decrypt,4096,18,963,2094851
esp32c3,AES128GCM,sw,decrypt,4096,18,964,2095833
esp32c3,AES128GCM,sw,decrypt,4096,18,965,2094851
esp32c3,AES128GCM,sw,decrypt,4096,18,966,2094851
esp32c3,AES128GCM,sw,decrypt,4096,18,967,2095837
esp32c3,AES128GCM,sw,decrypt,4096,18,968,2094853
esp32c3,AES128GCM,sw,decrypt,4096,18,969,2094851
esp32c3,AES128GCM,sw,decrypt,4096,18,970,2095833
esp32c3,AES128GCM,sw,decrypt,4096,18,971,2094851
esp32c3,AES128GCM,sw,decrypt,4096,18,972,2094851
esp32c3,AES128GCM,sw,decrypt,4096,18,973,2095833
esp32c3,AES128GCM,sw,decrypt,4096,18,974,2094851
esp32c3,AES128GCM,sw,decrypt,4096,18,975,2094851
esp32c3,AES128GCM,sw,decrypt,4096,18,976,2095835
esp32c3,AES128GCM,sw,decrypt,4096,18,977,2094851
esp32c3,AES128GCM,sw,decrypt,4096,18,978,2094851
esp32c3,AES128GCM,sw,decrypt,4096,18,979,2095833
esp32c3,AES128GCM,sw,decrypt,4096,18,980,2094851
esp32c3,AES128GCM,sw,decrypt,4096,18,981,2094851
esp32c3,AES128GCM,sw,decrypt,4096,18,982,2094851
esp32c3,AES128GCM,sw,decrypt,4096,18,983,2095791
esp32c3,AES128GCM,sw,decrypt,4096,18,984,2094851
esp32c3,AES128GCM,sw,decrypt,4096,18,985,2094853
esp32c3,AES128GCM,sw,decrypt,4096,18,986,2095833
esp32c3,AES128GCM,sw,decrypt,4096,18,987,2094851
esp32c3,AES128GCM,sw,decrypt,4096,18,988,2094851
esp32c3,AES128GCM,sw,decrypt,4096,18,989,2095835
esp32c3,AES128GCM,sw,decrypt,4096,18,990,2094851
esp32c3,AES128GCM,sw,decrypt,4096,18,991,2094851
esp32c3,AES128GCM,sw,decrypt,4096,18,992,2095835
esp32c3,AES128GCM,sw,decrypt,4096,18,993,2094851
esp32c3,AES128GCM,sw,decrypt,4096,18,994,2094851
esp32c3,AES128GCM,sw,decrypt,4096,18,995,2095835
esp32c3,AES128GCM,sw,decrypt,4096,18,996,2094851
esp32c3,AES128GCM,sw,decrypt,4096,18,997,2094851
esp32c3,AES128GCM,sw,decrypt,4096,18,998,2095835
esp32c3,AES128GCM,sw,decrypt,4096,18,999,2094851
stack,esp32c3,AES128GCM,sw,decrypt,4096,14180
BENCH: matrix complete, board=esp32c3 aes_impl=sw
